date_reg,type,make,model,colour,fuel,state,modelyear,vehicleclass,enginesize,cylinders,transmission,fueltype,fuelconsumption_city,fuelconsumption_hwy,fuelconsumption_comb,fuelconsumption_comb_mpg,co2emissions
2025-01-01,motokar,PORSCHE,911 CARRERA,grey,petrol,Johor,2014,MINICOMPACT,3.4,6,AM7,z,11.6,8.3,10.1,28,232
2025-01-01,motokar,PORSCHE,911 CARRERA,grey,petrol,Johor,2014,MINICOMPACT,3.4,6,M7,z,12.5,8.6,10.7,26,246
2025-01-02,motokar,HONDA,CIVIC,white,petrol,Selangor,2014,COMPACT,1.8,4,AV,x,7.9,6.0,7.0,40,161
2025-01-02,motokar,HONDA,CIVIC,white,petrol,Selangor,2014,COMPACT,1.8,4,AV7,x,8.1,6.2,7.2,39,166
2025-01-02,motokar,HONDA,CIVIC,white,petrol,Selangor,2014,COMPACT,1.8,4,M5,x,8.5,6.6,7.6,37,175
2025-01-02,motokar,HONDA,CIVIC,blue,petrol,Selangor,2014,COMPACT,1.8,4,AV,x,7.9,6.0,7.0,40,161
2025-01-02,motokar,HONDA,CIVIC,blue,petrol,Selangor,2014,COMPACT,1.8,4,AV7,x,8.1,6.2,7.2,39,166
2025-01-02,motokar,HONDA,CIVIC,blue,petrol,Selangor,2014,COMPACT,1.8,4,M5,x,8.5,6.6,7.6,37,175
2025-01-02,motokar,HONDA,CIVIC,white,petrol,Rakan Niaga,2014,COMPACT,1.8,4,AV,x,7.9,6.0,7.0,40,161
2025-01-02,motokar,HONDA,CIVIC,white,petrol,Rakan Niaga,2014,COMPACT,1.8,4,AV7,x,8.1,6.2,7.2,39,166
2025-01-02,motokar,HONDA,CIVIC,white,petrol,Rakan Niaga,2014,COMPACT,1.8,4,M5,x,8.5,6.6,7.6,37,175
2025-01-02,jip,MAZDA,CX-5,grey,petrol,Rakan Niaga,2014,SUV - SMALL,2.0,4,AS6,x,8.9,7.3,8.2,34,189
2025-01-02,jip,MAZDA,CX-5,grey,petrol,Rakan Niaga,2014,SUV - SMALL,2.0,4,M6,x,9.0,6.8,8.0,35,184
2025-01-02,jip,MAZDA,CX-5,grey,petrol,Rakan Niaga,2014,SUV - SMALL,2.5,4,AS6,x,9.6,7.4,8.6,33,198
2025-01-02,jip,MAZDA,CX-5,gold,petrol,Rakan Niaga,2014,SUV - SMALL,2.0,4,AS6,x,8.9,7.3,8.2,34,189
2025-01-02,jip,MAZDA,CX-5,gold,petrol,Rakan Niaga,2014,SUV - SMALL,2.0,4,M6,x,9.0,6.8,8.0,35,184
2025-01-02,jip,MAZDA,CX-5,gold,petrol,Rakan Niaga,2014,SUV - SMALL,2.5,4,AS6,x,9.6,7.4,8.6,33,198
2025-01-02,jip,MAZDA,CX-5,red,petrol,Rakan Niaga,2014,SUV - SMALL,2.0,4,AS6,x,8.9,7.3,8.2,34,189
2025-01-02,jip,MAZDA,CX-5,red,petrol,Rakan Niaga,2014,SUV - SMALL,2.0,4,M6,x,9.0,6.8,8.0,35,184
2025-01-02,jip,MAZDA,CX-5,red,petrol,Rakan Niaga,2014,SUV - SMALL,2.5,4,AS6,x,9.6,7.4,8.6,33,198
2025-01-02,jip,MAZDA,CX-5,blue,petrol,Rakan Niaga,2014,SUV - SMALL,2.0,4,AS6,x,8.9,7.3,8.2,34,189
2025-01-02,jip,MAZDA,CX-5,blue,petrol,Rakan Niaga,2014,SUV - SMALL,2.0,4,M6,x,9.0,6.8,8.0,35,184
2025-01-02,jip,MAZDA,CX-5,blue,petrol,Rakan Niaga,2014,SUV - SMALL,2.5,4,AS6,x,9.6,7.4,8.6,33,198
2025-01-02,motokar,MAZDA,MX-5,silver,petrol,Rakan Niaga,2014,TWO-SEATER,2.0,4,AS6,z,11.5,8.5,10.2,28,235
2025-01-02,motokar,MAZDA,MX-5,silver,petrol,Rakan Niaga,2014,TWO-SEATER,2.0,4,M5,z,10.5,8.5,9.6,29,221
2025-01-02,motokar,MAZDA,MX-5,silver,petrol,Rakan Niaga,2014,TWO-SEATER,2.0,4,M6,z,11.1,8.4,9.9,29,228
2025-01-02,motokar,PORSCHE,911 CARRERA,grey,petrol,Johor,2014,MINICOMPACT,3.4,6,AM7,z,11.6,8.3,10.1,28,232
2025-01-02,motokar,PORSCHE,911 CARRERA,grey,petrol,Johor,2014,MINICOMPACT,3.4,6,M7,z,12.5,8.6,10.7,26,246
2025-01-02,motokar,PORSCHE,911 GT3,yellow,petrol,W.P. Kuala Lumpur,2014,TWO-SEATER,3.8,6,AM7,z,16.0,11.5,14.0,20,322
2025-01-02,jip,PORSCHE,CAYENNE,orange,petrol,Selangor,2014,SUV - STANDARD,3.6,6,A8,z,13.6,10.1,12.0,24,276
2025-01-02,jip,PORSCHE,CAYENNE,orange,petrol,Selangor,2014,SUV - STANDARD,3.6,6,M6,z,15.8,10.9,13.6,21,313
2025-01-02,jip,PORSCHE,CAYENNE,black,petrol,Johor,2014,SUV - STANDARD,3.6,6,A8,z,13.6,10.1,12.0,24,276
2025-01-02,jip,PORSCHE,CAYENNE,black,petrol,Johor,2014,SUV - STANDARD,3.6,6,M6,z,15.8,10.9,13.6,21,313
2025-01-02,jip,PORSCHE,CAYENNE,blue,petrol,Sarawak,2014,SUV - STANDARD,3.6,6,A8,z,13.6,10.1,12.0,24,276
2025-01-02,jip,PORSCHE,CAYENNE,blue,petrol,Sarawak,2014,SUV - STANDARD,3.6,6,M6,z,15.8,10.9,13.6,21,313
2025-01-02,motokar,SUBARU,BRZ,blue,petrol,Selangor,2014,MINICOMPACT,2.0,4,AS6,z,9.6,7.1,8.5,33,196
2025-01-02,motokar,SUBARU,BRZ,blue,petrol,Selangor,2014,MINICOMPACT,2.0,4,M6,z,11.0,7.9,9.6,29,221
2025-01-02,motokar,SUBARU,BRZ,silver,petrol,W.P. Kuala Lumpur,2014,MINICOMPACT,2.0,4,AS6,z,9.6,7.1,8.5,33,196
2025-01-02,motokar,SUBARU,BRZ,silver,petrol,W.P. Kuala Lumpur,2014,MINICOMPACT,2.0,4,M6,z,11.0,7.9,9.6,29,221
2025-01-02,motokar,TOYOTA,YARIS,white,petrol,Rakan Niaga,2014,COMPACT,1.5,4,A4,x,7.9,6.6,7.3,39,168
2025-01-02,motokar,TOYOTA,YARIS,white,petrol,Rakan Niaga,2014,COMPACT,1.5,4,M5,x,7.8,6.3,7.1,40,163
2025-01-02,motokar,TOYOTA,YARIS,silver,petrol,Rakan Niaga,2014,COMPACT,1.5,4,A4,x,7.9,6.6,7.3,39,168
2025-01-02,motokar,TOYOTA,YARIS,silver,petrol,Rakan Niaga,2014,COMPACT,1.5,4,M5,x,7.8,6.3,7.1,40,163
2025-01-02,motokar,TOYOTA,YARIS,maroon,petrol,Rakan Niaga,2014,COMPACT,1.5,4,A4,x,7.9,6.6,7.3,39,168
2025-01-02,motokar,TOYOTA,YARIS,maroon,petrol,Rakan Niaga,2014,COMPACT,1.5,4,M5,x,7.8,6.3,7.1,40,163
2025-01-02,motokar,TOYOTA,YARIS,white,petrol,W.P. Kuala Lumpur,2014,COMPACT,1.5,4,A4,x,7.9,6.6,7.3,39,168
2025-01-02,motokar,TOYOTA,YARIS,white,petrol,W.P. Kuala Lumpur,2014,COMPACT,1.5,4,M5,x,7.8,6.3,7.1,40,163
2025-01-02,motokar,TOYOTA,YARIS,red,petrol,Johor,2014,COMPACT,1.5,4,A4,x,7.9,6.6,7.3,39,168
2025-01-02,motokar,TOYOTA,YARIS,red,petrol,Johor,2014,COMPACT,1.5,4,M5,x,7.8,6.3,7.1,40,163
2025-01-03,jip,HONDA,CR-V,blue,petrol,Rakan Niaga,2014,SUV - SMALL,2.4,4,A5,x,10.3,7.6,9.1,31,209
2025-01-03,jip,HONDA,CR-V,white,hybrid_petrol,Rakan Niaga,2014,SUV - SMALL,2.4,4,A5,x,10.3,7.6,9.1,31,209
2025-01-03,motokar,HONDA,CIVIC,black,petrol,Rakan Niaga,2014,COMPACT,1.8,4,AV,x,7.9,6.0,7.0,40,161
2025-01-03,motokar,HONDA,CIVIC,black,petrol,Rakan Niaga,2014,COMPACT,1.8,4,AV7,x,8.1,6.2,7.2,39,166
2025-01-03,motokar,HONDA,CIVIC,black,petrol,Rakan Niaga,2014,COMPACT,1.8,4,M5,x,8.5,6.6,7.6,37,175
2025-01-03,motokar,HONDA,CIVIC,white,petrol,Melaka,2014,COMPACT,1.8,4,AV,x,7.9,6.0,7.0,40,161
2025-01-03,motokar,HONDA,CIVIC,white,petrol,Melaka,2014,COMPACT,1.8,4,AV7,x,8.1,6.2,7.2,39,166
2025-01-03,motokar,HONDA,CIVIC,white,petrol,Melaka,2014,COMPACT,1.8,4,M5,x,8.5,6.6,7.6,37,175
2025-01-03,jip,MAZDA,CX-5,gold,petrol,Rakan Niaga,2014,SUV - SMALL,2.0,4,AS6,x,8.9,7.3,8.2,34,189
2025-01-03,jip,MAZDA,CX-5,gold,petrol,Rakan Niaga,2014,SUV - SMALL,2.0,4,M6,x,9.0,6.8,8.0,35,184
2025-01-03,jip,MAZDA,CX-5,gold,petrol,Rakan Niaga,2014,SUV - SMALL,2.5,4,AS6,x,9.6,7.4,8.6,33,198
2025-01-03,jip,MAZDA,CX-5,red,petrol,Rakan Niaga,2014,SUV - SMALL,2.0,4,AS6,x,8.9,7.3,8.2,34,189
2025-01-03,jip,MAZDA,CX-5,red,petrol,Rakan Niaga,2014,SUV - SMALL,2.0,4,M6,x,9.0,6.8,8.0,35,184
2025-01-03,jip,MAZDA,CX-5,red,petrol,Rakan Niaga,2014,SUV - SMALL,2.5,4,AS6,x,9.6,7.4,8.6,33,198
2025-01-03,jip,MAZDA,CX-5,white,petrol,Rakan Niaga,2014,SUV - SMALL,2.0,4,AS6,x,8.9,7.3,8.2,34,189
2025-01-03,jip,MAZDA,CX-5,white,petrol,Rakan Niaga,2014,SUV - SMALL,2.0,4,M6,x,9.0,6.8,8.0,35,184
2025-01-03,jip,MAZDA,CX-5,white,petrol,Rakan Niaga,2014,SUV - SMALL,2.5,4,AS6,x,9.6,7.4,8.6,33,198
2025-01-03,jip,MAZDA,CX-5,black,petrol,Rakan Niaga,2014,SUV - SMALL,2.0,4,AS6,x,8.9,7.3,8.2,34,189
2025-01-03,jip,MAZDA,CX-5,black,petrol,Rakan Niaga,2014,SUV - SMALL,2.0,4,M6,x,9.0,6.8,8.0,35,184
2025-01-03,jip,MAZDA,CX-5,black,petrol,Rakan Niaga,2014,SUV - SMALL,2.5,4,AS6,x,9.6,7.4,8.6,33,198
2025-01-03,jip,MAZDA,CX-5,grey,petrol,Rakan Niaga,2014,SUV - SMALL,2.0,4,AS6,x,8.9,7.3,8.2,34,189
2025-01-03,jip,MAZDA,CX-5,grey,petrol,Rakan Niaga,2014,SUV - SMALL,2.0,4,M6,x,9.0,6.8,8.0,35,184
2025-01-03,jip,MAZDA,CX-5,grey,petrol,Rakan Niaga,2014,SUV - SMALL,2.5,4,AS6,x,9.6,7.4,8.6,33,198
2025-01-03,motokar,MAZDA,MX-5,beige,petrol,Selangor,2014,TWO-SEATER,2.0,4,AS6,z,11.5,8.5,10.2,28,235
2025-01-03,motokar,MAZDA,MX-5,beige,petrol,Selangor,2014,TWO-SEATER,2.0,4,M5,z,10.5,8.5,9.6,29,221
2025-01-03,motokar,MAZDA,MX-5,beige,petrol,Selangor,2014,TWO-SEATER,2.0,4,M6,z,11.1,8.4,9.9,29,228
2025-01-03,motokar,PORSCHE,911 CARRERA,black,petrol,W.P. Kuala Lumpur,2014,MINICOMPACT,3.4,6,AM7,z,11.6,8.3,10.1,28,232
2025-01-03,motokar,PORSCHE,911 CARRERA,black,petrol,W.P. Kuala Lumpur,2014,MINICOMPACT,3.4,6,M7,z,12.5,8.6,10.7,26,246
2025-01-03,jip,PORSCHE,CAYENNE,black,petrol,Rakan Niaga,2014,SUV - STANDARD,3.6,6,A8,z,13.6,10.1,12.0,24,276
2025-01-03,jip,PORSCHE,CAYENNE,black,petrol,Rakan Niaga,2014,SUV - STANDARD,3.6,6,M6,z,15.8,10.9,13.6,21,313
2025-01-03,motokar,PORSCHE,PANAMERA,white,petrol,W.P. Kuala Lumpur,2014,FULL-SIZE,3.6,6,AM7,z,12.9,8.4,10.9,26,251
2025-01-03,motokar,SUBARU,BRZ,grey,petrol,W.P. Kuala Lumpur,2014,MINICOMPACT,2.0,4,AS6,z,9.6,7.1,8.5,33,196
2025-01-03,motokar,SUBARU,BRZ,grey,petrol,W.P. Kuala Lumpur,2014,MINICOMPACT,2.0,4,M6,z,11.0,7.9,9.6,29,221
2025-01-03,motokar,TOYOTA,YARIS,red,petrol,Rakan Niaga,2014,COMPACT,1.5,4,A4,x,7.9,6.6,7.3,39,168
2025-01-03,motokar,TOYOTA,YARIS,red,petrol,Rakan Niaga,2014,COMPACT,1.5,4,M5,x,7.8,6.3,7.1,40,163
2025-01-03,motokar,TOYOTA,YARIS,white,petrol,Rakan Niaga,2014,COMPACT,1.5,4,A4,x,7.9,6.6,7.3,39,168
2025-01-03,motokar,TOYOTA,YARIS,white,petrol,Rakan Niaga,2014,COMPACT,1.5,4,M5,x,7.8,6.3,7.1,40,163
2025-01-03,motokar,TOYOTA,YARIS,silver,petrol,Rakan Niaga,2014,COMPACT,1.5,4,A4,x,7.9,6.6,7.3,39,168
2025-01-03,motokar,TOYOTA,YARIS,silver,petrol,Rakan Niaga,2014,COMPACT,1.5,4,M5,x,7.8,6.3,7.1,40,163
2025-01-04,jip,HONDA,CR-V,blue,petrol,Rakan Niaga,2014,SUV - SMALL,2.4,4,A5,x,10.3,7.6,9.1,31,209
2025-01-04,motokar,HONDA,CIVIC,white,petrol,Rakan Niaga,2014,COMPACT,1.8,4,AV,x,7.9,6.0,7.0,40,161
2025-01-04,motokar,HONDA,CIVIC,white,petrol,Rakan Niaga,2014,COMPACT,1.8,4,AV7,x,8.1,6.2,7.2,39,166
2025-01-04,motokar,HONDA,CIVIC,white,petrol,Rakan Niaga,2014,COMPACT,1.8,4,M5,x,8.5,6.6,7.6,37,175
2025-01-05,jip,MAZDA,CX-5,red,petrol,Terengganu,2014,SUV - SMALL,2.0,4,AS6,x,8.9,7.3,8.2,34,189
2025-01-05,jip,MAZDA,CX-5,red,petrol,Terengganu,2014,SUV - SMALL,2.0,4,M6,x,9.0,6.8,8.0,35,184
2025-01-05,jip,MAZDA,CX-5,red,petrol,Terengganu,2014,SUV - SMALL,2.5,4,AS6,x,9.6,7.4,8.6,33,198
2025-01-06,jip,HONDA,CR-V,grey,petrol,Sarawak,2014,SUV - SMALL,2.4,4,A5,x,10.3,7.6,9.1,31,209
2025-01-06,jip,HONDA,CR-V,grey,hybrid_petrol,Pulau Pinang,2014,SUV - SMALL,2.4,4,A5,x,10.3,7.6,9.1,31,209
2025-01-06,jip,HONDA,CR-V,grey,hybrid_petrol,Rakan Niaga,2014,SUV - SMALL,2.4,4,A5,x,10.3,7.6,9.1,31,209
2025-01-06,jip,HONDA,CR-V,white,petrol,W.P. Kuala Lumpur,2014,SUV - SMALL,2.4,4,A5,x,10.3,7.6,9.1,31,209
2025-01-06,motokar,HONDA,CIVIC,blue,petrol,Rakan Niaga,2014,COMPACT,1.8,4,AV,x,7.9,6.0,7.0,40,161
2025-01-06,motokar,HONDA,CIVIC,blue,petrol,Rakan Niaga,2014,COMPACT,1.8,4,AV7,x,8.1,6.2,7.2,39,166
2025-01-06,motokar,HONDA,CIVIC,blue,petrol,Rakan Niaga,2014,COMPACT,1.8,4,M5,x,8.5,6.6,7.6,37,175
2025-01-06,motokar,HONDA,CIVIC,white,petrol,Selangor,2014,COMPACT,1.8,4,AV,x,7.9,6.0,7.0,40,161
2025-01-06,motokar,HONDA,CIVIC,white,petrol,Selangor,2014,COMPACT,1.8,4,AV7,x,8.1,6.2,7.2,39,166
2025-01-06,motokar,HONDA,CIVIC,white,petrol,Selangor,2014,COMPACT,1.8,4,M5,x,8.5,6.6,7.6,37,175
2025-01-06,motokar,HONDA,CIVIC,blue,petrol,W.P. Kuala Lumpur,2014,COMPACT,1.8,4,AV,x,7.9,6.0,7.0,40,161
2025-01-06,motokar,HONDA,CIVIC,blue,petrol,W.P. Kuala Lumpur,2014,COMPACT,1.8,4,AV7,x,8.1,6.2,7.2,39,166
2025-01-06,motokar,HONDA,CIVIC,blue,petrol,W.P. Kuala Lumpur,2014,COMPACT,1.8,4,M5,x,8.5,6.6,7.6,37,175
2025-01-06,motokar,HONDA,CIVIC,white,petrol,W.P. Kuala Lumpur,2014,COMPACT,1.8,4,AV,x,7.9,6.0,7.0,40,161
2025-01-06,motokar,HONDA,CIVIC,white,petrol,W.P. Kuala Lumpur,2014,COMPACT,1.8,4,AV7,x,8.1,6.2,7.2,39,166
2025-01-06,motokar,HONDA,CIVIC,white,petrol,W.P. Kuala Lumpur,2014,COMPACT,1.8,4,M5,x,8.5,6.6,7.6,37,175
2025-01-06,motokar,HONDA,CIVIC,blue,petrol,Kelantan,2014,COMPACT,1.8,4,AV,x,7.9,6.0,7.0,40,161
2025-01-06,motokar,HONDA,CIVIC,blue,petrol,Kelantan,2014,COMPACT,1.8,4,AV7,x,8.1,6.2,7.2,39,166
2025-01-06,motokar,HONDA,CIVIC,blue,petrol,Kelantan,2014,COMPACT,1.8,4,M5,x,8.5,6.6,7.6,37,175
2025-01-06,window_van,HONDA,ODYSSEY,white,petrol,W.P. Kuala Lumpur,2014,MINIVAN,3.5,6,A6,x,12.3,8.5,10.6,27,244
2025-01-06,jip,MAZDA,CX-5,red,petrol,Rakan Niaga,2014,SUV - SMALL,2.0,4,AS6,x,8.9,7.3,8.2,34,189
2025-01-06,jip,MAZDA,CX-5,red,petrol,Rakan Niaga,2014,SUV - SMALL,2.0,4,M6,x,9.0,6.8,8.0,35,184
2025-01-06,jip,MAZDA,CX-5,red,petrol,Rakan Niaga,2014,SUV - SMALL,2.5,4,AS6,x,9.6,7.4,8.6,33,198
2025-01-06,jip,MAZDA,CX-5,white,petrol,Rakan Niaga,2014,SUV - SMALL,2.0,4,AS6,x,8.9,7.3,8.2,34,189
2025-01-06,jip,MAZDA,CX-5,white,petrol,Rakan Niaga,2014,SUV - SMALL,2.0,4,M6,x,9.0,6.8,8.0,35,184
2025-01-06,jip,MAZDA,CX-5,white,petrol,Rakan Niaga,2014,SUV - SMALL,2.5,4,AS6,x,9.6,7.4,8.6,33,198
2025-01-06,jip,MAZDA,CX-5,blue,petrol,Rakan Niaga,2014,SUV - SMALL,2.0,4,AS6,x,8.9,7.3,8.2,34,189
2025-01-06,jip,MAZDA,CX-5,blue,petrol,Rakan Niaga,2014,SUV - SMALL,2.0,4,M6,x,9.0,6.8,8.0,35,184
2025-01-06,jip,MAZDA,CX-5,blue,petrol,Rakan Niaga,2014,SUV - SMALL,2.5,4,AS6,x,9.6,7.4,8.6,33,198
2025-01-06,jip,MAZDA,CX-5,gold,petrol,Selangor,2014,SUV - SMALL,2.0,4,AS6,x,8.9,7.3,8.2,34,189
2025-01-06,jip,MAZDA,CX-5,gold,petrol,Selangor,2014,SUV - SMALL,2.0,4,M6,x,9.0,6.8,8.0,35,184
2025-01-06,jip,MAZDA,CX-5,gold,petrol,Selangor,2014,SUV - SMALL,2.5,4,AS6,x,9.6,7.4,8.6,33,198
2025-01-06,jip,MAZDA,CX-5,black,petrol,Rakan Niaga,2014,SUV - SMALL,2.0,4,AS6,x,8.9,7.3,8.2,34,189
2025-01-06,jip,MAZDA,CX-5,black,petrol,Rakan Niaga,2014,SUV - SMALL,2.0,4,M6,x,9.0,6.8,8.0,35,184
2025-01-06,jip,MAZDA,CX-5,black,petrol,Rakan Niaga,2014,SUV - SMALL,2.5,4,AS6,x,9.6,7.4,8.6,33,198
2025-01-06,jip,MAZDA,CX-5,grey,petrol,Rakan Niaga,2014,SUV - SMALL,2.0,4,AS6,x,8.9,7.3,8.2,34,189
2025-01-06,jip,MAZDA,CX-5,grey,petrol,Rakan Niaga,2014,SUV - SMALL,2.0,4,M6,x,9.0,6.8,8.0,35,184
2025-01-06,jip,MAZDA,CX-5,grey,petrol,Rakan Niaga,2014,SUV - SMALL,2.5,4,AS6,x,9.6,7.4,8.6,33,198
2025-01-06,jip,MAZDA,CX-5,black,petrol,Selangor,2014,SUV - SMALL,2.0,4,AS6,x,8.9,7.3,8.2,34,189
2025-01-06,jip,MAZDA,CX-5,black,petrol,Selangor,2014,SUV - SMALL,2.0,4,M6,x,9.0,6.8,8.0,35,184
2025-01-06,jip,MAZDA,CX-5,black,petrol,Selangor,2014,SUV - SMALL,2.5,4,AS6,x,9.6,7.4,8.6,33,198
2025-01-06,motokar,PORSCHE,911 CARRERA,black,petrol,W.P. Kuala Lumpur,2014,MINICOMPACT,3.4,6,AM7,z,11.6,8.3,10.1,28,232
2025-01-06,motokar,PORSCHE,911 CARRERA,black,petrol,W.P. Kuala Lumpur,2014,MINICOMPACT,3.4,6,M7,z,12.5,8.6,10.7,26,246
2025-01-06,motokar,PORSCHE,911 CARRERA,silver,petrol,W.P. Kuala Lumpur,2014,MINICOMPACT,3.4,6,AM7,z,11.6,8.3,10.1,28,232
2025-01-06,motokar,PORSCHE,911 CARRERA,silver,petrol,W.P. Kuala Lumpur,2014,MINICOMPACT,3.4,6,M7,z,12.5,8.6,10.7,26,246
2025-01-06,jip,PORSCHE,CAYENNE,white,petrol,Selangor,2014,SUV - STANDARD,3.6,6,A8,z,13.6,10.1,12.0,24,276
2025-01-06,jip,PORSCHE,CAYENNE,white,petrol,Selangor,2014,SUV - STANDARD,3.6,6,M6,z,15.8,10.9,13.6,21,313
2025-01-06,jip,PORSCHE,CAYENNE,black,petrol,Rakan Niaga,2014,SUV - STANDARD,3.6,6,A8,z,13.6,10.1,12.0,24,276
2025-01-06,jip,PORSCHE,CAYENNE,black,petrol,Rakan Niaga,2014,SUV - STANDARD,3.6,6,M6,z,15.8,10.9,13.6,21,313
2025-01-06,motokar,TOYOTA,YARIS,silver,petrol,Rakan Niaga,2014,COMPACT,1.5,4,A4,x,7.9,6.6,7.3,39,168
2025-01-06,motokar,TOYOTA,YARIS,silver,petrol,Rakan Niaga,2014,COMPACT,1.5,4,M5,x,7.8,6.3,7.1,40,163
2025-01-06,motokar,TOYOTA,YARIS,white,petrol,Rakan Niaga,2014,COMPACT,1.5,4,A4,x,7.9,6.6,7.3,39,168
2025-01-06,motokar,TOYOTA,YARIS,white,petrol,Rakan Niaga,2014,COMPACT,1.5,4,M5,x,7.8,6.3,7.1,40,163
2025-01-06,motokar,TOYOTA,YARIS,red,petrol,Rakan Niaga,2014,COMPACT,1.5,4,A4,x,7.9,6.6,7.3,39,168
2025-01-06,motokar,TOYOTA,YARIS,red,petrol,Rakan Niaga,2014,COMPACT,1.5,4,M5,x,7.8,6.3,7.1,40,163
2025-01-07,jip,HONDA,CR-V,blue,hybrid_petrol,Rakan Niaga,2014,SUV - SMALL,2.4,4,A5,x,10.3,7.6,9.1,31,209
2025-01-07,jip,HONDA,CR-V,grey,hybrid_petrol,Rakan Niaga,2014,SUV - SMALL,2.4,4,A5,x,10.3,7.6,9.1,31,209
2025-01-07,jip,HONDA,CR-V,white,petrol,Rakan Niaga,2014,SUV - SMALL,2.4,4,A5,x,10.3,7.6,9.1,31,209
2025-01-07,motokar,HONDA,CIVIC,white,petrol,Rakan Niaga,2014,COMPACT,1.8,4,AV,x,7.9,6.0,7.0,40,161
2025-01-07,motokar,HONDA,CIVIC,white,petrol,Rakan Niaga,2014,COMPACT,1.8,4,AV7,x,8.1,6.2,7.2,39,166
2025-01-07,motokar,HONDA,CIVIC,white,petrol,Rakan Niaga,2014,COMPACT,1.8,4,M5,x,8.5,6.6,7.6,37,175
2025-01-07,motokar,HONDA,CIVIC,black,petrol,W.P. Kuala Lumpur,2014,COMPACT,1.8,4,AV,x,7.9,6.0,7.0,40,161
2025-01-07,motokar,HONDA,CIVIC,black,petrol,W.P. Kuala Lumpur,2014,COMPACT,1.8,4,AV7,x,8.1,6.2,7.2,39,166
2025-01-07,motokar,HONDA,CIVIC,black,petrol,W.P. Kuala Lumpur,2014,COMPACT,1.8,4,M5,x,8.5,6.6,7.6,37,175
2025-01-07,motokar,HONDA,CIVIC,white,petrol,Selangor,2014,COMPACT,1.8,4,AV,x,7.9,6.0,7.0,40,161
2025-01-07,motokar,HONDA,CIVIC,white,petrol,Selangor,2014,COMPACT,1.8,4,AV7,x,8.1,6.2,7.2,39,166
2025-01-07,motokar,HONDA,CIVIC,white,petrol,Selangor,2014,COMPACT,1.8,4,M5,x,8.5,6.6,7.6,37,175
2025-01-07,motokar,HONDA,CIVIC,black,petrol,Kelantan,2014,COMPACT,1.8,4,AV,x,7.9,6.0,7.0,40,161
2025-01-07,motokar,HONDA,CIVIC,black,petrol,Kelantan,2014,COMPACT,1.8,4,AV7,x,8.1,6.2,7.2,39,166
2025-01-07,motokar,HONDA,CIVIC,black,petrol,Kelantan,2014,COMPACT,1.8,4,M5,x,8.5,6.6,7.6,37,175
2025-01-07,window_van,HONDA,ODYSSEY,white,petrol,Perak,2014,MINIVAN,3.5,6,A6,x,12.3,8.5,10.6,27,244
2025-01-07,window_van,HONDA,ODYSSEY,black,petrol,Rakan Niaga,2014,MINIVAN,3.5,6,A6,x,12.3,8.5,10.6,27,244
2025-01-07,window_van,HONDA,ODYSSEY,maroon,petrol,Johor,2014,MINIVAN,3.5,6,A6,x,12.3,8.5,10.6,27,244
2025-01-07,jip,MAZDA,CX-5,grey,petrol,Rakan Niaga,2014,SUV - SMALL,2.0,4,AS6,x,8.9,7.3,8.2,34,189
2025-01-07,jip,MAZDA,CX-5,grey,petrol,Rakan Niaga,2014,SUV - SMALL,2.0,4,M6,x,9.0,6.8,8.0,35,184
2025-01-07,jip,MAZDA,CX-5,grey,petrol,Rakan Niaga,2014,SUV - SMALL,2.5,4,AS6,x,9.6,7.4,8.6,33,198
2025-01-07,jip,MAZDA,CX-5,red,petrol,Rakan Niaga,2014,SUV - SMALL,2.0,4,AS6,x,8.9,7.3,8.2,34,189
2025-01-07,jip,MAZDA,CX-5,red,petrol,Rakan Niaga,2014,SUV - SMALL,2.0,4,M6,x,9.0,6.8,8.0,35,184
2025-01-07,jip,MAZDA,CX-5,red,petrol,Rakan Niaga,2014,SUV - SMALL,2.5,4,AS6,x,9.6,7.4,8.6,33,198
2025-01-07,jip,MAZDA,CX-5,blue,petrol,Rakan Niaga,2014,SUV - SMALL,2.0,4,AS6,x,8.9,7.3,8.2,34,189
2025-01-07,jip,MAZDA,CX-5,blue,petrol,Rakan Niaga,2014,SUV - SMALL,2.0,4,M6,x,9.0,6.8,8.0,35,184
2025-01-07,jip,MAZDA,CX-5,blue,petrol,Rakan Niaga,2014,SUV - SMALL,2.5,4,AS6,x,9.6,7.4,8.6,33,198
2025-01-07,jip,MAZDA,CX-5,red,petrol,W.P. Kuala Lumpur,2014,SUV - SMALL,2.0,4,AS6,x,8.9,7.3,8.2,34,189
2025-01-07,jip,MAZDA,CX-5,red,petrol,W.P. Kuala Lumpur,2014,SUV - SMALL,2.0,4,M6,x,9.0,6.8,8.0,35,184
2025-01-07,jip,MAZDA,CX-5,red,petrol,W.P. Kuala Lumpur,2014,SUV - SMALL,2.5,4,AS6,x,9.6,7.4,8.6,33,198
2025-01-07,motokar,MAZDA,MX-5,black,petrol,Rakan Niaga,2014,TWO-SEATER,2.0,4,AS6,z,11.5,8.5,10.2,28,235
2025-01-07,motokar,MAZDA,MX-5,black,petrol,Rakan Niaga,2014,TWO-SEATER,2.0,4,M5,z,10.5,8.5,9.6,29,221
2025-01-07,motokar,MAZDA,MX-5,black,petrol,Rakan Niaga,2014,TWO-SEATER,2.0,4,M6,z,11.1,8.4,9.9,29,228
2025-01-07,motokar,PORSCHE,911 CARRERA,grey,petrol,W.P. Kuala Lumpur,2014,MINICOMPACT,3.4,6,AM7,z,11.6,8.3,10.1,28,232
2025-01-07,motokar,PORSCHE,911 CARRERA,grey,petrol,W.P. Kuala Lumpur,2014,MINICOMPACT,3.4,6,M7,z,12.5,8.6,10.7,26,246
2025-01-07,motokar,PORSCHE,911 CARRERA,grey,petrol,Kedah,2014,MINICOMPACT,3.4,6,AM7,z,11.6,8.3,10.1,28,232
2025-01-07,motokar,PORSCHE,911 CARRERA,grey,petrol,Kedah,2014,MINICOMPACT,3.4,6,M7,z,12.5,8.6,10.7,26,246
2025-01-07,motokar,PORSCHE,911 CARRERA,white,petrol,Rakan Niaga,2014,MINICOMPACT,3.4,6,AM7,z,11.6,8.3,10.1,28,232
2025-01-07,motokar,PORSCHE,911 CARRERA,white,petrol,Rakan Niaga,2014,MINICOMPACT,3.4,6,M7,z,12.5,8.6,10.7,26,246
2025-01-07,jip,PORSCHE,CAYENNE,black,petrol,W.P. Kuala Lumpur,2014,SUV - STANDARD,3.6,6,A8,z,13.6,10.1,12.0,24,276
2025-01-07,jip,PORSCHE,CAYENNE,black,petrol,W.P. Kuala Lumpur,2014,SUV - STANDARD,3.6,6,M6,z,15.8,10.9,13.6,21,313
2025-01-07,jip,PORSCHE,CAYENNE,white,petrol,W.P. Kuala Lumpur,2014,SUV - STANDARD,3.6,6,A8,z,13.6,10.1,12.0,24,276
2025-01-07,jip,PORSCHE,CAYENNE,white,petrol,W.P. Kuala Lumpur,2014,SUV - STANDARD,3.6,6,M6,z,15.8,10.9,13.6,21,313
2025-01-07,motokar,SUBARU,BRZ,grey,petrol,W.P. Kuala Lumpur,2014,MINICOMPACT,2.0,4,AS6,z,9.6,7.1,8.5,33,196
2025-01-07,motokar,SUBARU,BRZ,grey,petrol,W.P. Kuala Lumpur,2014,MINICOMPACT,2.0,4,M6,z,11.0,7.9,9.6,29,221
2025-01-07,motokar,TOYOTA,YARIS,red,petrol,Rakan Niaga,2014,COMPACT,1.5,4,A4,x,7.9,6.6,7.3,39,168
2025-01-07,motokar,TOYOTA,YARIS,red,petrol,Rakan Niaga,2014,COMPACT,1.5,4,M5,x,7.8,6.3,7.1,40,163
2025-01-07,motokar,TOYOTA,YARIS,white,petrol,Sarawak,2014,COMPACT,1.5,4,A4,x,7.9,6.6,7.3,39,168
2025-01-07,motokar,TOYOTA,YARIS,white,petrol,Sarawak,2014,COMPACT,1.5,4,M5,x,7.8,6.3,7.1,40,163
2025-01-07,motokar,TOYOTA,YARIS,silver,petrol,Rakan Niaga,2014,COMPACT,1.5,4,A4,x,7.9,6.6,7.3,39,168
2025-01-07,motokar,TOYOTA,YARIS,silver,petrol,Rakan Niaga,2014,COMPACT,1.5,4,M5,x,7.8,6.3,7.1,40,163
2025-01-07,jip,VOLKSWAGEN,TIGUAN,black,petrol,W.P. Kuala Lumpur,2014,SUV - SMALL,2.0,4,A6,z,11.7,9.5,10.7,26,246
2025-01-07,jip,VOLKSWAGEN,TIGUAN,black,petrol,W.P. Kuala Lumpur,2014,SUV - SMALL,2.0,4,M6,z,13.6,9.2,11.6,24,267
2025-01-07,jip,VOLVO,XC60,white,hybrid_petrol,Rakan Niaga,2014,SUV - SMALL,3.2,6,AS6,x,13.0,8.9,11.2,25,258
2025-01-08,jip,HONDA,CR-V,red,petrol,Pahang,2014,SUV - SMALL,2.4,4,A5,x,10.3,7.6,9.1,31,209
2025-01-08,jip,HONDA,CR-V,white,hybrid_petrol,Rakan Niaga,2014,SUV - SMALL,2.4,4,A5,x,10.3,7.6,9.1,31,209
2025-01-08,jip,HONDA,CR-V,grey,petrol,Rakan Niaga,2014,SUV - SMALL,2.4,4,A5,x,10.3,7.6,9.1,31,209
2025-01-08,jip,HONDA,CR-V,red,petrol,Rakan Niaga,2014,SUV - SMALL,2.4,4,A5,x,10.3,7.6,9.1,31,209
2025-01-08,jip,HONDA,CR-V,blue,hybrid_petrol,Rakan Niaga,2014,SUV - SMALL,2.4,4,A5,x,10.3,7.6,9.1,31,209
2025-01-08,jip,HONDA,CR-V,blue,petrol,Rakan Niaga,2014,SUV - SMALL,2.4,4,A5,x,10.3,7.6,9.1,31,209
2025-01-08,jip,HONDA,CR-V,silver,petrol,Rakan Niaga,2014,SUV - SMALL,2.4,4,A5,x,10.3,7.6,9.1,31,209
2025-01-08,motokar,HONDA,CIVIC,black,petrol,W.P. Kuala Lumpur,2014,COMPACT,1.8,4,AV,x,7.9,6.0,7.0,40,161
2025-01-08,motokar,HONDA,CIVIC,black,petrol,W.P. Kuala Lumpur,2014,COMPACT,1.8,4,AV7,x,8.1,6.2,7.2,39,166
2025-01-08,motokar,HONDA,CIVIC,black,petrol,W.P. Kuala Lumpur,2014,COMPACT,1.8,4,M5,x,8.5,6.6,7.6,37,175
2025-01-08,motokar,HONDA,CIVIC,white,petrol,Sarawak,2014,COMPACT,1.8,4,AV,x,7.9,6.0,7.0,40,161
2025-01-08,motokar,HONDA,CIVIC,white,petrol,Sarawak,2014,COMPACT,1.8,4,AV7,x,8.1,6.2,7.2,39,166
2025-01-08,motokar,HONDA,CIVIC,white,petrol,Sarawak,2014,COMPACT,1.8,4,M5,x,8.5,6.6,7.6,37,175
2025-01-08,motokar,HONDA,CIVIC,grey,petrol,W.P. Kuala Lumpur,2014,COMPACT,1.8,4,AV,x,7.9,6.0,7.0,40,161
2025-01-08,motokar,HONDA,CIVIC,grey,petrol,W.P. Kuala Lumpur,2014,COMPACT,1.8,4,AV7,x,8.1,6.2,7.2,39,166
2025-01-08,motokar,HONDA,CIVIC,grey,petrol,W.P. Kuala Lumpur,2014,COMPACT,1.8,4,M5,x,8.5,6.6,7.6,37,175
2025-01-08,motokar,HONDA,CIVIC,white,petrol,W.P. Kuala Lumpur,2014,COMPACT,1.8,4,AV,x,7.9,6.0,7.0,40,161
2025-01-08,motokar,HONDA,CIVIC,white,petrol,W.P. Kuala Lumpur,2014,COMPACT,1.8,4,AV7,x,8.1,6.2,7.2,39,166
2025-01-08,motokar,HONDA,CIVIC,white,petrol,W.P. Kuala Lumpur,2014,COMPACT,1.8,4,M5,x,8.5,6.6,7.6,37,175
2025-01-08,motokar,HONDA,CIVIC,black,petrol,Rakan Niaga,2014,COMPACT,1.8,4,AV,x,7.9,6.0,7.0,40,161
2025-01-08,motokar,HONDA,CIVIC,black,petrol,Rakan Niaga,2014,COMPACT,1.8,4,AV7,x,8.1,6.2,7.2,39,166
2025-01-08,motokar,HONDA,CIVIC,black,petrol,Rakan Niaga,2014,COMPACT,1.8,4,M5,x,8.5,6.6,7.6,37,175
2025-01-08,motokar,HONDA,CIVIC,blue,petrol,Johor,2014,COMPACT,1.8,4,AV,x,7.9,6.0,7.0,40,161
2025-01-08,motokar,HONDA,CIVIC,blue,petrol,Johor,2014,COMPACT,1.8,4,AV7,x,8.1,6.2,7.2,39,166
2025-01-08,motokar,HONDA,CIVIC,blue,petrol,Johor,2014,COMPACT,1.8,4,M5,x,8.5,6.6,7.6,37,175
2025-01-08,window_van,HONDA,ODYSSEY,silver,petrol,W.P. Kuala Lumpur,2014,MINIVAN,3.5,6,A6,x,12.3,8.5,10.6,27,244
2025-01-08,window_van,HONDA,ODYSSEY,white,petrol,Rakan Niaga,2014,MINIVAN,3.5,6,A6,x,12.3,8.5,10.6,27,244
2025-01-08,jip,LAND ROVER,RANGE ROVER EVOQUE,white,petrol,Pulau Pinang,2014,SUV - SMALL,2.0,4,AS9,z,11.3,7.9,9.8,29,225
2025-01-08,jip,MAZDA,CX-5,blue,petrol,Rakan Niaga,2014,SUV - SMALL,2.0,4,AS6,x,8.9,7.3,8.2,34,189
2025-01-08,jip,MAZDA,CX-5,blue,petrol,Rakan Niaga,2014,SUV - SMALL,2.0,4,M6,x,9.0,6.8,8.0,35,184
2025-01-08,jip,MAZDA,CX-5,blue,petrol,Rakan Niaga,2014,SUV - SMALL,2.5,4,AS6,x,9.6,7.4,8.6,33,198
2025-01-08,jip,MAZDA,CX-5,gold,petrol,Rakan Niaga,2014,SUV - SMALL,2.0,4,AS6,x,8.9,7.3,8.2,34,189
2025-01-08,jip,MAZDA,CX-5,gold,petrol,Rakan Niaga,2014,SUV - SMALL,2.0,4,M6,x,9.0,6.8,8.0,35,184
2025-01-08,jip,MAZDA,CX-5,gold,petrol,Rakan Niaga,2014,SUV - SMALL,2.5,4,AS6,x,9.6,7.4,8.6,33,198
2025-01-08,jip,MAZDA,CX-5,white,petrol,Rakan Niaga,2014,SUV - SMALL,2.0,4,AS6,x,8.9,7.3,8.2,34,189
2025-01-08,jip,MAZDA,CX-5,white,petrol,Rakan Niaga,2014,SUV - SMALL,2.0,4,M6,x,9.0,6.8,8.0,35,184
2025-01-08,jip,MAZDA,CX-5,white,petrol,Rakan Niaga,2014,SUV - SMALL,2.5,4,AS6,x,9.6,7.4,8.6,33,198
2025-01-08,jip,MAZDA,CX-5,gold,petrol,W.P. Kuala Lumpur,2014,SUV - SMALL,2.0,4,AS6,x,8.9,7.3,8.2,34,189
2025-01-08,jip,MAZDA,CX-5,gold,petrol,W.P. Kuala Lumpur,2014,SUV - SMALL,2.0,4,M6,x,9.0,6.8,8.0,35,184
2025-01-08,jip,MAZDA,CX-5,gold,petrol,W.P. Kuala Lumpur,2014,SUV - SMALL,2.5,4,AS6,x,9.6,7.4,8.6,33,198
2025-01-08,jip,MAZDA,CX-5,red,petrol,Rakan Niaga,2014,SUV - SMALL,2.0,4,AS6,x,8.9,7.3,8.2,34,189
2025-01-08,jip,MAZDA,CX-5,red,petrol,Rakan Niaga,2014,SUV - SMALL,2.0,4,M6,x,9.0,6.8,8.0,35,184
2025-01-08,jip,MAZDA,CX-5,red,petrol,Rakan Niaga,2014,SUV - SMALL,2.5,4,AS6,x,9.6,7.4,8.6,33,198
2025-01-08,jip,MAZDA,CX-5,grey,petrol,Rakan Niaga,2014,SUV - SMALL,2.0,4,AS6,x,8.9,7.3,8.2,34,189
2025-01-08,jip,MAZDA,CX-5,grey,petrol,Rakan Niaga,2014,SUV - SMALL,2.0,4,M6,x,9.0,6.8,8.0,35,184
2025-01-08,jip,MAZDA,CX-5,grey,petrol,Rakan Niaga,2014,SUV - SMALL,2.5,4,AS6,x,9.6,7.4,8.6,33,198
2025-01-08,jip,MAZDA,CX-5,black,petrol,Rakan Niaga,2014,SUV - SMALL,2.0,4,AS6,x,8.9,7.3,8.2,34,189
2025-01-08,jip,MAZDA,CX-5,black,petrol,Rakan Niaga,2014,SUV - SMALL,2.0,4,M6,x,9.0,6.8,8.0,35,184
2025-01-08,jip,MAZDA,CX-5,black,petrol,Rakan Niaga,2014,SUV - SMALL,2.5,4,AS6,x,9.6,7.4,8.6,33,198
2025-01-08,motokar,PORSCHE,911 TURBO,grey,petrol,Johor,2014,MINICOMPACT,3.8,6,AM7,z,13.7,9.6,11.9,24,274
2025-01-08,jip,PORSCHE,CAYENNE,black,petrol,Rakan Niaga,2014,SUV - STANDARD,3.6,6,A8,z,13.6,10.1,12.0,24,276
2025-01-08,jip,PORSCHE,CAYENNE,black,petrol,Rakan Niaga,2014,SUV - STANDARD,3.6,6,M6,z,15.8,10.9,13.6,21,313
2025-01-08,jip,PORSCHE,CAYENNE,white,petrol,W.P. Kuala Lumpur,2014,SUV - STANDARD,3.6,6,A8,z,13.6,10.1,12.0,24,276
2025-01-08,jip,PORSCHE,CAYENNE,white,petrol,W.P. Kuala Lumpur,2014,SUV - STANDARD,3.6,6,M6,z,15.8,10.9,13.6,21,313
2025-01-08,jip,PORSCHE,CAYENNE,grey,petrol,W.P. Kuala Lumpur,2014,SUV - STANDARD,3.6,6,A8,z,13.6,10.1,12.0,24,276
2025-01-08,jip,PORSCHE,CAYENNE,grey,petrol,W.P. Kuala Lumpur,2014,SUV - STANDARD,3.6,6,M6,z,15.8,10.9,13.6,21,313
2025-01-08,motokar,TOYOTA,COROLLA,white,petrol,Rakan Niaga,2014,MID-SIZE,1.8,4,A4,x,8.6,6.5,7.7,37,177
2025-01-08,motokar,TOYOTA,COROLLA,white,petrol,Rakan Niaga,2014,MID-SIZE,1.8,4,AV7,x,8.1,6.3,7.3,39,168
2025-01-08,motokar,TOYOTA,COROLLA,white,petrol,Rakan Niaga,2014,MID-SIZE,1.8,4,AV,x,8.0,5.9,7.1,40,163
2025-01-08,motokar,TOYOTA,COROLLA,white,petrol,Rakan Niaga,2014,MID-SIZE,1.8,4,M6,x,8.3,6.3,7.4,38,170
2025-01-08,motokar,TOYOTA,COROLLA,white,petrol,W.P. Kuala Lumpur,2014,MID-SIZE,1.8,4,A4,x,8.6,6.5,7.7,37,177
2025-01-08,motokar,TOYOTA,COROLLA,white,petrol,W.P. Kuala Lumpur,2014,MID-SIZE,1.8,4,AV7,x,8.1,6.3,7.3,39,168
2025-01-08,motokar,TOYOTA,COROLLA,white,petrol,W.P. Kuala Lumpur,2014,MID-SIZE,1.8,4,AV,x,8.0,5.9,7.1,40,163
2025-01-08,motokar,TOYOTA,COROLLA,white,petrol,W.P. Kuala Lumpur,2014,MID-SIZE,1.8,4,M6,x,8.3,6.3,7.4,38,170
2025-01-08,motokar,TOYOTA,YARIS,red,petrol,Rakan Niaga,2014,COMPACT,1.5,4,A4,x,7.9,6.6,7.3,39,168
2025-01-08,motokar,TOYOTA,YARIS,red,petrol,Rakan Niaga,2014,COMPACT,1.5,4,M5,x,7.8,6.3,7.1,40,163
2025-01-08,motokar,TOYOTA,YARIS,white,petrol,W.P. Kuala Lumpur,2014,COMPACT,1.5,4,A4,x,7.9,6.6,7.3,39,168
2025-01-08,motokar,TOYOTA,YARIS,white,petrol,W.P. Kuala Lumpur,2014,COMPACT,1.5,4,M5,x,7.8,6.3,7.1,40,163
2025-01-08,jip,VOLVO,XC60,blue,hybrid_petrol,Rakan Niaga,2014,SUV - SMALL,3.2,6,AS6,x,13.0,8.9,11.2,25,258
2025-01-08,jip,VOLVO,XC60,white,hybrid_petrol,Perak,2014,SUV - SMALL,3.2,6,AS6,x,13.0,8.9,11.2,25,258
2025-01-09,motokar,BENTLEY,CONTINENTAL GT,grey,petrol,W.P. Kuala Lumpur,2014,SUBCOMPACT,4.0,8,AS8,z,15.4,9.8,12.9,22,297
2025-01-09,motokar,BENTLEY,CONTINENTAL GT,grey,petrol,W.P. Kuala Lumpur,2014,SUBCOMPACT,6.0,12,AS8,z,18.8,11.5,15.5,18,356
2025-01-09,jip,HONDA,CR-V,silver,hybrid_petrol,Rakan Niaga,2014,SUV - SMALL,2.4,4,A5,x,10.3,7.6,9.1,31,209
2025-01-09,jip,HONDA,CR-V,grey,petrol,Rakan Niaga,2014,SUV - SMALL,2.4,4,A5,x,10.3,7.6,9.1,31,209
2025-01-09,jip,HONDA,CR-V,white,hybrid_petrol,Rakan Niaga,2014,SUV - SMALL,2.4,4,A5,x,10.3,7.6,9.1,31,209
2025-01-09,jip,HONDA,CR-V,blue,petrol,Rakan Niaga,2014,SUV - SMALL,2.4,4,A5,x,10.3,7.6,9.1,31,209
2025-01-09,jip,LAND ROVER,RANGE ROVER EVOQUE,silver,petrol,Rakan Niaga,2014,SUV - SMALL,2.0,4,AS9,z,11.3,7.9,9.8,29,225
2025-01-09,jip,LAND ROVER,RANGE ROVER EVOQUE,grey,petrol,W.P. Kuala Lumpur,2014,SUV - SMALL,2.0,4,AS9,z,11.3,7.9,9.8,29,225
2025-01-09,jip,MAZDA,CX-5,grey,petrol,Rakan Niaga,2014,SUV - SMALL,2.0,4,AS6,x,8.9,7.3,8.2,34,189
2025-01-09,jip,MAZDA,CX-5,grey,petrol,Rakan Niaga,2014,SUV - SMALL,2.0,4,M6,x,9.0,6.8,8.0,35,184
2025-01-09,jip,MAZDA,CX-5,grey,petrol,Rakan Niaga,2014,SUV - SMALL,2.5,4,AS6,x,9.6,7.4,8.6,33,198
2025-01-09,jip,MAZDA,CX-5,red,petrol,Rakan Niaga,2014,SUV - SMALL,2.0,4,AS6,x,8.9,7.3,8.2,34,189
2025-01-09,jip,MAZDA,CX-5,red,petrol,Rakan Niaga,2014,SUV - SMALL,2.0,4,M6,x,9.0,6.8,8.0,35,184
2025-01-09,jip,MAZDA,CX-5,red,petrol,Rakan Niaga,2014,SUV - SMALL,2.5,4,AS6,x,9.6,7.4,8.6,33,198
2025-01-09,jip,MAZDA,CX-5,white,petrol,Rakan Niaga,2014,SUV - SMALL,2.0,4,AS6,x,8.9,7.3,8.2,34,189
2025-01-09,jip,MAZDA,CX-5,white,petrol,Rakan Niaga,2014,SUV - SMALL,2.0,4,M6,x,9.0,6.8,8.0,35,184
2025-01-09,jip,MAZDA,CX-5,white,petrol,Rakan Niaga,2014,SUV - SMALL,2.5,4,AS6,x,9.6,7.4,8.6,33,198
2025-01-09,jip,MAZDA,CX-5,gold,petrol,Rakan Niaga,2014,SUV - SMALL,2.0,4,AS6,x,8.9,7.3,8.2,34,189
2025-01-09,jip,MAZDA,CX-5,gold,petrol,Rakan Niaga,2014,SUV - SMALL,2.0,4,M6,x,9.0,6.8,8.0,35,184
2025-01-09,jip,MAZDA,CX-5,gold,petrol,Rakan Niaga,2014,SUV - SMALL,2.5,4,AS6,x,9.6,7.4,8.6,33,198
2025-01-09,jip,MAZDA,CX-5,blue,petrol,Rakan Niaga,2014,SUV - SMALL,2.0,4,AS6,x,8.9,7.3,8.2,34,189
2025-01-09,jip,MAZDA,CX-5,blue,petrol,Rakan Niaga,2014,SUV - SMALL,2.0,4,M6,x,9.0,6.8,8.0,35,184
2025-01-09,jip,MAZDA,CX-5,blue,petrol,Rakan Niaga,2014,SUV - SMALL,2.5,4,AS6,x,9.6,7.4,8.6,33,198
2025-01-09,motokar,MAZDA,MX-5,white,petrol,W.P. Kuala Lumpur,2014,TWO-SEATER,2.0,4,AS6,z,11.5,8.5,10.2,28,235
2025-01-09,motokar,MAZDA,MX-5,white,petrol,W.P. Kuala Lumpur,2014,TWO-SEATER,2.0,4,M5,z,10.5,8.5,9.6,29,221
2025-01-09,motokar,MAZDA,MX-5,white,petrol,W.P. Kuala Lumpur,2014,TWO-SEATER,2.0,4,M6,z,11.1,8.4,9.9,29,228
2025-01-09,motokar,PORSCHE,911 CARRERA,orange,petrol,W.P. Kuala Lumpur,2014,MINICOMPACT,3.4,6,AM7,z,11.6,8.3,10.1,28,232
2025-01-09,motokar,PORSCHE,911 CARRERA,orange,petrol,W.P. Kuala Lumpur,2014,MINICOMPACT,3.4,6,M7,z,12.5,8.6,10.7,26,246
2025-01-09,motokar,PORSCHE,911 CARRERA,blue,petrol,Rakan Niaga,2014,MINICOMPACT,3.4,6,AM7,z,11.6,8.3,10.1,28,232
2025-01-09,motokar,PORSCHE,911 CARRERA,blue,petrol,Rakan Niaga,2014,MINICOMPACT,3.4,6,M7,z,12.5,8.6,10.7,26,246
2025-01-09,motokar,TOYOTA,YARIS,red,petrol,Rakan Niaga,2014,COMPACT,1.5,4,A4,x,7.9,6.6,7.3,39,168
2025-01-09,motokar,TOYOTA,YARIS,red,petrol,Rakan Niaga,2014,COMPACT,1.5,4,M5,x,7.8,6.3,7.1,40,163
2025-01-09,motokar,TOYOTA,YARIS,white,petrol,Rakan Niaga,2014,COMPACT,1.5,4,A4,x,7.9,6.6,7.3,39,168
2025-01-09,motokar,TOYOTA,YARIS,white,petrol,Rakan Niaga,2014,COMPACT,1.5,4,M5,x,7.8,6.3,7.1,40,163
2025-01-09,motokar,TOYOTA,YARIS,silver,petrol,Rakan Niaga,2014,COMPACT,1.5,4,A4,x,7.9,6.6,7.3,39,168
2025-01-09,motokar,TOYOTA,YARIS,silver,petrol,Rakan Niaga,2014,COMPACT,1.5,4,M5,x,7.8,6.3,7.1,40,163
2025-01-09,jip,VOLKSWAGEN,TIGUAN,black,petrol,Johor,2014,SUV - SMALL,2.0,4,A6,z,11.7,9.5,10.7,26,246
2025-01-09,jip,VOLKSWAGEN,TIGUAN,black,petrol,Johor,2014,SUV - SMALL,2.0,4,M6,z,13.6,9.2,11.6,24,267
2025-01-09,jip,VOLKSWAGEN,TIGUAN,white,petrol,Rakan Niaga,2014,SUV - SMALL,2.0,4,A6,z,11.7,9.5,10.7,26,246
2025-01-09,jip,VOLKSWAGEN,TIGUAN,white,petrol,Rakan Niaga,2014,SUV - SMALL,2.0,4,M6,z,13.6,9.2,11.6,24,267
2025-01-10,jip,HONDA,CR-V,grey,petrol,Rakan Niaga,2014,SUV - SMALL,2.4,4,A5,x,10.3,7.6,9.1,31,209
2025-01-10,jip,HONDA,CR-V,blue,hybrid_petrol,Rakan Niaga,2014,SUV - SMALL,2.4,4,A5,x,10.3,7.6,9.1,31,209
2025-01-10,jip,HONDA,CR-V,blue,petrol,Rakan Niaga,2014,SUV - SMALL,2.4,4,A5,x,10.3,7.6,9.1,31,209
2025-01-10,jip,HONDA,CR-V,white,petrol,Rakan Niaga,2014,SUV - SMALL,2.4,4,A5,x,10.3,7.6,9.1,31,209
2025-01-10,jip,HONDA,CR-V,silver,petrol,Rakan Niaga,2014,SUV - SMALL,2.4,4,A5,x,10.3,7.6,9.1,31,209
2025-01-10,jip,HONDA,CR-V,red,petrol,Rakan Niaga,2014,SUV - SMALL,2.4,4,A5,x,10.3,7.6,9.1,31,209
2025-01-10,jip,HONDA,CR-V,grey,petrol,Negeri Sembilan,2014,SUV - SMALL,2.4,4,A5,x,10.3,7.6,9.1,31,209
2025-01-10,motokar,HONDA,CIVIC,blue,petrol,Johor,2014,COMPACT,1.8,4,AV,x,7.9,6.0,7.0,40,161
2025-01-10,motokar,HONDA,CIVIC,blue,petrol,Johor,2014,COMPACT,1.8,4,AV7,x,8.1,6.2,7.2,39,166
2025-01-10,motokar,HONDA,CIVIC,blue,petrol,Johor,2014,COMPACT,1.8,4,M5,x,8.5,6.6,7.6,37,175
2025-01-10,motokar,HONDA,CIVIC,grey,petrol,Johor,2014,COMPACT,1.8,4,AV,x,7.9,6.0,7.0,40,161
2025-01-10,motokar,HONDA,CIVIC,grey,petrol,Johor,2014,COMPACT,1.8,4,AV7,x,8.1,6.2,7.2,39,166
2025-01-10,motokar,HONDA,CIVIC,grey,petrol,Johor,2014,COMPACT,1.8,4,M5,x,8.5,6.6,7.6,37,175
2025-01-10,motokar,HONDA,CIVIC,blue,hybrid_petrol,Rakan Niaga,2014,COMPACT,1.8,4,AV,x,7.9,6.0,7.0,40,161
2025-01-10,motokar,HONDA,CIVIC,blue,hybrid_petrol,Rakan Niaga,2014,COMPACT,1.8,4,AV7,x,8.1,6.2,7.2,39,166
2025-01-10,motokar,HONDA,CIVIC,blue,hybrid_petrol,Rakan Niaga,2014,COMPACT,1.8,4,M5,x,8.5,6.6,7.6,37,175
2025-01-10,motokar,HONDA,CIVIC,white,petrol,Rakan Niaga,2014,COMPACT,1.8,4,AV,x,7.9,6.0,7.0,40,161
2025-01-10,motokar,HONDA,CIVIC,white,petrol,Rakan Niaga,2014,COMPACT,1.8,4,AV7,x,8.1,6.2,7.2,39,166
2025-01-10,motokar,HONDA,CIVIC,white,petrol,Rakan Niaga,2014,COMPACT,1.8,4,M5,x,8.5,6.6,7.6,37,175
2025-01-10,motokar,HONDA,CIVIC,blue,petrol,W.P. Kuala Lumpur,2014,COMPACT,1.8,4,AV,x,7.9,6.0,7.0,40,161
2025-01-10,motokar,HONDA,CIVIC,blue,petrol,W.P. Kuala Lumpur,2014,COMPACT,1.8,4,AV7,x,8.1,6.2,7.2,39,166
2025-01-10,motokar,HONDA,CIVIC,blue,petrol,W.P. Kuala Lumpur,2014,COMPACT,1.8,4,M5,x,8.5,6.6,7.6,37,175
2025-01-10,motokar,HONDA,CIVIC,white,petrol,Johor,2014,COMPACT,1.8,4,AV,x,7.9,6.0,7.0,40,161
2025-01-10,motokar,HONDA,CIVIC,white,petrol,Johor,2014,COMPACT,1.8,4,AV7,x,8.1,6.2,7.2,39,166
2025-01-10,motokar,HONDA,CIVIC,white,petrol,Johor,2014,COMPACT,1.8,4,M5,x,8.5,6.6,7.6,37,175
2025-01-10,motokar,HONDA,CIVIC,blue,petrol,Rakan Niaga,2014,COMPACT,1.8,4,AV,x,7.9,6.0,7.0,40,161
2025-01-10,motokar,HONDA,CIVIC,blue,petrol,Rakan Niaga,2014,COMPACT,1.8,4,AV7,x,8.1,6.2,7.2,39,166
2025-01-10,motokar,HONDA,CIVIC,blue,petrol,Rakan Niaga,2014,COMPACT,1.8,4,M5,x,8.5,6.6,7.6,37,175
2025-01-10,motokar_pelbagai_utiliti,HONDA,ODYSSEY,black,petrol,Perak,2014,MINIVAN,3.5,6,A6,x,12.3,8.5,10.6,27,244
2025-01-10,jip,KIA,SPORTAGE,grey,petrol,Johor,2014,SUV - SMALL,2.4,4,A6,x,11.4,8.3,10.0,28,230
2025-01-10,jip,KIA,SPORTAGE,grey,petrol,Johor,2014,SUV - SMALL,2.4,4,M6,x,12.9,9.3,11.3,25,260
2025-01-10,jip,KIA,SPORTAGE,blue,petrol,Rakan Niaga,2014,SUV - SMALL,2.4,4,A6,x,11.4,8.3,10.0,28,230
2025-01-10,jip,KIA,SPORTAGE,blue,petrol,Rakan Niaga,2014,SUV - SMALL,2.4,4,M6,x,12.9,9.3,11.3,25,260
2025-01-10,jip,KIA,SPORTAGE,grey,petrol,Rakan Niaga,2014,SUV - SMALL,2.4,4,A6,x,11.4,8.3,10.0,28,230
2025-01-10,jip,KIA,SPORTAGE,grey,petrol,Rakan Niaga,2014,SUV - SMALL,2.4,4,M6,x,12.9,9.3,11.3,25,260
2025-01-10,jip,LAND ROVER,RANGE ROVER EVOQUE,silver,petrol,Rakan Niaga,2014,SUV - SMALL,2.0,4,AS9,z,11.3,7.9,9.8,29,225
2025-01-10,jip,MAZDA,CX-5,black,petrol,Rakan Niaga,2014,SUV - SMALL,2.0,4,AS6,x,8.9,7.3,8.2,34,189
2025-01-10,jip,MAZDA,CX-5,black,petrol,Rakan Niaga,2014,SUV - SMALL,2.0,4,M6,x,9.0,6.8,8.0,35,184
2025-01-10,jip,MAZDA,CX-5,black,petrol,Rakan Niaga,2014,SUV - SMALL,2.5,4,AS6,x,9.6,7.4,8.6,33,198
2025-01-10,jip,MAZDA,CX-5,grey,petrol,Rakan Niaga,2014,SUV - SMALL,2.0,4,AS6,x,8.9,7.3,8.2,34,189
2025-01-10,jip,MAZDA,CX-5,grey,petrol,Rakan Niaga,2014,SUV - SMALL,2.0,4,M6,x,9.0,6.8,8.0,35,184
2025-01-10,jip,MAZDA,CX-5,grey,petrol,Rakan Niaga,2014,SUV - SMALL,2.5,4,AS6,x,9.6,7.4,8.6,33,198
2025-01-10,jip,MAZDA,CX-5,red,petrol,Rakan Niaga,2014,SUV - SMALL,2.0,4,AS6,x,8.9,7.3,8.2,34,189
2025-01-10,jip,MAZDA,CX-5,red,petrol,Rakan Niaga,2014,SUV - SMALL,2.0,4,M6,x,9.0,6.8,8.0,35,184
2025-01-10,jip,MAZDA,CX-5,red,petrol,Rakan Niaga,2014,SUV - SMALL,2.5,4,AS6,x,9.6,7.4,8.6,33,198
2025-01-10,jip,MAZDA,CX-5,blue,petrol,Rakan Niaga,2014,SUV - SMALL,2.0,4,AS6,x,8.9,7.3,8.2,34,189
2025-01-10,jip,MAZDA,CX-5,blue,petrol,Rakan Niaga,2014,SUV - SMALL,2.0,4,M6,x,9.0,6.8,8.0,35,184
2025-01-10,jip,MAZDA,CX-5,blue,petrol,Rakan Niaga,2014,SUV - SMALL,2.5,4,AS6,x,9.6,7.4,8.6,33,198
2025-01-10,jip,MAZDA,CX-5,white,petrol,Rakan Niaga,2014,SUV - SMALL,2.0,4,AS6,x,8.9,7.3,8.2,34,189
2025-01-10,jip,MAZDA,CX-5,white,petrol,Rakan Niaga,2014,SUV - SMALL,2.0,4,M6,x,9.0,6.8,8.0,35,184
2025-01-10,jip,MAZDA,CX-5,white,petrol,Rakan Niaga,2014,SUV - SMALL,2.5,4,AS6,x,9.6,7.4,8.6,33,198
2025-01-10,jip,MAZDA,CX-5,gold,petrol,Perak,2014,SUV - SMALL,2.0,4,AS6,x,8.9,7.3,8.2,34,189
2025-01-10,jip,MAZDA,CX-5,gold,petrol,Perak,2014,SUV - SMALL,2.0,4,M6,x,9.0,6.8,8.0,35,184
2025-01-10,jip,MAZDA,CX-5,gold,petrol,Perak,2014,SUV - SMALL,2.5,4,AS6,x,9.6,7.4,8.6,33,198
2025-01-10,jip,MAZDA,CX-5,white,petrol,Johor,2014,SUV - SMALL,2.0,4,AS6,x,8.9,7.3,8.2,34,189
2025-01-10,jip,MAZDA,CX-5,white,petrol,Johor,2014,SUV - SMALL,2.0,4,M6,x,9.0,6.8,8.0,35,184
2025-01-10,jip,MAZDA,CX-5,white,petrol,Johor,2014,SUV - SMALL,2.5,4,AS6,x,9.6,7.4,8.6,33,198
2025-01-10,jip,MAZDA,CX-5,black,petrol,Selangor,2014,SUV - SMALL,2.0,4,AS6,x,8.9,7.3,8.2,34,189
2025-01-10,jip,MAZDA,CX-5,black,petrol,Selangor,2014,SUV - SMALL,2.0,4,M6,x,9.0,6.8,8.0,35,184
2025-01-10,jip,MAZDA,CX-5,black,petrol,Selangor,2014,SUV - SMALL,2.5,4,AS6,x,9.6,7.4,8.6,33,198
2025-01-10,jip,MAZDA,CX-5,gold,petrol,Rakan Niaga,2014,SUV - SMALL,2.0,4,AS6,x,8.9,7.3,8.2,34,189
2025-01-10,jip,MAZDA,CX-5,gold,petrol,Rakan Niaga,2014,SUV - SMALL,2.0,4,M6,x,9.0,6.8,8.0,35,184
2025-01-10,jip,MAZDA,CX-5,gold,petrol,Rakan Niaga,2014,SUV - SMALL,2.5,4,AS6,x,9.6,7.4,8.6,33,198
2025-01-10,motokar,PORSCHE,911 CARRERA,grey,petrol,W.P. Kuala Lumpur,2014,MINICOMPACT,3.4,6,AM7,z,11.6,8.3,10.1,28,232
2025-01-10,motokar,PORSCHE,911 CARRERA,grey,petrol,W.P. Kuala Lumpur,2014,MINICOMPACT,3.4,6,M7,z,12.5,8.6,10.7,26,246
2025-01-10,jip,PORSCHE,CAYENNE,black,petrol,Rakan Niaga,2014,SUV - STANDARD,3.6,6,A8,z,13.6,10.1,12.0,24,276
2025-01-10,jip,PORSCHE,CAYENNE,black,petrol,Rakan Niaga,2014,SUV - STANDARD,3.6,6,M6,z,15.8,10.9,13.6,21,313
2025-01-10,jip,PORSCHE,CAYENNE,black,petrol,W.P. Kuala Lumpur,2014,SUV - STANDARD,3.6,6,A8,z,13.6,10.1,12.0,24,276
2025-01-10,jip,PORSCHE,CAYENNE,black,petrol,W.P. Kuala Lumpur,2014,SUV - STANDARD,3.6,6,M6,z,15.8,10.9,13.6,21,313
2025-01-10,jip,PORSCHE,CAYENNE,grey,petrol,Rakan Niaga,2014,SUV - STANDARD,3.6,6,A8,z,13.6,10.1,12.0,24,276
2025-01-10,jip,PORSCHE,CAYENNE,grey,petrol,Rakan Niaga,2014,SUV - STANDARD,3.6,6,M6,z,15.8,10.9,13.6,21,313
2025-01-10,jip,PORSCHE,CAYENNE,white,petrol,Selangor,2014,SUV - STANDARD,3.6,6,A8,z,13.6,10.1,12.0,24,276
2025-01-10,jip,PORSCHE,CAYENNE,white,petrol,Selangor,2014,SUV - STANDARD,3.6,6,M6,z,15.8,10.9,13.6,21,313
2025-01-10,motokar,TOYOTA,COROLLA,red,petrol,W.P. Kuala Lumpur,2014,MID-SIZE,1.8,4,A4,x,8.6,6.5,7.7,37,177
2025-01-10,motokar,TOYOTA,COROLLA,red,petrol,W.P. Kuala Lumpur,2014,MID-SIZE,1.8,4,AV7,x,8.1,6.3,7.3,39,168
2025-01-10,motokar,TOYOTA,COROLLA,red,petrol,W.P. Kuala Lumpur,2014,MID-SIZE,1.8,4,AV,x,8.0,5.9,7.1,40,163
2025-01-10,motokar,TOYOTA,COROLLA,red,petrol,W.P. Kuala Lumpur,2014,MID-SIZE,1.8,4,M6,x,8.3,6.3,7.4,38,170
2025-01-10,motokar,TOYOTA,YARIS,red,petrol,Rakan Niaga,2014,COMPACT,1.5,4,A4,x,7.9,6.6,7.3,39,168
2025-01-10,motokar,TOYOTA,YARIS,red,petrol,Rakan Niaga,2014,COMPACT,1.5,4,M5,x,7.8,6.3,7.1,40,163
2025-01-10,motokar,TOYOTA,YARIS,white,petrol,Rakan Niaga,2014,COMPACT,1.5,4,A4,x,7.9,6.6,7.3,39,168
2025-01-10,motokar,TOYOTA,YARIS,white,petrol,Rakan Niaga,2014,COMPACT,1.5,4,M5,x,7.8,6.3,7.1,40,163
2025-01-10,motokar,TOYOTA,YARIS,white,petrol,W.P. Kuala Lumpur,2014,COMPACT,1.5,4,A4,x,7.9,6.6,7.3,39,168
2025-01-10,motokar,TOYOTA,YARIS,white,petrol,W.P. Kuala Lumpur,2014,COMPACT,1.5,4,M5,x,7.8,6.3,7.1,40,163
2025-01-10,motokar,TOYOTA,YARIS,silver,petrol,W.P. Kuala Lumpur,2014,COMPACT,1.5,4,A4,x,7.9,6.6,7.3,39,168
2025-01-10,motokar,TOYOTA,YARIS,silver,petrol,W.P. Kuala Lumpur,2014,COMPACT,1.5,4,M5,x,7.8,6.3,7.1,40,163
2025-01-10,jip,VOLKSWAGEN,TIGUAN,black,petrol,Rakan Niaga,2014,SUV - SMALL,2.0,4,A6,z,11.7,9.5,10.7,26,246
2025-01-10,jip,VOLKSWAGEN,TIGUAN,black,petrol,Rakan Niaga,2014,SUV - SMALL,2.0,4,M6,z,13.6,9.2,11.6,24,267
2025-01-10,jip,VOLKSWAGEN,TIGUAN,grey,petrol,Rakan Niaga,2014,SUV - SMALL,2.0,4,A6,z,11.7,9.5,10.7,26,246
2025-01-10,jip,VOLKSWAGEN,TIGUAN,grey,petrol,Rakan Niaga,2014,SUV - SMALL,2.0,4,M6,z,13.6,9.2,11.6,24,267
2025-01-10,motokar,VOLVO,S60,silver,petrol,Perak,2014,COMPACT,2.5,5,AS6,x,11.3,7.8,9.7,29,223
2025-01-11,jip,HONDA,CR-V,grey,petrol,Rakan Niaga,2014,SUV - SMALL,2.4,4,A5,x,10.3,7.6,9.1,31,209
2025-01-11,jip,HONDA,CR-V,red,petrol,Rakan Niaga,2014,SUV - SMALL,2.4,4,A5,x,10.3,7.6,9.1,31,209
2025-01-11,jip,HONDA,CR-V,silver,petrol,Rakan Niaga,2014,SUV - SMALL,2.4,4,A5,x,10.3,7.6,9.1,31,209
2025-01-11,jip,HONDA,CR-V,blue,petrol,Rakan Niaga,2014,SUV - SMALL,2.4,4,A5,x,10.3,7.6,9.1,31,209
2025-01-11,jip,HONDA,CR-V,silver,hybrid_petrol,Rakan Niaga,2014,SUV - SMALL,2.4,4,A5,x,10.3,7.6,9.1,31,209
2025-01-11,jip,MAZDA,CX-5,red,petrol,Rakan Niaga,2014,SUV - SMALL,2.0,4,AS6,x,8.9,7.3,8.2,34,189
2025-01-11,jip,MAZDA,CX-5,red,petrol,Rakan Niaga,2014,SUV - SMALL,2.0,4,M6,x,9.0,6.8,8.0,35,184
2025-01-11,jip,MAZDA,CX-5,red,petrol,Rakan Niaga,2014,SUV - SMALL,2.5,4,AS6,x,9.6,7.4,8.6,33,198
2025-01-11,jip,MAZDA,CX-5,grey,petrol,Rakan Niaga,2014,SUV - SMALL,2.0,4,AS6,x,8.9,7.3,8.2,34,189
2025-01-11,jip,MAZDA,CX-5,grey,petrol,Rakan Niaga,2014,SUV - SMALL,2.0,4,M6,x,9.0,6.8,8.0,35,184
2025-01-11,jip,MAZDA,CX-5,grey,petrol,Rakan Niaga,2014,SUV - SMALL,2.5,4,AS6,x,9.6,7.4,8.6,33,198
2025-01-11,jip,MAZDA,CX-5,gold,petrol,Rakan Niaga,2014,SUV - SMALL,2.0,4,AS6,x,8.9,7.3,8.2,34,189
2025-01-11,jip,MAZDA,CX-5,gold,petrol,Rakan Niaga,2014,SUV - SMALL,2.0,4,M6,x,9.0,6.8,8.0,35,184
2025-01-11,jip,MAZDA,CX-5,gold,petrol,Rakan Niaga,2014,SUV - SMALL,2.5,4,AS6,x,9.6,7.4,8.6,33,198
2025-01-11,jip,VOLVO,XC60,blue,hybrid_petrol,Rakan Niaga,2014,SUV - SMALL,3.2,6,AS6,x,13.0,8.9,11.2,25,258
2025-01-13,jip,HONDA,CR-V,white,petrol,Rakan Niaga,2014,SUV - SMALL,2.4,4,A5,x,10.3,7.6,9.1,31,209
2025-01-13,jip,HONDA,CR-V,grey,petrol,Rakan Niaga,2014,SUV - SMALL,2.4,4,A5,x,10.3,7.6,9.1,31,209
2025-01-13,jip,HONDA,CR-V,blue,petrol,Rakan Niaga,2014,SUV - SMALL,2.4,4,A5,x,10.3,7.6,9.1,31,209
2025-01-13,jip,HONDA,CR-V,white,hybrid_petrol,Rakan Niaga,2014,SUV - SMALL,2.4,4,A5,x,10.3,7.6,9.1,31,209
2025-01-13,jip,HONDA,CR-V,grey,hybrid_petrol,Rakan Niaga,2014,SUV - SMALL,2.4,4,A5,x,10.3,7.6,9.1,31,209
2025-01-13,jip,HONDA,CR-V,grey,petrol,Johor,2014,SUV - SMALL,2.4,4,A5,x,10.3,7.6,9.1,31,209
2025-01-13,jip,HONDA,CR-V,red,hybrid_petrol,Rakan Niaga,2014,SUV - SMALL,2.4,4,A5,x,10.3,7.6,9.1,31,209
2025-01-13,jip,HONDA,CR-V,blue,hybrid_petrol,Selangor,2014,SUV - SMALL,2.4,4,A5,x,10.3,7.6,9.1,31,209
2025-01-13,jip,HONDA,CR-V,white,hybrid_petrol,Pahang,2014,SUV - SMALL,2.4,4,A5,x,10.3,7.6,9.1,31,209
2025-01-13,jip,HONDA,CR-V,red,petrol,Rakan Niaga,2014,SUV - SMALL,2.4,4,A5,x,10.3,7.6,9.1,31,209
2025-01-13,jip,HONDA,CR-V,white,petrol,W.P. Kuala Lumpur,2014,SUV - SMALL,2.4,4,A5,x,10.3,7.6,9.1,31,209
2025-01-13,motokar,HONDA,CIVIC,maroon,petrol,Rakan Niaga,2014,COMPACT,1.8,4,AV,x,7.9,6.0,7.0,40,161
2025-01-13,motokar,HONDA,CIVIC,maroon,petrol,Rakan Niaga,2014,COMPACT,1.8,4,AV7,x,8.1,6.2,7.2,39,166
2025-01-13,motokar,HONDA,CIVIC,maroon,petrol,Rakan Niaga,2014,COMPACT,1.8,4,M5,x,8.5,6.6,7.6,37,175
2025-01-13,motokar,HONDA,CIVIC,blue,hybrid_petrol,W.P. Kuala Lumpur,2014,COMPACT,1.8,4,AV,x,7.9,6.0,7.0,40,161
2025-01-13,motokar,HONDA,CIVIC,blue,hybrid_petrol,W.P. Kuala Lumpur,2014,COMPACT,1.8,4,AV7,x,8.1,6.2,7.2,39,166
2025-01-13,motokar,HONDA,CIVIC,blue,hybrid_petrol,W.P. Kuala Lumpur,2014,COMPACT,1.8,4,M5,x,8.5,6.6,7.6,37,175
2025-01-13,motokar,HONDA,CIVIC,white,petrol,Selangor,2014,COMPACT,1.8,4,AV,x,7.9,6.0,7.0,40,161
2025-01-13,motokar,HONDA,CIVIC,white,petrol,Selangor,2014,COMPACT,1.8,4,AV7,x,8.1,6.2,7.2,39,166
2025-01-13,motokar,HONDA,CIVIC,white,petrol,Selangor,2014,COMPACT,1.8,4,M5,x,8.5,6.6,7.6,37,175
2025-01-13,motokar,HONDA,CIVIC,white,petrol,W.P. Kuala Lumpur,2014,COMPACT,1.8,4,AV,x,7.9,6.0,7.0,40,161
2025-01-13,motokar,HONDA,CIVIC,white,petrol,W.P. Kuala Lumpur,2014,COMPACT,1.8,4,AV7,x,8.1,6.2,7.2,39,166
2025-01-13,motokar,HONDA,CIVIC,white,petrol,W.P. Kuala Lumpur,2014,COMPACT,1.8,4,M5,x,8.5,6.6,7.6,37,175
2025-01-13,motokar,HONDA,CIVIC,red,petrol,W.P. Kuala Lumpur,2014,COMPACT,1.8,4,AV,x,7.9,6.0,7.0,40,161
2025-01-13,motokar,HONDA,CIVIC,red,petrol,W.P. Kuala Lumpur,2014,COMPACT,1.8,4,AV7,x,8.1,6.2,7.2,39,166
2025-01-13,motokar,HONDA,CIVIC,red,petrol,W.P. Kuala Lumpur,2014,COMPACT,1.8,4,M5,x,8.5,6.6,7.6,37,175
2025-01-13,motokar,HONDA,CIVIC,blue,petrol,W.P. Kuala Lumpur,2014,COMPACT,1.8,4,AV,x,7.9,6.0,7.0,40,161
2025-01-13,motokar,HONDA,CIVIC,blue,petrol,W.P. Kuala Lumpur,2014,COMPACT,1.8,4,AV7,x,8.1,6.2,7.2,39,166
2025-01-13,motokar,HONDA,CIVIC,blue,petrol,W.P. Kuala Lumpur,2014,COMPACT,1.8,4,M5,x,8.5,6.6,7.6,37,175
2025-01-13,motokar,HONDA,CIVIC,white,petrol,Rakan Niaga,2014,COMPACT,1.8,4,AV,x,7.9,6.0,7.0,40,161
2025-01-13,motokar,HONDA,CIVIC,white,petrol,Rakan Niaga,2014,COMPACT,1.8,4,AV7,x,8.1,6.2,7.2,39,166
2025-01-13,motokar,HONDA,CIVIC,white,petrol,Rakan Niaga,2014,COMPACT,1.8,4,M5,x,8.5,6.6,7.6,37,175
2025-01-13,jip,KIA,SPORTAGE,white,petrol,Rakan Niaga,2014,SUV - SMALL,2.4,4,A6,x,11.4,8.3,10.0,28,230
2025-01-13,jip,KIA,SPORTAGE,white,petrol,Rakan Niaga,2014,SUV - SMALL,2.4,4,M6,x,12.9,9.3,11.3,25,260
2025-01-13,jip,MAZDA,CX-5,white,petrol,Pulau Pinang,2014,SUV - SMALL,2.0,4,AS6,x,8.9,7.3,8.2,34,189
2025-01-13,jip,MAZDA,CX-5,white,petrol,Pulau Pinang,2014,SUV - SMALL,2.0,4,M6,x,9.0,6.8,8.0,35,184
2025-01-13,jip,MAZDA,CX-5,white,petrol,Pulau Pinang,2014,SUV - SMALL,2.5,4,AS6,x,9.6,7.4,8.6,33,198
2025-01-13,jip,MAZDA,CX-5,black,petrol,Rakan Niaga,2014,SUV - SMALL,2.0,4,AS6,x,8.9,7.3,8.2,34,189
2025-01-13,jip,MAZDA,CX-5,black,petrol,Rakan Niaga,2014,SUV - SMALL,2.0,4,M6,x,9.0,6.8,8.0,35,184
2025-01-13,jip,MAZDA,CX-5,black,petrol,Rakan Niaga,2014,SUV - SMALL,2.5,4,AS6,x,9.6,7.4,8.6,33,198
2025-01-13,jip,MAZDA,CX-5,gold,petrol,Johor,2014,SUV - SMALL,2.0,4,AS6,x,8.9,7.3,8.2,34,189
2025-01-13,jip,MAZDA,CX-5,gold,petrol,Johor,2014,SUV - SMALL,2.0,4,M6,x,9.0,6.8,8.0,35,184
2025-01-13,jip,MAZDA,CX-5,gold,petrol,Johor,2014,SUV - SMALL,2.5,4,AS6,x,9.6,7.4,8.6,33,198
2025-01-13,jip,MAZDA,CX-5,gold,petrol,Rakan Niaga,2014,SUV - SMALL,2.0,4,AS6,x,8.9,7.3,8.2,34,189
2025-01-13,jip,MAZDA,CX-5,gold,petrol,Rakan Niaga,2014,SUV - SMALL,2.0,4,M6,x,9.0,6.8,8.0,35,184
2025-01-13,jip,MAZDA,CX-5,gold,petrol,Rakan Niaga,2014,SUV - SMALL,2.5,4,AS6,x,9.6,7.4,8.6,33,198
2025-01-13,jip,MAZDA,CX-5,blue,petrol,Rakan Niaga,2014,SUV - SMALL,2.0,4,AS6,x,8.9,7.3,8.2,34,189
2025-01-13,jip,MAZDA,CX-5,blue,petrol,Rakan Niaga,2014,SUV - SMALL,2.0,4,M6,x,9.0,6.8,8.0,35,184
2025-01-13,jip,MAZDA,CX-5,blue,petrol,Rakan Niaga,2014,SUV - SMALL,2.5,4,AS6,x,9.6,7.4,8.6,33,198
2025-01-13,jip,MAZDA,CX-5,red,petrol,Rakan Niaga,2014,SUV - SMALL,2.0,4,AS6,x,8.9,7.3,8.2,34,189
2025-01-13,jip,MAZDA,CX-5,red,petrol,Rakan Niaga,2014,SUV - SMALL,2.0,4,M6,x,9.0,6.8,8.0,35,184
2025-01-13,jip,MAZDA,CX-5,red,petrol,Rakan Niaga,2014,SUV - SMALL,2.5,4,AS6,x,9.6,7.4,8.6,33,198
2025-01-13,jip,MAZDA,CX-5,grey,petrol,Rakan Niaga,2014,SUV - SMALL,2.0,4,AS6,x,8.9,7.3,8.2,34,189
2025-01-13,jip,MAZDA,CX-5,grey,petrol,Rakan Niaga,2014,SUV - SMALL,2.0,4,M6,x,9.0,6.8,8.0,35,184
2025-01-13,jip,MAZDA,CX-5,grey,petrol,Rakan Niaga,2014,SUV - SMALL,2.5,4,AS6,x,9.6,7.4,8.6,33,198
2025-01-13,motokar,MAZDA,MX-5,maroon,petrol,W.P. Kuala Lumpur,2014,TWO-SEATER,2.0,4,AS6,z,11.5,8.5,10.2,28,235
2025-01-13,motokar,MAZDA,MX-5,maroon,petrol,W.P. Kuala Lumpur,2014,TWO-SEATER,2.0,4,M5,z,10.5,8.5,9.6,29,221
2025-01-13,motokar,MAZDA,MX-5,maroon,petrol,W.P. Kuala Lumpur,2014,TWO-SEATER,2.0,4,M6,z,11.1,8.4,9.9,29,228
2025-01-13,motokar,MAZDA,MX-5,red,petrol,W.P. Kuala Lumpur,2014,TWO-SEATER,2.0,4,AS6,z,11.5,8.5,10.2,28,235
2025-01-13,motokar,MAZDA,MX-5,red,petrol,W.P. Kuala Lumpur,2014,TWO-SEATER,2.0,4,M5,z,10.5,8.5,9.6,29,221
2025-01-13,motokar,MAZDA,MX-5,red,petrol,W.P. Kuala Lumpur,2014,TWO-SEATER,2.0,4,M6,z,11.1,8.4,9.9,29,228
2025-01-13,jip,PORSCHE,CAYENNE,grey,petrol,Selangor,2014,SUV - STANDARD,3.6,6,A8,z,13.6,10.1,12.0,24,276
2025-01-13,jip,PORSCHE,CAYENNE,grey,petrol,Selangor,2014,SUV - STANDARD,3.6,6,M6,z,15.8,10.9,13.6,21,313
2025-01-13,jip,PORSCHE,CAYENNE,black,petrol,Rakan Niaga,2014,SUV - STANDARD,3.6,6,A8,z,13.6,10.1,12.0,24,276
2025-01-13,jip,PORSCHE,CAYENNE,black,petrol,Rakan Niaga,2014,SUV - STANDARD,3.6,6,M6,z,15.8,10.9,13.6,21,313
2025-01-13,jip,PORSCHE,CAYENNE,white,petrol,W.P. Kuala Lumpur,2014,SUV - STANDARD,3.6,6,A8,z,13.6,10.1,12.0,24,276
2025-01-13,jip,PORSCHE,CAYENNE,white,petrol,W.P. Kuala Lumpur,2014,SUV - STANDARD,3.6,6,M6,z,15.8,10.9,13.6,21,313
2025-01-13,jip,PORSCHE,CAYENNE,white,petrol,Rakan Niaga,2014,SUV - STANDARD,3.6,6,A8,z,13.6,10.1,12.0,24,276
2025-01-13,jip,PORSCHE,CAYENNE,white,petrol,Rakan Niaga,2014,SUV - STANDARD,3.6,6,M6,z,15.8,10.9,13.6,21,313
2025-01-13,jip,PORSCHE,CAYENNE,black,petrol,W.P. Kuala Lumpur,2014,SUV - STANDARD,3.6,6,A8,z,13.6,10.1,12.0,24,276
2025-01-13,jip,PORSCHE,CAYENNE,black,petrol,W.P. Kuala Lumpur,2014,SUV - STANDARD,3.6,6,M6,z,15.8,10.9,13.6,21,313
2025-01-13,jip,PORSCHE,CAYENNE,grey,petrol,Rakan Niaga,2014,SUV - STANDARD,3.6,6,A8,z,13.6,10.1,12.0,24,276
2025-01-13,jip,PORSCHE,CAYENNE,grey,petrol,Rakan Niaga,2014,SUV - STANDARD,3.6,6,M6,z,15.8,10.9,13.6,21,313
2025-01-13,motokar,SUBARU,BRZ,silver,petrol,Selangor,2014,MINICOMPACT,2.0,4,AS6,z,9.6,7.1,8.5,33,196
2025-01-13,motokar,SUBARU,BRZ,silver,petrol,Selangor,2014,MINICOMPACT,2.0,4,M6,z,11.0,7.9,9.6,29,221
2025-01-13,motokar,TOYOTA,YARIS,white,petrol,Rakan Niaga,2014,COMPACT,1.5,4,A4,x,7.9,6.6,7.3,39,168
2025-01-13,motokar,TOYOTA,YARIS,white,petrol,Rakan Niaga,2014,COMPACT,1.5,4,M5,x,7.8,6.3,7.1,40,163
2025-01-13,motokar,TOYOTA,YARIS,silver,petrol,Rakan Niaga,2014,COMPACT,1.5,4,A4,x,7.9,6.6,7.3,39,168
2025-01-13,motokar,TOYOTA,YARIS,silver,petrol,Rakan Niaga,2014,COMPACT,1.5,4,M5,x,7.8,6.3,7.1,40,163
2025-01-13,motokar,TOYOTA,YARIS,white,petrol,Perlis,2014,COMPACT,1.5,4,A4,x,7.9,6.6,7.3,39,168
2025-01-13,motokar,TOYOTA,YARIS,white,petrol,Perlis,2014,COMPACT,1.5,4,M5,x,7.8,6.3,7.1,40,163
2025-01-13,motokar,TOYOTA,YARIS,red,petrol,Rakan Niaga,2014,COMPACT,1.5,4,A4,x,7.9,6.6,7.3,39,168
2025-01-13,motokar,TOYOTA,YARIS,red,petrol,Rakan Niaga,2014,COMPACT,1.5,4,M5,x,7.8,6.3,7.1,40,163
2025-01-13,jip,VOLKSWAGEN,TIGUAN,silver,petrol,Rakan Niaga,2014,SUV - SMALL,2.0,4,A6,z,11.7,9.5,10.7,26,246
2025-01-13,jip,VOLKSWAGEN,TIGUAN,silver,petrol,Rakan Niaga,2014,SUV - SMALL,2.0,4,M6,z,13.6,9.2,11.6,24,267
2025-01-13,jip,VOLVO,XC60,black,hybrid_petrol,Rakan Niaga,2014,SUV - SMALL,3.2,6,AS6,x,13.0,8.9,11.2,25,258
2025-01-13,jip,VOLVO,XC60,grey,hybrid_petrol,Selangor,2014,SUV - SMALL,3.2,6,AS6,x,13.0,8.9,11.2,25,258
2025-01-13,jip,VOLVO,XC60,white,hybrid_petrol,W.P. Kuala Lumpur,2014,SUV - SMALL,3.2,6,AS6,x,13.0,8.9,11.2,25,258
2025-01-13,jip,VOLVO,XC60,white,hybrid_petrol,Rakan Niaga,2014,SUV - SMALL,3.2,6,AS6,x,13.0,8.9,11.2,25,258
2025-01-14,jip,HONDA,CR-V,white,petrol,Rakan Niaga,2014,SUV - SMALL,2.4,4,A5,x,10.3,7.6,9.1,31,209
2025-01-14,jip,HONDA,CR-V,blue,hybrid_petrol,Rakan Niaga,2014,SUV - SMALL,2.4,4,A5,x,10.3,7.6,9.1,31,209
2025-01-14,jip,HONDA,CR-V,grey,hybrid_petrol,Rakan Niaga,2014,SUV - SMALL,2.4,4,A5,x,10.3,7.6,9.1,31,209
2025-01-14,jip,HONDA,CR-V,grey,petrol,Rakan Niaga,2014,SUV - SMALL,2.4,4,A5,x,10.3,7.6,9.1,31,209
2025-01-14,jip,HONDA,CR-V,blue,petrol,Rakan Niaga,2014,SUV - SMALL,2.4,4,A5,x,10.3,7.6,9.1,31,209
2025-01-14,jip,HONDA,CR-V,grey,petrol,Sarawak,2014,SUV - SMALL,2.4,4,A5,x,10.3,7.6,9.1,31,209
2025-01-14,jip,HONDA,CR-V,silver,petrol,Rakan Niaga,2014,SUV - SMALL,2.4,4,A5,x,10.3,7.6,9.1,31,209
2025-01-14,jip,HONDA,CR-V,red,petrol,Rakan Niaga,2014,SUV - SMALL,2.4,4,A5,x,10.3,7.6,9.1,31,209
2025-01-14,motokar,HONDA,CIVIC,white,petrol,Rakan Niaga,2014,COMPACT,1.8,4,AV,x,7.9,6.0,7.0,40,161
2025-01-14,motokar,HONDA,CIVIC,white,petrol,Rakan Niaga,2014,COMPACT,1.8,4,AV7,x,8.1,6.2,7.2,39,166
2025-01-14,motokar,HONDA,CIVIC,white,petrol,Rakan Niaga,2014,COMPACT,1.8,4,M5,x,8.5,6.6,7.6,37,175
2025-01-14,motokar,HONDA,CIVIC,blue,petrol,W.P. Kuala Lumpur,2014,COMPACT,1.8,4,AV,x,7.9,6.0,7.0,40,161
2025-01-14,motokar,HONDA,CIVIC,blue,petrol,W.P. Kuala Lumpur,2014,COMPACT,1.8,4,AV7,x,8.1,6.2,7.2,39,166
2025-01-14,motokar,HONDA,CIVIC,blue,petrol,W.P. Kuala Lumpur,2014,COMPACT,1.8,4,M5,x,8.5,6.6,7.6,37,175
2025-01-14,motokar,HONDA,CIVIC,black,petrol,Rakan Niaga,2014,COMPACT,1.8,4,AV,x,7.9,6.0,7.0,40,161
2025-01-14,motokar,HONDA,CIVIC,black,petrol,Rakan Niaga,2014,COMPACT,1.8,4,AV7,x,8.1,6.2,7.2,39,166
2025-01-14,motokar,HONDA,CIVIC,black,petrol,Rakan Niaga,2014,COMPACT,1.8,4,M5,x,8.5,6.6,7.6,37,175
2025-01-14,motokar,HONDA,CIVIC,grey,petrol,Rakan Niaga,2014,COMPACT,1.8,4,AV,x,7.9,6.0,7.0,40,161
2025-01-14,motokar,HONDA,CIVIC,grey,petrol,Rakan Niaga,2014,COMPACT,1.8,4,AV7,x,8.1,6.2,7.2,39,166
2025-01-14,motokar,HONDA,CIVIC,grey,petrol,Rakan Niaga,2014,COMPACT,1.8,4,M5,x,8.5,6.6,7.6,37,175
2025-01-14,motokar,HONDA,CIVIC,white,petrol,Pulau Pinang,2014,COMPACT,1.8,4,AV,x,7.9,6.0,7.0,40,161
2025-01-14,motokar,HONDA,CIVIC,white,petrol,Pulau Pinang,2014,COMPACT,1.8,4,AV7,x,8.1,6.2,7.2,39,166
2025-01-14,motokar,HONDA,CIVIC,white,petrol,Pulau Pinang,2014,COMPACT,1.8,4,M5,x,8.5,6.6,7.6,37,175
2025-01-14,motokar,HONDA,CIVIC,blue,petrol,Rakan Niaga,2014,COMPACT,1.8,4,AV,x,7.9,6.0,7.0,40,161
2025-01-14,motokar,HONDA,CIVIC,blue,petrol,Rakan Niaga,2014,COMPACT,1.8,4,AV7,x,8.1,6.2,7.2,39,166
2025-01-14,motokar,HONDA,CIVIC,blue,petrol,Rakan Niaga,2014,COMPACT,1.8,4,M5,x,8.5,6.6,7.6,37,175
2025-01-14,motokar,HONDA,CIVIC,white,petrol,W.P. Kuala Lumpur,2014,COMPACT,1.8,4,AV,x,7.9,6.0,7.0,40,161
2025-01-14,motokar,HONDA,CIVIC,white,petrol,W.P. Kuala Lumpur,2014,COMPACT,1.8,4,AV7,x,8.1,6.2,7.2,39,166
2025-01-14,motokar,HONDA,CIVIC,white,petrol,W.P. Kuala Lumpur,2014,COMPACT,1.8,4,M5,x,8.5,6.6,7.6,37,175
2025-01-14,jip,KIA,SPORTAGE,grey,petrol,Rakan Niaga,2014,SUV - SMALL,2.4,4,A6,x,11.4,8.3,10.0,28,230
2025-01-14,jip,KIA,SPORTAGE,grey,petrol,Rakan Niaga,2014,SUV - SMALL,2.4,4,M6,x,12.9,9.3,11.3,25,260
2025-01-14,jip,MAZDA,CX-5,white,petrol,Rakan Niaga,2014,SUV - SMALL,2.0,4,AS6,x,8.9,7.3,8.2,34,189
2025-01-14,jip,MAZDA,CX-5,white,petrol,Rakan Niaga,2014,SUV - SMALL,2.0,4,M6,x,9.0,6.8,8.0,35,184
2025-01-14,jip,MAZDA,CX-5,white,petrol,Rakan Niaga,2014,SUV - SMALL,2.5,4,AS6,x,9.6,7.4,8.6,33,198
2025-01-14,jip,MAZDA,CX-5,grey,petrol,Rakan Niaga,2014,SUV - SMALL,2.0,4,AS6,x,8.9,7.3,8.2,34,189
2025-01-14,jip,MAZDA,CX-5,grey,petrol,Rakan Niaga,2014,SUV - SMALL,2.0,4,M6,x,9.0,6.8,8.0,35,184
2025-01-14,jip,MAZDA,CX-5,grey,petrol,Rakan Niaga,2014,SUV - SMALL,2.5,4,AS6,x,9.6,7.4,8.6,33,198
2025-01-14,jip,MAZDA,CX-5,gold,petrol,Rakan Niaga,2014,SUV - SMALL,2.0,4,AS6,x,8.9,7.3,8.2,34,189
2025-01-14,jip,MAZDA,CX-5,gold,petrol,Rakan Niaga,2014,SUV - SMALL,2.0,4,M6,x,9.0,6.8,8.0,35,184
2025-01-14,jip,MAZDA,CX-5,gold,petrol,Rakan Niaga,2014,SUV - SMALL,2.5,4,AS6,x,9.6,7.4,8.6,33,198
2025-01-14,jip,MAZDA,CX-5,red,petrol,Kedah,2014,SUV - SMALL,2.0,4,AS6,x,8.9,7.3,8.2,34,189
2025-01-14,jip,MAZDA,CX-5,red,petrol,Kedah,2014,SUV - SMALL,2.0,4,M6,x,9.0,6.8,8.0,35,184
2025-01-14,jip,MAZDA,CX-5,red,petrol,Kedah,2014,SUV - SMALL,2.5,4,AS6,x,9.6,7.4,8.6,33,198
2025-01-14,jip,MAZDA,CX-5,gold,petrol,Selangor,2014,SUV - SMALL,2.0,4,AS6,x,8.9,7.3,8.2,34,189
2025-01-14,jip,MAZDA,CX-5,gold,petrol,Selangor,2014,SUV - SMALL,2.0,4,M6,x,9.0,6.8,8.0,35,184
2025-01-14,jip,MAZDA,CX-5,gold,petrol,Selangor,2014,SUV - SMALL,2.5,4,AS6,x,9.6,7.4,8.6,33,198
2025-01-14,jip,MAZDA,CX-5,red,petrol,Rakan Niaga,2014,SUV - SMALL,2.0,4,AS6,x,8.9,7.3,8.2,34,189
2025-01-14,jip,MAZDA,CX-5,red,petrol,Rakan Niaga,2014,SUV - SMALL,2.0,4,M6,x,9.0,6.8,8.0,35,184
2025-01-14,jip,MAZDA,CX-5,red,petrol,Rakan Niaga,2014,SUV - SMALL,2.5,4,AS6,x,9.6,7.4,8.6,33,198
2025-01-14,motokar,MAZDA,MX-5,red,petrol,Rakan Niaga,2014,TWO-SEATER,2.0,4,AS6,z,11.5,8.5,10.2,28,235
2025-01-14,motokar,MAZDA,MX-5,red,petrol,Rakan Niaga,2014,TWO-SEATER,2.0,4,M5,z,10.5,8.5,9.6,29,221
2025-01-14,motokar,MAZDA,MX-5,red,petrol,Rakan Niaga,2014,TWO-SEATER,2.0,4,M6,z,11.1,8.4,9.9,29,228
2025-01-14,motokar,PORSCHE,911 CARRERA,blue,petrol,W.P. Kuala Lumpur,2014,MINICOMPACT,3.4,6,AM7,z,11.6,8.3,10.1,28,232
2025-01-14,motokar,PORSCHE,911 CARRERA,blue,petrol,W.P. Kuala Lumpur,2014,MINICOMPACT,3.4,6,M7,z,12.5,8.6,10.7,26,246
2025-01-14,jip,PORSCHE,CAYENNE,black,petrol,Rakan Niaga,2014,SUV - STANDARD,3.6,6,A8,z,13.6,10.1,12.0,24,276
2025-01-14,jip,PORSCHE,CAYENNE,black,petrol,Rakan Niaga,2014,SUV - STANDARD,3.6,6,M6,z,15.8,10.9,13.6,21,313
2025-01-14,jip,PORSCHE,CAYENNE,grey,petrol,Johor,2014,SUV - STANDARD,3.6,6,A8,z,13.6,10.1,12.0,24,276
2025-01-14,jip,PORSCHE,CAYENNE,grey,petrol,Johor,2014,SUV - STANDARD,3.6,6,M6,z,15.8,10.9,13.6,21,313
2025-01-14,jip,PORSCHE,CAYENNE,white,petrol,Selangor,2014,SUV - STANDARD,3.6,6,A8,z,13.6,10.1,12.0,24,276
2025-01-14,jip,PORSCHE,CAYENNE,white,petrol,Selangor,2014,SUV - STANDARD,3.6,6,M6,z,15.8,10.9,13.6,21,313
2025-01-14,jip,PORSCHE,CAYENNE,black,petrol,Melaka,2014,SUV - STANDARD,3.6,6,A8,z,13.6,10.1,12.0,24,276
2025-01-14,jip,PORSCHE,CAYENNE,black,petrol,Melaka,2014,SUV - STANDARD,3.6,6,M6,z,15.8,10.9,13.6,21,313
2025-01-14,jip,PORSCHE,CAYENNE,white,petrol,Johor,2014,SUV - STANDARD,3.6,6,A8,z,13.6,10.1,12.0,24,276
2025-01-14,jip,PORSCHE,CAYENNE,white,petrol,Johor,2014,SUV - STANDARD,3.6,6,M6,z,15.8,10.9,13.6,21,313
2025-01-14,jip,PORSCHE,CAYENNE,orange,petrol,Selangor,2014,SUV - STANDARD,3.6,6,A8,z,13.6,10.1,12.0,24,276
2025-01-14,jip,PORSCHE,CAYENNE,orange,petrol,Selangor,2014,SUV - STANDARD,3.6,6,M6,z,15.8,10.9,13.6,21,313
2025-01-14,jip,PORSCHE,CAYENNE,white,petrol,W.P. Kuala Lumpur,2014,SUV - STANDARD,3.6,6,A8,z,13.6,10.1,12.0,24,276
2025-01-14,jip,PORSCHE,CAYENNE,white,petrol,W.P. Kuala Lumpur,2014,SUV - STANDARD,3.6,6,M6,z,15.8,10.9,13.6,21,313
2025-01-14,motokar,TOYOTA,COROLLA,white,petrol,Rakan Niaga,2014,MID-SIZE,1.8,4,A4,x,8.6,6.5,7.7,37,177
2025-01-14,motokar,TOYOTA,COROLLA,white,petrol,Rakan Niaga,2014,MID-SIZE,1.8,4,AV7,x,8.1,6.3,7.3,39,168
2025-01-14,motokar,TOYOTA,COROLLA,white,petrol,Rakan Niaga,2014,MID-SIZE,1.8,4,AV,x,8.0,5.9,7.1,40,163
2025-01-14,motokar,TOYOTA,COROLLA,white,petrol,Rakan Niaga,2014,MID-SIZE,1.8,4,M6,x,8.3,6.3,7.4,38,170
2025-01-14,motokar,TOYOTA,YARIS,white,petrol,Melaka,2014,COMPACT,1.5,4,A4,x,7.9,6.6,7.3,39,168
2025-01-14,motokar,TOYOTA,YARIS,white,petrol,Melaka,2014,COMPACT,1.5,4,M5,x,7.8,6.3,7.1,40,163
2025-01-14,motokar,TOYOTA,YARIS,silver,petrol,Rakan Niaga,2014,COMPACT,1.5,4,A4,x,7.9,6.6,7.3,39,168
2025-01-14,motokar,TOYOTA,YARIS,silver,petrol,Rakan Niaga,2014,COMPACT,1.5,4,M5,x,7.8,6.3,7.1,40,163
2025-01-14,motokar,TOYOTA,YARIS,white,petrol,Rakan Niaga,2014,COMPACT,1.5,4,A4,x,7.9,6.6,7.3,39,168
2025-01-14,motokar,TOYOTA,YARIS,white,petrol,Rakan Niaga,2014,COMPACT,1.5,4,M5,x,7.8,6.3,7.1,40,163
2025-01-14,motokar,TOYOTA,YARIS,red,petrol,Rakan Niaga,2014,COMPACT,1.5,4,A4,x,7.9,6.6,7.3,39,168
2025-01-14,motokar,TOYOTA,YARIS,red,petrol,Rakan Niaga,2014,COMPACT,1.5,4,M5,x,7.8,6.3,7.1,40,163
2025-01-14,motokar,TOYOTA,YARIS,red,petrol,Sabah,2014,COMPACT,1.5,4,A4,x,7.9,6.6,7.3,39,168
2025-01-14,motokar,TOYOTA,YARIS,red,petrol,Sabah,2014,COMPACT,1.5,4,M5,x,7.8,6.3,7.1,40,163
2025-01-14,motokar,TOYOTA,YARIS,white,petrol,W.P. Kuala Lumpur,2014,COMPACT,1.5,4,A4,x,7.9,6.6,7.3,39,168
2025-01-14,motokar,TOYOTA,YARIS,white,petrol,W.P. Kuala Lumpur,2014,COMPACT,1.5,4,M5,x,7.8,6.3,7.1,40,163
2025-01-14,jip,VOLKSWAGEN,TIGUAN,silver,petrol,Rakan Niaga,2014,SUV - SMALL,2.0,4,A6,z,11.7,9.5,10.7,26,246
2025-01-14,jip,VOLKSWAGEN,TIGUAN,silver,petrol,Rakan Niaga,2014,SUV - SMALL,2.0,4,M6,z,13.6,9.2,11.6,24,267
2025-01-14,jip,VOLKSWAGEN,TIGUAN,black,petrol,Rakan Niaga,2014,SUV - SMALL,2.0,4,A6,z,11.7,9.5,10.7,26,246
2025-01-14,jip,VOLKSWAGEN,TIGUAN,black,petrol,Rakan Niaga,2014,SUV - SMALL,2.0,4,M6,z,13.6,9.2,11.6,24,267
2025-01-14,jip,VOLKSWAGEN,TIGUAN,grey,petrol,Rakan Niaga,2014,SUV - SMALL,2.0,4,A6,z,11.7,9.5,10.7,26,246
2025-01-14,jip,VOLKSWAGEN,TIGUAN,grey,petrol,Rakan Niaga,2014,SUV - SMALL,2.0,4,M6,z,13.6,9.2,11.6,24,267
2025-01-15,jip,HONDA,CR-V,blue,petrol,Rakan Niaga,2014,SUV - SMALL,2.4,4,A5,x,10.3,7.6,9.1,31,209
2025-01-15,jip,HONDA,CR-V,blue,hybrid_petrol,Rakan Niaga,2014,SUV - SMALL,2.4,4,A5,x,10.3,7.6,9.1,31,209
2025-01-15,jip,HONDA,CR-V,grey,petrol,Kelantan,2014,SUV - SMALL,2.4,4,A5,x,10.3,7.6,9.1,31,209
2025-01-15,jip,HONDA,CR-V,white,petrol,Rakan Niaga,2014,SUV - SMALL,2.4,4,A5,x,10.3,7.6,9.1,31,209
2025-01-15,jip,HONDA,CR-V,white,hybrid_petrol,Johor,2014,SUV - SMALL,2.4,4,A5,x,10.3,7.6,9.1,31,209
2025-01-15,jip,HONDA,CR-V,blue,hybrid_petrol,W.P. Kuala Lumpur,2014,SUV - SMALL,2.4,4,A5,x,10.3,7.6,9.1,31,209
2025-01-15,jip,HONDA,CR-V,grey,petrol,W.P. Kuala Lumpur,2014,SUV - SMALL,2.4,4,A5,x,10.3,7.6,9.1,31,209
2025-01-15,jip,HONDA,CR-V,silver,hybrid_petrol,Rakan Niaga,2014,SUV - SMALL,2.4,4,A5,x,10.3,7.6,9.1,31,209
2025-01-15,jip,HONDA,CR-V,red,petrol,Rakan Niaga,2014,SUV - SMALL,2.4,4,A5,x,10.3,7.6,9.1,31,209
2025-01-15,jip,HONDA,CR-V,grey,petrol,Rakan Niaga,2014,SUV - SMALL,2.4,4,A5,x,10.3,7.6,9.1,31,209
2025-01-15,jip,HONDA,CR-V,blue,petrol,W.P. Kuala Lumpur,2014,SUV - SMALL,2.4,4,A5,x,10.3,7.6,9.1,31,209
2025-01-15,jip,HONDA,CR-V,red,hybrid_petrol,Rakan Niaga,2014,SUV - SMALL,2.4,4,A5,x,10.3,7.6,9.1,31,209
2025-01-15,motokar,HONDA,CIVIC,white,petrol,Rakan Niaga,2014,COMPACT,1.8,4,AV,x,7.9,6.0,7.0,40,161
2025-01-15,motokar,HONDA,CIVIC,white,petrol,Rakan Niaga,2014,COMPACT,1.8,4,AV7,x,8.1,6.2,7.2,39,166
2025-01-15,motokar,HONDA,CIVIC,white,petrol,Rakan Niaga,2014,COMPACT,1.8,4,M5,x,8.5,6.6,7.6,37,175
2025-01-15,motokar,HONDA,CIVIC,blue,hybrid_petrol,Rakan Niaga,2014,COMPACT,1.8,4,AV,x,7.9,6.0,7.0,40,161
2025-01-15,motokar,HONDA,CIVIC,blue,hybrid_petrol,Rakan Niaga,2014,COMPACT,1.8,4,AV7,x,8.1,6.2,7.2,39,166
2025-01-15,motokar,HONDA,CIVIC,blue,hybrid_petrol,Rakan Niaga,2014,COMPACT,1.8,4,M5,x,8.5,6.6,7.6,37,175
2025-01-15,motokar,HONDA,CIVIC,white,petrol,W.P. Kuala Lumpur,2014,COMPACT,1.8,4,AV,x,7.9,6.0,7.0,40,161
2025-01-15,motokar,HONDA,CIVIC,white,petrol,W.P. Kuala Lumpur,2014,COMPACT,1.8,4,AV7,x,8.1,6.2,7.2,39,166
2025-01-15,motokar,HONDA,CIVIC,white,petrol,W.P. Kuala Lumpur,2014,COMPACT,1.8,4,M5,x,8.5,6.6,7.6,37,175
2025-01-15,motokar,HONDA,CIVIC,blue,petrol,Rakan Niaga,2014,COMPACT,1.8,4,AV,x,7.9,6.0,7.0,40,161
2025-01-15,motokar,HONDA,CIVIC,blue,petrol,Rakan Niaga,2014,COMPACT,1.8,4,AV7,x,8.1,6.2,7.2,39,166
2025-01-15,motokar,HONDA,CIVIC,blue,petrol,Rakan Niaga,2014,COMPACT,1.8,4,M5,x,8.5,6.6,7.6,37,175
2025-01-15,motokar,HONDA,CIVIC,red,petrol,Rakan Niaga,2014,COMPACT,1.8,4,AV,x,7.9,6.0,7.0,40,161
2025-01-15,motokar,HONDA,CIVIC,red,petrol,Rakan Niaga,2014,COMPACT,1.8,4,AV7,x,8.1,6.2,7.2,39,166
2025-01-15,motokar,HONDA,CIVIC,red,petrol,Rakan Niaga,2014,COMPACT,1.8,4,M5,x,8.5,6.6,7.6,37,175
2025-01-15,motokar,HONDA,CIVIC,black,petrol,Rakan Niaga,2014,COMPACT,1.8,4,AV,x,7.9,6.0,7.0,40,161
2025-01-15,motokar,HONDA,CIVIC,black,petrol,Rakan Niaga,2014,COMPACT,1.8,4,AV7,x,8.1,6.2,7.2,39,166
2025-01-15,motokar,HONDA,CIVIC,black,petrol,Rakan Niaga,2014,COMPACT,1.8,4,M5,x,8.5,6.6,7.6,37,175
2025-01-15,motokar,HONDA,CIVIC,blue,hybrid_petrol,Kedah,2014,COMPACT,1.8,4,AV,x,7.9,6.0,7.0,40,161
2025-01-15,motokar,HONDA,CIVIC,blue,hybrid_petrol,Kedah,2014,COMPACT,1.8,4,AV7,x,8.1,6.2,7.2,39,166
2025-01-15,motokar,HONDA,CIVIC,blue,hybrid_petrol,Kedah,2014,COMPACT,1.8,4,M5,x,8.5,6.6,7.6,37,175
2025-01-15,motokar,HONDA,CIVIC,blue,petrol,W.P. Kuala Lumpur,2014,COMPACT,1.8,4,AV,x,7.9,6.0,7.0,40,161
2025-01-15,motokar,HONDA,CIVIC,blue,petrol,W.P. Kuala Lumpur,2014,COMPACT,1.8,4,AV7,x,8.1,6.2,7.2,39,166
2025-01-15,motokar,HONDA,CIVIC,blue,petrol,W.P. Kuala Lumpur,2014,COMPACT,1.8,4,M5,x,8.5,6.6,7.6,37,175
2025-01-15,motokar,HONDA,CIVIC,grey,petrol,Rakan Niaga,2014,COMPACT,1.8,4,AV,x,7.9,6.0,7.0,40,161
2025-01-15,motokar,HONDA,CIVIC,grey,petrol,Rakan Niaga,2014,COMPACT,1.8,4,AV7,x,8.1,6.2,7.2,39,166
2025-01-15,motokar,HONDA,CIVIC,grey,petrol,Rakan Niaga,2014,COMPACT,1.8,4,M5,x,8.5,6.6,7.6,37,175
2025-01-15,window_van,HONDA,ODYSSEY,white,petrol,Kedah,2014,MINIVAN,3.5,6,A6,x,12.3,8.5,10.6,27,244
2025-01-15,window_van,HONDA,ODYSSEY,black,petrol,Johor,2014,MINIVAN,3.5,6,A6,x,12.3,8.5,10.6,27,244
2025-01-15,jip,MAZDA,CX-5,red,petrol,Rakan Niaga,2014,SUV - SMALL,2.0,4,AS6,x,8.9,7.3,8.2,34,189
2025-01-15,jip,MAZDA,CX-5,red,petrol,Rakan Niaga,2014,SUV - SMALL,2.0,4,M6,x,9.0,6.8,8.0,35,184
2025-01-15,jip,MAZDA,CX-5,red,petrol,Rakan Niaga,2014,SUV - SMALL,2.5,4,AS6,x,9.6,7.4,8.6,33,198
2025-01-15,jip,MAZDA,CX-5,gold,petrol,Rakan Niaga,2014,SUV - SMALL,2.0,4,AS6,x,8.9,7.3,8.2,34,189
2025-01-15,jip,MAZDA,CX-5,gold,petrol,Rakan Niaga,2014,SUV - SMALL,2.0,4,M6,x,9.0,6.8,8.0,35,184
2025-01-15,jip,MAZDA,CX-5,gold,petrol,Rakan Niaga,2014,SUV - SMALL,2.5,4,AS6,x,9.6,7.4,8.6,33,198
2025-01-15,jip,MAZDA,CX-5,grey,petrol,Rakan Niaga,2014,SUV - SMALL,2.0,4,AS6,x,8.9,7.3,8.2,34,189
2025-01-15,jip,MAZDA,CX-5,grey,petrol,Rakan Niaga,2014,SUV - SMALL,2.0,4,M6,x,9.0,6.8,8.0,35,184
2025-01-15,jip,MAZDA,CX-5,grey,petrol,Rakan Niaga,2014,SUV - SMALL,2.5,4,AS6,x,9.6,7.4,8.6,33,198
2025-01-15,jip,MAZDA,CX-5,white,petrol,Rakan Niaga,2014,SUV - SMALL,2.0,4,AS6,x,8.9,7.3,8.2,34,189
2025-01-15,jip,MAZDA,CX-5,white,petrol,Rakan Niaga,2014,SUV - SMALL,2.0,4,M6,x,9.0,6.8,8.0,35,184
2025-01-15,jip,MAZDA,CX-5,white,petrol,Rakan Niaga,2014,SUV - SMALL,2.5,4,AS6,x,9.6,7.4,8.6,33,198
2025-01-15,jip,MAZDA,CX-5,black,petrol,Rakan Niaga,2014,SUV - SMALL,2.0,4,AS6,x,8.9,7.3,8.2,34,189
2025-01-15,jip,MAZDA,CX-5,black,petrol,Rakan Niaga,2014,SUV - SMALL,2.0,4,M6,x,9.0,6.8,8.0,35,184
2025-01-15,jip,MAZDA,CX-5,black,petrol,Rakan Niaga,2014,SUV - SMALL,2.5,4,AS6,x,9.6,7.4,8.6,33,198
2025-01-15,jip,MAZDA,CX-5,grey,petrol,Johor,2014,SUV - SMALL,2.0,4,AS6,x,8.9,7.3,8.2,34,189
2025-01-15,jip,MAZDA,CX-5,grey,petrol,Johor,2014,SUV - SMALL,2.0,4,M6,x,9.0,6.8,8.0,35,184
2025-01-15,jip,MAZDA,CX-5,grey,petrol,Johor,2014,SUV - SMALL,2.5,4,AS6,x,9.6,7.4,8.6,33,198
2025-01-15,jip,PORSCHE,CAYENNE,black,petrol,Rakan Niaga,2014,SUV - STANDARD,3.6,6,A8,z,13.6,10.1,12.0,24,276
2025-01-15,jip,PORSCHE,CAYENNE,black,petrol,Rakan Niaga,2014,SUV - STANDARD,3.6,6,M6,z,15.8,10.9,13.6,21,313
2025-01-15,jip,PORSCHE,CAYENNE,black,petrol,Johor,2014,SUV - STANDARD,3.6,6,A8,z,13.6,10.1,12.0,24,276
2025-01-15,jip,PORSCHE,CAYENNE,black,petrol,Johor,2014,SUV - STANDARD,3.6,6,M6,z,15.8,10.9,13.6,21,313
2025-01-15,jip,PORSCHE,CAYENNE,grey,petrol,Johor,2014,SUV - STANDARD,3.6,6,A8,z,13.6,10.1,12.0,24,276
2025-01-15,jip,PORSCHE,CAYENNE,grey,petrol,Johor,2014,SUV - STANDARD,3.6,6,M6,z,15.8,10.9,13.6,21,313
2025-01-15,jip,PORSCHE,CAYENNE,grey,petrol,Selangor,2014,SUV - STANDARD,3.6,6,A8,z,13.6,10.1,12.0,24,276
2025-01-15,jip,PORSCHE,CAYENNE,grey,petrol,Selangor,2014,SUV - STANDARD,3.6,6,M6,z,15.8,10.9,13.6,21,313
2025-01-15,jip,PORSCHE,CAYENNE,grey,petrol,W.P. Kuala Lumpur,2014,SUV - STANDARD,3.6,6,A8,z,13.6,10.1,12.0,24,276
2025-01-15,jip,PORSCHE,CAYENNE,grey,petrol,W.P. Kuala Lumpur,2014,SUV - STANDARD,3.6,6,M6,z,15.8,10.9,13.6,21,313
2025-01-15,jip,PORSCHE,CAYENNE,black,petrol,W.P. Kuala Lumpur,2014,SUV - STANDARD,3.6,6,A8,z,13.6,10.1,12.0,24,276
2025-01-15,jip,PORSCHE,CAYENNE,black,petrol,W.P. Kuala Lumpur,2014,SUV - STANDARD,3.6,6,M6,z,15.8,10.9,13.6,21,313
2025-01-15,motokar,SUBARU,BRZ,blue,petrol,Negeri Sembilan,2014,MINICOMPACT,2.0,4,AS6,z,9.6,7.1,8.5,33,196
2025-01-15,motokar,SUBARU,BRZ,blue,petrol,Negeri Sembilan,2014,MINICOMPACT,2.0,4,M6,z,11.0,7.9,9.6,29,221
2025-01-15,motokar,TOYOTA,YARIS,white,petrol,Rakan Niaga,2014,COMPACT,1.5,4,A4,x,7.9,6.6,7.3,39,168
2025-01-15,motokar,TOYOTA,YARIS,white,petrol,Rakan Niaga,2014,COMPACT,1.5,4,M5,x,7.8,6.3,7.1,40,163
2025-01-15,motokar,TOYOTA,YARIS,silver,petrol,W.P. Kuala Lumpur,2014,COMPACT,1.5,4,A4,x,7.9,6.6,7.3,39,168
2025-01-15,motokar,TOYOTA,YARIS,silver,petrol,W.P. Kuala Lumpur,2014,COMPACT,1.5,4,M5,x,7.8,6.3,7.1,40,163
2025-01-15,motokar,TOYOTA,YARIS,silver,petrol,Johor,2014,COMPACT,1.5,4,A4,x,7.9,6.6,7.3,39,168
2025-01-15,motokar,TOYOTA,YARIS,silver,petrol,Johor,2014,COMPACT,1.5,4,M5,x,7.8,6.3,7.1,40,163
2025-01-15,motokar,TOYOTA,YARIS,red,petrol,Rakan Niaga,2014,COMPACT,1.5,4,A4,x,7.9,6.6,7.3,39,168
2025-01-15,motokar,TOYOTA,YARIS,red,petrol,Rakan Niaga,2014,COMPACT,1.5,4,M5,x,7.8,6.3,7.1,40,163
2025-01-15,motokar,TOYOTA,YARIS,silver,petrol,Rakan Niaga,2014,COMPACT,1.5,4,A4,x,7.9,6.6,7.3,39,168
2025-01-15,motokar,TOYOTA,YARIS,silver,petrol,Rakan Niaga,2014,COMPACT,1.5,4,M5,x,7.8,6.3,7.1,40,163
2025-01-15,jip,VOLKSWAGEN,TIGUAN,grey,petrol,Rakan Niaga,2014,SUV - SMALL,2.0,4,A6,z,11.7,9.5,10.7,26,246
2025-01-15,jip,VOLKSWAGEN,TIGUAN,grey,petrol,Rakan Niaga,2014,SUV - SMALL,2.0,4,M6,z,13.6,9.2,11.6,24,267
2025-01-15,jip,VOLKSWAGEN,TIGUAN,blue,petrol,Rakan Niaga,2014,SUV - SMALL,2.0,4,A6,z,11.7,9.5,10.7,26,246
2025-01-15,jip,VOLKSWAGEN,TIGUAN,blue,petrol,Rakan Niaga,2014,SUV - SMALL,2.0,4,M6,z,13.6,9.2,11.6,24,267
2025-01-15,jip,VOLVO,XC60,grey,hybrid_petrol,Melaka,2014,SUV - SMALL,3.2,6,AS6,x,13.0,8.9,11.2,25,258
2025-01-15,jip,VOLVO,XC60,blue,hybrid_petrol,Rakan Niaga,2014,SUV - SMALL,3.2,6,AS6,x,13.0,8.9,11.2,25,258
2025-01-16,jip,AUDI,Q5,black,petrol,W.P. Kuala Lumpur,2014,SUV - SMALL,2.0,4,AS8,z,12.0,8.5,10.4,27,239
2025-01-16,jip,AUDI,Q5,black,petrol,W.P. Kuala Lumpur,2014,SUV - SMALL,3.0,6,AS8,z,12.9,9.2,11.2,25,258
2025-01-16,jip,AUDI,Q5,blue,petrol,W.P. Kuala Lumpur,2014,SUV - SMALL,2.0,4,AS8,z,12.0,8.5,10.4,27,239
2025-01-16,jip,AUDI,Q5,blue,petrol,W.P. Kuala Lumpur,2014,SUV - SMALL,3.0,6,AS8,z,12.9,9.2,11.2,25,258
2025-01-16,jip,HONDA,CR-V,grey,petrol,Rakan Niaga,2014,SUV - SMALL,2.4,4,A5,x,10.3,7.6,9.1,31,209
2025-01-16,jip,HONDA,CR-V,blue,petrol,Rakan Niaga,2014,SUV - SMALL,2.4,4,A5,x,10.3,7.6,9.1,31,209
2025-01-16,jip,HONDA,CR-V,blue,hybrid_petrol,Rakan Niaga,2014,SUV - SMALL,2.4,4,A5,x,10.3,7.6,9.1,31,209
2025-01-16,jip,HONDA,CR-V,white,hybrid_petrol,Rakan Niaga,2014,SUV - SMALL,2.4,4,A5,x,10.3,7.6,9.1,31,209
2025-01-16,jip,HONDA,CR-V,white,petrol,Rakan Niaga,2014,SUV - SMALL,2.4,4,A5,x,10.3,7.6,9.1,31,209
2025-01-16,jip,HONDA,CR-V,blue,petrol,Johor,2014,SUV - SMALL,2.4,4,A5,x,10.3,7.6,9.1,31,209
2025-01-16,jip,HONDA,CR-V,grey,hybrid_petrol,Rakan Niaga,2014,SUV - SMALL,2.4,4,A5,x,10.3,7.6,9.1,31,209
2025-01-16,jip,HONDA,CR-V,blue,petrol,W.P. Kuala Lumpur,2014,SUV - SMALL,2.4,4,A5,x,10.3,7.6,9.1,31,209
2025-01-16,jip,HONDA,CR-V,silver,hybrid_petrol,Rakan Niaga,2014,SUV - SMALL,2.4,4,A5,x,10.3,7.6,9.1,31,209
2025-01-16,jip,HONDA,CR-V,red,hybrid_petrol,Rakan Niaga,2014,SUV - SMALL,2.4,4,A5,x,10.3,7.6,9.1,31,209
2025-01-16,jip,HONDA,CR-V,silver,petrol,Rakan Niaga,2014,SUV - SMALL,2.4,4,A5,x,10.3,7.6,9.1,31,209
2025-01-16,jip,HONDA,CR-V,blue,hybrid_petrol,Pulau Pinang,2014,SUV - SMALL,2.4,4,A5,x,10.3,7.6,9.1,31,209
2025-01-16,motokar,HONDA,CIVIC,white,hybrid_petrol,Rakan Niaga,2014,COMPACT,1.8,4,AV,x,7.9,6.0,7.0,40,161
2025-01-16,motokar,HONDA,CIVIC,white,hybrid_petrol,Rakan Niaga,2014,COMPACT,1.8,4,AV7,x,8.1,6.2,7.2,39,166
2025-01-16,motokar,HONDA,CIVIC,white,hybrid_petrol,Rakan Niaga,2014,COMPACT,1.8,4,M5,x,8.5,6.6,7.6,37,175
2025-01-16,motokar,HONDA,CIVIC,red,petrol,Rakan Niaga,2014,COMPACT,1.8,4,AV,x,7.9,6.0,7.0,40,161
2025-01-16,motokar,HONDA,CIVIC,red,petrol,Rakan Niaga,2014,COMPACT,1.8,4,AV7,x,8.1,6.2,7.2,39,166
2025-01-16,motokar,HONDA,CIVIC,red,petrol,Rakan Niaga,2014,COMPACT,1.8,4,M5,x,8.5,6.6,7.6,37,175
2025-01-16,motokar,HONDA,CIVIC,white,petrol,Rakan Niaga,2014,COMPACT,1.8,4,AV,x,7.9,6.0,7.0,40,161
2025-01-16,motokar,HONDA,CIVIC,white,petrol,Rakan Niaga,2014,COMPACT,1.8,4,AV7,x,8.1,6.2,7.2,39,166
2025-01-16,motokar,HONDA,CIVIC,white,petrol,Rakan Niaga,2014,COMPACT,1.8,4,M5,x,8.5,6.6,7.6,37,175
2025-01-16,motokar,HONDA,CIVIC,grey,petrol,Johor,2014,COMPACT,1.8,4,AV,x,7.9,6.0,7.0,40,161
2025-01-16,motokar,HONDA,CIVIC,grey,petrol,Johor,2014,COMPACT,1.8,4,AV7,x,8.1,6.2,7.2,39,166
2025-01-16,motokar,HONDA,CIVIC,grey,petrol,Johor,2014,COMPACT,1.8,4,M5,x,8.5,6.6,7.6,37,175
2025-01-16,motokar,HONDA,CIVIC,grey,hybrid_petrol,Rakan Niaga,2014,COMPACT,1.8,4,AV,x,7.9,6.0,7.0,40,161
2025-01-16,motokar,HONDA,CIVIC,grey,hybrid_petrol,Rakan Niaga,2014,COMPACT,1.8,4,AV7,x,8.1,6.2,7.2,39,166
2025-01-16,motokar,HONDA,CIVIC,grey,hybrid_petrol,Rakan Niaga,2014,COMPACT,1.8,4,M5,x,8.5,6.6,7.6,37,175
2025-01-16,motokar,HONDA,CIVIC,blue,petrol,Rakan Niaga,2014,COMPACT,1.8,4,AV,x,7.9,6.0,7.0,40,161
2025-01-16,motokar,HONDA,CIVIC,blue,petrol,Rakan Niaga,2014,COMPACT,1.8,4,AV7,x,8.1,6.2,7.2,39,166
2025-01-16,motokar,HONDA,CIVIC,blue,petrol,Rakan Niaga,2014,COMPACT,1.8,4,M5,x,8.5,6.6,7.6,37,175
2025-01-16,motokar,HONDA,CIVIC,blue,hybrid_petrol,Rakan Niaga,2014,COMPACT,1.8,4,AV,x,7.9,6.0,7.0,40,161
2025-01-16,motokar,HONDA,CIVIC,blue,hybrid_petrol,Rakan Niaga,2014,COMPACT,1.8,4,AV7,x,8.1,6.2,7.2,39,166
2025-01-16,motokar,HONDA,CIVIC,blue,hybrid_petrol,Rakan Niaga,2014,COMPACT,1.8,4,M5,x,8.5,6.6,7.6,37,175
2025-01-16,motokar,HONDA,CIVIC,grey,petrol,Rakan Niaga,2014,COMPACT,1.8,4,AV,x,7.9,6.0,7.0,40,161
2025-01-16,motokar,HONDA,CIVIC,grey,petrol,Rakan Niaga,2014,COMPACT,1.8,4,AV7,x,8.1,6.2,7.2,39,166
2025-01-16,motokar,HONDA,CIVIC,grey,petrol,Rakan Niaga,2014,COMPACT,1.8,4,M5,x,8.5,6.6,7.6,37,175
2025-01-16,motokar,HONDA,CIVIC,white,petrol,Johor,2014,COMPACT,1.8,4,AV,x,7.9,6.0,7.0,40,161
2025-01-16,motokar,HONDA,CIVIC,white,petrol,Johor,2014,COMPACT,1.8,4,AV7,x,8.1,6.2,7.2,39,166
2025-01-16,motokar,HONDA,CIVIC,white,petrol,Johor,2014,COMPACT,1.8,4,M5,x,8.5,6.6,7.6,37,175
2025-01-16,motokar,HONDA,CIVIC,white,petrol,W.P. Kuala Lumpur,2014,COMPACT,1.8,4,AV,x,7.9,6.0,7.0,40,161
2025-01-16,motokar,HONDA,CIVIC,white,petrol,W.P. Kuala Lumpur,2014,COMPACT,1.8,4,AV7,x,8.1,6.2,7.2,39,166
2025-01-16,motokar,HONDA,CIVIC,white,petrol,W.P. Kuala Lumpur,2014,COMPACT,1.8,4,M5,x,8.5,6.6,7.6,37,175
2025-01-16,motokar,HONDA,CIVIC,black,petrol,Rakan Niaga,2014,COMPACT,1.8,4,AV,x,7.9,6.0,7.0,40,161
2025-01-16,motokar,HONDA,CIVIC,black,petrol,Rakan Niaga,2014,COMPACT,1.8,4,AV7,x,8.1,6.2,7.2,39,166
2025-01-16,motokar,HONDA,CIVIC,black,petrol,Rakan Niaga,2014,COMPACT,1.8,4,M5,x,8.5,6.6,7.6,37,175
2025-01-16,motokar,HONDA,CIVIC,blue,petrol,W.P. Kuala Lumpur,2014,COMPACT,1.8,4,AV,x,7.9,6.0,7.0,40,161
2025-01-16,motokar,HONDA,CIVIC,blue,petrol,W.P. Kuala Lumpur,2014,COMPACT,1.8,4,AV7,x,8.1,6.2,7.2,39,166
2025-01-16,motokar,HONDA,CIVIC,blue,petrol,W.P. Kuala Lumpur,2014,COMPACT,1.8,4,M5,x,8.5,6.6,7.6,37,175
2025-01-16,window_van,HONDA,ODYSSEY,white,petrol,Rakan Niaga,2014,MINIVAN,3.5,6,A6,x,12.3,8.5,10.6,27,244
2025-01-16,jip,KIA,SPORTAGE,black,petrol,Rakan Niaga,2014,SUV - SMALL,2.4,4,A6,x,11.4,8.3,10.0,28,230
2025-01-16,jip,KIA,SPORTAGE,black,petrol,Rakan Niaga,2014,SUV - SMALL,2.4,4,M6,x,12.9,9.3,11.3,25,260
2025-01-16,jip,KIA,SPORTAGE,blue,petrol,Rakan Niaga,2014,SUV - SMALL,2.4,4,A6,x,11.4,8.3,10.0,28,230
2025-01-16,jip,KIA,SPORTAGE,blue,petrol,Rakan Niaga,2014,SUV - SMALL,2.4,4,M6,x,12.9,9.3,11.3,25,260
2025-01-16,jip,KIA,SPORTAGE,grey,petrol,Rakan Niaga,2014,SUV - SMALL,2.4,4,A6,x,11.4,8.3,10.0,28,230
2025-01-16,jip,KIA,SPORTAGE,grey,petrol,Rakan Niaga,2014,SUV - SMALL,2.4,4,M6,x,12.9,9.3,11.3,25,260
2025-01-16,jip,MAZDA,CX-5,blue,petrol,Johor,2014,SUV - SMALL,2.0,4,AS6,x,8.9,7.3,8.2,34,189
2025-01-16,jip,MAZDA,CX-5,blue,petrol,Johor,2014,SUV - SMALL,2.0,4,M6,x,9.0,6.8,8.0,35,184
2025-01-16,jip,MAZDA,CX-5,blue,petrol,Johor,2014,SUV - SMALL,2.5,4,AS6,x,9.6,7.4,8.6,33,198
2025-01-16,jip,MAZDA,CX-5,blue,petrol,Rakan Niaga,2014,SUV - SMALL,2.0,4,AS6,x,8.9,7.3,8.2,34,189
2025-01-16,jip,MAZDA,CX-5,blue,petrol,Rakan Niaga,2014,SUV - SMALL,2.0,4,M6,x,9.0,6.8,8.0,35,184
2025-01-16,jip,MAZDA,CX-5,blue,petrol,Rakan Niaga,2014,SUV - SMALL,2.5,4,AS6,x,9.6,7.4,8.6,33,198
2025-01-16,jip,MAZDA,CX-5,grey,petrol,Rakan Niaga,2014,SUV - SMALL,2.0,4,AS6,x,8.9,7.3,8.2,34,189
2025-01-16,jip,MAZDA,CX-5,grey,petrol,Rakan Niaga,2014,SUV - SMALL,2.0,4,M6,x,9.0,6.8,8.0,35,184
2025-01-16,jip,MAZDA,CX-5,grey,petrol,Rakan Niaga,2014,SUV - SMALL,2.5,4,AS6,x,9.6,7.4,8.6,33,198
2025-01-16,jip,MAZDA,CX-5,grey,petrol,Selangor,2014,SUV - SMALL,2.0,4,AS6,x,8.9,7.3,8.2,34,189
2025-01-16,jip,MAZDA,CX-5,grey,petrol,Selangor,2014,SUV - SMALL,2.0,4,M6,x,9.0,6.8,8.0,35,184
2025-01-16,jip,MAZDA,CX-5,grey,petrol,Selangor,2014,SUV - SMALL,2.5,4,AS6,x,9.6,7.4,8.6,33,198
2025-01-16,jip,MAZDA,CX-5,grey,petrol,Pulau Pinang,2014,SUV - SMALL,2.0,4,AS6,x,8.9,7.3,8.2,34,189
2025-01-16,jip,MAZDA,CX-5,grey,petrol,Pulau Pinang,2014,SUV - SMALL,2.0,4,M6,x,9.0,6.8,8.0,35,184
2025-01-16,jip,MAZDA,CX-5,grey,petrol,Pulau Pinang,2014,SUV - SMALL,2.5,4,AS6,x,9.6,7.4,8.6,33,198
2025-01-16,jip,MAZDA,CX-5,gold,petrol,Rakan Niaga,2014,SUV - SMALL,2.0,4,AS6,x,8.9,7.3,8.2,34,189
2025-01-16,jip,MAZDA,CX-5,gold,petrol,Rakan Niaga,2014,SUV - SMALL,2.0,4,M6,x,9.0,6.8,8.0,35,184
2025-01-16,jip,MAZDA,CX-5,gold,petrol,Rakan Niaga,2014,SUV - SMALL,2.5,4,AS6,x,9.6,7.4,8.6,33,198
2025-01-16,jip,MAZDA,CX-5,red,petrol,Rakan Niaga,2014,SUV - SMALL,2.0,4,AS6,x,8.9,7.3,8.2,34,189
2025-01-16,jip,MAZDA,CX-5,red,petrol,Rakan Niaga,2014,SUV - SMALL,2.0,4,M6,x,9.0,6.8,8.0,35,184
2025-01-16,jip,MAZDA,CX-5,red,petrol,Rakan Niaga,2014,SUV - SMALL,2.5,4,AS6,x,9.6,7.4,8.6,33,198
2025-01-16,motokar,MAZDA,MX-5,grey,petrol,W.P. Kuala Lumpur,2014,TWO-SEATER,2.0,4,AS6,z,11.5,8.5,10.2,28,235
2025-01-16,motokar,MAZDA,MX-5,grey,petrol,W.P. Kuala Lumpur,2014,TWO-SEATER,2.0,4,M5,z,10.5,8.5,9.6,29,221
2025-01-16,motokar,MAZDA,MX-5,grey,petrol,W.P. Kuala Lumpur,2014,TWO-SEATER,2.0,4,M6,z,11.1,8.4,9.9,29,228
2025-01-16,motokar,NISSAN,GT-R,white,petrol,Johor,2014,SUBCOMPACT,3.8,6,AM6,z,14.5,10.9,12.9,22,297
2025-01-16,jip,PORSCHE,CAYENNE,black,petrol,Rakan Niaga,2014,SUV - STANDARD,3.6,6,A8,z,13.6,10.1,12.0,24,276
2025-01-16,jip,PORSCHE,CAYENNE,black,petrol,Rakan Niaga,2014,SUV - STANDARD,3.6,6,M6,z,15.8,10.9,13.6,21,313
2025-01-16,jip,PORSCHE,CAYENNE,black,petrol,Pulau Pinang,2014,SUV - STANDARD,3.6,6,A8,z,13.6,10.1,12.0,24,276
2025-01-16,jip,PORSCHE,CAYENNE,black,petrol,Pulau Pinang,2014,SUV - STANDARD,3.6,6,M6,z,15.8,10.9,13.6,21,313
2025-01-16,jip,PORSCHE,CAYENNE,grey,petrol,Selangor,2014,SUV - STANDARD,3.6,6,A8,z,13.6,10.1,12.0,24,276
2025-01-16,jip,PORSCHE,CAYENNE,grey,petrol,Selangor,2014,SUV - STANDARD,3.6,6,M6,z,15.8,10.9,13.6,21,313
2025-01-16,jip,PORSCHE,CAYENNE,white,petrol,Johor,2014,SUV - STANDARD,3.6,6,A8,z,13.6,10.1,12.0,24,276
2025-01-16,jip,PORSCHE,CAYENNE,white,petrol,Johor,2014,SUV - STANDARD,3.6,6,M6,z,15.8,10.9,13.6,21,313
2025-01-16,jip,PORSCHE,CAYENNE,black,petrol,W.P. Kuala Lumpur,2014,SUV - STANDARD,3.6,6,A8,z,13.6,10.1,12.0,24,276
2025-01-16,jip,PORSCHE,CAYENNE,black,petrol,W.P. Kuala Lumpur,2014,SUV - STANDARD,3.6,6,M6,z,15.8,10.9,13.6,21,313
2025-01-16,motokar,TOYOTA,YARIS,red,petrol,Rakan Niaga,2014,COMPACT,1.5,4,A4,x,7.9,6.6,7.3,39,168
2025-01-16,motokar,TOYOTA,YARIS,red,petrol,Rakan Niaga,2014,COMPACT,1.5,4,M5,x,7.8,6.3,7.1,40,163
2025-01-16,motokar,TOYOTA,YARIS,silver,petrol,Rakan Niaga,2014,COMPACT,1.5,4,A4,x,7.9,6.6,7.3,39,168
2025-01-16,motokar,TOYOTA,YARIS,silver,petrol,Rakan Niaga,2014,COMPACT,1.5,4,M5,x,7.8,6.3,7.1,40,163
2025-01-16,motokar,TOYOTA,YARIS,white,petrol,Rakan Niaga,2014,COMPACT,1.5,4,A4,x,7.9,6.6,7.3,39,168
2025-01-16,motokar,TOYOTA,YARIS,white,petrol,Rakan Niaga,2014,COMPACT,1.5,4,M5,x,7.8,6.3,7.1,40,163
2025-01-16,motokar,TOYOTA,YARIS,white,petrol,Johor,2014,COMPACT,1.5,4,A4,x,7.9,6.6,7.3,39,168
2025-01-16,motokar,TOYOTA,YARIS,white,petrol,Johor,2014,COMPACT,1.5,4,M5,x,7.8,6.3,7.1,40,163
2025-01-16,motokar,TOYOTA,YARIS,silver,petrol,Terengganu,2014,COMPACT,1.5,4,A4,x,7.9,6.6,7.3,39,168
2025-01-16,motokar,TOYOTA,YARIS,silver,petrol,Terengganu,2014,COMPACT,1.5,4,M5,x,7.8,6.3,7.1,40,163
2025-01-16,jip,VOLKSWAGEN,TIGUAN,blue,petrol,Rakan Niaga,2014,SUV - SMALL,2.0,4,A6,z,11.7,9.5,10.7,26,246
2025-01-16,jip,VOLKSWAGEN,TIGUAN,blue,petrol,Rakan Niaga,2014,SUV - SMALL,2.0,4,M6,z,13.6,9.2,11.6,24,267
2025-01-16,jip,VOLKSWAGEN,TIGUAN,grey,petrol,W.P. Kuala Lumpur,2014,SUV - SMALL,2.0,4,A6,z,11.7,9.5,10.7,26,246
2025-01-16,jip,VOLKSWAGEN,TIGUAN,grey,petrol,W.P. Kuala Lumpur,2014,SUV - SMALL,2.0,4,M6,z,13.6,9.2,11.6,24,267
2025-01-16,jip,VOLKSWAGEN,TIGUAN,grey,petrol,Rakan Niaga,2014,SUV - SMALL,2.0,4,A6,z,11.7,9.5,10.7,26,246
2025-01-16,jip,VOLKSWAGEN,TIGUAN,grey,petrol,Rakan Niaga,2014,SUV - SMALL,2.0,4,M6,z,13.6,9.2,11.6,24,267
2025-01-16,jip,VOLKSWAGEN,TIGUAN,white,petrol,Rakan Niaga,2014,SUV - SMALL,2.0,4,A6,z,11.7,9.5,10.7,26,246
2025-01-16,jip,VOLKSWAGEN,TIGUAN,white,petrol,Rakan Niaga,2014,SUV - SMALL,2.0,4,M6,z,13.6,9.2,11.6,24,267
2025-01-16,jip,VOLVO,XC60,blue,hybrid_petrol,Rakan Niaga,2014,SUV - SMALL,3.2,6,AS6,x,13.0,8.9,11.2,25,258
2025-01-17,jip,AUDI,Q5,grey,petrol,Rakan Niaga,2014,SUV - SMALL,2.0,4,AS8,z,12.0,8.5,10.4,27,239
2025-01-17,jip,AUDI,Q5,grey,petrol,Rakan Niaga,2014,SUV - SMALL,3.0,6,AS8,z,12.9,9.2,11.2,25,258
2025-01-17,motokar,FORD,MUSTANG,blue,petrol,Selangor,2014,SUBCOMPACT,3.7,6,A6,x,12.1,7.8,10.2,28,235
2025-01-17,motokar,FORD,MUSTANG,blue,petrol,Selangor,2014,SUBCOMPACT,3.7,6,M6,x,12.7,8.1,10.6,27,244
2025-01-17,motokar,FORD,MUSTANG,blue,petrol,Selangor,2014,SUBCOMPACT,5.0,8,A6,x,13.3,9.3,11.5,25,264
2025-01-17,motokar,FORD,MUSTANG,blue,petrol,Selangor,2014,SUBCOMPACT,5.0,8,M6,x,15.4,9.4,12.7,22,292
2025-01-17,motokar,FORD,MUSTANG,blue,petrol,Selangor,2014,SUBCOMPACT,5.8,8,M6,z,15.9,9.9,13.2,21,304
2025-01-17,jip,HONDA,CR-V,blue,petrol,Rakan Niaga,2014,SUV - SMALL,2.4,4,A5,x,10.3,7.6,9.1,31,209
2025-01-17,jip,HONDA,CR-V,white,petrol,Rakan Niaga,2014,SUV - SMALL,2.4,4,A5,x,10.3,7.6,9.1,31,209
2025-01-17,jip,HONDA,CR-V,grey,petrol,Rakan Niaga,2014,SUV - SMALL,2.4,4,A5,x,10.3,7.6,9.1,31,209
2025-01-17,jip,HONDA,CR-V,white,petrol,W.P. Kuala Lumpur,2014,SUV - SMALL,2.4,4,A5,x,10.3,7.6,9.1,31,209
2025-01-17,jip,HONDA,CR-V,grey,hybrid_petrol,Rakan Niaga,2014,SUV - SMALL,2.4,4,A5,x,10.3,7.6,9.1,31,209
2025-01-17,jip,HONDA,CR-V,grey,petrol,W.P. Kuala Lumpur,2014,SUV - SMALL,2.4,4,A5,x,10.3,7.6,9.1,31,209
2025-01-17,jip,HONDA,CR-V,blue,hybrid_petrol,Rakan Niaga,2014,SUV - SMALL,2.4,4,A5,x,10.3,7.6,9.1,31,209
2025-01-17,jip,HONDA,CR-V,red,petrol,Rakan Niaga,2014,SUV - SMALL,2.4,4,A5,x,10.3,7.6,9.1,31,209
2025-01-17,jip,HONDA,CR-V,blue,hybrid_petrol,W.P. Kuala Lumpur,2014,SUV - SMALL,2.4,4,A5,x,10.3,7.6,9.1,31,209
2025-01-17,jip,HONDA,CR-V,red,hybrid_petrol,Rakan Niaga,2014,SUV - SMALL,2.4,4,A5,x,10.3,7.6,9.1,31,209
2025-01-17,jip,HONDA,CR-V,silver,petrol,Selangor,2014,SUV - SMALL,2.4,4,A5,x,10.3,7.6,9.1,31,209
2025-01-17,jip,HONDA,CR-V,white,hybrid_petrol,Rakan Niaga,2014,SUV - SMALL,2.4,4,A5,x,10.3,7.6,9.1,31,209
2025-01-17,jip,HONDA,CR-V,silver,petrol,Melaka,2014,SUV - SMALL,2.4,4,A5,x,10.3,7.6,9.1,31,209
2025-01-17,jip,HONDA,CR-V,silver,petrol,Rakan Niaga,2014,SUV - SMALL,2.4,4,A5,x,10.3,7.6,9.1,31,209
2025-01-17,jip,HONDA,CR-V,grey,hybrid_petrol,W.P. Kuala Lumpur,2014,SUV - SMALL,2.4,4,A5,x,10.3,7.6,9.1,31,209
2025-01-17,motokar,HONDA,CIVIC,black,petrol,Rakan Niaga,2014,COMPACT,1.8,4,AV,x,7.9,6.0,7.0,40,161
2025-01-17,motokar,HONDA,CIVIC,black,petrol,Rakan Niaga,2014,COMPACT,1.8,4,AV7,x,8.1,6.2,7.2,39,166
2025-01-17,motokar,HONDA,CIVIC,black,petrol,Rakan Niaga,2014,COMPACT,1.8,4,M5,x,8.5,6.6,7.6,37,175
2025-01-17,motokar,HONDA,CIVIC,blue,petrol,Rakan Niaga,2014,COMPACT,1.8,4,AV,x,7.9,6.0,7.0,40,161
2025-01-17,motokar,HONDA,CIVIC,blue,petrol,Rakan Niaga,2014,COMPACT,1.8,4,AV7,x,8.1,6.2,7.2,39,166
2025-01-17,motokar,HONDA,CIVIC,blue,petrol,Rakan Niaga,2014,COMPACT,1.8,4,M5,x,8.5,6.6,7.6,37,175
2025-01-17,motokar,HONDA,CIVIC,white,petrol,Rakan Niaga,2014,COMPACT,1.8,4,AV,x,7.9,6.0,7.0,40,161
2025-01-17,motokar,HONDA,CIVIC,white,petrol,Rakan Niaga,2014,COMPACT,1.8,4,AV7,x,8.1,6.2,7.2,39,166
2025-01-17,motokar,HONDA,CIVIC,white,petrol,Rakan Niaga,2014,COMPACT,1.8,4,M5,x,8.5,6.6,7.6,37,175
2025-01-17,motokar,HONDA,CIVIC,blue,hybrid_petrol,Rakan Niaga,2014,COMPACT,1.8,4,AV,x,7.9,6.0,7.0,40,161
2025-01-17,motokar,HONDA,CIVIC,blue,hybrid_petrol,Rakan Niaga,2014,COMPACT,1.8,4,AV7,x,8.1,6.2,7.2,39,166
2025-01-17,motokar,HONDA,CIVIC,blue,hybrid_petrol,Rakan Niaga,2014,COMPACT,1.8,4,M5,x,8.5,6.6,7.6,37,175
2025-01-17,motokar,HONDA,CIVIC,grey,petrol,Rakan Niaga,2014,COMPACT,1.8,4,AV,x,7.9,6.0,7.0,40,161
2025-01-17,motokar,HONDA,CIVIC,grey,petrol,Rakan Niaga,2014,COMPACT,1.8,4,AV7,x,8.1,6.2,7.2,39,166
2025-01-17,motokar,HONDA,CIVIC,grey,petrol,Rakan Niaga,2014,COMPACT,1.8,4,M5,x,8.5,6.6,7.6,37,175
2025-01-17,motokar,HONDA,CIVIC,white,petrol,Johor,2014,COMPACT,1.8,4,AV,x,7.9,6.0,7.0,40,161
2025-01-17,motokar,HONDA,CIVIC,white,petrol,Johor,2014,COMPACT,1.8,4,AV7,x,8.1,6.2,7.2,39,166
2025-01-17,motokar,HONDA,CIVIC,white,petrol,Johor,2014,COMPACT,1.8,4,M5,x,8.5,6.6,7.6,37,175
2025-01-17,motokar,HONDA,CIVIC,grey,hybrid_petrol,Rakan Niaga,2014,COMPACT,1.8,4,AV,x,7.9,6.0,7.0,40,161
2025-01-17,motokar,HONDA,CIVIC,grey,hybrid_petrol,Rakan Niaga,2014,COMPACT,1.8,4,AV7,x,8.1,6.2,7.2,39,166
2025-01-17,motokar,HONDA,CIVIC,grey,hybrid_petrol,Rakan Niaga,2014,COMPACT,1.8,4,M5,x,8.5,6.6,7.6,37,175
2025-01-17,motokar,HONDA,CIVIC,red,petrol,Rakan Niaga,2014,COMPACT,1.8,4,AV,x,7.9,6.0,7.0,40,161
2025-01-17,motokar,HONDA,CIVIC,red,petrol,Rakan Niaga,2014,COMPACT,1.8,4,AV7,x,8.1,6.2,7.2,39,166
2025-01-17,motokar,HONDA,CIVIC,red,petrol,Rakan Niaga,2014,COMPACT,1.8,4,M5,x,8.5,6.6,7.6,37,175
2025-01-17,motokar,HONDA,CIVIC,white,petrol,W.P. Kuala Lumpur,2014,COMPACT,1.8,4,AV,x,7.9,6.0,7.0,40,161
2025-01-17,motokar,HONDA,CIVIC,white,petrol,W.P. Kuala Lumpur,2014,COMPACT,1.8,4,AV7,x,8.1,6.2,7.2,39,166
2025-01-17,motokar,HONDA,CIVIC,white,petrol,W.P. Kuala Lumpur,2014,COMPACT,1.8,4,M5,x,8.5,6.6,7.6,37,175
2025-01-17,motokar,HONDA,CIVIC,white,hybrid_petrol,Pahang,2014,COMPACT,1.8,4,AV,x,7.9,6.0,7.0,40,161
2025-01-17,motokar,HONDA,CIVIC,white,hybrid_petrol,Pahang,2014,COMPACT,1.8,4,AV7,x,8.1,6.2,7.2,39,166
2025-01-17,motokar,HONDA,CIVIC,white,hybrid_petrol,Pahang,2014,COMPACT,1.8,4,M5,x,8.5,6.6,7.6,37,175
2025-01-17,motokar,HONDA,CIVIC,red,hybrid_petrol,Rakan Niaga,2014,COMPACT,1.8,4,AV,x,7.9,6.0,7.0,40,161
2025-01-17,motokar,HONDA,CIVIC,red,hybrid_petrol,Rakan Niaga,2014,COMPACT,1.8,4,AV7,x,8.1,6.2,7.2,39,166
2025-01-17,motokar,HONDA,CIVIC,red,hybrid_petrol,Rakan Niaga,2014,COMPACT,1.8,4,M5,x,8.5,6.6,7.6,37,175
2025-01-17,motokar,HONDA,CIVIC,black,petrol,Negeri Sembilan,2014,COMPACT,1.8,4,AV,x,7.9,6.0,7.0,40,161
2025-01-17,motokar,HONDA,CIVIC,black,petrol,Negeri Sembilan,2014,COMPACT,1.8,4,AV7,x,8.1,6.2,7.2,39,166
2025-01-17,motokar,HONDA,CIVIC,black,petrol,Negeri Sembilan,2014,COMPACT,1.8,4,M5,x,8.5,6.6,7.6,37,175
2025-01-17,motokar,HONDA,CIVIC,red,petrol,Johor,2014,COMPACT,1.8,4,AV,x,7.9,6.0,7.0,40,161
2025-01-17,motokar,HONDA,CIVIC,red,petrol,Johor,2014,COMPACT,1.8,4,AV7,x,8.1,6.2,7.2,39,166
2025-01-17,motokar,HONDA,CIVIC,red,petrol,Johor,2014,COMPACT,1.8,4,M5,x,8.5,6.6,7.6,37,175
2025-01-17,motokar,HONDA,CIVIC,white,petrol,Pulau Pinang,2014,COMPACT,1.8,4,AV,x,7.9,6.0,7.0,40,161
2025-01-17,motokar,HONDA,CIVIC,white,petrol,Pulau Pinang,2014,COMPACT,1.8,4,AV7,x,8.1,6.2,7.2,39,166
2025-01-17,motokar,HONDA,CIVIC,white,petrol,Pulau Pinang,2014,COMPACT,1.8,4,M5,x,8.5,6.6,7.6,37,175
2025-01-17,motokar,HONDA,CIVIC,blue,petrol,Melaka,2014,COMPACT,1.8,4,AV,x,7.9,6.0,7.0,40,161
2025-01-17,motokar,HONDA,CIVIC,blue,petrol,Melaka,2014,COMPACT,1.8,4,AV7,x,8.1,6.2,7.2,39,166
2025-01-17,motokar,HONDA,CIVIC,blue,petrol,Melaka,2014,COMPACT,1.8,4,M5,x,8.5,6.6,7.6,37,175
2025-01-17,jip,MAZDA,CX-5,blue,petrol,Rakan Niaga,2014,SUV - SMALL,2.0,4,AS6,x,8.9,7.3,8.2,34,189
2025-01-17,jip,MAZDA,CX-5,blue,petrol,Rakan Niaga,2014,SUV - SMALL,2.0,4,M6,x,9.0,6.8,8.0,35,184
2025-01-17,jip,MAZDA,CX-5,blue,petrol,Rakan Niaga,2014,SUV - SMALL,2.5,4,AS6,x,9.6,7.4,8.6,33,198
2025-01-17,jip,MAZDA,CX-5,grey,petrol,Rakan Niaga,2014,SUV - SMALL,2.0,4,AS6,x,8.9,7.3,8.2,34,189
2025-01-17,jip,MAZDA,CX-5,grey,petrol,Rakan Niaga,2014,SUV - SMALL,2.0,4,M6,x,9.0,6.8,8.0,35,184
2025-01-17,jip,MAZDA,CX-5,grey,petrol,Rakan Niaga,2014,SUV - SMALL,2.5,4,AS6,x,9.6,7.4,8.6,33,198
2025-01-17,jip,MAZDA,CX-5,red,petrol,Rakan Niaga,2014,SUV - SMALL,2.0,4,AS6,x,8.9,7.3,8.2,34,189
2025-01-17,jip,MAZDA,CX-5,red,petrol,Rakan Niaga,2014,SUV - SMALL,2.0,4,M6,x,9.0,6.8,8.0,35,184
2025-01-17,jip,MAZDA,CX-5,red,petrol,Rakan Niaga,2014,SUV - SMALL,2.5,4,AS6,x,9.6,7.4,8.6,33,198
2025-01-17,jip,MAZDA,CX-5,white,petrol,Rakan Niaga,2014,SUV - SMALL,2.0,4,AS6,x,8.9,7.3,8.2,34,189
2025-01-17,jip,MAZDA,CX-5,white,petrol,Rakan Niaga,2014,SUV - SMALL,2.0,4,M6,x,9.0,6.8,8.0,35,184
2025-01-17,jip,MAZDA,CX-5,white,petrol,Rakan Niaga,2014,SUV - SMALL,2.5,4,AS6,x,9.6,7.4,8.6,33,198
2025-01-17,jip,MAZDA,CX-5,gold,petrol,Rakan Niaga,2014,SUV - SMALL,2.0,4,AS6,x,8.9,7.3,8.2,34,189
2025-01-17,jip,MAZDA,CX-5,gold,petrol,Rakan Niaga,2014,SUV - SMALL,2.0,4,M6,x,9.0,6.8,8.0,35,184
2025-01-17,jip,MAZDA,CX-5,gold,petrol,Rakan Niaga,2014,SUV - SMALL,2.5,4,AS6,x,9.6,7.4,8.6,33,198
2025-01-17,jip,MAZDA,CX-5,black,petrol,Rakan Niaga,2014,SUV - SMALL,2.0,4,AS6,x,8.9,7.3,8.2,34,189
2025-01-17,jip,MAZDA,CX-5,black,petrol,Rakan Niaga,2014,SUV - SMALL,2.0,4,M6,x,9.0,6.8,8.0,35,184
2025-01-17,jip,MAZDA,CX-5,black,petrol,Rakan Niaga,2014,SUV - SMALL,2.5,4,AS6,x,9.6,7.4,8.6,33,198
2025-01-17,motokar,NISSAN,GT-R,white,petrol,W.P. Kuala Lumpur,2014,SUBCOMPACT,3.8,6,AM6,z,14.5,10.9,12.9,22,297
2025-01-17,motokar,PORSCHE,911 CARRERA,blue,petrol,Sarawak,2014,MINICOMPACT,3.4,6,AM7,z,11.6,8.3,10.1,28,232
2025-01-17,motokar,PORSCHE,911 CARRERA,blue,petrol,Sarawak,2014,MINICOMPACT,3.4,6,M7,z,12.5,8.6,10.7,26,246
2025-01-17,motokar,PORSCHE,911 CARRERA,yellow,petrol,W.P. Kuala Lumpur,2014,MINICOMPACT,3.4,6,AM7,z,11.6,8.3,10.1,28,232
2025-01-17,motokar,PORSCHE,911 CARRERA,yellow,petrol,W.P. Kuala Lumpur,2014,MINICOMPACT,3.4,6,M7,z,12.5,8.6,10.7,26,246
2025-01-17,motokar,PORSCHE,911 CARRERA,black,petrol,W.P. Kuala Lumpur,2014,MINICOMPACT,3.4,6,AM7,z,11.6,8.3,10.1,28,232
2025-01-17,motokar,PORSCHE,911 CARRERA,black,petrol,W.P. Kuala Lumpur,2014,MINICOMPACT,3.4,6,M7,z,12.5,8.6,10.7,26,246
2025-01-17,motokar,PORSCHE,911 GT3,silver,petrol,W.P. Kuala Lumpur,2014,TWO-SEATER,3.8,6,AM7,z,16.0,11.5,14.0,20,322
2025-01-17,jip,PORSCHE,CAYENNE,black,petrol,Rakan Niaga,2014,SUV - STANDARD,3.6,6,A8,z,13.6,10.1,12.0,24,276
2025-01-17,jip,PORSCHE,CAYENNE,black,petrol,Rakan Niaga,2014,SUV - STANDARD,3.6,6,M6,z,15.8,10.9,13.6,21,313
2025-01-17,jip,PORSCHE,CAYENNE,white,petrol,W.P. Kuala Lumpur,2014,SUV - STANDARD,3.6,6,A8,z,13.6,10.1,12.0,24,276
2025-01-17,jip,PORSCHE,CAYENNE,white,petrol,W.P. Kuala Lumpur,2014,SUV - STANDARD,3.6,6,M6,z,15.8,10.9,13.6,21,313
2025-01-17,jip,PORSCHE,CAYENNE,black,petrol,W.P. Kuala Lumpur,2014,SUV - STANDARD,3.6,6,A8,z,13.6,10.1,12.0,24,276
2025-01-17,jip,PORSCHE,CAYENNE,black,petrol,W.P. Kuala Lumpur,2014,SUV - STANDARD,3.6,6,M6,z,15.8,10.9,13.6,21,313
2025-01-17,motokar,TOYOTA,CAMRY,black,petrol,Rakan Niaga,2014,MID-SIZE,2.5,4,AS6,x,9.5,6.6,8.2,34,189
2025-01-17,motokar,TOYOTA,CAMRY,black,petrol,Rakan Niaga,2014,MID-SIZE,3.5,6,AS6,x,11.1,7.8,9.6,29,221
2025-01-17,motokar,TOYOTA,YARIS,white,petrol,Rakan Niaga,2014,COMPACT,1.5,4,A4,x,7.9,6.6,7.3,39,168
2025-01-17,motokar,TOYOTA,YARIS,white,petrol,Rakan Niaga,2014,COMPACT,1.5,4,M5,x,7.8,6.3,7.1,40,163
2025-01-17,motokar,TOYOTA,YARIS,black,petrol,Johor,2014,COMPACT,1.5,4,A4,x,7.9,6.6,7.3,39,168
2025-01-17,motokar,TOYOTA,YARIS,black,petrol,Johor,2014,COMPACT,1.5,4,M5,x,7.8,6.3,7.1,40,163
2025-01-17,motokar,TOYOTA,YARIS,red,petrol,Rakan Niaga,2014,COMPACT,1.5,4,A4,x,7.9,6.6,7.3,39,168
2025-01-17,motokar,TOYOTA,YARIS,red,petrol,Rakan Niaga,2014,COMPACT,1.5,4,M5,x,7.8,6.3,7.1,40,163
2025-01-17,motokar,TOYOTA,YARIS,silver,petrol,Selangor,2014,COMPACT,1.5,4,A4,x,7.9,6.6,7.3,39,168
2025-01-17,motokar,TOYOTA,YARIS,silver,petrol,Selangor,2014,COMPACT,1.5,4,M5,x,7.8,6.3,7.1,40,163
2025-01-17,motokar,TOYOTA,YARIS,silver,petrol,Rakan Niaga,2014,COMPACT,1.5,4,A4,x,7.9,6.6,7.3,39,168
2025-01-17,motokar,TOYOTA,YARIS,silver,petrol,Rakan Niaga,2014,COMPACT,1.5,4,M5,x,7.8,6.3,7.1,40,163
2025-01-17,motokar,TOYOTA,YARIS,red,petrol,W.P. Kuala Lumpur,2014,COMPACT,1.5,4,A4,x,7.9,6.6,7.3,39,168
2025-01-17,motokar,TOYOTA,YARIS,red,petrol,W.P. Kuala Lumpur,2014,COMPACT,1.5,4,M5,x,7.8,6.3,7.1,40,163
2025-01-17,jip,VOLKSWAGEN,TIGUAN,silver,petrol,Rakan Niaga,2014,SUV - SMALL,2.0,4,A6,z,11.7,9.5,10.7,26,246
2025-01-17,jip,VOLKSWAGEN,TIGUAN,silver,petrol,Rakan Niaga,2014,SUV - SMALL,2.0,4,M6,z,13.6,9.2,11.6,24,267
2025-01-18,jip,HONDA,CR-V,silver,petrol,Rakan Niaga,2014,SUV - SMALL,2.4,4,A5,x,10.3,7.6,9.1,31,209
2025-01-18,jip,HONDA,CR-V,grey,petrol,Rakan Niaga,2014,SUV - SMALL,2.4,4,A5,x,10.3,7.6,9.1,31,209
2025-01-18,jip,HONDA,CR-V,blue,hybrid_petrol,Rakan Niaga,2014,SUV - SMALL,2.4,4,A5,x,10.3,7.6,9.1,31,209
2025-01-18,jip,HONDA,CR-V,blue,petrol,Rakan Niaga,2014,SUV - SMALL,2.4,4,A5,x,10.3,7.6,9.1,31,209
2025-01-18,jip,HONDA,CR-V,white,hybrid_petrol,Rakan Niaga,2014,SUV - SMALL,2.4,4,A5,x,10.3,7.6,9.1,31,209
2025-01-18,jip,HONDA,CR-V,red,petrol,Rakan Niaga,2014,SUV - SMALL,2.4,4,A5,x,10.3,7.6,9.1,31,209
2025-01-18,motokar,HONDA,CIVIC,white,hybrid_petrol,Rakan Niaga,2014,COMPACT,1.8,4,AV,x,7.9,6.0,7.0,40,161
2025-01-18,motokar,HONDA,CIVIC,white,hybrid_petrol,Rakan Niaga,2014,COMPACT,1.8,4,AV7,x,8.1,6.2,7.2,39,166
2025-01-18,motokar,HONDA,CIVIC,white,hybrid_petrol,Rakan Niaga,2014,COMPACT,1.8,4,M5,x,8.5,6.6,7.6,37,175
2025-01-18,motokar,HONDA,CIVIC,grey,hybrid_petrol,Rakan Niaga,2014,COMPACT,1.8,4,AV,x,7.9,6.0,7.0,40,161
2025-01-18,motokar,HONDA,CIVIC,grey,hybrid_petrol,Rakan Niaga,2014,COMPACT,1.8,4,AV7,x,8.1,6.2,7.2,39,166
2025-01-18,motokar,HONDA,CIVIC,grey,hybrid_petrol,Rakan Niaga,2014,COMPACT,1.8,4,M5,x,8.5,6.6,7.6,37,175
2025-01-18,motokar,HONDA,CIVIC,grey,petrol,Rakan Niaga,2014,COMPACT,1.8,4,AV,x,7.9,6.0,7.0,40,161
2025-01-18,motokar,HONDA,CIVIC,grey,petrol,Rakan Niaga,2014,COMPACT,1.8,4,AV7,x,8.1,6.2,7.2,39,166
2025-01-18,motokar,HONDA,CIVIC,grey,petrol,Rakan Niaga,2014,COMPACT,1.8,4,M5,x,8.5,6.6,7.6,37,175
2025-01-18,motokar,HONDA,CIVIC,white,petrol,Rakan Niaga,2014,COMPACT,1.8,4,AV,x,7.9,6.0,7.0,40,161
2025-01-18,motokar,HONDA,CIVIC,white,petrol,Rakan Niaga,2014,COMPACT,1.8,4,AV7,x,8.1,6.2,7.2,39,166
2025-01-18,motokar,HONDA,CIVIC,white,petrol,Rakan Niaga,2014,COMPACT,1.8,4,M5,x,8.5,6.6,7.6,37,175
2025-01-18,motokar,HONDA,CIVIC,black,petrol,Rakan Niaga,2014,COMPACT,1.8,4,AV,x,7.9,6.0,7.0,40,161
2025-01-18,motokar,HONDA,CIVIC,black,petrol,Rakan Niaga,2014,COMPACT,1.8,4,AV7,x,8.1,6.2,7.2,39,166
2025-01-18,motokar,HONDA,CIVIC,black,petrol,Rakan Niaga,2014,COMPACT,1.8,4,M5,x,8.5,6.6,7.6,37,175
2025-01-18,jip,MAZDA,CX-5,grey,petrol,Rakan Niaga,2014,SUV - SMALL,2.0,4,AS6,x,8.9,7.3,8.2,34,189
2025-01-18,jip,MAZDA,CX-5,grey,petrol,Rakan Niaga,2014,SUV - SMALL,2.0,4,M6,x,9.0,6.8,8.0,35,184
2025-01-18,jip,MAZDA,CX-5,grey,petrol,Rakan Niaga,2014,SUV - SMALL,2.5,4,AS6,x,9.6,7.4,8.6,33,198
2025-01-18,jip,MAZDA,CX-5,red,petrol,Rakan Niaga,2014,SUV - SMALL,2.0,4,AS6,x,8.9,7.3,8.2,34,189
2025-01-18,jip,MAZDA,CX-5,red,petrol,Rakan Niaga,2014,SUV - SMALL,2.0,4,M6,x,9.0,6.8,8.0,35,184
2025-01-18,jip,MAZDA,CX-5,red,petrol,Rakan Niaga,2014,SUV - SMALL,2.5,4,AS6,x,9.6,7.4,8.6,33,198
2025-01-18,motokar,TOYOTA,CAMRY,black,petrol,Rakan Niaga,2014,MID-SIZE,2.5,4,AS6,x,9.5,6.6,8.2,34,189
2025-01-18,motokar,TOYOTA,CAMRY,black,petrol,Rakan Niaga,2014,MID-SIZE,3.5,6,AS6,x,11.1,7.8,9.6,29,221
2025-01-18,motokar,TOYOTA,YARIS,silver,petrol,Rakan Niaga,2014,COMPACT,1.5,4,A4,x,7.9,6.6,7.3,39,168
2025-01-18,motokar,TOYOTA,YARIS,silver,petrol,Rakan Niaga,2014,COMPACT,1.5,4,M5,x,7.8,6.3,7.1,40,163
2025-01-19,motokar,HONDA,CIVIC,white,petrol,Rakan Niaga,2014,COMPACT,1.8,4,AV,x,7.9,6.0,7.0,40,161
2025-01-19,motokar,HONDA,CIVIC,white,petrol,Rakan Niaga,2014,COMPACT,1.8,4,AV7,x,8.1,6.2,7.2,39,166
2025-01-19,motokar,HONDA,CIVIC,white,petrol,Rakan Niaga,2014,COMPACT,1.8,4,M5,x,8.5,6.6,7.6,37,175
2025-01-19,motokar,HONDA,CIVIC,black,petrol,Rakan Niaga,2014,COMPACT,1.8,4,AV,x,7.9,6.0,7.0,40,161
2025-01-19,motokar,HONDA,CIVIC,black,petrol,Rakan Niaga,2014,COMPACT,1.8,4,AV7,x,8.1,6.2,7.2,39,166
2025-01-19,motokar,HONDA,CIVIC,black,petrol,Rakan Niaga,2014,COMPACT,1.8,4,M5,x,8.5,6.6,7.6,37,175
2025-01-19,jip,MAZDA,CX-5,red,petrol,Rakan Niaga,2014,SUV - SMALL,2.0,4,AS6,x,8.9,7.3,8.2,34,189
2025-01-19,jip,MAZDA,CX-5,red,petrol,Rakan Niaga,2014,SUV - SMALL,2.0,4,M6,x,9.0,6.8,8.0,35,184
2025-01-19,jip,MAZDA,CX-5,red,petrol,Rakan Niaga,2014,SUV - SMALL,2.5,4,AS6,x,9.6,7.4,8.6,33,198
2025-01-19,motokar,PORSCHE,911 CARRERA,grey,petrol,Terengganu,2014,MINICOMPACT,3.4,6,AM7,z,11.6,8.3,10.1,28,232
2025-01-19,motokar,PORSCHE,911 CARRERA,grey,petrol,Terengganu,2014,MINICOMPACT,3.4,6,M7,z,12.5,8.6,10.7,26,246
2025-01-19,motokar,TOYOTA,YARIS,red,petrol,Rakan Niaga,2014,COMPACT,1.5,4,A4,x,7.9,6.6,7.3,39,168
2025-01-19,motokar,TOYOTA,YARIS,red,petrol,Rakan Niaga,2014,COMPACT,1.5,4,M5,x,7.8,6.3,7.1,40,163
2025-01-19,motokar,TOYOTA,YARIS,white,petrol,Kelantan,2014,COMPACT,1.5,4,A4,x,7.9,6.6,7.3,39,168
2025-01-19,motokar,TOYOTA,YARIS,white,petrol,Kelantan,2014,COMPACT,1.5,4,M5,x,7.8,6.3,7.1,40,163
2025-01-19,motokar,TOYOTA,YARIS,red,petrol,Kedah,2014,COMPACT,1.5,4,A4,x,7.9,6.6,7.3,39,168
2025-01-19,motokar,TOYOTA,YARIS,red,petrol,Kedah,2014,COMPACT,1.5,4,M5,x,7.8,6.3,7.1,40,163
2025-01-19,jip,VOLKSWAGEN,TIGUAN,black,petrol,Rakan Niaga,2014,SUV - SMALL,2.0,4,A6,z,11.7,9.5,10.7,26,246
2025-01-19,jip,VOLKSWAGEN,TIGUAN,black,petrol,Rakan Niaga,2014,SUV - SMALL,2.0,4,M6,z,13.6,9.2,11.6,24,267
2025-01-19,jip,VOLKSWAGEN,TIGUAN,white,petrol,Rakan Niaga,2014,SUV - SMALL,2.0,4,A6,z,11.7,9.5,10.7,26,246
2025-01-19,jip,VOLKSWAGEN,TIGUAN,white,petrol,Rakan Niaga,2014,SUV - SMALL,2.0,4,M6,z,13.6,9.2,11.6,24,267
2025-01-20,motokar,BENTLEY,CONTINENTAL GT,white,petrol,W.P. Kuala Lumpur,2014,SUBCOMPACT,4.0,8,AS8,z,15.4,9.8,12.9,22,297
2025-01-20,motokar,BENTLEY,CONTINENTAL GT,white,petrol,W.P. Kuala Lumpur,2014,SUBCOMPACT,6.0,12,AS8,z,18.8,11.5,15.5,18,356
2025-01-20,jip,HONDA,CR-V,grey,petrol,Rakan Niaga,2014,SUV - SMALL,2.4,4,A5,x,10.3,7.6,9.1,31,209
2025-01-20,jip,HONDA,CR-V,white,hybrid_petrol,Rakan Niaga,2014,SUV - SMALL,2.4,4,A5,x,10.3,7.6,9.1,31,209
2025-01-20,jip,HONDA,CR-V,silver,petrol,Rakan Niaga,2014,SUV - SMALL,2.4,4,A5,x,10.3,7.6,9.1,31,209
2025-01-20,jip,HONDA,CR-V,grey,petrol,W.P. Kuala Lumpur,2014,SUV - SMALL,2.4,4,A5,x,10.3,7.6,9.1,31,209
2025-01-20,jip,HONDA,CR-V,red,petrol,Rakan Niaga,2014,SUV - SMALL,2.4,4,A5,x,10.3,7.6,9.1,31,209
2025-01-20,jip,HONDA,CR-V,grey,hybrid_petrol,Johor,2014,SUV - SMALL,2.4,4,A5,x,10.3,7.6,9.1,31,209
2025-01-20,jip,HONDA,CR-V,blue,petrol,Rakan Niaga,2014,SUV - SMALL,2.4,4,A5,x,10.3,7.6,9.1,31,209
2025-01-20,jip,HONDA,CR-V,grey,hybrid_petrol,Rakan Niaga,2014,SUV - SMALL,2.4,4,A5,x,10.3,7.6,9.1,31,209
2025-01-20,jip,HONDA,CR-V,blue,hybrid_petrol,Rakan Niaga,2014,SUV - SMALL,2.4,4,A5,x,10.3,7.6,9.1,31,209
2025-01-20,jip,HONDA,CR-V,red,petrol,W.P. Kuala Lumpur,2014,SUV - SMALL,2.4,4,A5,x,10.3,7.6,9.1,31,209
2025-01-20,jip,HONDA,CR-V,silver,hybrid_petrol,Rakan Niaga,2014,SUV - SMALL,2.4,4,A5,x,10.3,7.6,9.1,31,209
2025-01-20,jip,HONDA,CR-V,white,petrol,W.P. Kuala Lumpur,2014,SUV - SMALL,2.4,4,A5,x,10.3,7.6,9.1,31,209
2025-01-20,jip,HONDA,CR-V,blue,hybrid_petrol,Johor,2014,SUV - SMALL,2.4,4,A5,x,10.3,7.6,9.1,31,209
2025-01-20,motokar,HONDA,CIVIC,white,petrol,Rakan Niaga,2014,COMPACT,1.8,4,AV,x,7.9,6.0,7.0,40,161
2025-01-20,motokar,HONDA,CIVIC,white,petrol,Rakan Niaga,2014,COMPACT,1.8,4,AV7,x,8.1,6.2,7.2,39,166
2025-01-20,motokar,HONDA,CIVIC,white,petrol,Rakan Niaga,2014,COMPACT,1.8,4,M5,x,8.5,6.6,7.6,37,175
2025-01-20,motokar,HONDA,CIVIC,grey,petrol,Rakan Niaga,2014,COMPACT,1.8,4,AV,x,7.9,6.0,7.0,40,161
2025-01-20,motokar,HONDA,CIVIC,grey,petrol,Rakan Niaga,2014,COMPACT,1.8,4,AV7,x,8.1,6.2,7.2,39,166
2025-01-20,motokar,HONDA,CIVIC,grey,petrol,Rakan Niaga,2014,COMPACT,1.8,4,M5,x,8.5,6.6,7.6,37,175
2025-01-20,motokar,HONDA,CIVIC,black,petrol,Rakan Niaga,2014,COMPACT,1.8,4,AV,x,7.9,6.0,7.0,40,161
2025-01-20,motokar,HONDA,CIVIC,black,petrol,Rakan Niaga,2014,COMPACT,1.8,4,AV7,x,8.1,6.2,7.2,39,166
2025-01-20,motokar,HONDA,CIVIC,black,petrol,Rakan Niaga,2014,COMPACT,1.8,4,M5,x,8.5,6.6,7.6,37,175
2025-01-20,motokar,HONDA,CIVIC,blue,petrol,Rakan Niaga,2014,COMPACT,1.8,4,AV,x,7.9,6.0,7.0,40,161
2025-01-20,motokar,HONDA,CIVIC,blue,petrol,Rakan Niaga,2014,COMPACT,1.8,4,AV7,x,8.1,6.2,7.2,39,166
2025-01-20,motokar,HONDA,CIVIC,blue,petrol,Rakan Niaga,2014,COMPACT,1.8,4,M5,x,8.5,6.6,7.6,37,175
2025-01-20,motokar,HONDA,CIVIC,blue,petrol,W.P. Kuala Lumpur,2014,COMPACT,1.8,4,AV,x,7.9,6.0,7.0,40,161
2025-01-20,motokar,HONDA,CIVIC,blue,petrol,W.P. Kuala Lumpur,2014,COMPACT,1.8,4,AV7,x,8.1,6.2,7.2,39,166
2025-01-20,motokar,HONDA,CIVIC,blue,petrol,W.P. Kuala Lumpur,2014,COMPACT,1.8,4,M5,x,8.5,6.6,7.6,37,175
2025-01-20,motokar,HONDA,CIVIC,yellow,petrol,Selangor,2014,COMPACT,1.8,4,AV,x,7.9,6.0,7.0,40,161
2025-01-20,motokar,HONDA,CIVIC,yellow,petrol,Selangor,2014,COMPACT,1.8,4,AV7,x,8.1,6.2,7.2,39,166
2025-01-20,motokar,HONDA,CIVIC,yellow,petrol,Selangor,2014,COMPACT,1.8,4,M5,x,8.5,6.6,7.6,37,175
2025-01-20,motokar,HONDA,CIVIC,red,petrol,Rakan Niaga,2014,COMPACT,1.8,4,AV,x,7.9,6.0,7.0,40,161
2025-01-20,motokar,HONDA,CIVIC,red,petrol,Rakan Niaga,2014,COMPACT,1.8,4,AV7,x,8.1,6.2,7.2,39,166
2025-01-20,motokar,HONDA,CIVIC,red,petrol,Rakan Niaga,2014,COMPACT,1.8,4,M5,x,8.5,6.6,7.6,37,175
2025-01-20,motokar,HONDA,CIVIC,white,hybrid_petrol,Rakan Niaga,2014,COMPACT,1.8,4,AV,x,7.9,6.0,7.0,40,161
2025-01-20,motokar,HONDA,CIVIC,white,hybrid_petrol,Rakan Niaga,2014,COMPACT,1.8,4,AV7,x,8.1,6.2,7.2,39,166
2025-01-20,motokar,HONDA,CIVIC,white,hybrid_petrol,Rakan Niaga,2014,COMPACT,1.8,4,M5,x,8.5,6.6,7.6,37,175
2025-01-20,motokar,HONDA,CIVIC,white,petrol,W.P. Kuala Lumpur,2014,COMPACT,1.8,4,AV,x,7.9,6.0,7.0,40,161
2025-01-20,motokar,HONDA,CIVIC,white,petrol,W.P. Kuala Lumpur,2014,COMPACT,1.8,4,AV7,x,8.1,6.2,7.2,39,166
2025-01-20,motokar,HONDA,CIVIC,white,petrol,W.P. Kuala Lumpur,2014,COMPACT,1.8,4,M5,x,8.5,6.6,7.6,37,175
2025-01-20,motokar,HONDA,CIVIC,blue,hybrid_petrol,Rakan Niaga,2014,COMPACT,1.8,4,AV,x,7.9,6.0,7.0,40,161
2025-01-20,motokar,HONDA,CIVIC,blue,hybrid_petrol,Rakan Niaga,2014,COMPACT,1.8,4,AV7,x,8.1,6.2,7.2,39,166
2025-01-20,motokar,HONDA,CIVIC,blue,hybrid_petrol,Rakan Niaga,2014,COMPACT,1.8,4,M5,x,8.5,6.6,7.6,37,175
2025-01-20,motokar,HONDA,CIVIC,white,petrol,Johor,2014,COMPACT,1.8,4,AV,x,7.9,6.0,7.0,40,161
2025-01-20,motokar,HONDA,CIVIC,white,petrol,Johor,2014,COMPACT,1.8,4,AV7,x,8.1,6.2,7.2,39,166
2025-01-20,motokar,HONDA,CIVIC,white,petrol,Johor,2014,COMPACT,1.8,4,M5,x,8.5,6.6,7.6,37,175
2025-01-20,motokar,HONDA,CIVIC,white,hybrid_petrol,Johor,2014,COMPACT,1.8,4,AV,x,7.9,6.0,7.0,40,161
2025-01-20,motokar,HONDA,CIVIC,white,hybrid_petrol,Johor,2014,COMPACT,1.8,4,AV7,x,8.1,6.2,7.2,39,166
2025-01-20,motokar,HONDA,CIVIC,white,hybrid_petrol,Johor,2014,COMPACT,1.8,4,M5,x,8.5,6.6,7.6,37,175
2025-01-20,motokar,HONDA,CIVIC,grey,petrol,W.P. Kuala Lumpur,2014,COMPACT,1.8,4,AV,x,7.9,6.0,7.0,40,161
2025-01-20,motokar,HONDA,CIVIC,grey,petrol,W.P. Kuala Lumpur,2014,COMPACT,1.8,4,AV7,x,8.1,6.2,7.2,39,166
2025-01-20,motokar,HONDA,CIVIC,grey,petrol,W.P. Kuala Lumpur,2014,COMPACT,1.8,4,M5,x,8.5,6.6,7.6,37,175
2025-01-20,window_van,HONDA,ODYSSEY,white,petrol,W.P. Kuala Lumpur,2014,MINIVAN,3.5,6,A6,x,12.3,8.5,10.6,27,244
2025-01-20,window_van,HONDA,ODYSSEY,black,petrol,W.P. Kuala Lumpur,2014,MINIVAN,3.5,6,A6,x,12.3,8.5,10.6,27,244
2025-01-20,jip,KIA,SPORTAGE,blue,petrol,Rakan Niaga,2014,SUV - SMALL,2.4,4,A6,x,11.4,8.3,10.0,28,230
2025-01-20,jip,KIA,SPORTAGE,blue,petrol,Rakan Niaga,2014,SUV - SMALL,2.4,4,M6,x,12.9,9.3,11.3,25,260
2025-01-20,jip,KIA,SPORTAGE,white,petrol,Rakan Niaga,2014,SUV - SMALL,2.4,4,A6,x,11.4,8.3,10.0,28,230
2025-01-20,jip,KIA,SPORTAGE,white,petrol,Rakan Niaga,2014,SUV - SMALL,2.4,4,M6,x,12.9,9.3,11.3,25,260
2025-01-20,jip,KIA,SPORTAGE,grey,petrol,Rakan Niaga,2014,SUV - SMALL,2.4,4,A6,x,11.4,8.3,10.0,28,230
2025-01-20,jip,KIA,SPORTAGE,grey,petrol,Rakan Niaga,2014,SUV - SMALL,2.4,4,M6,x,12.9,9.3,11.3,25,260
2025-01-20,jip,KIA,SPORTAGE,black,petrol,Rakan Niaga,2014,SUV - SMALL,2.4,4,A6,x,11.4,8.3,10.0,28,230
2025-01-20,jip,KIA,SPORTAGE,black,petrol,Rakan Niaga,2014,SUV - SMALL,2.4,4,M6,x,12.9,9.3,11.3,25,260
2025-01-20,jip,MAZDA,CX-5,blue,petrol,Rakan Niaga,2014,SUV - SMALL,2.0,4,AS6,x,8.9,7.3,8.2,34,189
2025-01-20,jip,MAZDA,CX-5,blue,petrol,Rakan Niaga,2014,SUV - SMALL,2.0,4,M6,x,9.0,6.8,8.0,35,184
2025-01-20,jip,MAZDA,CX-5,blue,petrol,Rakan Niaga,2014,SUV - SMALL,2.5,4,AS6,x,9.6,7.4,8.6,33,198
2025-01-20,jip,MAZDA,CX-5,gold,petrol,Selangor,2014,SUV - SMALL,2.0,4,AS6,x,8.9,7.3,8.2,34,189
2025-01-20,jip,MAZDA,CX-5,gold,petrol,Selangor,2014,SUV - SMALL,2.0,4,M6,x,9.0,6.8,8.0,35,184
2025-01-20,jip,MAZDA,CX-5,gold,petrol,Selangor,2014,SUV - SMALL,2.5,4,AS6,x,9.6,7.4,8.6,33,198
2025-01-20,jip,MAZDA,CX-5,white,petrol,Pulau Pinang,2014,SUV - SMALL,2.0,4,AS6,x,8.9,7.3,8.2,34,189
2025-01-20,jip,MAZDA,CX-5,white,petrol,Pulau Pinang,2014,SUV - SMALL,2.0,4,M6,x,9.0,6.8,8.0,35,184
2025-01-20,jip,MAZDA,CX-5,white,petrol,Pulau Pinang,2014,SUV - SMALL,2.5,4,AS6,x,9.6,7.4,8.6,33,198
2025-01-20,jip,MAZDA,CX-5,white,petrol,Rakan Niaga,2014,SUV - SMALL,2.0,4,AS6,x,8.9,7.3,8.2,34,189
2025-01-20,jip,MAZDA,CX-5,white,petrol,Rakan Niaga,2014,SUV - SMALL,2.0,4,M6,x,9.0,6.8,8.0,35,184
2025-01-20,jip,MAZDA,CX-5,white,petrol,Rakan Niaga,2014,SUV - SMALL,2.5,4,AS6,x,9.6,7.4,8.6,33,198
2025-01-20,jip,MAZDA,CX-5,grey,petrol,Rakan Niaga,2014,SUV - SMALL,2.0,4,AS6,x,8.9,7.3,8.2,34,189
2025-01-20,jip,MAZDA,CX-5,grey,petrol,Rakan Niaga,2014,SUV - SMALL,2.0,4,M6,x,9.0,6.8,8.0,35,184
2025-01-20,jip,MAZDA,CX-5,grey,petrol,Rakan Niaga,2014,SUV - SMALL,2.5,4,AS6,x,9.6,7.4,8.6,33,198
2025-01-20,jip,MAZDA,CX-5,gold,petrol,Rakan Niaga,2014,SUV - SMALL,2.0,4,AS6,x,8.9,7.3,8.2,34,189
2025-01-20,jip,MAZDA,CX-5,gold,petrol,Rakan Niaga,2014,SUV - SMALL,2.0,4,M6,x,9.0,6.8,8.0,35,184
2025-01-20,jip,MAZDA,CX-5,gold,petrol,Rakan Niaga,2014,SUV - SMALL,2.5,4,AS6,x,9.6,7.4,8.6,33,198
2025-01-20,jip,MAZDA,CX-5,blue,petrol,Johor,2014,SUV - SMALL,2.0,4,AS6,x,8.9,7.3,8.2,34,189
2025-01-20,jip,MAZDA,CX-5,blue,petrol,Johor,2014,SUV - SMALL,2.0,4,M6,x,9.0,6.8,8.0,35,184
2025-01-20,jip,MAZDA,CX-5,blue,petrol,Johor,2014,SUV - SMALL,2.5,4,AS6,x,9.6,7.4,8.6,33,198
2025-01-20,jip,MAZDA,CX-5,red,petrol,Rakan Niaga,2014,SUV - SMALL,2.0,4,AS6,x,8.9,7.3,8.2,34,189
2025-01-20,jip,MAZDA,CX-5,red,petrol,Rakan Niaga,2014,SUV - SMALL,2.0,4,M6,x,9.0,6.8,8.0,35,184
2025-01-20,jip,MAZDA,CX-5,red,petrol,Rakan Niaga,2014,SUV - SMALL,2.5,4,AS6,x,9.6,7.4,8.6,33,198
2025-01-20,motokar,MAZDA,MX-5,white,petrol,W.P. Kuala Lumpur,2014,TWO-SEATER,2.0,4,AS6,z,11.5,8.5,10.2,28,235
2025-01-20,motokar,MAZDA,MX-5,white,petrol,W.P. Kuala Lumpur,2014,TWO-SEATER,2.0,4,M5,z,10.5,8.5,9.6,29,221
2025-01-20,motokar,MAZDA,MX-5,white,petrol,W.P. Kuala Lumpur,2014,TWO-SEATER,2.0,4,M6,z,11.1,8.4,9.9,29,228
2025-01-20,motokar,PORSCHE,911 CARRERA,grey,petrol,Kedah,2014,MINICOMPACT,3.4,6,AM7,z,11.6,8.3,10.1,28,232
2025-01-20,motokar,PORSCHE,911 CARRERA,grey,petrol,Kedah,2014,MINICOMPACT,3.4,6,M7,z,12.5,8.6,10.7,26,246
2025-01-20,jip,PORSCHE,CAYENNE,grey,petrol,Rakan Niaga,2014,SUV - STANDARD,3.6,6,A8,z,13.6,10.1,12.0,24,276
2025-01-20,jip,PORSCHE,CAYENNE,grey,petrol,Rakan Niaga,2014,SUV - STANDARD,3.6,6,M6,z,15.8,10.9,13.6,21,313
2025-01-20,jip,PORSCHE,CAYENNE,black,petrol,Selangor,2014,SUV - STANDARD,3.6,6,A8,z,13.6,10.1,12.0,24,276
2025-01-20,jip,PORSCHE,CAYENNE,black,petrol,Selangor,2014,SUV - STANDARD,3.6,6,M6,z,15.8,10.9,13.6,21,313
2025-01-20,jip,PORSCHE,CAYENNE,white,petrol,W.P. Kuala Lumpur,2014,SUV - STANDARD,3.6,6,A8,z,13.6,10.1,12.0,24,276
2025-01-20,jip,PORSCHE,CAYENNE,white,petrol,W.P. Kuala Lumpur,2014,SUV - STANDARD,3.6,6,M6,z,15.8,10.9,13.6,21,313
2025-01-20,jip,PORSCHE,CAYENNE,black,petrol,W.P. Kuala Lumpur,2014,SUV - STANDARD,3.6,6,A8,z,13.6,10.1,12.0,24,276
2025-01-20,jip,PORSCHE,CAYENNE,black,petrol,W.P. Kuala Lumpur,2014,SUV - STANDARD,3.6,6,M6,z,15.8,10.9,13.6,21,313
2025-01-20,jip,PORSCHE,CAYENNE,white,petrol,Rakan Niaga,2014,SUV - STANDARD,3.6,6,A8,z,13.6,10.1,12.0,24,276
2025-01-20,jip,PORSCHE,CAYENNE,white,petrol,Rakan Niaga,2014,SUV - STANDARD,3.6,6,M6,z,15.8,10.9,13.6,21,313
2025-01-20,jip,PORSCHE,CAYENNE,grey,petrol,W.P. Kuala Lumpur,2014,SUV - STANDARD,3.6,6,A8,z,13.6,10.1,12.0,24,276
2025-01-20,jip,PORSCHE,CAYENNE,grey,petrol,W.P. Kuala Lumpur,2014,SUV - STANDARD,3.6,6,M6,z,15.8,10.9,13.6,21,313
2025-01-20,motokar,TOYOTA,YARIS,red,petrol,Rakan Niaga,2014,COMPACT,1.5,4,A4,x,7.9,6.6,7.3,39,168
2025-01-20,motokar,TOYOTA,YARIS,red,petrol,Rakan Niaga,2014,COMPACT,1.5,4,M5,x,7.8,6.3,7.1,40,163
2025-01-20,motokar,TOYOTA,YARIS,white,petrol,Rakan Niaga,2014,COMPACT,1.5,4,A4,x,7.9,6.6,7.3,39,168
2025-01-20,motokar,TOYOTA,YARIS,white,petrol,Rakan Niaga,2014,COMPACT,1.5,4,M5,x,7.8,6.3,7.1,40,163
2025-01-20,motokar,TOYOTA,YARIS,silver,petrol,Rakan Niaga,2014,COMPACT,1.5,4,A4,x,7.9,6.6,7.3,39,168
2025-01-20,motokar,TOYOTA,YARIS,silver,petrol,Rakan Niaga,2014,COMPACT,1.5,4,M5,x,7.8,6.3,7.1,40,163
2025-01-20,motokar,TOYOTA,YARIS,red,petrol,W.P. Kuala Lumpur,2014,COMPACT,1.5,4,A4,x,7.9,6.6,7.3,39,168
2025-01-20,motokar,TOYOTA,YARIS,red,petrol,W.P. Kuala Lumpur,2014,COMPACT,1.5,4,M5,x,7.8,6.3,7.1,40,163
2025-01-20,jip,VOLKSWAGEN,TIGUAN,silver,petrol,W.P. Kuala Lumpur,2014,SUV - SMALL,2.0,4,A6,z,11.7,9.5,10.7,26,246
2025-01-20,jip,VOLKSWAGEN,TIGUAN,silver,petrol,W.P. Kuala Lumpur,2014,SUV - SMALL,2.0,4,M6,z,13.6,9.2,11.6,24,267
2025-01-20,jip,VOLKSWAGEN,TIGUAN,white,petrol,Rakan Niaga,2014,SUV - SMALL,2.0,4,A6,z,11.7,9.5,10.7,26,246
2025-01-20,jip,VOLKSWAGEN,TIGUAN,white,petrol,Rakan Niaga,2014,SUV - SMALL,2.0,4,M6,z,13.6,9.2,11.6,24,267
2025-01-20,jip,VOLVO,XC60,white,hybrid_petrol,Pulau Pinang,2014,SUV - SMALL,3.2,6,AS6,x,13.0,8.9,11.2,25,258
2025-01-20,jip,VOLVO,XC60,grey,hybrid_petrol,Rakan Niaga,2014,SUV - SMALL,3.2,6,AS6,x,13.0,8.9,11.2,25,258
2025-01-21,jip,HONDA,CR-V,red,hybrid_petrol,Rakan Niaga,2014,SUV - SMALL,2.4,4,A5,x,10.3,7.6,9.1,31,209
2025-01-21,jip,HONDA,CR-V,white,hybrid_petrol,Rakan Niaga,2014,SUV - SMALL,2.4,4,A5,x,10.3,7.6,9.1,31,209
2025-01-21,jip,HONDA,CR-V,blue,hybrid_petrol,Rakan Niaga,2014,SUV - SMALL,2.4,4,A5,x,10.3,7.6,9.1,31,209
2025-01-21,jip,HONDA,CR-V,white,petrol,Rakan Niaga,2014,SUV - SMALL,2.4,4,A5,x,10.3,7.6,9.1,31,209
2025-01-21,jip,HONDA,CR-V,grey,hybrid_petrol,W.P. Kuala Lumpur,2014,SUV - SMALL,2.4,4,A5,x,10.3,7.6,9.1,31,209
2025-01-21,jip,HONDA,CR-V,blue,petrol,Rakan Niaga,2014,SUV - SMALL,2.4,4,A5,x,10.3,7.6,9.1,31,209
2025-01-21,jip,HONDA,CR-V,silver,hybrid_petrol,W.P. Kuala Lumpur,2014,SUV - SMALL,2.4,4,A5,x,10.3,7.6,9.1,31,209
2025-01-21,jip,HONDA,CR-V,grey,hybrid_petrol,Rakan Niaga,2014,SUV - SMALL,2.4,4,A5,x,10.3,7.6,9.1,31,209
2025-01-21,jip,HONDA,CR-V,grey,petrol,Rakan Niaga,2014,SUV - SMALL,2.4,4,A5,x,10.3,7.6,9.1,31,209
2025-01-21,jip,HONDA,CR-V,blue,hybrid_petrol,Selangor,2014,SUV - SMALL,2.4,4,A5,x,10.3,7.6,9.1,31,209
2025-01-21,jip,HONDA,CR-V,red,hybrid_petrol,Perak,2014,SUV - SMALL,2.4,4,A5,x,10.3,7.6,9.1,31,209
2025-01-21,jip,HONDA,CR-V,silver,hybrid_petrol,Pulau Pinang,2014,SUV - SMALL,2.4,4,A5,x,10.3,7.6,9.1,31,209
2025-01-21,jip,HONDA,CR-V,red,petrol,Perak,2014,SUV - SMALL,2.4,4,A5,x,10.3,7.6,9.1,31,209
2025-01-21,jip,HONDA,CR-V,blue,hybrid_petrol,Sabah,2014,SUV - SMALL,2.4,4,A5,x,10.3,7.6,9.1,31,209
2025-01-21,motokar,HONDA,CIVIC,white,petrol,Rakan Niaga,2014,COMPACT,1.8,4,AV,x,7.9,6.0,7.0,40,161
2025-01-21,motokar,HONDA,CIVIC,white,petrol,Rakan Niaga,2014,COMPACT,1.8,4,AV7,x,8.1,6.2,7.2,39,166
2025-01-21,motokar,HONDA,CIVIC,white,petrol,Rakan Niaga,2014,COMPACT,1.8,4,M5,x,8.5,6.6,7.6,37,175
2025-01-21,motokar,HONDA,CIVIC,black,petrol,Rakan Niaga,2014,COMPACT,1.8,4,AV,x,7.9,6.0,7.0,40,161
2025-01-21,motokar,HONDA,CIVIC,black,petrol,Rakan Niaga,2014,COMPACT,1.8,4,AV7,x,8.1,6.2,7.2,39,166
2025-01-21,motokar,HONDA,CIVIC,black,petrol,Rakan Niaga,2014,COMPACT,1.8,4,M5,x,8.5,6.6,7.6,37,175
2025-01-21,motokar,HONDA,CIVIC,black,petrol,W.P. Kuala Lumpur,2014,COMPACT,1.8,4,AV,x,7.9,6.0,7.0,40,161
2025-01-21,motokar,HONDA,CIVIC,black,petrol,W.P. Kuala Lumpur,2014,COMPACT,1.8,4,AV7,x,8.1,6.2,7.2,39,166
2025-01-21,motokar,HONDA,CIVIC,black,petrol,W.P. Kuala Lumpur,2014,COMPACT,1.8,4,M5,x,8.5,6.6,7.6,37,175
2025-01-21,motokar,HONDA,CIVIC,blue,petrol,Rakan Niaga,2014,COMPACT,1.8,4,AV,x,7.9,6.0,7.0,40,161
2025-01-21,motokar,HONDA,CIVIC,blue,petrol,Rakan Niaga,2014,COMPACT,1.8,4,AV7,x,8.1,6.2,7.2,39,166
2025-01-21,motokar,HONDA,CIVIC,blue,petrol,Rakan Niaga,2014,COMPACT,1.8,4,M5,x,8.5,6.6,7.6,37,175
2025-01-21,motokar,HONDA,CIVIC,grey,petrol,Rakan Niaga,2014,COMPACT,1.8,4,AV,x,7.9,6.0,7.0,40,161
2025-01-21,motokar,HONDA,CIVIC,grey,petrol,Rakan Niaga,2014,COMPACT,1.8,4,AV7,x,8.1,6.2,7.2,39,166
2025-01-21,motokar,HONDA,CIVIC,grey,petrol,Rakan Niaga,2014,COMPACT,1.8,4,M5,x,8.5,6.6,7.6,37,175
2025-01-21,motokar,HONDA,CIVIC,red,petrol,W.P. Kuala Lumpur,2014,COMPACT,1.8,4,AV,x,7.9,6.0,7.0,40,161
2025-01-21,motokar,HONDA,CIVIC,red,petrol,W.P. Kuala Lumpur,2014,COMPACT,1.8,4,AV7,x,8.1,6.2,7.2,39,166
2025-01-21,motokar,HONDA,CIVIC,red,petrol,W.P. Kuala Lumpur,2014,COMPACT,1.8,4,M5,x,8.5,6.6,7.6,37,175
2025-01-21,motokar,HONDA,CIVIC,white,petrol,Johor,2014,COMPACT,1.8,4,AV,x,7.9,6.0,7.0,40,161
2025-01-21,motokar,HONDA,CIVIC,white,petrol,Johor,2014,COMPACT,1.8,4,AV7,x,8.1,6.2,7.2,39,166
2025-01-21,motokar,HONDA,CIVIC,white,petrol,Johor,2014,COMPACT,1.8,4,M5,x,8.5,6.6,7.6,37,175
2025-01-21,motokar,HONDA,CIVIC,white,hybrid_petrol,Rakan Niaga,2014,COMPACT,1.8,4,AV,x,7.9,6.0,7.0,40,161
2025-01-21,motokar,HONDA,CIVIC,white,hybrid_petrol,Rakan Niaga,2014,COMPACT,1.8,4,AV7,x,8.1,6.2,7.2,39,166
2025-01-21,motokar,HONDA,CIVIC,white,hybrid_petrol,Rakan Niaga,2014,COMPACT,1.8,4,M5,x,8.5,6.6,7.6,37,175
2025-01-21,motokar,HONDA,CIVIC,blue,hybrid_petrol,Rakan Niaga,2014,COMPACT,1.8,4,AV,x,7.9,6.0,7.0,40,161
2025-01-21,motokar,HONDA,CIVIC,blue,hybrid_petrol,Rakan Niaga,2014,COMPACT,1.8,4,AV7,x,8.1,6.2,7.2,39,166
2025-01-21,motokar,HONDA,CIVIC,blue,hybrid_petrol,Rakan Niaga,2014,COMPACT,1.8,4,M5,x,8.5,6.6,7.6,37,175
2025-01-21,motokar,HONDA,CIVIC,white,petrol,Pahang,2014,COMPACT,1.8,4,AV,x,7.9,6.0,7.0,40,161
2025-01-21,motokar,HONDA,CIVIC,white,petrol,Pahang,2014,COMPACT,1.8,4,AV7,x,8.1,6.2,7.2,39,166
2025-01-21,motokar,HONDA,CIVIC,white,petrol,Pahang,2014,COMPACT,1.8,4,M5,x,8.5,6.6,7.6,37,175
2025-01-21,motokar,HONDA,CIVIC,white,petrol,W.P. Kuala Lumpur,2014,COMPACT,1.8,4,AV,x,7.9,6.0,7.0,40,161
2025-01-21,motokar,HONDA,CIVIC,white,petrol,W.P. Kuala Lumpur,2014,COMPACT,1.8,4,AV7,x,8.1,6.2,7.2,39,166
2025-01-21,motokar,HONDA,CIVIC,white,petrol,W.P. Kuala Lumpur,2014,COMPACT,1.8,4,M5,x,8.5,6.6,7.6,37,175
2025-01-21,motokar,HONDA,CIVIC,white,petrol,Perak,2014,COMPACT,1.8,4,AV,x,7.9,6.0,7.0,40,161
2025-01-21,motokar,HONDA,CIVIC,white,petrol,Perak,2014,COMPACT,1.8,4,AV7,x,8.1,6.2,7.2,39,166
2025-01-21,motokar,HONDA,CIVIC,white,petrol,Perak,2014,COMPACT,1.8,4,M5,x,8.5,6.6,7.6,37,175
2025-01-21,motokar,HONDA,CIVIC,red,petrol,Rakan Niaga,2014,COMPACT,1.8,4,AV,x,7.9,6.0,7.0,40,161
2025-01-21,motokar,HONDA,CIVIC,red,petrol,Rakan Niaga,2014,COMPACT,1.8,4,AV7,x,8.1,6.2,7.2,39,166
2025-01-21,motokar,HONDA,CIVIC,red,petrol,Rakan Niaga,2014,COMPACT,1.8,4,M5,x,8.5,6.6,7.6,37,175
2025-01-21,motokar,HONDA,CIVIC,grey,petrol,Selangor,2014,COMPACT,1.8,4,AV,x,7.9,6.0,7.0,40,161
2025-01-21,motokar,HONDA,CIVIC,grey,petrol,Selangor,2014,COMPACT,1.8,4,AV7,x,8.1,6.2,7.2,39,166
2025-01-21,motokar,HONDA,CIVIC,grey,petrol,Selangor,2014,COMPACT,1.8,4,M5,x,8.5,6.6,7.6,37,175
2025-01-21,motokar,HONDA,CIVIC,blue,petrol,Kedah,2014,COMPACT,1.8,4,AV,x,7.9,6.0,7.0,40,161
2025-01-21,motokar,HONDA,CIVIC,blue,petrol,Kedah,2014,COMPACT,1.8,4,AV7,x,8.1,6.2,7.2,39,166
2025-01-21,motokar,HONDA,CIVIC,blue,petrol,Kedah,2014,COMPACT,1.8,4,M5,x,8.5,6.6,7.6,37,175
2025-01-21,motokar,HONDA,CIVIC,grey,hybrid_petrol,Rakan Niaga,2014,COMPACT,1.8,4,AV,x,7.9,6.0,7.0,40,161
2025-01-21,motokar,HONDA,CIVIC,grey,hybrid_petrol,Rakan Niaga,2014,COMPACT,1.8,4,AV7,x,8.1,6.2,7.2,39,166
2025-01-21,motokar,HONDA,CIVIC,grey,hybrid_petrol,Rakan Niaga,2014,COMPACT,1.8,4,M5,x,8.5,6.6,7.6,37,175
2025-01-21,window_van,HONDA,ODYSSEY,blue,petrol,W.P. Kuala Lumpur,2014,MINIVAN,3.5,6,A6,x,12.3,8.5,10.6,27,244
2025-01-21,window_van,HONDA,ODYSSEY,black,petrol,W.P. Kuala Lumpur,2014,MINIVAN,3.5,6,A6,x,12.3,8.5,10.6,27,244
2025-01-21,window_van,HONDA,ODYSSEY,silver,petrol,Rakan Niaga,2014,MINIVAN,3.5,6,A6,x,12.3,8.5,10.6,27,244
2025-01-21,jip,KIA,SPORTAGE,blue,petrol,Rakan Niaga,2014,SUV - SMALL,2.4,4,A6,x,11.4,8.3,10.0,28,230
2025-01-21,jip,KIA,SPORTAGE,blue,petrol,Rakan Niaga,2014,SUV - SMALL,2.4,4,M6,x,12.9,9.3,11.3,25,260
2025-01-21,jip,MAZDA,CX-5,blue,petrol,Kelantan,2014,SUV - SMALL,2.0,4,AS6,x,8.9,7.3,8.2,34,189
2025-01-21,jip,MAZDA,CX-5,blue,petrol,Kelantan,2014,SUV - SMALL,2.0,4,M6,x,9.0,6.8,8.0,35,184
2025-01-21,jip,MAZDA,CX-5,blue,petrol,Kelantan,2014,SUV - SMALL,2.5,4,AS6,x,9.6,7.4,8.6,33,198
2025-01-21,jip,MAZDA,CX-5,red,petrol,Rakan Niaga,2014,SUV - SMALL,2.0,4,AS6,x,8.9,7.3,8.2,34,189
2025-01-21,jip,MAZDA,CX-5,red,petrol,Rakan Niaga,2014,SUV - SMALL,2.0,4,M6,x,9.0,6.8,8.0,35,184
2025-01-21,jip,MAZDA,CX-5,red,petrol,Rakan Niaga,2014,SUV - SMALL,2.5,4,AS6,x,9.6,7.4,8.6,33,198
2025-01-21,jip,MAZDA,CX-5,blue,petrol,Rakan Niaga,2014,SUV - SMALL,2.0,4,AS6,x,8.9,7.3,8.2,34,189
2025-01-21,jip,MAZDA,CX-5,blue,petrol,Rakan Niaga,2014,SUV - SMALL,2.0,4,M6,x,9.0,6.8,8.0,35,184
2025-01-21,jip,MAZDA,CX-5,blue,petrol,Rakan Niaga,2014,SUV - SMALL,2.5,4,AS6,x,9.6,7.4,8.6,33,198
2025-01-21,jip,MAZDA,CX-5,black,petrol,Rakan Niaga,2014,SUV - SMALL,2.0,4,AS6,x,8.9,7.3,8.2,34,189
2025-01-21,jip,MAZDA,CX-5,black,petrol,Rakan Niaga,2014,SUV - SMALL,2.0,4,M6,x,9.0,6.8,8.0,35,184
2025-01-21,jip,MAZDA,CX-5,black,petrol,Rakan Niaga,2014,SUV - SMALL,2.5,4,AS6,x,9.6,7.4,8.6,33,198
2025-01-21,jip,MAZDA,CX-5,gold,petrol,Rakan Niaga,2014,SUV - SMALL,2.0,4,AS6,x,8.9,7.3,8.2,34,189
2025-01-21,jip,MAZDA,CX-5,gold,petrol,Rakan Niaga,2014,SUV - SMALL,2.0,4,M6,x,9.0,6.8,8.0,35,184
2025-01-21,jip,MAZDA,CX-5,gold,petrol,Rakan Niaga,2014,SUV - SMALL,2.5,4,AS6,x,9.6,7.4,8.6,33,198
2025-01-21,jip,MAZDA,CX-5,blue,petrol,Selangor,2014,SUV - SMALL,2.0,4,AS6,x,8.9,7.3,8.2,34,189
2025-01-21,jip,MAZDA,CX-5,blue,petrol,Selangor,2014,SUV - SMALL,2.0,4,M6,x,9.0,6.8,8.0,35,184
2025-01-21,jip,MAZDA,CX-5,blue,petrol,Selangor,2014,SUV - SMALL,2.5,4,AS6,x,9.6,7.4,8.6,33,198
2025-01-21,jip,MAZDA,CX-5,black,petrol,W.P. Kuala Lumpur,2014,SUV - SMALL,2.0,4,AS6,x,8.9,7.3,8.2,34,189
2025-01-21,jip,MAZDA,CX-5,black,petrol,W.P. Kuala Lumpur,2014,SUV - SMALL,2.0,4,M6,x,9.0,6.8,8.0,35,184
2025-01-21,jip,MAZDA,CX-5,black,petrol,W.P. Kuala Lumpur,2014,SUV - SMALL,2.5,4,AS6,x,9.6,7.4,8.6,33,198
2025-01-21,jip,MAZDA,CX-5,black,petrol,Terengganu,2014,SUV - SMALL,2.0,4,AS6,x,8.9,7.3,8.2,34,189
2025-01-21,jip,MAZDA,CX-5,black,petrol,Terengganu,2014,SUV - SMALL,2.0,4,M6,x,9.0,6.8,8.0,35,184
2025-01-21,jip,MAZDA,CX-5,black,petrol,Terengganu,2014,SUV - SMALL,2.5,4,AS6,x,9.6,7.4,8.6,33,198
2025-01-21,motokar,PORSCHE,911 CARRERA,grey,petrol,W.P. Kuala Lumpur,2014,MINICOMPACT,3.4,6,AM7,z,11.6,8.3,10.1,28,232
2025-01-21,motokar,PORSCHE,911 CARRERA,grey,petrol,W.P. Kuala Lumpur,2014,MINICOMPACT,3.4,6,M7,z,12.5,8.6,10.7,26,246
2025-01-21,motokar,PORSCHE,911 CARRERA,silver,petrol,W.P. Kuala Lumpur,2014,MINICOMPACT,3.4,6,AM7,z,11.6,8.3,10.1,28,232
2025-01-21,motokar,PORSCHE,911 CARRERA,silver,petrol,W.P. Kuala Lumpur,2014,MINICOMPACT,3.4,6,M7,z,12.5,8.6,10.7,26,246
2025-01-21,jip,PORSCHE,CAYENNE,white,petrol,W.P. Kuala Lumpur,2014,SUV - STANDARD,3.6,6,A8,z,13.6,10.1,12.0,24,276
2025-01-21,jip,PORSCHE,CAYENNE,white,petrol,W.P. Kuala Lumpur,2014,SUV - STANDARD,3.6,6,M6,z,15.8,10.9,13.6,21,313
2025-01-21,jip,PORSCHE,CAYENNE,grey,petrol,Rakan Niaga,2014,SUV - STANDARD,3.6,6,A8,z,13.6,10.1,12.0,24,276
2025-01-21,jip,PORSCHE,CAYENNE,grey,petrol,Rakan Niaga,2014,SUV - STANDARD,3.6,6,M6,z,15.8,10.9,13.6,21,313
2025-01-21,jip,PORSCHE,CAYENNE,blue,petrol,W.P. Kuala Lumpur,2014,SUV - STANDARD,3.6,6,A8,z,13.6,10.1,12.0,24,276
2025-01-21,jip,PORSCHE,CAYENNE,blue,petrol,W.P. Kuala Lumpur,2014,SUV - STANDARD,3.6,6,M6,z,15.8,10.9,13.6,21,313
2025-01-21,jip,PORSCHE,CAYENNE,black,petrol,Selangor,2014,SUV - STANDARD,3.6,6,A8,z,13.6,10.1,12.0,24,276
2025-01-21,jip,PORSCHE,CAYENNE,black,petrol,Selangor,2014,SUV - STANDARD,3.6,6,M6,z,15.8,10.9,13.6,21,313
2025-01-21,jip,PORSCHE,CAYENNE,white,petrol,Johor,2014,SUV - STANDARD,3.6,6,A8,z,13.6,10.1,12.0,24,276
2025-01-21,jip,PORSCHE,CAYENNE,white,petrol,Johor,2014,SUV - STANDARD,3.6,6,M6,z,15.8,10.9,13.6,21,313
2025-01-21,jip,PORSCHE,CAYENNE,white,petrol,Rakan Niaga,2014,SUV - STANDARD,3.6,6,A8,z,13.6,10.1,12.0,24,276
2025-01-21,jip,PORSCHE,CAYENNE,white,petrol,Rakan Niaga,2014,SUV - STANDARD,3.6,6,M6,z,15.8,10.9,13.6,21,313
2025-01-21,jip,PORSCHE,CAYENNE,white,petrol,Selangor,2014,SUV - STANDARD,3.6,6,A8,z,13.6,10.1,12.0,24,276
2025-01-21,jip,PORSCHE,CAYENNE,white,petrol,Selangor,2014,SUV - STANDARD,3.6,6,M6,z,15.8,10.9,13.6,21,313
2025-01-21,jip,PORSCHE,CAYENNE,black,petrol,Pulau Pinang,2014,SUV - STANDARD,3.6,6,A8,z,13.6,10.1,12.0,24,276
2025-01-21,jip,PORSCHE,CAYENNE,black,petrol,Pulau Pinang,2014,SUV - STANDARD,3.6,6,M6,z,15.8,10.9,13.6,21,313
2025-01-21,jip,PORSCHE,CAYENNE,black,petrol,W.P. Kuala Lumpur,2014,SUV - STANDARD,3.6,6,A8,z,13.6,10.1,12.0,24,276
2025-01-21,jip,PORSCHE,CAYENNE,black,petrol,W.P. Kuala Lumpur,2014,SUV - STANDARD,3.6,6,M6,z,15.8,10.9,13.6,21,313
2025-01-21,jip,PORSCHE,CAYENNE,black,petrol,Johor,2014,SUV - STANDARD,3.6,6,A8,z,13.6,10.1,12.0,24,276
2025-01-21,jip,PORSCHE,CAYENNE,black,petrol,Johor,2014,SUV - STANDARD,3.6,6,M6,z,15.8,10.9,13.6,21,313
2025-01-21,jip,PORSCHE,CAYENNE,black,petrol,Kelantan,2014,SUV - STANDARD,3.6,6,A8,z,13.6,10.1,12.0,24,276
2025-01-21,jip,PORSCHE,CAYENNE,black,petrol,Kelantan,2014,SUV - STANDARD,3.6,6,M6,z,15.8,10.9,13.6,21,313
2025-01-21,motokar,PORSCHE,PANAMERA,black,petrol,Johor,2014,FULL-SIZE,3.6,6,AM7,z,12.9,8.4,10.9,26,251
2025-01-21,motokar,TOYOTA,CAMRY,black,petrol,Rakan Niaga,2014,MID-SIZE,2.5,4,AS6,x,9.5,6.6,8.2,34,189
2025-01-21,motokar,TOYOTA,CAMRY,black,petrol,Rakan Niaga,2014,MID-SIZE,3.5,6,AS6,x,11.1,7.8,9.6,29,221
2025-01-21,motokar,TOYOTA,YARIS,red,petrol,Rakan Niaga,2014,COMPACT,1.5,4,A4,x,7.9,6.6,7.3,39,168
2025-01-21,motokar,TOYOTA,YARIS,red,petrol,Rakan Niaga,2014,COMPACT,1.5,4,M5,x,7.8,6.3,7.1,40,163
2025-01-21,motokar,TOYOTA,YARIS,white,petrol,Rakan Niaga,2014,COMPACT,1.5,4,A4,x,7.9,6.6,7.3,39,168
2025-01-21,motokar,TOYOTA,YARIS,white,petrol,Rakan Niaga,2014,COMPACT,1.5,4,M5,x,7.8,6.3,7.1,40,163
2025-01-21,motokar,TOYOTA,YARIS,silver,petrol,Rakan Niaga,2014,COMPACT,1.5,4,A4,x,7.9,6.6,7.3,39,168
2025-01-21,motokar,TOYOTA,YARIS,silver,petrol,Rakan Niaga,2014,COMPACT,1.5,4,M5,x,7.8,6.3,7.1,40,163
2025-01-21,motokar,TOYOTA,YARIS,white,petrol,W.P. Kuala Lumpur,2014,COMPACT,1.5,4,A4,x,7.9,6.6,7.3,39,168
2025-01-21,motokar,TOYOTA,YARIS,white,petrol,W.P. Kuala Lumpur,2014,COMPACT,1.5,4,M5,x,7.8,6.3,7.1,40,163
2025-01-21,jip,TOYOTA,YARIS,white,petrol,Rakan Niaga,2014,COMPACT,1.5,4,A4,x,7.9,6.6,7.3,39,168
2025-01-21,jip,TOYOTA,YARIS,white,petrol,Rakan Niaga,2014,COMPACT,1.5,4,M5,x,7.8,6.3,7.1,40,163
2025-01-21,motokar,TOYOTA,YARIS,silver,petrol,Selangor,2014,COMPACT,1.5,4,A4,x,7.9,6.6,7.3,39,168
2025-01-21,motokar,TOYOTA,YARIS,silver,petrol,Selangor,2014,COMPACT,1.5,4,M5,x,7.8,6.3,7.1,40,163
2025-01-21,motokar,TOYOTA,YARIS,white,petrol,Johor,2014,COMPACT,1.5,4,A4,x,7.9,6.6,7.3,39,168
2025-01-21,motokar,TOYOTA,YARIS,white,petrol,Johor,2014,COMPACT,1.5,4,M5,x,7.8,6.3,7.1,40,163
2025-01-21,jip,VOLKSWAGEN,TIGUAN,white,petrol,Rakan Niaga,2014,SUV - SMALL,2.0,4,A6,z,11.7,9.5,10.7,26,246
2025-01-21,jip,VOLKSWAGEN,TIGUAN,white,petrol,Rakan Niaga,2014,SUV - SMALL,2.0,4,M6,z,13.6,9.2,11.6,24,267
2025-01-21,jip,VOLKSWAGEN,TIGUAN,grey,petrol,Rakan Niaga,2014,SUV - SMALL,2.0,4,A6,z,11.7,9.5,10.7,26,246
2025-01-21,jip,VOLKSWAGEN,TIGUAN,grey,petrol,Rakan Niaga,2014,SUV - SMALL,2.0,4,M6,z,13.6,9.2,11.6,24,267
2025-01-21,jip,VOLKSWAGEN,TIGUAN,silver,petrol,Rakan Niaga,2014,SUV - SMALL,2.0,4,A6,z,11.7,9.5,10.7,26,246
2025-01-21,jip,VOLKSWAGEN,TIGUAN,silver,petrol,Rakan Niaga,2014,SUV - SMALL,2.0,4,M6,z,13.6,9.2,11.6,24,267
2025-01-21,jip,VOLKSWAGEN,TIGUAN,blue,petrol,Rakan Niaga,2014,SUV - SMALL,2.0,4,A6,z,11.7,9.5,10.7,26,246
2025-01-21,jip,VOLKSWAGEN,TIGUAN,blue,petrol,Rakan Niaga,2014,SUV - SMALL,2.0,4,M6,z,13.6,9.2,11.6,24,267
2025-01-22,jip,HONDA,CR-V,blue,petrol,Rakan Niaga,2014,SUV - SMALL,2.4,4,A5,x,10.3,7.6,9.1,31,209
2025-01-22,jip,HONDA,CR-V,silver,hybrid_petrol,Rakan Niaga,2014,SUV - SMALL,2.4,4,A5,x,10.3,7.6,9.1,31,209
2025-01-22,jip,HONDA,CR-V,red,petrol,Johor,2014,SUV - SMALL,2.4,4,A5,x,10.3,7.6,9.1,31,209
2025-01-22,jip,HONDA,CR-V,blue,hybrid_petrol,Rakan Niaga,2014,SUV - SMALL,2.4,4,A5,x,10.3,7.6,9.1,31,209
2025-01-22,jip,HONDA,CR-V,grey,hybrid_petrol,Rakan Niaga,2014,SUV - SMALL,2.4,4,A5,x,10.3,7.6,9.1,31,209
2025-01-22,jip,HONDA,CR-V,red,petrol,Rakan Niaga,2014,SUV - SMALL,2.4,4,A5,x,10.3,7.6,9.1,31,209
2025-01-22,jip,HONDA,CR-V,blue,petrol,Johor,2014,SUV - SMALL,2.4,4,A5,x,10.3,7.6,9.1,31,209
2025-01-22,jip,HONDA,CR-V,grey,petrol,Rakan Niaga,2014,SUV - SMALL,2.4,4,A5,x,10.3,7.6,9.1,31,209
2025-01-22,jip,HONDA,CR-V,white,hybrid_petrol,Rakan Niaga,2014,SUV - SMALL,2.4,4,A5,x,10.3,7.6,9.1,31,209
2025-01-22,jip,HONDA,CR-V,blue,hybrid_petrol,W.P. Kuala Lumpur,2014,SUV - SMALL,2.4,4,A5,x,10.3,7.6,9.1,31,209
2025-01-22,motokar,HONDA,CIVIC,blue,petrol,Rakan Niaga,2014,COMPACT,1.8,4,AV,x,7.9,6.0,7.0,40,161
2025-01-22,motokar,HONDA,CIVIC,blue,petrol,Rakan Niaga,2014,COMPACT,1.8,4,AV7,x,8.1,6.2,7.2,39,166
2025-01-22,motokar,HONDA,CIVIC,blue,petrol,Rakan Niaga,2014,COMPACT,1.8,4,M5,x,8.5,6.6,7.6,37,175
2025-01-22,motokar,HONDA,CIVIC,blue,petrol,W.P. Kuala Lumpur,2014,COMPACT,1.8,4,AV,x,7.9,6.0,7.0,40,161
2025-01-22,motokar,HONDA,CIVIC,blue,petrol,W.P. Kuala Lumpur,2014,COMPACT,1.8,4,AV7,x,8.1,6.2,7.2,39,166
2025-01-22,motokar,HONDA,CIVIC,blue,petrol,W.P. Kuala Lumpur,2014,COMPACT,1.8,4,M5,x,8.5,6.6,7.6,37,175
2025-01-22,motokar,HONDA,CIVIC,blue,petrol,Johor,2014,COMPACT,1.8,4,AV,x,7.9,6.0,7.0,40,161
2025-01-22,motokar,HONDA,CIVIC,blue,petrol,Johor,2014,COMPACT,1.8,4,AV7,x,8.1,6.2,7.2,39,166
2025-01-22,motokar,HONDA,CIVIC,blue,petrol,Johor,2014,COMPACT,1.8,4,M5,x,8.5,6.6,7.6,37,175
2025-01-22,motokar,HONDA,CIVIC,black,petrol,Rakan Niaga,2014,COMPACT,1.8,4,AV,x,7.9,6.0,7.0,40,161
2025-01-22,motokar,HONDA,CIVIC,black,petrol,Rakan Niaga,2014,COMPACT,1.8,4,AV7,x,8.1,6.2,7.2,39,166
2025-01-22,motokar,HONDA,CIVIC,black,petrol,Rakan Niaga,2014,COMPACT,1.8,4,M5,x,8.5,6.6,7.6,37,175
2025-01-22,motokar,HONDA,CIVIC,grey,petrol,W.P. Kuala Lumpur,2014,COMPACT,1.8,4,AV,x,7.9,6.0,7.0,40,161
2025-01-22,motokar,HONDA,CIVIC,grey,petrol,W.P. Kuala Lumpur,2014,COMPACT,1.8,4,AV7,x,8.1,6.2,7.2,39,166
2025-01-22,motokar,HONDA,CIVIC,grey,petrol,W.P. Kuala Lumpur,2014,COMPACT,1.8,4,M5,x,8.5,6.6,7.6,37,175
2025-01-22,motokar,HONDA,CIVIC,grey,petrol,Rakan Niaga,2014,COMPACT,1.8,4,AV,x,7.9,6.0,7.0,40,161
2025-01-22,motokar,HONDA,CIVIC,grey,petrol,Rakan Niaga,2014,COMPACT,1.8,4,AV7,x,8.1,6.2,7.2,39,166
2025-01-22,motokar,HONDA,CIVIC,grey,petrol,Rakan Niaga,2014,COMPACT,1.8,4,M5,x,8.5,6.6,7.6,37,175
2025-01-22,motokar,HONDA,CIVIC,red,petrol,Kedah,2014,COMPACT,1.8,4,AV,x,7.9,6.0,7.0,40,161
2025-01-22,motokar,HONDA,CIVIC,red,petrol,Kedah,2014,COMPACT,1.8,4,AV7,x,8.1,6.2,7.2,39,166
2025-01-22,motokar,HONDA,CIVIC,red,petrol,Kedah,2014,COMPACT,1.8,4,M5,x,8.5,6.6,7.6,37,175
2025-01-22,motokar,HONDA,CIVIC,white,hybrid_petrol,Rakan Niaga,2014,COMPACT,1.8,4,AV,x,7.9,6.0,7.0,40,161
2025-01-22,motokar,HONDA,CIVIC,white,hybrid_petrol,Rakan Niaga,2014,COMPACT,1.8,4,AV7,x,8.1,6.2,7.2,39,166
2025-01-22,motokar,HONDA,CIVIC,white,hybrid_petrol,Rakan Niaga,2014,COMPACT,1.8,4,M5,x,8.5,6.6,7.6,37,175
2025-01-22,motokar,HONDA,CIVIC,white,petrol,Rakan Niaga,2014,COMPACT,1.8,4,AV,x,7.9,6.0,7.0,40,161
2025-01-22,motokar,HONDA,CIVIC,white,petrol,Rakan Niaga,2014,COMPACT,1.8,4,AV7,x,8.1,6.2,7.2,39,166
2025-01-22,motokar,HONDA,CIVIC,white,petrol,Rakan Niaga,2014,COMPACT,1.8,4,M5,x,8.5,6.6,7.6,37,175
2025-01-22,motokar,HONDA,CIVIC,black,petrol,W.P. Kuala Lumpur,2014,COMPACT,1.8,4,AV,x,7.9,6.0,7.0,40,161
2025-01-22,motokar,HONDA,CIVIC,black,petrol,W.P. Kuala Lumpur,2014,COMPACT,1.8,4,AV7,x,8.1,6.2,7.2,39,166
2025-01-22,motokar,HONDA,CIVIC,black,petrol,W.P. Kuala Lumpur,2014,COMPACT,1.8,4,M5,x,8.5,6.6,7.6,37,175
2025-01-22,motokar,HONDA,CIVIC,red,petrol,Rakan Niaga,2014,COMPACT,1.8,4,AV,x,7.9,6.0,7.0,40,161
2025-01-22,motokar,HONDA,CIVIC,red,petrol,Rakan Niaga,2014,COMPACT,1.8,4,AV7,x,8.1,6.2,7.2,39,166
2025-01-22,motokar,HONDA,CIVIC,red,petrol,Rakan Niaga,2014,COMPACT,1.8,4,M5,x,8.5,6.6,7.6,37,175
2025-01-22,motokar,HONDA,CIVIC,red,petrol,W.P. Kuala Lumpur,2014,COMPACT,1.8,4,AV,x,7.9,6.0,7.0,40,161
2025-01-22,motokar,HONDA,CIVIC,red,petrol,W.P. Kuala Lumpur,2014,COMPACT,1.8,4,AV7,x,8.1,6.2,7.2,39,166
2025-01-22,motokar,HONDA,CIVIC,red,petrol,W.P. Kuala Lumpur,2014,COMPACT,1.8,4,M5,x,8.5,6.6,7.6,37,175
2025-01-22,motokar,HONDA,CIVIC,blue,hybrid_petrol,Rakan Niaga,2014,COMPACT,1.8,4,AV,x,7.9,6.0,7.0,40,161
2025-01-22,motokar,HONDA,CIVIC,blue,hybrid_petrol,Rakan Niaga,2014,COMPACT,1.8,4,AV7,x,8.1,6.2,7.2,39,166
2025-01-22,motokar,HONDA,CIVIC,blue,hybrid_petrol,Rakan Niaga,2014,COMPACT,1.8,4,M5,x,8.5,6.6,7.6,37,175
2025-01-22,motokar,HONDA,CIVIC,white,petrol,Johor,2014,COMPACT,1.8,4,AV,x,7.9,6.0,7.0,40,161
2025-01-22,motokar,HONDA,CIVIC,white,petrol,Johor,2014,COMPACT,1.8,4,AV7,x,8.1,6.2,7.2,39,166
2025-01-22,motokar,HONDA,CIVIC,white,petrol,Johor,2014,COMPACT,1.8,4,M5,x,8.5,6.6,7.6,37,175
2025-01-22,motokar,HONDA,CIVIC,white,petrol,W.P. Kuala Lumpur,2014,COMPACT,1.8,4,AV,x,7.9,6.0,7.0,40,161
2025-01-22,motokar,HONDA,CIVIC,white,petrol,W.P. Kuala Lumpur,2014,COMPACT,1.8,4,AV7,x,8.1,6.2,7.2,39,166
2025-01-22,motokar,HONDA,CIVIC,white,petrol,W.P. Kuala Lumpur,2014,COMPACT,1.8,4,M5,x,8.5,6.6,7.6,37,175
2025-01-22,motokar,HONDA,CIVIC,white,petrol,Negeri Sembilan,2014,COMPACT,1.8,4,AV,x,7.9,6.0,7.0,40,161
2025-01-22,motokar,HONDA,CIVIC,white,petrol,Negeri Sembilan,2014,COMPACT,1.8,4,AV7,x,8.1,6.2,7.2,39,166
2025-01-22,motokar,HONDA,CIVIC,white,petrol,Negeri Sembilan,2014,COMPACT,1.8,4,M5,x,8.5,6.6,7.6,37,175
2025-01-22,motokar,HONDA,CIVIC,blue,petrol,Selangor,2014,COMPACT,1.8,4,AV,x,7.9,6.0,7.0,40,161
2025-01-22,motokar,HONDA,CIVIC,blue,petrol,Selangor,2014,COMPACT,1.8,4,AV7,x,8.1,6.2,7.2,39,166
2025-01-22,motokar,HONDA,CIVIC,blue,petrol,Selangor,2014,COMPACT,1.8,4,M5,x,8.5,6.6,7.6,37,175
2025-01-22,motokar,HONDA,CIVIC,grey,petrol,Selangor,2014,COMPACT,1.8,4,AV,x,7.9,6.0,7.0,40,161
2025-01-22,motokar,HONDA,CIVIC,grey,petrol,Selangor,2014,COMPACT,1.8,4,AV7,x,8.1,6.2,7.2,39,166
2025-01-22,motokar,HONDA,CIVIC,grey,petrol,Selangor,2014,COMPACT,1.8,4,M5,x,8.5,6.6,7.6,37,175
2025-01-22,motokar,HONDA,CIVIC,grey,hybrid_petrol,Rakan Niaga,2014,COMPACT,1.8,4,AV,x,7.9,6.0,7.0,40,161
2025-01-22,motokar,HONDA,CIVIC,grey,hybrid_petrol,Rakan Niaga,2014,COMPACT,1.8,4,AV7,x,8.1,6.2,7.2,39,166
2025-01-22,motokar,HONDA,CIVIC,grey,hybrid_petrol,Rakan Niaga,2014,COMPACT,1.8,4,M5,x,8.5,6.6,7.6,37,175
2025-01-22,jip,HYUNDAI,SANTA FE,grey,hybrid_petrol,Rakan Niaga,2014,SUV - SMALL,3.3,6,A6,x,13.0,9.1,11.2,25,258
2025-01-22,jip,MAZDA,CX-5,red,petrol,Rakan Niaga,2014,SUV - SMALL,2.0,4,AS6,x,8.9,7.3,8.2,34,189
2025-01-22,jip,MAZDA,CX-5,red,petrol,Rakan Niaga,2014,SUV - SMALL,2.0,4,M6,x,9.0,6.8,8.0,35,184
2025-01-22,jip,MAZDA,CX-5,red,petrol,Rakan Niaga,2014,SUV - SMALL,2.5,4,AS6,x,9.6,7.4,8.6,33,198
2025-01-22,jip,MAZDA,CX-5,grey,petrol,Rakan Niaga,2014,SUV - SMALL,2.0,4,AS6,x,8.9,7.3,8.2,34,189
2025-01-22,jip,MAZDA,CX-5,grey,petrol,Rakan Niaga,2014,SUV - SMALL,2.0,4,M6,x,9.0,6.8,8.0,35,184
2025-01-22,jip,MAZDA,CX-5,grey,petrol,Rakan Niaga,2014,SUV - SMALL,2.5,4,AS6,x,9.6,7.4,8.6,33,198
2025-01-22,jip,MAZDA,CX-5,gold,petrol,Rakan Niaga,2014,SUV - SMALL,2.0,4,AS6,x,8.9,7.3,8.2,34,189
2025-01-22,jip,MAZDA,CX-5,gold,petrol,Rakan Niaga,2014,SUV - SMALL,2.0,4,M6,x,9.0,6.8,8.0,35,184
2025-01-22,jip,MAZDA,CX-5,gold,petrol,Rakan Niaga,2014,SUV - SMALL,2.5,4,AS6,x,9.6,7.4,8.6,33,198
2025-01-22,jip,MAZDA,CX-5,black,petrol,Rakan Niaga,2014,SUV - SMALL,2.0,4,AS6,x,8.9,7.3,8.2,34,189
2025-01-22,jip,MAZDA,CX-5,black,petrol,Rakan Niaga,2014,SUV - SMALL,2.0,4,M6,x,9.0,6.8,8.0,35,184
2025-01-22,jip,MAZDA,CX-5,black,petrol,Rakan Niaga,2014,SUV - SMALL,2.5,4,AS6,x,9.6,7.4,8.6,33,198
2025-01-22,jip,MAZDA,CX-5,blue,petrol,Rakan Niaga,2014,SUV - SMALL,2.0,4,AS6,x,8.9,7.3,8.2,34,189
2025-01-22,jip,MAZDA,CX-5,blue,petrol,Rakan Niaga,2014,SUV - SMALL,2.0,4,M6,x,9.0,6.8,8.0,35,184
2025-01-22,jip,MAZDA,CX-5,blue,petrol,Rakan Niaga,2014,SUV - SMALL,2.5,4,AS6,x,9.6,7.4,8.6,33,198
2025-01-22,jip,MAZDA,CX-5,blue,petrol,W.P. Kuala Lumpur,2014,SUV - SMALL,2.0,4,AS6,x,8.9,7.3,8.2,34,189
2025-01-22,jip,MAZDA,CX-5,blue,petrol,W.P. Kuala Lumpur,2014,SUV - SMALL,2.0,4,M6,x,9.0,6.8,8.0,35,184
2025-01-22,jip,MAZDA,CX-5,blue,petrol,W.P. Kuala Lumpur,2014,SUV - SMALL,2.5,4,AS6,x,9.6,7.4,8.6,33,198
2025-01-22,jip,MAZDA,CX-9,black,petrol,W.P. Kuala Lumpur,2014,SUV - SMALL,3.7,6,AS6,x,14.2,10.0,12.3,23,283
2025-01-22,motokar,MAZDA,MX-5,blue,petrol,W.P. Kuala Lumpur,2014,TWO-SEATER,2.0,4,AS6,z,11.5,8.5,10.2,28,235
2025-01-22,motokar,MAZDA,MX-5,blue,petrol,W.P. Kuala Lumpur,2014,TWO-SEATER,2.0,4,M5,z,10.5,8.5,9.6,29,221
2025-01-22,motokar,MAZDA,MX-5,blue,petrol,W.P. Kuala Lumpur,2014,TWO-SEATER,2.0,4,M6,z,11.1,8.4,9.9,29,228
2025-01-22,motokar,PORSCHE,911 CARRERA,white,petrol,W.P. Kuala Lumpur,2014,MINICOMPACT,3.4,6,AM7,z,11.6,8.3,10.1,28,232
2025-01-22,motokar,PORSCHE,911 CARRERA,white,petrol,W.P. Kuala Lumpur,2014,MINICOMPACT,3.4,6,M7,z,12.5,8.6,10.7,26,246
2025-01-22,motokar,PORSCHE,911 GT3,white,petrol,W.P. Kuala Lumpur,2014,TWO-SEATER,3.8,6,AM7,z,16.0,11.5,14.0,20,322
2025-01-22,jip,PORSCHE,CAYENNE,black,petrol,W.P. Kuala Lumpur,2014,SUV - STANDARD,3.6,6,A8,z,13.6,10.1,12.0,24,276
2025-01-22,jip,PORSCHE,CAYENNE,black,petrol,W.P. Kuala Lumpur,2014,SUV - STANDARD,3.6,6,M6,z,15.8,10.9,13.6,21,313
2025-01-22,jip,PORSCHE,CAYENNE,black,petrol,Selangor,2014,SUV - STANDARD,3.6,6,A8,z,13.6,10.1,12.0,24,276
2025-01-22,jip,PORSCHE,CAYENNE,black,petrol,Selangor,2014,SUV - STANDARD,3.6,6,M6,z,15.8,10.9,13.6,21,313
2025-01-22,jip,PORSCHE,CAYENNE,grey,petrol,Rakan Niaga,2014,SUV - STANDARD,3.6,6,A8,z,13.6,10.1,12.0,24,276
2025-01-22,jip,PORSCHE,CAYENNE,grey,petrol,Rakan Niaga,2014,SUV - STANDARD,3.6,6,M6,z,15.8,10.9,13.6,21,313
2025-01-22,jip,PORSCHE,CAYENNE,white,petrol,Johor,2014,SUV - STANDARD,3.6,6,A8,z,13.6,10.1,12.0,24,276
2025-01-22,jip,PORSCHE,CAYENNE,white,petrol,Johor,2014,SUV - STANDARD,3.6,6,M6,z,15.8,10.9,13.6,21,313
2025-01-22,jip,PORSCHE,CAYENNE,white,petrol,W.P. Kuala Lumpur,2014,SUV - STANDARD,3.6,6,A8,z,13.6,10.1,12.0,24,276
2025-01-22,jip,PORSCHE,CAYENNE,white,petrol,W.P. Kuala Lumpur,2014,SUV - STANDARD,3.6,6,M6,z,15.8,10.9,13.6,21,313
2025-01-22,jip,PORSCHE,CAYENNE,black,petrol,Rakan Niaga,2014,SUV - STANDARD,3.6,6,A8,z,13.6,10.1,12.0,24,276
2025-01-22,jip,PORSCHE,CAYENNE,black,petrol,Rakan Niaga,2014,SUV - STANDARD,3.6,6,M6,z,15.8,10.9,13.6,21,313
2025-01-22,jip,PORSCHE,CAYENNE,black,petrol,Pulau Pinang,2014,SUV - STANDARD,3.6,6,A8,z,13.6,10.1,12.0,24,276
2025-01-22,jip,PORSCHE,CAYENNE,black,petrol,Pulau Pinang,2014,SUV - STANDARD,3.6,6,M6,z,15.8,10.9,13.6,21,313
2025-01-22,jip,PORSCHE,CAYENNE,grey,petrol,W.P. Kuala Lumpur,2014,SUV - STANDARD,3.6,6,A8,z,13.6,10.1,12.0,24,276
2025-01-22,jip,PORSCHE,CAYENNE,grey,petrol,W.P. Kuala Lumpur,2014,SUV - STANDARD,3.6,6,M6,z,15.8,10.9,13.6,21,313
2025-01-22,motokar,PORSCHE,PANAMERA,silver,petrol,W.P. Kuala Lumpur,2014,FULL-SIZE,3.6,6,AM7,z,12.9,8.4,10.9,26,251
2025-01-22,motokar,SUBARU,BRZ,blue,petrol,Rakan Niaga,2014,MINICOMPACT,2.0,4,AS6,z,9.6,7.1,8.5,33,196
2025-01-22,motokar,SUBARU,BRZ,blue,petrol,Rakan Niaga,2014,MINICOMPACT,2.0,4,M6,z,11.0,7.9,9.6,29,221
2025-01-22,motokar,TOYOTA,YARIS,red,petrol,Rakan Niaga,2014,COMPACT,1.5,4,A4,x,7.9,6.6,7.3,39,168
2025-01-22,motokar,TOYOTA,YARIS,red,petrol,Rakan Niaga,2014,COMPACT,1.5,4,M5,x,7.8,6.3,7.1,40,163
2025-01-22,motokar,TOYOTA,YARIS,silver,petrol,Rakan Niaga,2014,COMPACT,1.5,4,A4,x,7.9,6.6,7.3,39,168
2025-01-22,motokar,TOYOTA,YARIS,silver,petrol,Rakan Niaga,2014,COMPACT,1.5,4,M5,x,7.8,6.3,7.1,40,163
2025-01-22,motokar,TOYOTA,YARIS,white,petrol,Rakan Niaga,2014,COMPACT,1.5,4,A4,x,7.9,6.6,7.3,39,168
2025-01-22,motokar,TOYOTA,YARIS,white,petrol,Rakan Niaga,2014,COMPACT,1.5,4,M5,x,7.8,6.3,7.1,40,163
2025-01-22,motokar,TOYOTA,YARIS,silver,petrol,Kedah,2014,COMPACT,1.5,4,A4,x,7.9,6.6,7.3,39,168
2025-01-22,motokar,TOYOTA,YARIS,silver,petrol,Kedah,2014,COMPACT,1.5,4,M5,x,7.8,6.3,7.1,40,163
2025-01-22,motokar,TOYOTA,YARIS,white,petrol,W.P. Kuala Lumpur,2014,COMPACT,1.5,4,A4,x,7.9,6.6,7.3,39,168
2025-01-22,motokar,TOYOTA,YARIS,white,petrol,W.P. Kuala Lumpur,2014,COMPACT,1.5,4,M5,x,7.8,6.3,7.1,40,163
2025-01-22,jip,VOLKSWAGEN,TIGUAN,grey,petrol,Rakan Niaga,2014,SUV - SMALL,2.0,4,A6,z,11.7,9.5,10.7,26,246
2025-01-22,jip,VOLKSWAGEN,TIGUAN,grey,petrol,Rakan Niaga,2014,SUV - SMALL,2.0,4,M6,z,13.6,9.2,11.6,24,267
2025-01-22,jip,VOLKSWAGEN,TIGUAN,black,petrol,Rakan Niaga,2014,SUV - SMALL,2.0,4,A6,z,11.7,9.5,10.7,26,246
2025-01-22,jip,VOLKSWAGEN,TIGUAN,black,petrol,Rakan Niaga,2014,SUV - SMALL,2.0,4,M6,z,13.6,9.2,11.6,24,267
2025-01-22,jip,VOLVO,XC60,gold,hybrid_petrol,Rakan Niaga,2014,SUV - SMALL,3.2,6,AS6,x,13.0,8.9,11.2,25,258
2025-01-23,jip,AUDI,Q5,grey,petrol,W.P. Kuala Lumpur,2014,SUV - SMALL,2.0,4,AS8,z,12.0,8.5,10.4,27,239
2025-01-23,jip,AUDI,Q5,grey,petrol,W.P. Kuala Lumpur,2014,SUV - SMALL,3.0,6,AS8,z,12.9,9.2,11.2,25,258
2025-01-23,jip,HONDA,CR-V,grey,petrol,Melaka,2014,SUV - SMALL,2.4,4,A5,x,10.3,7.6,9.1,31,209
2025-01-23,jip,HONDA,CR-V,red,hybrid_petrol,Rakan Niaga,2014,SUV - SMALL,2.4,4,A5,x,10.3,7.6,9.1,31,209
2025-01-23,jip,HONDA,CR-V,grey,hybrid_petrol,Rakan Niaga,2014,SUV - SMALL,2.4,4,A5,x,10.3,7.6,9.1,31,209
2025-01-23,jip,HONDA,CR-V,red,petrol,Rakan Niaga,2014,SUV - SMALL,2.4,4,A5,x,10.3,7.6,9.1,31,209
2025-01-23,jip,HONDA,CR-V,blue,hybrid_petrol,Selangor,2014,SUV - SMALL,2.4,4,A5,x,10.3,7.6,9.1,31,209
2025-01-23,jip,HONDA,CR-V,grey,hybrid_petrol,W.P. Kuala Lumpur,2014,SUV - SMALL,2.4,4,A5,x,10.3,7.6,9.1,31,209
2025-01-23,jip,HONDA,CR-V,grey,petrol,Rakan Niaga,2014,SUV - SMALL,2.4,4,A5,x,10.3,7.6,9.1,31,209
2025-01-23,jip,HONDA,CR-V,blue,petrol,Rakan Niaga,2014,SUV - SMALL,2.4,4,A5,x,10.3,7.6,9.1,31,209
2025-01-23,jip,HONDA,CR-V,white,hybrid_petrol,Pahang,2014,SUV - SMALL,2.4,4,A5,x,10.3,7.6,9.1,31,209
2025-01-23,jip,HONDA,CR-V,red,petrol,Selangor,2014,SUV - SMALL,2.4,4,A5,x,10.3,7.6,9.1,31,209
2025-01-23,jip,HONDA,CR-V,grey,petrol,Terengganu,2014,SUV - SMALL,2.4,4,A5,x,10.3,7.6,9.1,31,209
2025-01-23,jip,HONDA,CR-V,white,petrol,Rakan Niaga,2014,SUV - SMALL,2.4,4,A5,x,10.3,7.6,9.1,31,209
2025-01-23,jip,HONDA,CR-V,blue,hybrid_petrol,Rakan Niaga,2014,SUV - SMALL,2.4,4,A5,x,10.3,7.6,9.1,31,209
2025-01-23,jip,HONDA,CR-V,white,petrol,W.P. Kuala Lumpur,2014,SUV - SMALL,2.4,4,A5,x,10.3,7.6,9.1,31,209
2025-01-23,jip,HONDA,CR-V,white,hybrid_petrol,Perak,2014,SUV - SMALL,2.4,4,A5,x,10.3,7.6,9.1,31,209
2025-01-23,jip,HONDA,CR-V,white,hybrid_petrol,Rakan Niaga,2014,SUV - SMALL,2.4,4,A5,x,10.3,7.6,9.1,31,209
2025-01-23,jip,HONDA,CR-V,silver,hybrid_petrol,W.P. Kuala Lumpur,2014,SUV - SMALL,2.4,4,A5,x,10.3,7.6,9.1,31,209
2025-01-23,jip,HONDA,CR-V,blue,petrol,Selangor,2014,SUV - SMALL,2.4,4,A5,x,10.3,7.6,9.1,31,209
2025-01-23,jip,HONDA,CR-V,white,hybrid_petrol,Johor,2014,SUV - SMALL,2.4,4,A5,x,10.3,7.6,9.1,31,209
2025-01-23,jip,HONDA,CR-V,red,petrol,Sabah,2014,SUV - SMALL,2.4,4,A5,x,10.3,7.6,9.1,31,209
2025-01-23,jip,HONDA,CR-V,silver,petrol,Rakan Niaga,2014,SUV - SMALL,2.4,4,A5,x,10.3,7.6,9.1,31,209
2025-01-23,jip,HONDA,CR-V,grey,petrol,Johor,2014,SUV - SMALL,2.4,4,A5,x,10.3,7.6,9.1,31,209
2025-01-23,jip,HONDA,CR-V,blue,hybrid_petrol,Pulau Pinang,2014,SUV - SMALL,2.4,4,A5,x,10.3,7.6,9.1,31,209
2025-01-23,jip,HONDA,CR-V,grey,hybrid_petrol,Kelantan,2014,SUV - SMALL,2.4,4,A5,x,10.3,7.6,9.1,31,209
2025-01-23,motokar,HONDA,CIVIC,white,petrol,Selangor,2014,COMPACT,1.8,4,AV,x,7.9,6.0,7.0,40,161
2025-01-23,motokar,HONDA,CIVIC,white,petrol,Selangor,2014,COMPACT,1.8,4,AV7,x,8.1,6.2,7.2,39,166
2025-01-23,motokar,HONDA,CIVIC,white,petrol,Selangor,2014,COMPACT,1.8,4,M5,x,8.5,6.6,7.6,37,175
2025-01-23,motokar,HONDA,CIVIC,black,petrol,Rakan Niaga,2014,COMPACT,1.8,4,AV,x,7.9,6.0,7.0,40,161
2025-01-23,motokar,HONDA,CIVIC,black,petrol,Rakan Niaga,2014,COMPACT,1.8,4,AV7,x,8.1,6.2,7.2,39,166
2025-01-23,motokar,HONDA,CIVIC,black,petrol,Rakan Niaga,2014,COMPACT,1.8,4,M5,x,8.5,6.6,7.6,37,175
2025-01-23,motokar,HONDA,CIVIC,white,petrol,Johor,2014,COMPACT,1.8,4,AV,x,7.9,6.0,7.0,40,161
2025-01-23,motokar,HONDA,CIVIC,white,petrol,Johor,2014,COMPACT,1.8,4,AV7,x,8.1,6.2,7.2,39,166
2025-01-23,motokar,HONDA,CIVIC,white,petrol,Johor,2014,COMPACT,1.8,4,M5,x,8.5,6.6,7.6,37,175
2025-01-23,motokar,HONDA,CIVIC,white,petrol,W.P. Kuala Lumpur,2014,COMPACT,1.8,4,AV,x,7.9,6.0,7.0,40,161
2025-01-23,motokar,HONDA,CIVIC,white,petrol,W.P. Kuala Lumpur,2014,COMPACT,1.8,4,AV7,x,8.1,6.2,7.2,39,166
2025-01-23,motokar,HONDA,CIVIC,white,petrol,W.P. Kuala Lumpur,2014,COMPACT,1.8,4,M5,x,8.5,6.6,7.6,37,175
2025-01-23,motokar,HONDA,CIVIC,red,petrol,Rakan Niaga,2014,COMPACT,1.8,4,AV,x,7.9,6.0,7.0,40,161
2025-01-23,motokar,HONDA,CIVIC,red,petrol,Rakan Niaga,2014,COMPACT,1.8,4,AV7,x,8.1,6.2,7.2,39,166
2025-01-23,motokar,HONDA,CIVIC,red,petrol,Rakan Niaga,2014,COMPACT,1.8,4,M5,x,8.5,6.6,7.6,37,175
2025-01-23,motokar,HONDA,CIVIC,grey,hybrid_petrol,Rakan Niaga,2014,COMPACT,1.8,4,AV,x,7.9,6.0,7.0,40,161
2025-01-23,motokar,HONDA,CIVIC,grey,hybrid_petrol,Rakan Niaga,2014,COMPACT,1.8,4,AV7,x,8.1,6.2,7.2,39,166
2025-01-23,motokar,HONDA,CIVIC,grey,hybrid_petrol,Rakan Niaga,2014,COMPACT,1.8,4,M5,x,8.5,6.6,7.6,37,175
2025-01-23,motokar,HONDA,CIVIC,blue,hybrid_petrol,Rakan Niaga,2014,COMPACT,1.8,4,AV,x,7.9,6.0,7.0,40,161
2025-01-23,motokar,HONDA,CIVIC,blue,hybrid_petrol,Rakan Niaga,2014,COMPACT,1.8,4,AV7,x,8.1,6.2,7.2,39,166
2025-01-23,motokar,HONDA,CIVIC,blue,hybrid_petrol,Rakan Niaga,2014,COMPACT,1.8,4,M5,x,8.5,6.6,7.6,37,175
2025-01-23,motokar,HONDA,CIVIC,blue,petrol,Pulau Pinang,2014,COMPACT,1.8,4,AV,x,7.9,6.0,7.0,40,161
2025-01-23,motokar,HONDA,CIVIC,blue,petrol,Pulau Pinang,2014,COMPACT,1.8,4,AV7,x,8.1,6.2,7.2,39,166
2025-01-23,motokar,HONDA,CIVIC,blue,petrol,Pulau Pinang,2014,COMPACT,1.8,4,M5,x,8.5,6.6,7.6,37,175
2025-01-23,motokar,HONDA,CIVIC,blue,petrol,Rakan Niaga,2014,COMPACT,1.8,4,AV,x,7.9,6.0,7.0,40,161
2025-01-23,motokar,HONDA,CIVIC,blue,petrol,Rakan Niaga,2014,COMPACT,1.8,4,AV7,x,8.1,6.2,7.2,39,166
2025-01-23,motokar,HONDA,CIVIC,blue,petrol,Rakan Niaga,2014,COMPACT,1.8,4,M5,x,8.5,6.6,7.6,37,175
2025-01-23,motokar,HONDA,CIVIC,black,petrol,Selangor,2014,COMPACT,1.8,4,AV,x,7.9,6.0,7.0,40,161
2025-01-23,motokar,HONDA,CIVIC,black,petrol,Selangor,2014,COMPACT,1.8,4,AV7,x,8.1,6.2,7.2,39,166
2025-01-23,motokar,HONDA,CIVIC,black,petrol,Selangor,2014,COMPACT,1.8,4,M5,x,8.5,6.6,7.6,37,175
2025-01-23,motokar,HONDA,CIVIC,grey,petrol,Rakan Niaga,2014,COMPACT,1.8,4,AV,x,7.9,6.0,7.0,40,161
2025-01-23,motokar,HONDA,CIVIC,grey,petrol,Rakan Niaga,2014,COMPACT,1.8,4,AV7,x,8.1,6.2,7.2,39,166
2025-01-23,motokar,HONDA,CIVIC,grey,petrol,Rakan Niaga,2014,COMPACT,1.8,4,M5,x,8.5,6.6,7.6,37,175
2025-01-23,motokar,HONDA,CIVIC,white,petrol,Sarawak,2014,COMPACT,1.8,4,AV,x,7.9,6.0,7.0,40,161
2025-01-23,motokar,HONDA,CIVIC,white,petrol,Sarawak,2014,COMPACT,1.8,4,AV7,x,8.1,6.2,7.2,39,166
2025-01-23,motokar,HONDA,CIVIC,white,petrol,Sarawak,2014,COMPACT,1.8,4,M5,x,8.5,6.6,7.6,37,175
2025-01-23,motokar,HONDA,CIVIC,white,petrol,Rakan Niaga,2014,COMPACT,1.8,4,AV,x,7.9,6.0,7.0,40,161
2025-01-23,motokar,HONDA,CIVIC,white,petrol,Rakan Niaga,2014,COMPACT,1.8,4,AV7,x,8.1,6.2,7.2,39,166
2025-01-23,motokar,HONDA,CIVIC,white,petrol,Rakan Niaga,2014,COMPACT,1.8,4,M5,x,8.5,6.6,7.6,37,175
2025-01-23,motokar,HONDA,CIVIC,grey,petrol,W.P. Kuala Lumpur,2014,COMPACT,1.8,4,AV,x,7.9,6.0,7.0,40,161
2025-01-23,motokar,HONDA,CIVIC,grey,petrol,W.P. Kuala Lumpur,2014,COMPACT,1.8,4,AV7,x,8.1,6.2,7.2,39,166
2025-01-23,motokar,HONDA,CIVIC,grey,petrol,W.P. Kuala Lumpur,2014,COMPACT,1.8,4,M5,x,8.5,6.6,7.6,37,175
2025-01-23,motokar,HONDA,CIVIC,black,petrol,W.P. Kuala Lumpur,2014,COMPACT,1.8,4,AV,x,7.9,6.0,7.0,40,161
2025-01-23,motokar,HONDA,CIVIC,black,petrol,W.P. Kuala Lumpur,2014,COMPACT,1.8,4,AV7,x,8.1,6.2,7.2,39,166
2025-01-23,motokar,HONDA,CIVIC,black,petrol,W.P. Kuala Lumpur,2014,COMPACT,1.8,4,M5,x,8.5,6.6,7.6,37,175
2025-01-23,motokar,HONDA,CIVIC,white,hybrid_petrol,Rakan Niaga,2014,COMPACT,1.8,4,AV,x,7.9,6.0,7.0,40,161
2025-01-23,motokar,HONDA,CIVIC,white,hybrid_petrol,Rakan Niaga,2014,COMPACT,1.8,4,AV7,x,8.1,6.2,7.2,39,166
2025-01-23,motokar,HONDA,CIVIC,white,hybrid_petrol,Rakan Niaga,2014,COMPACT,1.8,4,M5,x,8.5,6.6,7.6,37,175
2025-01-23,motokar,HONDA,CIVIC,blue,petrol,W.P. Kuala Lumpur,2014,COMPACT,1.8,4,AV,x,7.9,6.0,7.0,40,161
2025-01-23,motokar,HONDA,CIVIC,blue,petrol,W.P. Kuala Lumpur,2014,COMPACT,1.8,4,AV7,x,8.1,6.2,7.2,39,166
2025-01-23,motokar,HONDA,CIVIC,blue,petrol,W.P. Kuala Lumpur,2014,COMPACT,1.8,4,M5,x,8.5,6.6,7.6,37,175
2025-01-23,motokar,HONDA,CIVIC,white,petrol,Sabah,2014,COMPACT,1.8,4,AV,x,7.9,6.0,7.0,40,161
2025-01-23,motokar,HONDA,CIVIC,white,petrol,Sabah,2014,COMPACT,1.8,4,AV7,x,8.1,6.2,7.2,39,166
2025-01-23,motokar,HONDA,CIVIC,white,petrol,Sabah,2014,COMPACT,1.8,4,M5,x,8.5,6.6,7.6,37,175
2025-01-23,motokar,HONDA,CIVIC,blue,petrol,Kedah,2014,COMPACT,1.8,4,AV,x,7.9,6.0,7.0,40,161
2025-01-23,motokar,HONDA,CIVIC,blue,petrol,Kedah,2014,COMPACT,1.8,4,AV7,x,8.1,6.2,7.2,39,166
2025-01-23,motokar,HONDA,CIVIC,blue,petrol,Kedah,2014,COMPACT,1.8,4,M5,x,8.5,6.6,7.6,37,175
2025-01-23,motokar,HONDA,CIVIC,white,petrol,Kedah,2014,COMPACT,1.8,4,AV,x,7.9,6.0,7.0,40,161
2025-01-23,motokar,HONDA,CIVIC,white,petrol,Kedah,2014,COMPACT,1.8,4,AV7,x,8.1,6.2,7.2,39,166
2025-01-23,motokar,HONDA,CIVIC,white,petrol,Kedah,2014,COMPACT,1.8,4,M5,x,8.5,6.6,7.6,37,175
2025-01-23,motokar,HONDA,CIVIC,blue,hybrid_petrol,Selangor,2014,COMPACT,1.8,4,AV,x,7.9,6.0,7.0,40,161
2025-01-23,motokar,HONDA,CIVIC,blue,hybrid_petrol,Selangor,2014,COMPACT,1.8,4,AV7,x,8.1,6.2,7.2,39,166
2025-01-23,motokar,HONDA,CIVIC,blue,hybrid_petrol,Selangor,2014,COMPACT,1.8,4,M5,x,8.5,6.6,7.6,37,175
2025-01-23,motokar,HONDA,CIVIC,blue,hybrid_petrol,W.P. Kuala Lumpur,2014,COMPACT,1.8,4,AV,x,7.9,6.0,7.0,40,161
2025-01-23,motokar,HONDA,CIVIC,blue,hybrid_petrol,W.P. Kuala Lumpur,2014,COMPACT,1.8,4,AV7,x,8.1,6.2,7.2,39,166
2025-01-23,motokar,HONDA,CIVIC,blue,hybrid_petrol,W.P. Kuala Lumpur,2014,COMPACT,1.8,4,M5,x,8.5,6.6,7.6,37,175
2025-01-23,motokar,HONDA,CIVIC,red,hybrid_petrol,Rakan Niaga,2014,COMPACT,1.8,4,AV,x,7.9,6.0,7.0,40,161
2025-01-23,motokar,HONDA,CIVIC,red,hybrid_petrol,Rakan Niaga,2014,COMPACT,1.8,4,AV7,x,8.1,6.2,7.2,39,166
2025-01-23,motokar,HONDA,CIVIC,red,hybrid_petrol,Rakan Niaga,2014,COMPACT,1.8,4,M5,x,8.5,6.6,7.6,37,175
2025-01-23,window_van,HONDA,ODYSSEY,white,petrol,Johor,2014,MINIVAN,3.5,6,A6,x,12.3,8.5,10.6,27,244
2025-01-23,window_van,HONDA,ODYSSEY,black,petrol,Rakan Niaga,2014,MINIVAN,3.5,6,A6,x,12.3,8.5,10.6,27,244
2025-01-23,jip,HYUNDAI,SANTA FE,grey,hybrid_petrol,Rakan Niaga,2014,SUV - SMALL,3.3,6,A6,x,13.0,9.1,11.2,25,258
2025-01-23,jip,HYUNDAI,SANTA FE,black,hybrid_petrol,Rakan Niaga,2014,SUV - SMALL,3.3,6,A6,x,13.0,9.1,11.2,25,258
2025-01-23,jip,KIA,SPORTAGE,blue,petrol,Rakan Niaga,2014,SUV - SMALL,2.4,4,A6,x,11.4,8.3,10.0,28,230
2025-01-23,jip,KIA,SPORTAGE,blue,petrol,Rakan Niaga,2014,SUV - SMALL,2.4,4,M6,x,12.9,9.3,11.3,25,260
2025-01-23,jip,KIA,SPORTAGE,grey,petrol,Rakan Niaga,2014,SUV - SMALL,2.4,4,A6,x,11.4,8.3,10.0,28,230
2025-01-23,jip,KIA,SPORTAGE,grey,petrol,Rakan Niaga,2014,SUV - SMALL,2.4,4,M6,x,12.9,9.3,11.3,25,260
2025-01-23,jip,LAND ROVER,RANGE ROVER EVOQUE,black,petrol,W.P. Kuala Lumpur,2014,SUV - SMALL,2.0,4,AS9,z,11.3,7.9,9.8,29,225
2025-01-23,jip,LAND ROVER,RANGE ROVER EVOQUE,silver,petrol,Kedah,2014,SUV - SMALL,2.0,4,AS9,z,11.3,7.9,9.8,29,225
2025-01-23,jip,MAZDA,CX-5,grey,petrol,Rakan Niaga,2014,SUV - SMALL,2.0,4,AS6,x,8.9,7.3,8.2,34,189
2025-01-23,jip,MAZDA,CX-5,grey,petrol,Rakan Niaga,2014,SUV - SMALL,2.0,4,M6,x,9.0,6.8,8.0,35,184
2025-01-23,jip,MAZDA,CX-5,grey,petrol,Rakan Niaga,2014,SUV - SMALL,2.5,4,AS6,x,9.6,7.4,8.6,33,198
2025-01-23,jip,MAZDA,CX-5,red,petrol,Rakan Niaga,2014,SUV - SMALL,2.0,4,AS6,x,8.9,7.3,8.2,34,189
2025-01-23,jip,MAZDA,CX-5,red,petrol,Rakan Niaga,2014,SUV - SMALL,2.0,4,M6,x,9.0,6.8,8.0,35,184
2025-01-23,jip,MAZDA,CX-5,red,petrol,Rakan Niaga,2014,SUV - SMALL,2.5,4,AS6,x,9.6,7.4,8.6,33,198
2025-01-23,jip,MAZDA,CX-5,black,petrol,Rakan Niaga,2014,SUV - SMALL,2.0,4,AS6,x,8.9,7.3,8.2,34,189
2025-01-23,jip,MAZDA,CX-5,black,petrol,Rakan Niaga,2014,SUV - SMALL,2.0,4,M6,x,9.0,6.8,8.0,35,184
2025-01-23,jip,MAZDA,CX-5,black,petrol,Rakan Niaga,2014,SUV - SMALL,2.5,4,AS6,x,9.6,7.4,8.6,33,198
2025-01-23,jip,MAZDA,CX-5,gold,petrol,Rakan Niaga,2014,SUV - SMALL,2.0,4,AS6,x,8.9,7.3,8.2,34,189
2025-01-23,jip,MAZDA,CX-5,gold,petrol,Rakan Niaga,2014,SUV - SMALL,2.0,4,M6,x,9.0,6.8,8.0,35,184
2025-01-23,jip,MAZDA,CX-5,gold,petrol,Rakan Niaga,2014,SUV - SMALL,2.5,4,AS6,x,9.6,7.4,8.6,33,198
2025-01-23,jip,MAZDA,CX-5,white,petrol,Rakan Niaga,2014,SUV - SMALL,2.0,4,AS6,x,8.9,7.3,8.2,34,189
2025-01-23,jip,MAZDA,CX-5,white,petrol,Rakan Niaga,2014,SUV - SMALL,2.0,4,M6,x,9.0,6.8,8.0,35,184
2025-01-23,jip,MAZDA,CX-5,white,petrol,Rakan Niaga,2014,SUV - SMALL,2.5,4,AS6,x,9.6,7.4,8.6,33,198
2025-01-23,jip,MAZDA,CX-5,blue,petrol,Rakan Niaga,2014,SUV - SMALL,2.0,4,AS6,x,8.9,7.3,8.2,34,189
2025-01-23,jip,MAZDA,CX-5,blue,petrol,Rakan Niaga,2014,SUV - SMALL,2.0,4,M6,x,9.0,6.8,8.0,35,184
2025-01-23,jip,MAZDA,CX-5,blue,petrol,Rakan Niaga,2014,SUV - SMALL,2.5,4,AS6,x,9.6,7.4,8.6,33,198
2025-01-23,jip,MAZDA,CX-5,gold,petrol,W.P. Kuala Lumpur,2014,SUV - SMALL,2.0,4,AS6,x,8.9,7.3,8.2,34,189
2025-01-23,jip,MAZDA,CX-5,gold,petrol,W.P. Kuala Lumpur,2014,SUV - SMALL,2.0,4,M6,x,9.0,6.8,8.0,35,184
2025-01-23,jip,MAZDA,CX-5,gold,petrol,W.P. Kuala Lumpur,2014,SUV - SMALL,2.5,4,AS6,x,9.6,7.4,8.6,33,198
2025-01-23,motokar,NISSAN,GT-R,black,petrol,Selangor,2014,SUBCOMPACT,3.8,6,AM6,z,14.5,10.9,12.9,22,297
2025-01-23,motokar,PORSCHE,911 CARRERA,grey,petrol,Selangor,2014,MINICOMPACT,3.4,6,AM7,z,11.6,8.3,10.1,28,232
2025-01-23,motokar,PORSCHE,911 CARRERA,grey,petrol,Selangor,2014,MINICOMPACT,3.4,6,M7,z,12.5,8.6,10.7,26,246
2025-01-23,jip,PORSCHE,CAYENNE,grey,petrol,Rakan Niaga,2014,SUV - STANDARD,3.6,6,A8,z,13.6,10.1,12.0,24,276
2025-01-23,jip,PORSCHE,CAYENNE,grey,petrol,Rakan Niaga,2014,SUV - STANDARD,3.6,6,M6,z,15.8,10.9,13.6,21,313
2025-01-23,jip,PORSCHE,CAYENNE,black,petrol,Rakan Niaga,2014,SUV - STANDARD,3.6,6,A8,z,13.6,10.1,12.0,24,276
2025-01-23,jip,PORSCHE,CAYENNE,black,petrol,Rakan Niaga,2014,SUV - STANDARD,3.6,6,M6,z,15.8,10.9,13.6,21,313
2025-01-23,jip,PORSCHE,CAYENNE,grey,petrol,W.P. Kuala Lumpur,2014,SUV - STANDARD,3.6,6,A8,z,13.6,10.1,12.0,24,276
2025-01-23,jip,PORSCHE,CAYENNE,grey,petrol,W.P. Kuala Lumpur,2014,SUV - STANDARD,3.6,6,M6,z,15.8,10.9,13.6,21,313
2025-01-23,jip,PORSCHE,CAYENNE,black,petrol,Pulau Pinang,2014,SUV - STANDARD,3.6,6,A8,z,13.6,10.1,12.0,24,276
2025-01-23,jip,PORSCHE,CAYENNE,black,petrol,Pulau Pinang,2014,SUV - STANDARD,3.6,6,M6,z,15.8,10.9,13.6,21,313
2025-01-23,jip,PORSCHE,CAYENNE,black,petrol,W.P. Kuala Lumpur,2014,SUV - STANDARD,3.6,6,A8,z,13.6,10.1,12.0,24,276
2025-01-23,jip,PORSCHE,CAYENNE,black,petrol,W.P. Kuala Lumpur,2014,SUV - STANDARD,3.6,6,M6,z,15.8,10.9,13.6,21,313
2025-01-23,jip,PORSCHE,CAYENNE,white,petrol,Rakan Niaga,2014,SUV - STANDARD,3.6,6,A8,z,13.6,10.1,12.0,24,276
2025-01-23,jip,PORSCHE,CAYENNE,white,petrol,Rakan Niaga,2014,SUV - STANDARD,3.6,6,M6,z,15.8,10.9,13.6,21,313
2025-01-23,jip,PORSCHE,CAYENNE,white,petrol,W.P. Kuala Lumpur,2014,SUV - STANDARD,3.6,6,A8,z,13.6,10.1,12.0,24,276
2025-01-23,jip,PORSCHE,CAYENNE,white,petrol,W.P. Kuala Lumpur,2014,SUV - STANDARD,3.6,6,M6,z,15.8,10.9,13.6,21,313
2025-01-23,jip,PORSCHE,CAYENNE,white,petrol,Johor,2014,SUV - STANDARD,3.6,6,A8,z,13.6,10.1,12.0,24,276
2025-01-23,jip,PORSCHE,CAYENNE,white,petrol,Johor,2014,SUV - STANDARD,3.6,6,M6,z,15.8,10.9,13.6,21,313
2025-01-23,jip,PORSCHE,CAYENNE,black,petrol,Terengganu,2014,SUV - STANDARD,3.6,6,A8,z,13.6,10.1,12.0,24,276
2025-01-23,jip,PORSCHE,CAYENNE,black,petrol,Terengganu,2014,SUV - STANDARD,3.6,6,M6,z,15.8,10.9,13.6,21,313
2025-01-23,jip,PORSCHE,CAYENNE,white,petrol,Kedah,2014,SUV - STANDARD,3.6,6,A8,z,13.6,10.1,12.0,24,276
2025-01-23,jip,PORSCHE,CAYENNE,white,petrol,Kedah,2014,SUV - STANDARD,3.6,6,M6,z,15.8,10.9,13.6,21,313
2025-01-23,jip,PORSCHE,CAYENNE,white,petrol,Selangor,2014,SUV - STANDARD,3.6,6,A8,z,13.6,10.1,12.0,24,276
2025-01-23,jip,PORSCHE,CAYENNE,white,petrol,Selangor,2014,SUV - STANDARD,3.6,6,M6,z,15.8,10.9,13.6,21,313
2025-01-23,motokar,PORSCHE,PANAMERA,black,petrol,W.P. Kuala Lumpur,2014,FULL-SIZE,3.6,6,AM7,z,12.9,8.4,10.9,26,251
2025-01-23,motokar,TOYOTA,YARIS,red,petrol,Rakan Niaga,2014,COMPACT,1.5,4,A4,x,7.9,6.6,7.3,39,168
2025-01-23,motokar,TOYOTA,YARIS,red,petrol,Rakan Niaga,2014,COMPACT,1.5,4,M5,x,7.8,6.3,7.1,40,163
2025-01-23,motokar,TOYOTA,YARIS,white,petrol,Rakan Niaga,2014,COMPACT,1.5,4,A4,x,7.9,6.6,7.3,39,168
2025-01-23,motokar,TOYOTA,YARIS,white,petrol,Rakan Niaga,2014,COMPACT,1.5,4,M5,x,7.8,6.3,7.1,40,163
2025-01-23,motokar,TOYOTA,YARIS,silver,petrol,Rakan Niaga,2014,COMPACT,1.5,4,A4,x,7.9,6.6,7.3,39,168
2025-01-23,motokar,TOYOTA,YARIS,silver,petrol,Rakan Niaga,2014,COMPACT,1.5,4,M5,x,7.8,6.3,7.1,40,163
2025-01-23,motokar,TOYOTA,YARIS,red,petrol,Kedah,2014,COMPACT,1.5,4,A4,x,7.9,6.6,7.3,39,168
2025-01-23,motokar,TOYOTA,YARIS,red,petrol,Kedah,2014,COMPACT,1.5,4,M5,x,7.8,6.3,7.1,40,163
2025-01-23,motokar,TOYOTA,YARIS,white,petrol,Kedah,2014,COMPACT,1.5,4,A4,x,7.9,6.6,7.3,39,168
2025-01-23,motokar,TOYOTA,YARIS,white,petrol,Kedah,2014,COMPACT,1.5,4,M5,x,7.8,6.3,7.1,40,163
2025-01-23,motokar,TOYOTA,YARIS,red,petrol,W.P. Kuala Lumpur,2014,COMPACT,1.5,4,A4,x,7.9,6.6,7.3,39,168
2025-01-23,motokar,TOYOTA,YARIS,red,petrol,W.P. Kuala Lumpur,2014,COMPACT,1.5,4,M5,x,7.8,6.3,7.1,40,163
2025-01-23,motokar,TOYOTA,YARIS,maroon,petrol,Rakan Niaga,2014,COMPACT,1.5,4,A4,x,7.9,6.6,7.3,39,168
2025-01-23,motokar,TOYOTA,YARIS,maroon,petrol,Rakan Niaga,2014,COMPACT,1.5,4,M5,x,7.8,6.3,7.1,40,163
2025-01-23,motokar,TOYOTA,YARIS,white,petrol,W.P. Kuala Lumpur,2014,COMPACT,1.5,4,A4,x,7.9,6.6,7.3,39,168
2025-01-23,motokar,TOYOTA,YARIS,white,petrol,W.P. Kuala Lumpur,2014,COMPACT,1.5,4,M5,x,7.8,6.3,7.1,40,163
2025-01-23,jip,VOLKSWAGEN,TIGUAN,black,petrol,Rakan Niaga,2014,SUV - SMALL,2.0,4,A6,z,11.7,9.5,10.7,26,246
2025-01-23,jip,VOLKSWAGEN,TIGUAN,black,petrol,Rakan Niaga,2014,SUV - SMALL,2.0,4,M6,z,13.6,9.2,11.6,24,267
2025-01-23,jip,VOLKSWAGEN,TIGUAN,blue,petrol,Rakan Niaga,2014,SUV - SMALL,2.0,4,A6,z,11.7,9.5,10.7,26,246
2025-01-23,jip,VOLKSWAGEN,TIGUAN,blue,petrol,Rakan Niaga,2014,SUV - SMALL,2.0,4,M6,z,13.6,9.2,11.6,24,267
2025-01-23,jip,VOLKSWAGEN,TIGUAN,white,petrol,Rakan Niaga,2014,SUV - SMALL,2.0,4,A6,z,11.7,9.5,10.7,26,246
2025-01-23,jip,VOLKSWAGEN,TIGUAN,white,petrol,Rakan Niaga,2014,SUV - SMALL,2.0,4,M6,z,13.6,9.2,11.6,24,267
2025-01-23,jip,VOLKSWAGEN,TIGUAN,grey,petrol,Rakan Niaga,2014,SUV - SMALL,2.0,4,A6,z,11.7,9.5,10.7,26,246
2025-01-23,jip,VOLKSWAGEN,TIGUAN,grey,petrol,Rakan Niaga,2014,SUV - SMALL,2.0,4,M6,z,13.6,9.2,11.6,24,267
2025-01-23,jip,VOLVO,XC60,grey,hybrid_petrol,Rakan Niaga,2014,SUV - SMALL,3.2,6,AS6,x,13.0,8.9,11.2,25,258
2025-01-23,jip,VOLVO,XC60,white,hybrid_petrol,Rakan Niaga,2014,SUV - SMALL,3.2,6,AS6,x,13.0,8.9,11.2,25,258
2025-01-24,jip,HONDA,CR-V,blue,petrol,W.P. Kuala Lumpur,2014,SUV - SMALL,2.4,4,A5,x,10.3,7.6,9.1,31,209
2025-01-24,jip,HONDA,CR-V,blue,petrol,Rakan Niaga,2014,SUV - SMALL,2.4,4,A5,x,10.3,7.6,9.1,31,209
2025-01-24,jip,HONDA,CR-V,silver,petrol,Rakan Niaga,2014,SUV - SMALL,2.4,4,A5,x,10.3,7.6,9.1,31,209
2025-01-24,jip,HONDA,CR-V,red,petrol,Pulau Pinang,2014,SUV - SMALL,2.4,4,A5,x,10.3,7.6,9.1,31,209
2025-01-24,jip,HONDA,CR-V,red,petrol,Rakan Niaga,2014,SUV - SMALL,2.4,4,A5,x,10.3,7.6,9.1,31,209
2025-01-24,jip,HONDA,CR-V,grey,petrol,Rakan Niaga,2014,SUV - SMALL,2.4,4,A5,x,10.3,7.6,9.1,31,209
2025-01-24,jip,HONDA,CR-V,white,petrol,Rakan Niaga,2014,SUV - SMALL,2.4,4,A5,x,10.3,7.6,9.1,31,209
2025-01-24,jip,HONDA,CR-V,red,petrol,W.P. Kuala Lumpur,2014,SUV - SMALL,2.4,4,A5,x,10.3,7.6,9.1,31,209
2025-01-24,jip,HONDA,CR-V,white,petrol,W.P. Kuala Lumpur,2014,SUV - SMALL,2.4,4,A5,x,10.3,7.6,9.1,31,209
2025-01-24,jip,HONDA,CR-V,white,hybrid_petrol,Rakan Niaga,2014,SUV - SMALL,2.4,4,A5,x,10.3,7.6,9.1,31,209
2025-01-24,jip,HONDA,CR-V,white,petrol,Melaka,2014,SUV - SMALL,2.4,4,A5,x,10.3,7.6,9.1,31,209
2025-01-24,jip,HONDA,CR-V,blue,hybrid_petrol,Rakan Niaga,2014,SUV - SMALL,2.4,4,A5,x,10.3,7.6,9.1,31,209
2025-01-24,jip,HONDA,CR-V,grey,hybrid_petrol,Rakan Niaga,2014,SUV - SMALL,2.4,4,A5,x,10.3,7.6,9.1,31,209
2025-01-24,jip,HONDA,CR-V,white,petrol,Selangor,2014,SUV - SMALL,2.4,4,A5,x,10.3,7.6,9.1,31,209
2025-01-24,jip,HONDA,CR-V,blue,hybrid_petrol,Johor,2014,SUV - SMALL,2.4,4,A5,x,10.3,7.6,9.1,31,209
2025-01-24,jip,HONDA,CR-V,blue,petrol,Melaka,2014,SUV - SMALL,2.4,4,A5,x,10.3,7.6,9.1,31,209
2025-01-24,jip,HONDA,CR-V,blue,hybrid_petrol,W.P. Kuala Lumpur,2014,SUV - SMALL,2.4,4,A5,x,10.3,7.6,9.1,31,209
2025-01-24,motokar,HONDA,CIVIC,blue,petrol,Rakan Niaga,2014,COMPACT,1.8,4,AV,x,7.9,6.0,7.0,40,161
2025-01-24,motokar,HONDA,CIVIC,blue,petrol,Rakan Niaga,2014,COMPACT,1.8,4,AV7,x,8.1,6.2,7.2,39,166
2025-01-24,motokar,HONDA,CIVIC,blue,petrol,Rakan Niaga,2014,COMPACT,1.8,4,M5,x,8.5,6.6,7.6,37,175
2025-01-24,motokar,HONDA,CIVIC,blue,hybrid_petrol,Rakan Niaga,2014,COMPACT,1.8,4,AV,x,7.9,6.0,7.0,40,161
2025-01-24,motokar,HONDA,CIVIC,blue,hybrid_petrol,Rakan Niaga,2014,COMPACT,1.8,4,AV7,x,8.1,6.2,7.2,39,166
2025-01-24,motokar,HONDA,CIVIC,blue,hybrid_petrol,Rakan Niaga,2014,COMPACT,1.8,4,M5,x,8.5,6.6,7.6,37,175
2025-01-24,motokar,HONDA,CIVIC,grey,petrol,Rakan Niaga,2014,COMPACT,1.8,4,AV,x,7.9,6.0,7.0,40,161
2025-01-24,motokar,HONDA,CIVIC,grey,petrol,Rakan Niaga,2014,COMPACT,1.8,4,AV7,x,8.1,6.2,7.2,39,166
2025-01-24,motokar,HONDA,CIVIC,grey,petrol,Rakan Niaga,2014,COMPACT,1.8,4,M5,x,8.5,6.6,7.6,37,175
2025-01-24,motokar,HONDA,CIVIC,black,petrol,Johor,2014,COMPACT,1.8,4,AV,x,7.9,6.0,7.0,40,161
2025-01-24,motokar,HONDA,CIVIC,black,petrol,Johor,2014,COMPACT,1.8,4,AV7,x,8.1,6.2,7.2,39,166
2025-01-24,motokar,HONDA,CIVIC,black,petrol,Johor,2014,COMPACT,1.8,4,M5,x,8.5,6.6,7.6,37,175
2025-01-24,motokar,HONDA,CIVIC,blue,petrol,W.P. Kuala Lumpur,2014,COMPACT,1.8,4,AV,x,7.9,6.0,7.0,40,161
2025-01-24,motokar,HONDA,CIVIC,blue,petrol,W.P. Kuala Lumpur,2014,COMPACT,1.8,4,AV7,x,8.1,6.2,7.2,39,166
2025-01-24,motokar,HONDA,CIVIC,blue,petrol,W.P. Kuala Lumpur,2014,COMPACT,1.8,4,M5,x,8.5,6.6,7.6,37,175
2025-01-24,motokar,HONDA,CIVIC,white,petrol,Rakan Niaga,2014,COMPACT,1.8,4,AV,x,7.9,6.0,7.0,40,161
2025-01-24,motokar,HONDA,CIVIC,white,petrol,Rakan Niaga,2014,COMPACT,1.8,4,AV7,x,8.1,6.2,7.2,39,166
2025-01-24,motokar,HONDA,CIVIC,white,petrol,Rakan Niaga,2014,COMPACT,1.8,4,M5,x,8.5,6.6,7.6,37,175
2025-01-24,motokar,HONDA,CIVIC,red,petrol,Rakan Niaga,2014,COMPACT,1.8,4,AV,x,7.9,6.0,7.0,40,161
2025-01-24,motokar,HONDA,CIVIC,red,petrol,Rakan Niaga,2014,COMPACT,1.8,4,AV7,x,8.1,6.2,7.2,39,166
2025-01-24,motokar,HONDA,CIVIC,red,petrol,Rakan Niaga,2014,COMPACT,1.8,4,M5,x,8.5,6.6,7.6,37,175
2025-01-24,motokar,HONDA,CIVIC,black,petrol,Rakan Niaga,2014,COMPACT,1.8,4,AV,x,7.9,6.0,7.0,40,161
2025-01-24,motokar,HONDA,CIVIC,black,petrol,Rakan Niaga,2014,COMPACT,1.8,4,AV7,x,8.1,6.2,7.2,39,166
2025-01-24,motokar,HONDA,CIVIC,black,petrol,Rakan Niaga,2014,COMPACT,1.8,4,M5,x,8.5,6.6,7.6,37,175
2025-01-24,motokar,HONDA,CIVIC,white,petrol,W.P. Kuala Lumpur,2014,COMPACT,1.8,4,AV,x,7.9,6.0,7.0,40,161
2025-01-24,motokar,HONDA,CIVIC,white,petrol,W.P. Kuala Lumpur,2014,COMPACT,1.8,4,AV7,x,8.1,6.2,7.2,39,166
2025-01-24,motokar,HONDA,CIVIC,white,petrol,W.P. Kuala Lumpur,2014,COMPACT,1.8,4,M5,x,8.5,6.6,7.6,37,175
2025-01-24,motokar,HONDA,CIVIC,red,hybrid_petrol,Rakan Niaga,2014,COMPACT,1.8,4,AV,x,7.9,6.0,7.0,40,161
2025-01-24,motokar,HONDA,CIVIC,red,hybrid_petrol,Rakan Niaga,2014,COMPACT,1.8,4,AV7,x,8.1,6.2,7.2,39,166
2025-01-24,motokar,HONDA,CIVIC,red,hybrid_petrol,Rakan Niaga,2014,COMPACT,1.8,4,M5,x,8.5,6.6,7.6,37,175
2025-01-24,motokar,HONDA,CIVIC,silver,petrol,Rakan Niaga,2014,COMPACT,1.8,4,AV,x,7.9,6.0,7.0,40,161
2025-01-24,motokar,HONDA,CIVIC,silver,petrol,Rakan Niaga,2014,COMPACT,1.8,4,AV7,x,8.1,6.2,7.2,39,166
2025-01-24,motokar,HONDA,CIVIC,silver,petrol,Rakan Niaga,2014,COMPACT,1.8,4,M5,x,8.5,6.6,7.6,37,175
2025-01-24,motokar,HONDA,CIVIC,red,petrol,W.P. Kuala Lumpur,2014,COMPACT,1.8,4,AV,x,7.9,6.0,7.0,40,161
2025-01-24,motokar,HONDA,CIVIC,red,petrol,W.P. Kuala Lumpur,2014,COMPACT,1.8,4,AV7,x,8.1,6.2,7.2,39,166
2025-01-24,motokar,HONDA,CIVIC,red,petrol,W.P. Kuala Lumpur,2014,COMPACT,1.8,4,M5,x,8.5,6.6,7.6,37,175
2025-01-24,motokar,HONDA,CIVIC,grey,petrol,Selangor,2014,COMPACT,1.8,4,AV,x,7.9,6.0,7.0,40,161
2025-01-24,motokar,HONDA,CIVIC,grey,petrol,Selangor,2014,COMPACT,1.8,4,AV7,x,8.1,6.2,7.2,39,166
2025-01-24,motokar,HONDA,CIVIC,grey,petrol,Selangor,2014,COMPACT,1.8,4,M5,x,8.5,6.6,7.6,37,175
2025-01-24,motokar,HONDA,CIVIC,red,hybrid_petrol,Selangor,2014,COMPACT,1.8,4,AV,x,7.9,6.0,7.0,40,161
2025-01-24,motokar,HONDA,CIVIC,red,hybrid_petrol,Selangor,2014,COMPACT,1.8,4,AV7,x,8.1,6.2,7.2,39,166
2025-01-24,motokar,HONDA,CIVIC,red,hybrid_petrol,Selangor,2014,COMPACT,1.8,4,M5,x,8.5,6.6,7.6,37,175
2025-01-24,motokar,HONDA,CIVIC,blue,hybrid_petrol,Pahang,2014,COMPACT,1.8,4,AV,x,7.9,6.0,7.0,40,161
2025-01-24,motokar,HONDA,CIVIC,blue,hybrid_petrol,Pahang,2014,COMPACT,1.8,4,AV7,x,8.1,6.2,7.2,39,166
2025-01-24,motokar,HONDA,CIVIC,blue,hybrid_petrol,Pahang,2014,COMPACT,1.8,4,M5,x,8.5,6.6,7.6,37,175
2025-01-24,motokar,HONDA,CIVIC,blue,petrol,Pahang,2014,COMPACT,1.8,4,AV,x,7.9,6.0,7.0,40,161
2025-01-24,motokar,HONDA,CIVIC,blue,petrol,Pahang,2014,COMPACT,1.8,4,AV7,x,8.1,6.2,7.2,39,166
2025-01-24,motokar,HONDA,CIVIC,blue,petrol,Pahang,2014,COMPACT,1.8,4,M5,x,8.5,6.6,7.6,37,175
2025-01-24,motokar,HONDA,CIVIC,grey,petrol,Pulau Pinang,2014,COMPACT,1.8,4,AV,x,7.9,6.0,7.0,40,161
2025-01-24,motokar,HONDA,CIVIC,grey,petrol,Pulau Pinang,2014,COMPACT,1.8,4,AV7,x,8.1,6.2,7.2,39,166
2025-01-24,motokar,HONDA,CIVIC,grey,petrol,Pulau Pinang,2014,COMPACT,1.8,4,M5,x,8.5,6.6,7.6,37,175
2025-01-24,motokar,HONDA,CIVIC,grey,hybrid_petrol,Rakan Niaga,2014,COMPACT,1.8,4,AV,x,7.9,6.0,7.0,40,161
2025-01-24,motokar,HONDA,CIVIC,grey,hybrid_petrol,Rakan Niaga,2014,COMPACT,1.8,4,AV7,x,8.1,6.2,7.2,39,166
2025-01-24,motokar,HONDA,CIVIC,grey,hybrid_petrol,Rakan Niaga,2014,COMPACT,1.8,4,M5,x,8.5,6.6,7.6,37,175
2025-01-24,motokar,HONDA,FIT,white,petrol,Rakan Niaga,2014,STATION WAGON - SMALL,1.5,4,A5,x,8.3,6.5,7.5,38,172
2025-01-24,motokar,HONDA,FIT,white,petrol,Rakan Niaga,2014,STATION WAGON - SMALL,1.5,4,M5,x,8.3,6.9,7.7,37,177
2025-01-24,window_van,HONDA,ODYSSEY,white,petrol,W.P. Kuala Lumpur,2014,MINIVAN,3.5,6,A6,x,12.3,8.5,10.6,27,244
2025-01-24,jip,HYUNDAI,SANTA FE,grey,hybrid_petrol,Selangor,2014,SUV - SMALL,3.3,6,A6,x,13.0,9.1,11.2,25,258
2025-01-24,jip,HYUNDAI,SANTA FE,blue,hybrid_petrol,Rakan Niaga,2014,SUV - SMALL,3.3,6,A6,x,13.0,9.1,11.2,25,258
2025-01-24,jip,HYUNDAI,SANTA FE,grey,hybrid_petrol,Pulau Pinang,2014,SUV - SMALL,3.3,6,A6,x,13.0,9.1,11.2,25,258
2025-01-24,jip,KIA,SPORTAGE,black,petrol,Rakan Niaga,2014,SUV - SMALL,2.4,4,A6,x,11.4,8.3,10.0,28,230
2025-01-24,jip,KIA,SPORTAGE,black,petrol,Rakan Niaga,2014,SUV - SMALL,2.4,4,M6,x,12.9,9.3,11.3,25,260
2025-01-24,jip,MAZDA,CX-5,red,petrol,Rakan Niaga,2014,SUV - SMALL,2.0,4,AS6,x,8.9,7.3,8.2,34,189
2025-01-24,jip,MAZDA,CX-5,red,petrol,Rakan Niaga,2014,SUV - SMALL,2.0,4,M6,x,9.0,6.8,8.0,35,184
2025-01-24,jip,MAZDA,CX-5,red,petrol,Rakan Niaga,2014,SUV - SMALL,2.5,4,AS6,x,9.6,7.4,8.6,33,198
2025-01-24,jip,MAZDA,CX-5,gold,petrol,Rakan Niaga,2014,SUV - SMALL,2.0,4,AS6,x,8.9,7.3,8.2,34,189
2025-01-24,jip,MAZDA,CX-5,gold,petrol,Rakan Niaga,2014,SUV - SMALL,2.0,4,M6,x,9.0,6.8,8.0,35,184
2025-01-24,jip,MAZDA,CX-5,gold,petrol,Rakan Niaga,2014,SUV - SMALL,2.5,4,AS6,x,9.6,7.4,8.6,33,198
2025-01-24,jip,MAZDA,CX-5,black,petrol,Rakan Niaga,2014,SUV - SMALL,2.0,4,AS6,x,8.9,7.3,8.2,34,189
2025-01-24,jip,MAZDA,CX-5,black,petrol,Rakan Niaga,2014,SUV - SMALL,2.0,4,M6,x,9.0,6.8,8.0,35,184
2025-01-24,jip,MAZDA,CX-5,black,petrol,Rakan Niaga,2014,SUV - SMALL,2.5,4,AS6,x,9.6,7.4,8.6,33,198
2025-01-24,jip,MAZDA,CX-5,grey,petrol,Rakan Niaga,2014,SUV - SMALL,2.0,4,AS6,x,8.9,7.3,8.2,34,189
2025-01-24,jip,MAZDA,CX-5,grey,petrol,Rakan Niaga,2014,SUV - SMALL,2.0,4,M6,x,9.0,6.8,8.0,35,184
2025-01-24,jip,MAZDA,CX-5,grey,petrol,Rakan Niaga,2014,SUV - SMALL,2.5,4,AS6,x,9.6,7.4,8.6,33,198
2025-01-24,jip,MAZDA,CX-5,white,petrol,Rakan Niaga,2014,SUV - SMALL,2.0,4,AS6,x,8.9,7.3,8.2,34,189
2025-01-24,jip,MAZDA,CX-5,white,petrol,Rakan Niaga,2014,SUV - SMALL,2.0,4,M6,x,9.0,6.8,8.0,35,184
2025-01-24,jip,MAZDA,CX-5,white,petrol,Rakan Niaga,2014,SUV - SMALL,2.5,4,AS6,x,9.6,7.4,8.6,33,198
2025-01-24,jip,MAZDA,CX-5,blue,petrol,Rakan Niaga,2014,SUV - SMALL,2.0,4,AS6,x,8.9,7.3,8.2,34,189
2025-01-24,jip,MAZDA,CX-5,blue,petrol,Rakan Niaga,2014,SUV - SMALL,2.0,4,M6,x,9.0,6.8,8.0,35,184
2025-01-24,jip,MAZDA,CX-5,blue,petrol,Rakan Niaga,2014,SUV - SMALL,2.5,4,AS6,x,9.6,7.4,8.6,33,198
2025-01-24,jip,MAZDA,CX-5,blue,petrol,W.P. Kuala Lumpur,2014,SUV - SMALL,2.0,4,AS6,x,8.9,7.3,8.2,34,189
2025-01-24,jip,MAZDA,CX-5,blue,petrol,W.P. Kuala Lumpur,2014,SUV - SMALL,2.0,4,M6,x,9.0,6.8,8.0,35,184
2025-01-24,jip,MAZDA,CX-5,blue,petrol,W.P. Kuala Lumpur,2014,SUV - SMALL,2.5,4,AS6,x,9.6,7.4,8.6,33,198
2025-01-24,jip,MAZDA,CX-5,grey,petrol,Selangor,2014,SUV - SMALL,2.0,4,AS6,x,8.9,7.3,8.2,34,189
2025-01-24,jip,MAZDA,CX-5,grey,petrol,Selangor,2014,SUV - SMALL,2.0,4,M6,x,9.0,6.8,8.0,35,184
2025-01-24,jip,MAZDA,CX-5,grey,petrol,Selangor,2014,SUV - SMALL,2.5,4,AS6,x,9.6,7.4,8.6,33,198
2025-01-24,motokar,MAZDA,MX-5,white,petrol,Rakan Niaga,2014,TWO-SEATER,2.0,4,AS6,z,11.5,8.5,10.2,28,235
2025-01-24,motokar,MAZDA,MX-5,white,petrol,Rakan Niaga,2014,TWO-SEATER,2.0,4,M5,z,10.5,8.5,9.6,29,221
2025-01-24,motokar,MAZDA,MX-5,white,petrol,Rakan Niaga,2014,TWO-SEATER,2.0,4,M6,z,11.1,8.4,9.9,29,228
2025-01-24,motokar,MAZDA,MX-5,grey,petrol,W.P. Kuala Lumpur,2014,TWO-SEATER,2.0,4,AS6,z,11.5,8.5,10.2,28,235
2025-01-24,motokar,MAZDA,MX-5,grey,petrol,W.P. Kuala Lumpur,2014,TWO-SEATER,2.0,4,M5,z,10.5,8.5,9.6,29,221
2025-01-24,motokar,MAZDA,MX-5,grey,petrol,W.P. Kuala Lumpur,2014,TWO-SEATER,2.0,4,M6,z,11.1,8.4,9.9,29,228
2025-01-24,motokar,MAZDA,MX-5,white,petrol,Johor,2014,TWO-SEATER,2.0,4,AS6,z,11.5,8.5,10.2,28,235
2025-01-24,motokar,MAZDA,MX-5,white,petrol,Johor,2014,TWO-SEATER,2.0,4,M5,z,10.5,8.5,9.6,29,221
2025-01-24,motokar,MAZDA,MX-5,white,petrol,Johor,2014,TWO-SEATER,2.0,4,M6,z,11.1,8.4,9.9,29,228
2025-01-24,jip,PORSCHE,CAYENNE,black,petrol,W.P. Kuala Lumpur,2014,SUV - STANDARD,3.6,6,A8,z,13.6,10.1,12.0,24,276
2025-01-24,jip,PORSCHE,CAYENNE,black,petrol,W.P. Kuala Lumpur,2014,SUV - STANDARD,3.6,6,M6,z,15.8,10.9,13.6,21,313
2025-01-24,jip,PORSCHE,CAYENNE,silver,hybrid_petrol,Pulau Pinang,2014,SUV - STANDARD,3.6,6,A8,z,13.6,10.1,12.0,24,276
2025-01-24,jip,PORSCHE,CAYENNE,silver,hybrid_petrol,Pulau Pinang,2014,SUV - STANDARD,3.6,6,M6,z,15.8,10.9,13.6,21,313
2025-01-24,jip,PORSCHE,CAYENNE,white,petrol,W.P. Kuala Lumpur,2014,SUV - STANDARD,3.6,6,A8,z,13.6,10.1,12.0,24,276
2025-01-24,jip,PORSCHE,CAYENNE,white,petrol,W.P. Kuala Lumpur,2014,SUV - STANDARD,3.6,6,M6,z,15.8,10.9,13.6,21,313
2025-01-24,jip,PORSCHE,CAYENNE,white,petrol,Johor,2014,SUV - STANDARD,3.6,6,A8,z,13.6,10.1,12.0,24,276
2025-01-24,jip,PORSCHE,CAYENNE,white,petrol,Johor,2014,SUV - STANDARD,3.6,6,M6,z,15.8,10.9,13.6,21,313
2025-01-24,jip,PORSCHE,CAYENNE,grey,petrol,W.P. Kuala Lumpur,2014,SUV - STANDARD,3.6,6,A8,z,13.6,10.1,12.0,24,276
2025-01-24,jip,PORSCHE,CAYENNE,grey,petrol,W.P. Kuala Lumpur,2014,SUV - STANDARD,3.6,6,M6,z,15.8,10.9,13.6,21,313
2025-01-24,jip,PORSCHE,CAYENNE,white,petrol,Pulau Pinang,2014,SUV - STANDARD,3.6,6,A8,z,13.6,10.1,12.0,24,276
2025-01-24,jip,PORSCHE,CAYENNE,white,petrol,Pulau Pinang,2014,SUV - STANDARD,3.6,6,M6,z,15.8,10.9,13.6,21,313
2025-01-24,jip,PORSCHE,CAYENNE,black,petrol,Rakan Niaga,2014,SUV - STANDARD,3.6,6,A8,z,13.6,10.1,12.0,24,276
2025-01-24,jip,PORSCHE,CAYENNE,black,petrol,Rakan Niaga,2014,SUV - STANDARD,3.6,6,M6,z,15.8,10.9,13.6,21,313
2025-01-24,jip,PORSCHE,CAYENNE,grey,petrol,Rakan Niaga,2014,SUV - STANDARD,3.6,6,A8,z,13.6,10.1,12.0,24,276
2025-01-24,jip,PORSCHE,CAYENNE,grey,petrol,Rakan Niaga,2014,SUV - STANDARD,3.6,6,M6,z,15.8,10.9,13.6,21,313
2025-01-24,motokar,TOYOTA,COROLLA,black,petrol,W.P. Kuala Lumpur,2014,MID-SIZE,1.8,4,A4,x,8.6,6.5,7.7,37,177
2025-01-24,motokar,TOYOTA,COROLLA,black,petrol,W.P. Kuala Lumpur,2014,MID-SIZE,1.8,4,AV7,x,8.1,6.3,7.3,39,168
2025-01-24,motokar,TOYOTA,COROLLA,black,petrol,W.P. Kuala Lumpur,2014,MID-SIZE,1.8,4,AV,x,8.0,5.9,7.1,40,163
2025-01-24,motokar,TOYOTA,COROLLA,black,petrol,W.P. Kuala Lumpur,2014,MID-SIZE,1.8,4,M6,x,8.3,6.3,7.4,38,170
2025-01-24,motokar,TOYOTA,YARIS,white,petrol,Rakan Niaga,2014,COMPACT,1.5,4,A4,x,7.9,6.6,7.3,39,168
2025-01-24,motokar,TOYOTA,YARIS,white,petrol,Rakan Niaga,2014,COMPACT,1.5,4,M5,x,7.8,6.3,7.1,40,163
2025-01-24,motokar,TOYOTA,YARIS,silver,petrol,Rakan Niaga,2014,COMPACT,1.5,4,A4,x,7.9,6.6,7.3,39,168
2025-01-24,motokar,TOYOTA,YARIS,silver,petrol,Rakan Niaga,2014,COMPACT,1.5,4,M5,x,7.8,6.3,7.1,40,163
2025-01-24,motokar,TOYOTA,YARIS,white,petrol,Sabah,2014,COMPACT,1.5,4,A4,x,7.9,6.6,7.3,39,168
2025-01-24,motokar,TOYOTA,YARIS,white,petrol,Sabah,2014,COMPACT,1.5,4,M5,x,7.8,6.3,7.1,40,163
2025-01-24,motokar,TOYOTA,YARIS,red,petrol,Rakan Niaga,2014,COMPACT,1.5,4,A4,x,7.9,6.6,7.3,39,168
2025-01-24,motokar,TOYOTA,YARIS,red,petrol,Rakan Niaga,2014,COMPACT,1.5,4,M5,x,7.8,6.3,7.1,40,163
2025-01-24,motokar,TOYOTA,YARIS,maroon,petrol,Rakan Niaga,2014,COMPACT,1.5,4,A4,x,7.9,6.6,7.3,39,168
2025-01-24,motokar,TOYOTA,YARIS,maroon,petrol,Rakan Niaga,2014,COMPACT,1.5,4,M5,x,7.8,6.3,7.1,40,163
2025-01-24,motokar,TOYOTA,YARIS,grey,petrol,Rakan Niaga,2014,COMPACT,1.5,4,A4,x,7.9,6.6,7.3,39,168
2025-01-24,motokar,TOYOTA,YARIS,grey,petrol,Rakan Niaga,2014,COMPACT,1.5,4,M5,x,7.8,6.3,7.1,40,163
2025-01-24,motokar,TOYOTA,YARIS,red,petrol,Pulau Pinang,2014,COMPACT,1.5,4,A4,x,7.9,6.6,7.3,39,168
2025-01-24,motokar,TOYOTA,YARIS,red,petrol,Pulau Pinang,2014,COMPACT,1.5,4,M5,x,7.8,6.3,7.1,40,163
2025-01-24,motokar,TOYOTA,YARIS,white,petrol,W.P. Kuala Lumpur,2014,COMPACT,1.5,4,A4,x,7.9,6.6,7.3,39,168
2025-01-24,motokar,TOYOTA,YARIS,white,petrol,W.P. Kuala Lumpur,2014,COMPACT,1.5,4,M5,x,7.8,6.3,7.1,40,163
2025-01-24,motokar,TOYOTA,YARIS,white,petrol,Johor,2014,COMPACT,1.5,4,A4,x,7.9,6.6,7.3,39,168
2025-01-24,motokar,TOYOTA,YARIS,white,petrol,Johor,2014,COMPACT,1.5,4,M5,x,7.8,6.3,7.1,40,163
2025-01-24,jip,TOYOTA,YARIS,white,petrol,Rakan Niaga,2014,COMPACT,1.5,4,A4,x,7.9,6.6,7.3,39,168
2025-01-24,jip,TOYOTA,YARIS,white,petrol,Rakan Niaga,2014,COMPACT,1.5,4,M5,x,7.8,6.3,7.1,40,163
2025-01-24,jip,VOLKSWAGEN,TIGUAN,grey,petrol,Rakan Niaga,2014,SUV - SMALL,2.0,4,A6,z,11.7,9.5,10.7,26,246
2025-01-24,jip,VOLKSWAGEN,TIGUAN,grey,petrol,Rakan Niaga,2014,SUV - SMALL,2.0,4,M6,z,13.6,9.2,11.6,24,267
2025-01-24,jip,VOLKSWAGEN,TIGUAN,blue,petrol,Rakan Niaga,2014,SUV - SMALL,2.0,4,A6,z,11.7,9.5,10.7,26,246
2025-01-24,jip,VOLKSWAGEN,TIGUAN,blue,petrol,Rakan Niaga,2014,SUV - SMALL,2.0,4,M6,z,13.6,9.2,11.6,24,267
2025-01-24,jip,VOLKSWAGEN,TIGUAN,grey,petrol,Selangor,2014,SUV - SMALL,2.0,4,A6,z,11.7,9.5,10.7,26,246
2025-01-24,jip,VOLKSWAGEN,TIGUAN,grey,petrol,Selangor,2014,SUV - SMALL,2.0,4,M6,z,13.6,9.2,11.6,24,267
2025-01-24,jip,VOLKSWAGEN,TIGUAN,white,petrol,Rakan Niaga,2014,SUV - SMALL,2.0,4,A6,z,11.7,9.5,10.7,26,246
2025-01-24,jip,VOLKSWAGEN,TIGUAN,white,petrol,Rakan Niaga,2014,SUV - SMALL,2.0,4,M6,z,13.6,9.2,11.6,24,267
2025-01-24,jip,VOLKSWAGEN,TIGUAN,black,petrol,Rakan Niaga,2014,SUV - SMALL,2.0,4,A6,z,11.7,9.5,10.7,26,246
2025-01-24,jip,VOLKSWAGEN,TIGUAN,black,petrol,Rakan Niaga,2014,SUV - SMALL,2.0,4,M6,z,13.6,9.2,11.6,24,267
2025-01-24,jip,VOLKSWAGEN,TIGUAN,grey,petrol,W.P. Kuala Lumpur,2014,SUV - SMALL,2.0,4,A6,z,11.7,9.5,10.7,26,246
2025-01-24,jip,VOLKSWAGEN,TIGUAN,grey,petrol,W.P. Kuala Lumpur,2014,SUV - SMALL,2.0,4,M6,z,13.6,9.2,11.6,24,267
2025-01-24,jip,VOLVO,XC60,white,hybrid_petrol,Rakan Niaga,2014,SUV - SMALL,3.2,6,AS6,x,13.0,8.9,11.2,25,258
2025-01-24,jip,VOLVO,XC60,blue,hybrid_petrol,Rakan Niaga,2014,SUV - SMALL,3.2,6,AS6,x,13.0,8.9,11.2,25,258
2025-01-25,jip,HONDA,CR-V,white,hybrid_petrol,Rakan Niaga,2014,SUV - SMALL,2.4,4,A5,x,10.3,7.6,9.1,31,209
2025-01-25,jip,HONDA,CR-V,grey,hybrid_petrol,Rakan Niaga,2014,SUV - SMALL,2.4,4,A5,x,10.3,7.6,9.1,31,209
2025-01-25,jip,HONDA,CR-V,white,petrol,Rakan Niaga,2014,SUV - SMALL,2.4,4,A5,x,10.3,7.6,9.1,31,209
2025-01-25,jip,HONDA,CR-V,blue,hybrid_petrol,Rakan Niaga,2014,SUV - SMALL,2.4,4,A5,x,10.3,7.6,9.1,31,209
2025-01-25,jip,HONDA,CR-V,blue,petrol,Rakan Niaga,2014,SUV - SMALL,2.4,4,A5,x,10.3,7.6,9.1,31,209
2025-01-25,jip,HONDA,CR-V,grey,petrol,Rakan Niaga,2014,SUV - SMALL,2.4,4,A5,x,10.3,7.6,9.1,31,209
2025-01-25,motokar,HONDA,CIVIC,white,petrol,Rakan Niaga,2014,COMPACT,1.8,4,AV,x,7.9,6.0,7.0,40,161
2025-01-25,motokar,HONDA,CIVIC,white,petrol,Rakan Niaga,2014,COMPACT,1.8,4,AV7,x,8.1,6.2,7.2,39,166
2025-01-25,motokar,HONDA,CIVIC,white,petrol,Rakan Niaga,2014,COMPACT,1.8,4,M5,x,8.5,6.6,7.6,37,175
2025-01-25,motokar,HONDA,CIVIC,black,petrol,Rakan Niaga,2014,COMPACT,1.8,4,AV,x,7.9,6.0,7.0,40,161
2025-01-25,motokar,HONDA,CIVIC,black,petrol,Rakan Niaga,2014,COMPACT,1.8,4,AV7,x,8.1,6.2,7.2,39,166
2025-01-25,motokar,HONDA,CIVIC,black,petrol,Rakan Niaga,2014,COMPACT,1.8,4,M5,x,8.5,6.6,7.6,37,175
2025-01-25,motokar,HONDA,CIVIC,white,hybrid_petrol,Rakan Niaga,2014,COMPACT,1.8,4,AV,x,7.9,6.0,7.0,40,161
2025-01-25,motokar,HONDA,CIVIC,white,hybrid_petrol,Rakan Niaga,2014,COMPACT,1.8,4,AV7,x,8.1,6.2,7.2,39,166
2025-01-25,motokar,HONDA,CIVIC,white,hybrid_petrol,Rakan Niaga,2014,COMPACT,1.8,4,M5,x,8.5,6.6,7.6,37,175
2025-01-25,motokar,HONDA,CIVIC,blue,petrol,Rakan Niaga,2014,COMPACT,1.8,4,AV,x,7.9,6.0,7.0,40,161
2025-01-25,motokar,HONDA,CIVIC,blue,petrol,Rakan Niaga,2014,COMPACT,1.8,4,AV7,x,8.1,6.2,7.2,39,166
2025-01-25,motokar,HONDA,CIVIC,blue,petrol,Rakan Niaga,2014,COMPACT,1.8,4,M5,x,8.5,6.6,7.6,37,175
2025-01-25,motokar,HONDA,CIVIC,blue,hybrid_petrol,Rakan Niaga,2014,COMPACT,1.8,4,AV,x,7.9,6.0,7.0,40,161
2025-01-25,motokar,HONDA,CIVIC,blue,hybrid_petrol,Rakan Niaga,2014,COMPACT,1.8,4,AV7,x,8.1,6.2,7.2,39,166
2025-01-25,motokar,HONDA,CIVIC,blue,hybrid_petrol,Rakan Niaga,2014,COMPACT,1.8,4,M5,x,8.5,6.6,7.6,37,175
2025-01-25,motokar,HONDA,CIVIC,red,petrol,Rakan Niaga,2014,COMPACT,1.8,4,AV,x,7.9,6.0,7.0,40,161
2025-01-25,motokar,HONDA,CIVIC,red,petrol,Rakan Niaga,2014,COMPACT,1.8,4,AV7,x,8.1,6.2,7.2,39,166
2025-01-25,motokar,HONDA,CIVIC,red,petrol,Rakan Niaga,2014,COMPACT,1.8,4,M5,x,8.5,6.6,7.6,37,175
2025-01-25,motokar,HONDA,CIVIC,grey,petrol,Rakan Niaga,2014,COMPACT,1.8,4,AV,x,7.9,6.0,7.0,40,161
2025-01-25,motokar,HONDA,CIVIC,grey,petrol,Rakan Niaga,2014,COMPACT,1.8,4,AV7,x,8.1,6.2,7.2,39,166
2025-01-25,motokar,HONDA,CIVIC,grey,petrol,Rakan Niaga,2014,COMPACT,1.8,4,M5,x,8.5,6.6,7.6,37,175
2025-01-25,motokar,HONDA,CIVIC,grey,hybrid_petrol,Rakan Niaga,2014,COMPACT,1.8,4,AV,x,7.9,6.0,7.0,40,161
2025-01-25,motokar,HONDA,CIVIC,grey,hybrid_petrol,Rakan Niaga,2014,COMPACT,1.8,4,AV7,x,8.1,6.2,7.2,39,166
2025-01-25,motokar,HONDA,CIVIC,grey,hybrid_petrol,Rakan Niaga,2014,COMPACT,1.8,4,M5,x,8.5,6.6,7.6,37,175
2025-01-25,motokar,TOYOTA,YARIS,red,petrol,Rakan Niaga,2014,COMPACT,1.5,4,A4,x,7.9,6.6,7.3,39,168
2025-01-25,motokar,TOYOTA,YARIS,red,petrol,Rakan Niaga,2014,COMPACT,1.5,4,M5,x,7.8,6.3,7.1,40,163
2025-01-25,motokar,TOYOTA,YARIS,white,petrol,Rakan Niaga,2014,COMPACT,1.5,4,A4,x,7.9,6.6,7.3,39,168
2025-01-25,motokar,TOYOTA,YARIS,white,petrol,Rakan Niaga,2014,COMPACT,1.5,4,M5,x,7.8,6.3,7.1,40,163
2025-01-25,motokar,TOYOTA,YARIS,silver,petrol,Rakan Niaga,2014,COMPACT,1.5,4,A4,x,7.9,6.6,7.3,39,168
2025-01-25,motokar,TOYOTA,YARIS,silver,petrol,Rakan Niaga,2014,COMPACT,1.5,4,M5,x,7.8,6.3,7.1,40,163
2025-01-26,jip,HONDA,CR-V,grey,petrol,Terengganu,2014,SUV - SMALL,2.4,4,A5,x,10.3,7.6,9.1,31,209
2025-01-26,jip,HONDA,CR-V,blue,petrol,Rakan Niaga,2014,SUV - SMALL,2.4,4,A5,x,10.3,7.6,9.1,31,209
2025-01-26,motokar,HONDA,CIVIC,black,petrol,Rakan Niaga,2014,COMPACT,1.8,4,AV,x,7.9,6.0,7.0,40,161
2025-01-26,motokar,HONDA,CIVIC,black,petrol,Rakan Niaga,2014,COMPACT,1.8,4,AV7,x,8.1,6.2,7.2,39,166
2025-01-26,motokar,HONDA,CIVIC,black,petrol,Rakan Niaga,2014,COMPACT,1.8,4,M5,x,8.5,6.6,7.6,37,175
2025-01-26,motokar,HONDA,CIVIC,white,petrol,Rakan Niaga,2014,COMPACT,1.8,4,AV,x,7.9,6.0,7.0,40,161
2025-01-26,motokar,HONDA,CIVIC,white,petrol,Rakan Niaga,2014,COMPACT,1.8,4,AV7,x,8.1,6.2,7.2,39,166
2025-01-26,motokar,HONDA,CIVIC,white,petrol,Rakan Niaga,2014,COMPACT,1.8,4,M5,x,8.5,6.6,7.6,37,175
2025-01-26,jip,HYUNDAI,SANTA FE,blue,hybrid_petrol,Rakan Niaga,2014,SUV - SMALL,3.3,6,A6,x,13.0,9.1,11.2,25,258
2025-01-26,jip,HYUNDAI,SANTA FE,grey,hybrid_petrol,Rakan Niaga,2014,SUV - SMALL,3.3,6,A6,x,13.0,9.1,11.2,25,258
2025-01-26,jip,MAZDA,CX-5,red,petrol,Rakan Niaga,2014,SUV - SMALL,2.0,4,AS6,x,8.9,7.3,8.2,34,189
2025-01-26,jip,MAZDA,CX-5,red,petrol,Rakan Niaga,2014,SUV - SMALL,2.0,4,M6,x,9.0,6.8,8.0,35,184
2025-01-26,jip,MAZDA,CX-5,red,petrol,Rakan Niaga,2014,SUV - SMALL,2.5,4,AS6,x,9.6,7.4,8.6,33,198
2025-01-26,motokar,TOYOTA,YARIS,white,petrol,Rakan Niaga,2014,COMPACT,1.5,4,A4,x,7.9,6.6,7.3,39,168
2025-01-26,motokar,TOYOTA,YARIS,white,petrol,Rakan Niaga,2014,COMPACT,1.5,4,M5,x,7.8,6.3,7.1,40,163
2025-01-26,motokar,TOYOTA,YARIS,white,petrol,Terengganu,2014,COMPACT,1.5,4,A4,x,7.9,6.6,7.3,39,168
2025-01-26,motokar,TOYOTA,YARIS,white,petrol,Terengganu,2014,COMPACT,1.5,4,M5,x,7.8,6.3,7.1,40,163
2025-01-26,motokar,TOYOTA,YARIS,red,petrol,Rakan Niaga,2014,COMPACT,1.5,4,A4,x,7.9,6.6,7.3,39,168
2025-01-26,motokar,TOYOTA,YARIS,red,petrol,Rakan Niaga,2014,COMPACT,1.5,4,M5,x,7.8,6.3,7.1,40,163
2025-01-27,motokar,DODGE,CHALLENGER,yellow,petrol,Sarawak,2014,MID-SIZE,3.6,6,A5,x,13.2,8.7,11.2,25,258
2025-01-27,motokar,DODGE,CHALLENGER,yellow,petrol,Sarawak,2014,MID-SIZE,5.7,8,M6,x,15.6,10.0,13.1,22,301
2025-01-27,jip,HONDA,CR-V,white,petrol,Sarawak,2014,SUV - SMALL,2.4,4,A5,x,10.3,7.6,9.1,31,209
2025-01-27,jip,HONDA,CR-V,blue,petrol,Rakan Niaga,2014,SUV - SMALL,2.4,4,A5,x,10.3,7.6,9.1,31,209
2025-01-27,jip,HONDA,CR-V,white,petrol,Rakan Niaga,2014,SUV - SMALL,2.4,4,A5,x,10.3,7.6,9.1,31,209
2025-01-27,jip,HONDA,CR-V,red,petrol,Rakan Niaga,2014,SUV - SMALL,2.4,4,A5,x,10.3,7.6,9.1,31,209
2025-01-27,jip,HONDA,CR-V,white,hybrid_petrol,Rakan Niaga,2014,SUV - SMALL,2.4,4,A5,x,10.3,7.6,9.1,31,209
2025-01-27,jip,HONDA,CR-V,grey,hybrid_petrol,Rakan Niaga,2014,SUV - SMALL,2.4,4,A5,x,10.3,7.6,9.1,31,209
2025-01-27,jip,HONDA,CR-V,blue,petrol,Pahang,2014,SUV - SMALL,2.4,4,A5,x,10.3,7.6,9.1,31,209
2025-01-27,jip,HONDA,CR-V,red,hybrid_petrol,Selangor,2014,SUV - SMALL,2.4,4,A5,x,10.3,7.6,9.1,31,209
2025-01-27,jip,HONDA,CR-V,silver,petrol,Rakan Niaga,2014,SUV - SMALL,2.4,4,A5,x,10.3,7.6,9.1,31,209
2025-01-27,jip,HONDA,CR-V,grey,petrol,Rakan Niaga,2014,SUV - SMALL,2.4,4,A5,x,10.3,7.6,9.1,31,209
2025-01-27,jip,HONDA,CR-V,blue,hybrid_petrol,Rakan Niaga,2014,SUV - SMALL,2.4,4,A5,x,10.3,7.6,9.1,31,209
2025-01-27,jip,HONDA,CR-V,grey,petrol,Melaka,2014,SUV - SMALL,2.4,4,A5,x,10.3,7.6,9.1,31,209
2025-01-27,jip,HONDA,CR-V,red,hybrid_petrol,Rakan Niaga,2014,SUV - SMALL,2.4,4,A5,x,10.3,7.6,9.1,31,209
2025-01-27,jip,HONDA,CR-V,silver,hybrid_petrol,Rakan Niaga,2014,SUV - SMALL,2.4,4,A5,x,10.3,7.6,9.1,31,209
2025-01-27,jip,HONDA,CR-V,blue,hybrid_petrol,Perak,2014,SUV - SMALL,2.4,4,A5,x,10.3,7.6,9.1,31,209
2025-01-27,jip,HONDA,CR-V,white,hybrid_petrol,Sarawak,2014,SUV - SMALL,2.4,4,A5,x,10.3,7.6,9.1,31,209
2025-01-27,motokar,HONDA,CIVIC,black,petrol,Rakan Niaga,2014,COMPACT,1.8,4,AV,x,7.9,6.0,7.0,40,161
2025-01-27,motokar,HONDA,CIVIC,black,petrol,Rakan Niaga,2014,COMPACT,1.8,4,AV7,x,8.1,6.2,7.2,39,166
2025-01-27,motokar,HONDA,CIVIC,black,petrol,Rakan Niaga,2014,COMPACT,1.8,4,M5,x,8.5,6.6,7.6,37,175
2025-01-27,motokar,HONDA,CIVIC,red,petrol,Rakan Niaga,2014,COMPACT,1.8,4,AV,x,7.9,6.0,7.0,40,161
2025-01-27,motokar,HONDA,CIVIC,red,petrol,Rakan Niaga,2014,COMPACT,1.8,4,AV7,x,8.1,6.2,7.2,39,166
2025-01-27,motokar,HONDA,CIVIC,red,petrol,Rakan Niaga,2014,COMPACT,1.8,4,M5,x,8.5,6.6,7.6,37,175
2025-01-27,motokar,HONDA,CIVIC,white,petrol,Rakan Niaga,2014,COMPACT,1.8,4,AV,x,7.9,6.0,7.0,40,161
2025-01-27,motokar,HONDA,CIVIC,white,petrol,Rakan Niaga,2014,COMPACT,1.8,4,AV7,x,8.1,6.2,7.2,39,166
2025-01-27,motokar,HONDA,CIVIC,white,petrol,Rakan Niaga,2014,COMPACT,1.8,4,M5,x,8.5,6.6,7.6,37,175
2025-01-27,motokar,HONDA,CIVIC,blue,hybrid_petrol,Selangor,2014,COMPACT,1.8,4,AV,x,7.9,6.0,7.0,40,161
2025-01-27,motokar,HONDA,CIVIC,blue,hybrid_petrol,Selangor,2014,COMPACT,1.8,4,AV7,x,8.1,6.2,7.2,39,166
2025-01-27,motokar,HONDA,CIVIC,blue,hybrid_petrol,Selangor,2014,COMPACT,1.8,4,M5,x,8.5,6.6,7.6,37,175
2025-01-27,motokar,HONDA,CIVIC,grey,petrol,Rakan Niaga,2014,COMPACT,1.8,4,AV,x,7.9,6.0,7.0,40,161
2025-01-27,motokar,HONDA,CIVIC,grey,petrol,Rakan Niaga,2014,COMPACT,1.8,4,AV7,x,8.1,6.2,7.2,39,166
2025-01-27,motokar,HONDA,CIVIC,grey,petrol,Rakan Niaga,2014,COMPACT,1.8,4,M5,x,8.5,6.6,7.6,37,175
2025-01-27,motokar,HONDA,CIVIC,blue,petrol,Rakan Niaga,2014,COMPACT,1.8,4,AV,x,7.9,6.0,7.0,40,161
2025-01-27,motokar,HONDA,CIVIC,blue,petrol,Rakan Niaga,2014,COMPACT,1.8,4,AV7,x,8.1,6.2,7.2,39,166
2025-01-27,motokar,HONDA,CIVIC,blue,petrol,Rakan Niaga,2014,COMPACT,1.8,4,M5,x,8.5,6.6,7.6,37,175
2025-01-27,motokar,HONDA,CIVIC,white,hybrid_petrol,Rakan Niaga,2014,COMPACT,1.8,4,AV,x,7.9,6.0,7.0,40,161
2025-01-27,motokar,HONDA,CIVIC,white,hybrid_petrol,Rakan Niaga,2014,COMPACT,1.8,4,AV7,x,8.1,6.2,7.2,39,166
2025-01-27,motokar,HONDA,CIVIC,white,hybrid_petrol,Rakan Niaga,2014,COMPACT,1.8,4,M5,x,8.5,6.6,7.6,37,175
2025-01-27,motokar,HONDA,CIVIC,blue,petrol,W.P. Kuala Lumpur,2014,COMPACT,1.8,4,AV,x,7.9,6.0,7.0,40,161
2025-01-27,motokar,HONDA,CIVIC,blue,petrol,W.P. Kuala Lumpur,2014,COMPACT,1.8,4,AV7,x,8.1,6.2,7.2,39,166
2025-01-27,motokar,HONDA,CIVIC,blue,petrol,W.P. Kuala Lumpur,2014,COMPACT,1.8,4,M5,x,8.5,6.6,7.6,37,175
2025-01-27,motokar,HONDA,CIVIC,grey,petrol,Pulau Pinang,2014,COMPACT,1.8,4,AV,x,7.9,6.0,7.0,40,161
2025-01-27,motokar,HONDA,CIVIC,grey,petrol,Pulau Pinang,2014,COMPACT,1.8,4,AV7,x,8.1,6.2,7.2,39,166
2025-01-27,motokar,HONDA,CIVIC,grey,petrol,Pulau Pinang,2014,COMPACT,1.8,4,M5,x,8.5,6.6,7.6,37,175
2025-01-27,motokar,HONDA,CIVIC,grey,petrol,W.P. Kuala Lumpur,2014,COMPACT,1.8,4,AV,x,7.9,6.0,7.0,40,161
2025-01-27,motokar,HONDA,CIVIC,grey,petrol,W.P. Kuala Lumpur,2014,COMPACT,1.8,4,AV7,x,8.1,6.2,7.2,39,166
2025-01-27,motokar,HONDA,CIVIC,grey,petrol,W.P. Kuala Lumpur,2014,COMPACT,1.8,4,M5,x,8.5,6.6,7.6,37,175
2025-01-27,motokar,HONDA,CIVIC,black,petrol,Pulau Pinang,2014,COMPACT,1.8,4,AV,x,7.9,6.0,7.0,40,161
2025-01-27,motokar,HONDA,CIVIC,black,petrol,Pulau Pinang,2014,COMPACT,1.8,4,AV7,x,8.1,6.2,7.2,39,166
2025-01-27,motokar,HONDA,CIVIC,black,petrol,Pulau Pinang,2014,COMPACT,1.8,4,M5,x,8.5,6.6,7.6,37,175
2025-01-27,motokar,HONDA,CIVIC,grey,petrol,Sabah,2014,COMPACT,1.8,4,AV,x,7.9,6.0,7.0,40,161
2025-01-27,motokar,HONDA,CIVIC,grey,petrol,Sabah,2014,COMPACT,1.8,4,AV7,x,8.1,6.2,7.2,39,166
2025-01-27,motokar,HONDA,CIVIC,grey,petrol,Sabah,2014,COMPACT,1.8,4,M5,x,8.5,6.6,7.6,37,175
2025-01-27,motokar,HONDA,CIVIC,white,petrol,Sabah,2014,COMPACT,1.8,4,AV,x,7.9,6.0,7.0,40,161
2025-01-27,motokar,HONDA,CIVIC,white,petrol,Sabah,2014,COMPACT,1.8,4,AV7,x,8.1,6.2,7.2,39,166
2025-01-27,motokar,HONDA,CIVIC,white,petrol,Sabah,2014,COMPACT,1.8,4,M5,x,8.5,6.6,7.6,37,175
2025-01-27,motokar,HONDA,CIVIC,blue,petrol,Kelantan,2014,COMPACT,1.8,4,AV,x,7.9,6.0,7.0,40,161
2025-01-27,motokar,HONDA,CIVIC,blue,petrol,Kelantan,2014,COMPACT,1.8,4,AV7,x,8.1,6.2,7.2,39,166
2025-01-27,motokar,HONDA,CIVIC,blue,petrol,Kelantan,2014,COMPACT,1.8,4,M5,x,8.5,6.6,7.6,37,175
2025-01-27,motokar,HONDA,CIVIC,white,petrol,W.P. Kuala Lumpur,2014,COMPACT,1.8,4,AV,x,7.9,6.0,7.0,40,161
2025-01-27,motokar,HONDA,CIVIC,white,petrol,W.P. Kuala Lumpur,2014,COMPACT,1.8,4,AV7,x,8.1,6.2,7.2,39,166
2025-01-27,motokar,HONDA,CIVIC,white,petrol,W.P. Kuala Lumpur,2014,COMPACT,1.8,4,M5,x,8.5,6.6,7.6,37,175
2025-01-27,window_van,HONDA,ODYSSEY,black,petrol,W.P. Kuala Lumpur,2014,MINIVAN,3.5,6,A6,x,12.3,8.5,10.6,27,244
2025-01-27,jip,HYUNDAI,SANTA FE,black,hybrid_petrol,Rakan Niaga,2014,SUV - SMALL,3.3,6,A6,x,13.0,9.1,11.2,25,258
2025-01-27,jip,HYUNDAI,SANTA FE,black,diesel,W.P. Kuala Lumpur,2014,SUV - SMALL,3.3,6,A6,x,13.0,9.1,11.2,25,258
2025-01-27,jip,KIA,SPORTAGE,white,petrol,Rakan Niaga,2014,SUV - SMALL,2.4,4,A6,x,11.4,8.3,10.0,28,230
2025-01-27,jip,KIA,SPORTAGE,white,petrol,Rakan Niaga,2014,SUV - SMALL,2.4,4,M6,x,12.9,9.3,11.3,25,260
2025-01-27,jip,KIA,SPORTAGE,blue,petrol,Rakan Niaga,2014,SUV - SMALL,2.4,4,A6,x,11.4,8.3,10.0,28,230
2025-01-27,jip,KIA,SPORTAGE,blue,petrol,Rakan Niaga,2014,SUV - SMALL,2.4,4,M6,x,12.9,9.3,11.3,25,260
2025-01-27,jip,KIA,SPORTAGE,grey,petrol,Rakan Niaga,2014,SUV - SMALL,2.4,4,A6,x,11.4,8.3,10.0,28,230
2025-01-27,jip,KIA,SPORTAGE,grey,petrol,Rakan Niaga,2014,SUV - SMALL,2.4,4,M6,x,12.9,9.3,11.3,25,260
2025-01-27,jip,MAZDA,CX-5,black,petrol,Rakan Niaga,2014,SUV - SMALL,2.0,4,AS6,x,8.9,7.3,8.2,34,189
2025-01-27,jip,MAZDA,CX-5,black,petrol,Rakan Niaga,2014,SUV - SMALL,2.0,4,M6,x,9.0,6.8,8.0,35,184
2025-01-27,jip,MAZDA,CX-5,black,petrol,Rakan Niaga,2014,SUV - SMALL,2.5,4,AS6,x,9.6,7.4,8.6,33,198
2025-01-27,jip,MAZDA,CX-5,red,petrol,Rakan Niaga,2014,SUV - SMALL,2.0,4,AS6,x,8.9,7.3,8.2,34,189
2025-01-27,jip,MAZDA,CX-5,red,petrol,Rakan Niaga,2014,SUV - SMALL,2.0,4,M6,x,9.0,6.8,8.0,35,184
2025-01-27,jip,MAZDA,CX-5,red,petrol,Rakan Niaga,2014,SUV - SMALL,2.5,4,AS6,x,9.6,7.4,8.6,33,198
2025-01-27,jip,MAZDA,CX-5,gold,petrol,Rakan Niaga,2014,SUV - SMALL,2.0,4,AS6,x,8.9,7.3,8.2,34,189
2025-01-27,jip,MAZDA,CX-5,gold,petrol,Rakan Niaga,2014,SUV - SMALL,2.0,4,M6,x,9.0,6.8,8.0,35,184
2025-01-27,jip,MAZDA,CX-5,gold,petrol,Rakan Niaga,2014,SUV - SMALL,2.5,4,AS6,x,9.6,7.4,8.6,33,198
2025-01-27,jip,MAZDA,CX-5,gold,petrol,Selangor,2014,SUV - SMALL,2.0,4,AS6,x,8.9,7.3,8.2,34,189
2025-01-27,jip,MAZDA,CX-5,gold,petrol,Selangor,2014,SUV - SMALL,2.0,4,M6,x,9.0,6.8,8.0,35,184
2025-01-27,jip,MAZDA,CX-5,gold,petrol,Selangor,2014,SUV - SMALL,2.5,4,AS6,x,9.6,7.4,8.6,33,198
2025-01-27,jip,MAZDA,CX-5,blue,petrol,Rakan Niaga,2014,SUV - SMALL,2.0,4,AS6,x,8.9,7.3,8.2,34,189
2025-01-27,jip,MAZDA,CX-5,blue,petrol,Rakan Niaga,2014,SUV - SMALL,2.0,4,M6,x,9.0,6.8,8.0,35,184
2025-01-27,jip,MAZDA,CX-5,blue,petrol,Rakan Niaga,2014,SUV - SMALL,2.5,4,AS6,x,9.6,7.4,8.6,33,198
2025-01-27,jip,MAZDA,CX-5,grey,petrol,Rakan Niaga,2014,SUV - SMALL,2.0,4,AS6,x,8.9,7.3,8.2,34,189
2025-01-27,jip,MAZDA,CX-5,grey,petrol,Rakan Niaga,2014,SUV - SMALL,2.0,4,M6,x,9.0,6.8,8.0,35,184
2025-01-27,jip,MAZDA,CX-5,grey,petrol,Rakan Niaga,2014,SUV - SMALL,2.5,4,AS6,x,9.6,7.4,8.6,33,198
2025-01-27,jip,MAZDA,CX-5,white,petrol,Rakan Niaga,2014,SUV - SMALL,2.0,4,AS6,x,8.9,7.3,8.2,34,189
2025-01-27,jip,MAZDA,CX-5,white,petrol,Rakan Niaga,2014,SUV - SMALL,2.0,4,M6,x,9.0,6.8,8.0,35,184
2025-01-27,jip,MAZDA,CX-5,white,petrol,Rakan Niaga,2014,SUV - SMALL,2.5,4,AS6,x,9.6,7.4,8.6,33,198
2025-01-27,motokar,MAZDA,MX-5,blue,petrol,Rakan Niaga,2014,TWO-SEATER,2.0,4,AS6,z,11.5,8.5,10.2,28,235
2025-01-27,motokar,MAZDA,MX-5,blue,petrol,Rakan Niaga,2014,TWO-SEATER,2.0,4,M5,z,10.5,8.5,9.6,29,221
2025-01-27,motokar,MAZDA,MX-5,blue,petrol,Rakan Niaga,2014,TWO-SEATER,2.0,4,M6,z,11.1,8.4,9.9,29,228
2025-01-27,jip,PORSCHE,CAYENNE,grey,petrol,W.P. Kuala Lumpur,2014,SUV - STANDARD,3.6,6,A8,z,13.6,10.1,12.0,24,276
2025-01-27,jip,PORSCHE,CAYENNE,grey,petrol,W.P. Kuala Lumpur,2014,SUV - STANDARD,3.6,6,M6,z,15.8,10.9,13.6,21,313
2025-01-27,jip,PORSCHE,CAYENNE,grey,petrol,Pulau Pinang,2014,SUV - STANDARD,3.6,6,A8,z,13.6,10.1,12.0,24,276
2025-01-27,jip,PORSCHE,CAYENNE,grey,petrol,Pulau Pinang,2014,SUV - STANDARD,3.6,6,M6,z,15.8,10.9,13.6,21,313
2025-01-27,jip,PORSCHE,CAYENNE,black,petrol,W.P. Kuala Lumpur,2014,SUV - STANDARD,3.6,6,A8,z,13.6,10.1,12.0,24,276
2025-01-27,jip,PORSCHE,CAYENNE,black,petrol,W.P. Kuala Lumpur,2014,SUV - STANDARD,3.6,6,M6,z,15.8,10.9,13.6,21,313
2025-01-27,jip,PORSCHE,CAYENNE,white,petrol,Johor,2014,SUV - STANDARD,3.6,6,A8,z,13.6,10.1,12.0,24,276
2025-01-27,jip,PORSCHE,CAYENNE,white,petrol,Johor,2014,SUV - STANDARD,3.6,6,M6,z,15.8,10.9,13.6,21,313
2025-01-27,jip,PORSCHE,CAYENNE,grey,petrol,Rakan Niaga,2014,SUV - STANDARD,3.6,6,A8,z,13.6,10.1,12.0,24,276
2025-01-27,jip,PORSCHE,CAYENNE,grey,petrol,Rakan Niaga,2014,SUV - STANDARD,3.6,6,M6,z,15.8,10.9,13.6,21,313
2025-01-27,jip,PORSCHE,CAYENNE,black,petrol,Rakan Niaga,2014,SUV - STANDARD,3.6,6,A8,z,13.6,10.1,12.0,24,276
2025-01-27,jip,PORSCHE,CAYENNE,black,petrol,Rakan Niaga,2014,SUV - STANDARD,3.6,6,M6,z,15.8,10.9,13.6,21,313
2025-01-27,jip,PORSCHE,CAYENNE,blue,petrol,Pulau Pinang,2014,SUV - STANDARD,3.6,6,A8,z,13.6,10.1,12.0,24,276
2025-01-27,jip,PORSCHE,CAYENNE,blue,petrol,Pulau Pinang,2014,SUV - STANDARD,3.6,6,M6,z,15.8,10.9,13.6,21,313
2025-01-27,jip,TOYOTA,RAV4,black,petrol,W.P. Kuala Lumpur,2014,SUV - SMALL,2.5,4,AS6,x,10.0,7.6,8.9,32,205
2025-01-27,motokar,TOYOTA,YARIS,red,petrol,Rakan Niaga,2014,COMPACT,1.5,4,A4,x,7.9,6.6,7.3,39,168
2025-01-27,motokar,TOYOTA,YARIS,red,petrol,Rakan Niaga,2014,COMPACT,1.5,4,M5,x,7.8,6.3,7.1,40,163
2025-01-27,motokar,TOYOTA,YARIS,silver,petrol,Rakan Niaga,2014,COMPACT,1.5,4,A4,x,7.9,6.6,7.3,39,168
2025-01-27,motokar,TOYOTA,YARIS,silver,petrol,Rakan Niaga,2014,COMPACT,1.5,4,M5,x,7.8,6.3,7.1,40,163
2025-01-27,motokar,TOYOTA,YARIS,white,petrol,Rakan Niaga,2014,COMPACT,1.5,4,A4,x,7.9,6.6,7.3,39,168
2025-01-27,motokar,TOYOTA,YARIS,white,petrol,Rakan Niaga,2014,COMPACT,1.5,4,M5,x,7.8,6.3,7.1,40,163
2025-01-27,motokar,TOYOTA,YARIS,white,petrol,Sarawak,2014,COMPACT,1.5,4,A4,x,7.9,6.6,7.3,39,168
2025-01-27,motokar,TOYOTA,YARIS,white,petrol,Sarawak,2014,COMPACT,1.5,4,M5,x,7.8,6.3,7.1,40,163
2025-01-27,motokar,TOYOTA,YARIS,red,petrol,W.P. Kuala Lumpur,2014,COMPACT,1.5,4,A4,x,7.9,6.6,7.3,39,168
2025-01-27,motokar,TOYOTA,YARIS,red,petrol,W.P. Kuala Lumpur,2014,COMPACT,1.5,4,M5,x,7.8,6.3,7.1,40,163
2025-01-27,jip,VOLKSWAGEN,TIGUAN,grey,petrol,Rakan Niaga,2014,SUV - SMALL,2.0,4,A6,z,11.7,9.5,10.7,26,246
2025-01-27,jip,VOLKSWAGEN,TIGUAN,grey,petrol,Rakan Niaga,2014,SUV - SMALL,2.0,4,M6,z,13.6,9.2,11.6,24,267
2025-01-27,jip,VOLVO,XC60,black,hybrid_petrol,Rakan Niaga,2014,SUV - SMALL,3.2,6,AS6,x,13.0,8.9,11.2,25,258
2025-01-27,jip,VOLVO,XC60,silver,hybrid_petrol,Rakan Niaga,2014,SUV - SMALL,3.2,6,AS6,x,13.0,8.9,11.2,25,258
2025-01-28,jip,AUDI,Q5,blue,petrol,W.P. Kuala Lumpur,2014,SUV - SMALL,2.0,4,AS8,z,12.0,8.5,10.4,27,239
2025-01-28,jip,AUDI,Q5,blue,petrol,W.P. Kuala Lumpur,2014,SUV - SMALL,3.0,6,AS8,z,12.9,9.2,11.2,25,258
2025-01-28,jip,HONDA,CR-V,grey,petrol,Pahang,2014,SUV - SMALL,2.4,4,A5,x,10.3,7.6,9.1,31,209
2025-01-28,jip,HONDA,CR-V,grey,petrol,Negeri Sembilan,2014,SUV - SMALL,2.4,4,A5,x,10.3,7.6,9.1,31,209
2025-01-28,jip,HONDA,CR-V,blue,petrol,Rakan Niaga,2014,SUV - SMALL,2.4,4,A5,x,10.3,7.6,9.1,31,209
2025-01-28,jip,HONDA,CR-V,blue,hybrid_petrol,Rakan Niaga,2014,SUV - SMALL,2.4,4,A5,x,10.3,7.6,9.1,31,209
2025-01-28,jip,HONDA,CR-V,grey,hybrid_petrol,Rakan Niaga,2014,SUV - SMALL,2.4,4,A5,x,10.3,7.6,9.1,31,209
2025-01-28,jip,HONDA,CR-V,grey,petrol,Rakan Niaga,2014,SUV - SMALL,2.4,4,A5,x,10.3,7.6,9.1,31,209
2025-01-28,jip,HONDA,CR-V,blue,hybrid_petrol,Johor,2014,SUV - SMALL,2.4,4,A5,x,10.3,7.6,9.1,31,209
2025-01-28,jip,HONDA,CR-V,silver,petrol,Kedah,2014,SUV - SMALL,2.4,4,A5,x,10.3,7.6,9.1,31,209
2025-01-28,jip,HONDA,CR-V,white,petrol,Rakan Niaga,2014,SUV - SMALL,2.4,4,A5,x,10.3,7.6,9.1,31,209
2025-01-28,jip,HONDA,CR-V,white,petrol,Sarawak,2014,SUV - SMALL,2.4,4,A5,x,10.3,7.6,9.1,31,209
2025-01-28,motokar,HONDA,CIVIC,white,petrol,Rakan Niaga,2014,COMPACT,1.8,4,AV,x,7.9,6.0,7.0,40,161
2025-01-28,motokar,HONDA,CIVIC,white,petrol,Rakan Niaga,2014,COMPACT,1.8,4,AV7,x,8.1,6.2,7.2,39,166
2025-01-28,motokar,HONDA,CIVIC,white,petrol,Rakan Niaga,2014,COMPACT,1.8,4,M5,x,8.5,6.6,7.6,37,175
2025-01-28,motokar,HONDA,CIVIC,grey,petrol,Rakan Niaga,2014,COMPACT,1.8,4,AV,x,7.9,6.0,7.0,40,161
2025-01-28,motokar,HONDA,CIVIC,grey,petrol,Rakan Niaga,2014,COMPACT,1.8,4,AV7,x,8.1,6.2,7.2,39,166
2025-01-28,motokar,HONDA,CIVIC,grey,petrol,Rakan Niaga,2014,COMPACT,1.8,4,M5,x,8.5,6.6,7.6,37,175
2025-01-28,motokar,HONDA,CIVIC,white,petrol,Johor,2014,COMPACT,1.8,4,AV,x,7.9,6.0,7.0,40,161
2025-01-28,motokar,HONDA,CIVIC,white,petrol,Johor,2014,COMPACT,1.8,4,AV7,x,8.1,6.2,7.2,39,166
2025-01-28,motokar,HONDA,CIVIC,white,petrol,Johor,2014,COMPACT,1.8,4,M5,x,8.5,6.6,7.6,37,175
2025-01-28,motokar,HONDA,CIVIC,white,petrol,Terengganu,2014,COMPACT,1.8,4,AV,x,7.9,6.0,7.0,40,161
2025-01-28,motokar,HONDA,CIVIC,white,petrol,Terengganu,2014,COMPACT,1.8,4,AV7,x,8.1,6.2,7.2,39,166
2025-01-28,motokar,HONDA,CIVIC,white,petrol,Terengganu,2014,COMPACT,1.8,4,M5,x,8.5,6.6,7.6,37,175
2025-01-28,motokar,HONDA,CIVIC,white,petrol,Pulau Pinang,2014,COMPACT,1.8,4,AV,x,7.9,6.0,7.0,40,161
2025-01-28,motokar,HONDA,CIVIC,white,petrol,Pulau Pinang,2014,COMPACT,1.8,4,AV7,x,8.1,6.2,7.2,39,166
2025-01-28,motokar,HONDA,CIVIC,white,petrol,Pulau Pinang,2014,COMPACT,1.8,4,M5,x,8.5,6.6,7.6,37,175
2025-01-28,motokar,HONDA,CIVIC,blue,petrol,Rakan Niaga,2014,COMPACT,1.8,4,AV,x,7.9,6.0,7.0,40,161
2025-01-28,motokar,HONDA,CIVIC,blue,petrol,Rakan Niaga,2014,COMPACT,1.8,4,AV7,x,8.1,6.2,7.2,39,166
2025-01-28,motokar,HONDA,CIVIC,blue,petrol,Rakan Niaga,2014,COMPACT,1.8,4,M5,x,8.5,6.6,7.6,37,175
2025-01-28,motokar,HONDA,CIVIC,blue,hybrid_petrol,Rakan Niaga,2014,COMPACT,1.8,4,AV,x,7.9,6.0,7.0,40,161
2025-01-28,motokar,HONDA,CIVIC,blue,hybrid_petrol,Rakan Niaga,2014,COMPACT,1.8,4,AV7,x,8.1,6.2,7.2,39,166
2025-01-28,motokar,HONDA,CIVIC,blue,hybrid_petrol,Rakan Niaga,2014,COMPACT,1.8,4,M5,x,8.5,6.6,7.6,37,175
2025-01-28,motokar,HONDA,CIVIC,white,hybrid_petrol,Rakan Niaga,2014,COMPACT,1.8,4,AV,x,7.9,6.0,7.0,40,161
2025-01-28,motokar,HONDA,CIVIC,white,hybrid_petrol,Rakan Niaga,2014,COMPACT,1.8,4,AV7,x,8.1,6.2,7.2,39,166
2025-01-28,motokar,HONDA,CIVIC,white,hybrid_petrol,Rakan Niaga,2014,COMPACT,1.8,4,M5,x,8.5,6.6,7.6,37,175
2025-01-28,motokar,HONDA,CIVIC,grey,petrol,W.P. Kuala Lumpur,2014,COMPACT,1.8,4,AV,x,7.9,6.0,7.0,40,161
2025-01-28,motokar,HONDA,CIVIC,grey,petrol,W.P. Kuala Lumpur,2014,COMPACT,1.8,4,AV7,x,8.1,6.2,7.2,39,166
2025-01-28,motokar,HONDA,CIVIC,grey,petrol,W.P. Kuala Lumpur,2014,COMPACT,1.8,4,M5,x,8.5,6.6,7.6,37,175
2025-01-28,motokar,HONDA,CIVIC,black,petrol,Rakan Niaga,2014,COMPACT,1.8,4,AV,x,7.9,6.0,7.0,40,161
2025-01-28,motokar,HONDA,CIVIC,black,petrol,Rakan Niaga,2014,COMPACT,1.8,4,AV7,x,8.1,6.2,7.2,39,166
2025-01-28,motokar,HONDA,CIVIC,black,petrol,Rakan Niaga,2014,COMPACT,1.8,4,M5,x,8.5,6.6,7.6,37,175
2025-01-28,motokar,HONDA,CIVIC,red,petrol,Rakan Niaga,2014,COMPACT,1.8,4,AV,x,7.9,6.0,7.0,40,161
2025-01-28,motokar,HONDA,CIVIC,red,petrol,Rakan Niaga,2014,COMPACT,1.8,4,AV7,x,8.1,6.2,7.2,39,166
2025-01-28,motokar,HONDA,CIVIC,red,petrol,Rakan Niaga,2014,COMPACT,1.8,4,M5,x,8.5,6.6,7.6,37,175
2025-01-28,motokar,HONDA,CIVIC,white,petrol,W.P. Kuala Lumpur,2014,COMPACT,1.8,4,AV,x,7.9,6.0,7.0,40,161
2025-01-28,motokar,HONDA,CIVIC,white,petrol,W.P. Kuala Lumpur,2014,COMPACT,1.8,4,AV7,x,8.1,6.2,7.2,39,166
2025-01-28,motokar,HONDA,CIVIC,white,petrol,W.P. Kuala Lumpur,2014,COMPACT,1.8,4,M5,x,8.5,6.6,7.6,37,175
2025-01-28,motokar,HONDA,CIVIC,black,petrol,Terengganu,2014,COMPACT,1.8,4,AV,x,7.9,6.0,7.0,40,161
2025-01-28,motokar,HONDA,CIVIC,black,petrol,Terengganu,2014,COMPACT,1.8,4,AV7,x,8.1,6.2,7.2,39,166
2025-01-28,motokar,HONDA,CIVIC,black,petrol,Terengganu,2014,COMPACT,1.8,4,M5,x,8.5,6.6,7.6,37,175
2025-01-28,motokar,HONDA,CIVIC,red,petrol,Johor,2014,COMPACT,1.8,4,AV,x,7.9,6.0,7.0,40,161
2025-01-28,motokar,HONDA,CIVIC,red,petrol,Johor,2014,COMPACT,1.8,4,AV7,x,8.1,6.2,7.2,39,166
2025-01-28,motokar,HONDA,CIVIC,red,petrol,Johor,2014,COMPACT,1.8,4,M5,x,8.5,6.6,7.6,37,175
2025-01-28,motokar,HONDA,CIVIC,blue,petrol,W.P. Kuala Lumpur,2014,COMPACT,1.8,4,AV,x,7.9,6.0,7.0,40,161
2025-01-28,motokar,HONDA,CIVIC,blue,petrol,W.P. Kuala Lumpur,2014,COMPACT,1.8,4,AV7,x,8.1,6.2,7.2,39,166
2025-01-28,motokar,HONDA,CIVIC,blue,petrol,W.P. Kuala Lumpur,2014,COMPACT,1.8,4,M5,x,8.5,6.6,7.6,37,175
2025-01-28,motokar,HONDA,CIVIC,white,petrol,Selangor,2014,COMPACT,1.8,4,AV,x,7.9,6.0,7.0,40,161
2025-01-28,motokar,HONDA,CIVIC,white,petrol,Selangor,2014,COMPACT,1.8,4,AV7,x,8.1,6.2,7.2,39,166
2025-01-28,motokar,HONDA,CIVIC,white,petrol,Selangor,2014,COMPACT,1.8,4,M5,x,8.5,6.6,7.6,37,175
2025-01-28,window_van,HONDA,ODYSSEY,black,petrol,Rakan Niaga,2014,MINIVAN,3.5,6,A6,x,12.3,8.5,10.6,27,244
2025-01-28,window_van,HONDA,ODYSSEY,white,petrol,Rakan Niaga,2014,MINIVAN,3.5,6,A6,x,12.3,8.5,10.6,27,244
2025-01-28,jip,MAZDA,CX-5,red,petrol,Rakan Niaga,2014,SUV - SMALL,2.0,4,AS6,x,8.9,7.3,8.2,34,189
2025-01-28,jip,MAZDA,CX-5,red,petrol,Rakan Niaga,2014,SUV - SMALL,2.0,4,M6,x,9.0,6.8,8.0,35,184
2025-01-28,jip,MAZDA,CX-5,red,petrol,Rakan Niaga,2014,SUV - SMALL,2.5,4,AS6,x,9.6,7.4,8.6,33,198
2025-01-28,jip,MAZDA,CX-5,blue,petrol,Rakan Niaga,2014,SUV - SMALL,2.0,4,AS6,x,8.9,7.3,8.2,34,189
2025-01-28,jip,MAZDA,CX-5,blue,petrol,Rakan Niaga,2014,SUV - SMALL,2.0,4,M6,x,9.0,6.8,8.0,35,184
2025-01-28,jip,MAZDA,CX-5,blue,petrol,Rakan Niaga,2014,SUV - SMALL,2.5,4,AS6,x,9.6,7.4,8.6,33,198
2025-01-28,motokar,MAZDA,MX-5,grey,petrol,Johor,2014,TWO-SEATER,2.0,4,AS6,z,11.5,8.5,10.2,28,235
2025-01-28,motokar,MAZDA,MX-5,grey,petrol,Johor,2014,TWO-SEATER,2.0,4,M5,z,10.5,8.5,9.6,29,221
2025-01-28,motokar,MAZDA,MX-5,grey,petrol,Johor,2014,TWO-SEATER,2.0,4,M6,z,11.1,8.4,9.9,29,228
2025-01-28,motokar,PORSCHE,911 CARRERA,grey,petrol,Rakan Niaga,2014,MINICOMPACT,3.4,6,AM7,z,11.6,8.3,10.1,28,232
2025-01-28,motokar,PORSCHE,911 CARRERA,grey,petrol,Rakan Niaga,2014,MINICOMPACT,3.4,6,M7,z,12.5,8.6,10.7,26,246
2025-01-28,motokar,PORSCHE,911 CARRERA,silver,petrol,Rakan Niaga,2014,MINICOMPACT,3.4,6,AM7,z,11.6,8.3,10.1,28,232
2025-01-28,motokar,PORSCHE,911 CARRERA,silver,petrol,Rakan Niaga,2014,MINICOMPACT,3.4,6,M7,z,12.5,8.6,10.7,26,246
2025-01-28,motokar,TOYOTA,YARIS,red,petrol,Rakan Niaga,2014,COMPACT,1.5,4,A4,x,7.9,6.6,7.3,39,168
2025-01-28,motokar,TOYOTA,YARIS,red,petrol,Rakan Niaga,2014,COMPACT,1.5,4,M5,x,7.8,6.3,7.1,40,163
2025-01-28,motokar,TOYOTA,YARIS,white,petrol,Rakan Niaga,2014,COMPACT,1.5,4,A4,x,7.9,6.6,7.3,39,168
2025-01-28,motokar,TOYOTA,YARIS,white,petrol,Rakan Niaga,2014,COMPACT,1.5,4,M5,x,7.8,6.3,7.1,40,163
2025-01-28,motokar,TOYOTA,YARIS,silver,petrol,Perak,2014,COMPACT,1.5,4,A4,x,7.9,6.6,7.3,39,168
2025-01-28,motokar,TOYOTA,YARIS,silver,petrol,Perak,2014,COMPACT,1.5,4,M5,x,7.8,6.3,7.1,40,163
2025-01-28,motokar,TOYOTA,YARIS,red,petrol,Perlis,2014,COMPACT,1.5,4,A4,x,7.9,6.6,7.3,39,168
2025-01-28,motokar,TOYOTA,YARIS,red,petrol,Perlis,2014,COMPACT,1.5,4,M5,x,7.8,6.3,7.1,40,163
2025-01-28,motokar,TOYOTA,YARIS,silver,petrol,Rakan Niaga,2014,COMPACT,1.5,4,A4,x,7.9,6.6,7.3,39,168
2025-01-28,motokar,TOYOTA,YARIS,silver,petrol,Rakan Niaga,2014,COMPACT,1.5,4,M5,x,7.8,6.3,7.1,40,163
2025-01-28,jip,VOLKSWAGEN,TIGUAN,black,petrol,Rakan Niaga,2014,SUV - SMALL,2.0,4,A6,z,11.7,9.5,10.7,26,246
2025-01-28,jip,VOLKSWAGEN,TIGUAN,black,petrol,Rakan Niaga,2014,SUV - SMALL,2.0,4,M6,z,13.6,9.2,11.6,24,267
2025-01-28,jip,VOLKSWAGEN,TIGUAN,blue,petrol,Rakan Niaga,2014,SUV - SMALL,2.0,4,A6,z,11.7,9.5,10.7,26,246
2025-01-28,jip,VOLKSWAGEN,TIGUAN,blue,petrol,Rakan Niaga,2014,SUV - SMALL,2.0,4,M6,z,13.6,9.2,11.6,24,267
2025-01-28,jip,VOLKSWAGEN,TIGUAN,white,petrol,W.P. Kuala Lumpur,2014,SUV - SMALL,2.0,4,A6,z,11.7,9.5,10.7,26,246
2025-01-28,jip,VOLKSWAGEN,TIGUAN,white,petrol,W.P. Kuala Lumpur,2014,SUV - SMALL,2.0,4,M6,z,13.6,9.2,11.6,24,267
2025-01-28,jip,VOLKSWAGEN,TIGUAN,black,petrol,W.P. Kuala Lumpur,2014,SUV - SMALL,2.0,4,A6,z,11.7,9.5,10.7,26,246
2025-01-28,jip,VOLKSWAGEN,TIGUAN,black,petrol,W.P. Kuala Lumpur,2014,SUV - SMALL,2.0,4,M6,z,13.6,9.2,11.6,24,267
2025-01-28,jip,VOLKSWAGEN,TIGUAN,silver,petrol,W.P. Kuala Lumpur,2014,SUV - SMALL,2.0,4,A6,z,11.7,9.5,10.7,26,246
2025-01-28,jip,VOLKSWAGEN,TIGUAN,silver,petrol,W.P. Kuala Lumpur,2014,SUV - SMALL,2.0,4,M6,z,13.6,9.2,11.6,24,267
2025-01-28,jip,VOLKSWAGEN,TIGUAN,grey,petrol,W.P. Kuala Lumpur,2014,SUV - SMALL,2.0,4,A6,z,11.7,9.5,10.7,26,246
2025-01-28,jip,VOLKSWAGEN,TIGUAN,grey,petrol,W.P. Kuala Lumpur,2014,SUV - SMALL,2.0,4,M6,z,13.6,9.2,11.6,24,267
2025-01-28,jip,VOLKSWAGEN,TIGUAN,silver,petrol,Rakan Niaga,2014,SUV - SMALL,2.0,4,A6,z,11.7,9.5,10.7,26,246
2025-01-28,jip,VOLKSWAGEN,TIGUAN,silver,petrol,Rakan Niaga,2014,SUV - SMALL,2.0,4,M6,z,13.6,9.2,11.6,24,267
2025-01-31,motokar,AUDI,A8,grey,petrol,W.P. Kuala Lumpur,2014,MID-SIZE,3.0,6,AS8,z,13.1,8.8,11.2,25,258
2025-01-31,motokar,AUDI,A8,grey,petrol,W.P. Kuala Lumpur,2014,MID-SIZE,4.0,8,AS8,z,13.5,8.6,11.3,25,260
2025-01-31,jip,HONDA,CR-V,white,petrol,Rakan Niaga,2014,SUV - SMALL,2.4,4,A5,x,10.3,7.6,9.1,31,209
2025-01-31,jip,HONDA,CR-V,grey,petrol,Rakan Niaga,2014,SUV - SMALL,2.4,4,A5,x,10.3,7.6,9.1,31,209
2025-01-31,jip,HONDA,CR-V,white,petrol,W.P. Kuala Lumpur,2014,SUV - SMALL,2.4,4,A5,x,10.3,7.6,9.1,31,209
2025-01-31,jip,HONDA,CR-V,white,hybrid_petrol,Johor,2014,SUV - SMALL,2.4,4,A5,x,10.3,7.6,9.1,31,209
2025-01-31,jip,HONDA,CR-V,red,hybrid_petrol,Rakan Niaga,2014,SUV - SMALL,2.4,4,A5,x,10.3,7.6,9.1,31,209
2025-01-31,jip,HONDA,CR-V,grey,hybrid_petrol,Rakan Niaga,2014,SUV - SMALL,2.4,4,A5,x,10.3,7.6,9.1,31,209
2025-01-31,motokar,HONDA,CIVIC,white,hybrid_petrol,W.P. Kuala Lumpur,2014,COMPACT,1.8,4,AV,x,7.9,6.0,7.0,40,161
2025-01-31,motokar,HONDA,CIVIC,white,hybrid_petrol,W.P. Kuala Lumpur,2014,COMPACT,1.8,4,AV7,x,8.1,6.2,7.2,39,166
2025-01-31,motokar,HONDA,CIVIC,white,hybrid_petrol,W.P. Kuala Lumpur,2014,COMPACT,1.8,4,M5,x,8.5,6.6,7.6,37,175
2025-01-31,motokar,HONDA,CIVIC,blue,petrol,Rakan Niaga,2014,COMPACT,1.8,4,AV,x,7.9,6.0,7.0,40,161
2025-01-31,motokar,HONDA,CIVIC,blue,petrol,Rakan Niaga,2014,COMPACT,1.8,4,AV7,x,8.1,6.2,7.2,39,166
2025-01-31,motokar,HONDA,CIVIC,blue,petrol,Rakan Niaga,2014,COMPACT,1.8,4,M5,x,8.5,6.6,7.6,37,175
2025-01-31,motokar,HONDA,CIVIC,grey,petrol,W.P. Kuala Lumpur,2014,COMPACT,1.8,4,AV,x,7.9,6.0,7.0,40,161
2025-01-31,motokar,HONDA,CIVIC,grey,petrol,W.P. Kuala Lumpur,2014,COMPACT,1.8,4,AV7,x,8.1,6.2,7.2,39,166
2025-01-31,motokar,HONDA,CIVIC,grey,petrol,W.P. Kuala Lumpur,2014,COMPACT,1.8,4,M5,x,8.5,6.6,7.6,37,175
2025-01-31,motokar,HONDA,CIVIC,white,hybrid_petrol,Rakan Niaga,2014,COMPACT,1.8,4,AV,x,7.9,6.0,7.0,40,161
2025-01-31,motokar,HONDA,CIVIC,white,hybrid_petrol,Rakan Niaga,2014,COMPACT,1.8,4,AV7,x,8.1,6.2,7.2,39,166
2025-01-31,motokar,HONDA,CIVIC,white,hybrid_petrol,Rakan Niaga,2014,COMPACT,1.8,4,M5,x,8.5,6.6,7.6,37,175
2025-01-31,motokar,HONDA,CIVIC,red,petrol,Rakan Niaga,2014,COMPACT,1.8,4,AV,x,7.9,6.0,7.0,40,161
2025-01-31,motokar,HONDA,CIVIC,red,petrol,Rakan Niaga,2014,COMPACT,1.8,4,AV7,x,8.1,6.2,7.2,39,166
2025-01-31,motokar,HONDA,CIVIC,red,petrol,Rakan Niaga,2014,COMPACT,1.8,4,M5,x,8.5,6.6,7.6,37,175
2025-01-31,motokar,HONDA,CIVIC,white,petrol,Selangor,2014,COMPACT,1.8,4,AV,x,7.9,6.0,7.0,40,161
2025-01-31,motokar,HONDA,CIVIC,white,petrol,Selangor,2014,COMPACT,1.8,4,AV7,x,8.1,6.2,7.2,39,166
2025-01-31,motokar,HONDA,CIVIC,white,petrol,Selangor,2014,COMPACT,1.8,4,M5,x,8.5,6.6,7.6,37,175
2025-01-31,motokar,HONDA,CIVIC,blue,hybrid_petrol,Rakan Niaga,2014,COMPACT,1.8,4,AV,x,7.9,6.0,7.0,40,161
2025-01-31,motokar,HONDA,CIVIC,blue,hybrid_petrol,Rakan Niaga,2014,COMPACT,1.8,4,AV7,x,8.1,6.2,7.2,39,166
2025-01-31,motokar,HONDA,CIVIC,blue,hybrid_petrol,Rakan Niaga,2014,COMPACT,1.8,4,M5,x,8.5,6.6,7.6,37,175
2025-01-31,motokar,HONDA,CIVIC,black,petrol,Rakan Niaga,2014,COMPACT,1.8,4,AV,x,7.9,6.0,7.0,40,161
2025-01-31,motokar,HONDA,CIVIC,black,petrol,Rakan Niaga,2014,COMPACT,1.8,4,AV7,x,8.1,6.2,7.2,39,166
2025-01-31,motokar,HONDA,CIVIC,black,petrol,Rakan Niaga,2014,COMPACT,1.8,4,M5,x,8.5,6.6,7.6,37,175
2025-01-31,motokar,HONDA,CIVIC,white,petrol,Rakan Niaga,2014,COMPACT,1.8,4,AV,x,7.9,6.0,7.0,40,161
2025-01-31,motokar,HONDA,CIVIC,white,petrol,Rakan Niaga,2014,COMPACT,1.8,4,AV7,x,8.1,6.2,7.2,39,166
2025-01-31,motokar,HONDA,CIVIC,white,petrol,Rakan Niaga,2014,COMPACT,1.8,4,M5,x,8.5,6.6,7.6,37,175
2025-01-31,motokar,HONDA,CIVIC,red,petrol,W.P. Kuala Lumpur,2014,COMPACT,1.8,4,AV,x,7.9,6.0,7.0,40,161
2025-01-31,motokar,HONDA,CIVIC,red,petrol,W.P. Kuala Lumpur,2014,COMPACT,1.8,4,AV7,x,8.1,6.2,7.2,39,166
2025-01-31,motokar,HONDA,CIVIC,red,petrol,W.P. Kuala Lumpur,2014,COMPACT,1.8,4,M5,x,8.5,6.6,7.6,37,175
2025-01-31,motokar,HONDA,CIVIC,grey,petrol,Rakan Niaga,2014,COMPACT,1.8,4,AV,x,7.9,6.0,7.0,40,161
2025-01-31,motokar,HONDA,CIVIC,grey,petrol,Rakan Niaga,2014,COMPACT,1.8,4,AV7,x,8.1,6.2,7.2,39,166
2025-01-31,motokar,HONDA,CIVIC,grey,petrol,Rakan Niaga,2014,COMPACT,1.8,4,M5,x,8.5,6.6,7.6,37,175
2025-01-31,jip,MAZDA,CX-5,gold,petrol,Rakan Niaga,2014,SUV - SMALL,2.0,4,AS6,x,8.9,7.3,8.2,34,189
2025-01-31,jip,MAZDA,CX-5,gold,petrol,Rakan Niaga,2014,SUV - SMALL,2.0,4,M6,x,9.0,6.8,8.0,35,184
2025-01-31,jip,MAZDA,CX-5,gold,petrol,Rakan Niaga,2014,SUV - SMALL,2.5,4,AS6,x,9.6,7.4,8.6,33,198
2025-01-31,jip,PORSCHE,CAYENNE,black,petrol,Selangor,2014,SUV - STANDARD,3.6,6,A8,z,13.6,10.1,12.0,24,276
2025-01-31,jip,PORSCHE,CAYENNE,black,petrol,Selangor,2014,SUV - STANDARD,3.6,6,M6,z,15.8,10.9,13.6,21,313
2025-01-31,motokar,TOYOTA,YARIS,white,petrol,Johor,2014,COMPACT,1.5,4,A4,x,7.9,6.6,7.3,39,168
2025-01-31,motokar,TOYOTA,YARIS,white,petrol,Johor,2014,COMPACT,1.5,4,M5,x,7.8,6.3,7.1,40,163
2025-01-31,motokar,TOYOTA,YARIS,white,petrol,Rakan Niaga,2014,COMPACT,1.5,4,A4,x,7.9,6.6,7.3,39,168
2025-01-31,motokar,TOYOTA,YARIS,white,petrol,Rakan Niaga,2014,COMPACT,1.5,4,M5,x,7.8,6.3,7.1,40,163
2025-01-31,motokar,TOYOTA,YARIS,red,petrol,Rakan Niaga,2014,COMPACT,1.5,4,A4,x,7.9,6.6,7.3,39,168
2025-01-31,motokar,TOYOTA,YARIS,red,petrol,Rakan Niaga,2014,COMPACT,1.5,4,M5,x,7.8,6.3,7.1,40,163
2025-01-31,motokar,TOYOTA,YARIS,silver,petrol,Rakan Niaga,2014,COMPACT,1.5,4,A4,x,7.9,6.6,7.3,39,168
2025-01-31,motokar,TOYOTA,YARIS,silver,petrol,Rakan Niaga,2014,COMPACT,1.5,4,M5,x,7.8,6.3,7.1,40,163
2025-01-31,jip,VOLKSWAGEN,TIGUAN,white,petrol,Rakan Niaga,2014,SUV - SMALL,2.0,4,A6,z,11.7,9.5,10.7,26,246
2025-01-31,jip,VOLKSWAGEN,TIGUAN,white,petrol,Rakan Niaga,2014,SUV - SMALL,2.0,4,M6,z,13.6,9.2,11.6,24,267
2025-02-01,jip,HONDA,CR-V,grey,hybrid_petrol,Rakan Niaga,2014,SUV - SMALL,2.4,4,A5,x,10.3,7.6,9.1,31,209
2025-02-01,jip,HONDA,CR-V,white,hybrid_petrol,Rakan Niaga,2014,SUV - SMALL,2.4,4,A5,x,10.3,7.6,9.1,31,209
2025-02-01,jip,HONDA,CR-V,blue,hybrid_petrol,Rakan Niaga,2014,SUV - SMALL,2.4,4,A5,x,10.3,7.6,9.1,31,209
2025-02-01,jip,HONDA,CR-V,white,petrol,Rakan Niaga,2014,SUV - SMALL,2.4,4,A5,x,10.3,7.6,9.1,31,209
2025-02-01,motokar,HONDA,CIVIC,blue,hybrid_petrol,Rakan Niaga,2014,COMPACT,1.8,4,AV,x,7.9,6.0,7.0,40,161
2025-02-01,motokar,HONDA,CIVIC,blue,hybrid_petrol,Rakan Niaga,2014,COMPACT,1.8,4,AV7,x,8.1,6.2,7.2,39,166
2025-02-01,motokar,HONDA,CIVIC,blue,hybrid_petrol,Rakan Niaga,2014,COMPACT,1.8,4,M5,x,8.5,6.6,7.6,37,175
2025-02-01,motokar,HONDA,CIVIC,white,petrol,Rakan Niaga,2014,COMPACT,1.8,4,AV,x,7.9,6.0,7.0,40,161
2025-02-01,motokar,HONDA,CIVIC,white,petrol,Rakan Niaga,2014,COMPACT,1.8,4,AV7,x,8.1,6.2,7.2,39,166
2025-02-01,motokar,HONDA,CIVIC,white,petrol,Rakan Niaga,2014,COMPACT,1.8,4,M5,x,8.5,6.6,7.6,37,175
2025-02-02,jip,HONDA,CR-V,grey,petrol,Rakan Niaga,2014,SUV - SMALL,2.4,4,A5,x,10.3,7.6,9.1,31,209
2025-02-02,jip,HONDA,CR-V,silver,hybrid_petrol,Rakan Niaga,2014,SUV - SMALL,2.4,4,A5,x,10.3,7.6,9.1,31,209
2025-02-03,jip,HONDA,CR-V,grey,petrol,Rakan Niaga,2014,SUV - SMALL,2.4,4,A5,x,10.3,7.6,9.1,31,209
2025-02-03,jip,HONDA,CR-V,blue,petrol,Rakan Niaga,2014,SUV - SMALL,2.4,4,A5,x,10.3,7.6,9.1,31,209
2025-02-03,jip,HONDA,CR-V,silver,petrol,Rakan Niaga,2014,SUV - SMALL,2.4,4,A5,x,10.3,7.6,9.1,31,209
2025-02-03,jip,HONDA,CR-V,red,petrol,W.P. Kuala Lumpur,2014,SUV - SMALL,2.4,4,A5,x,10.3,7.6,9.1,31,209
2025-02-03,motokar,HONDA,CIVIC,grey,petrol,Selangor,2014,COMPACT,1.8,4,AV,x,7.9,6.0,7.0,40,161
2025-02-03,motokar,HONDA,CIVIC,grey,petrol,Selangor,2014,COMPACT,1.8,4,AV7,x,8.1,6.2,7.2,39,166
2025-02-03,motokar,HONDA,CIVIC,grey,petrol,Selangor,2014,COMPACT,1.8,4,M5,x,8.5,6.6,7.6,37,175
2025-02-03,motokar,HONDA,CIVIC,blue,petrol,Rakan Niaga,2014,COMPACT,1.8,4,AV,x,7.9,6.0,7.0,40,161
2025-02-03,motokar,HONDA,CIVIC,blue,petrol,Rakan Niaga,2014,COMPACT,1.8,4,AV7,x,8.1,6.2,7.2,39,166
2025-02-03,motokar,HONDA,CIVIC,blue,petrol,Rakan Niaga,2014,COMPACT,1.8,4,M5,x,8.5,6.6,7.6,37,175
2025-02-03,motokar,HONDA,CIVIC,white,petrol,W.P. Kuala Lumpur,2014,COMPACT,1.8,4,AV,x,7.9,6.0,7.0,40,161
2025-02-03,motokar,HONDA,CIVIC,white,petrol,W.P. Kuala Lumpur,2014,COMPACT,1.8,4,AV7,x,8.1,6.2,7.2,39,166
2025-02-03,motokar,HONDA,CIVIC,white,petrol,W.P. Kuala Lumpur,2014,COMPACT,1.8,4,M5,x,8.5,6.6,7.6,37,175
2025-02-03,motokar,HONDA,CIVIC,red,petrol,Rakan Niaga,2014,COMPACT,1.8,4,AV,x,7.9,6.0,7.0,40,161
2025-02-03,motokar,HONDA,CIVIC,red,petrol,Rakan Niaga,2014,COMPACT,1.8,4,AV7,x,8.1,6.2,7.2,39,166
2025-02-03,motokar,HONDA,CIVIC,red,petrol,Rakan Niaga,2014,COMPACT,1.8,4,M5,x,8.5,6.6,7.6,37,175
2025-02-03,motokar,HONDA,CIVIC,blue,hybrid_petrol,Rakan Niaga,2014,COMPACT,1.8,4,AV,x,7.9,6.0,7.0,40,161
2025-02-03,motokar,HONDA,CIVIC,blue,hybrid_petrol,Rakan Niaga,2014,COMPACT,1.8,4,AV7,x,8.1,6.2,7.2,39,166
2025-02-03,motokar,HONDA,CIVIC,blue,hybrid_petrol,Rakan Niaga,2014,COMPACT,1.8,4,M5,x,8.5,6.6,7.6,37,175
2025-02-03,motokar,HONDA,CIVIC,white,petrol,Rakan Niaga,2014,COMPACT,1.8,4,AV,x,7.9,6.0,7.0,40,161
2025-02-03,motokar,HONDA,CIVIC,white,petrol,Rakan Niaga,2014,COMPACT,1.8,4,AV7,x,8.1,6.2,7.2,39,166
2025-02-03,motokar,HONDA,CIVIC,white,petrol,Rakan Niaga,2014,COMPACT,1.8,4,M5,x,8.5,6.6,7.6,37,175
2025-02-03,motokar,HONDA,CIVIC,grey,petrol,Rakan Niaga,2014,COMPACT,1.8,4,AV,x,7.9,6.0,7.0,40,161
2025-02-03,motokar,HONDA,CIVIC,grey,petrol,Rakan Niaga,2014,COMPACT,1.8,4,AV7,x,8.1,6.2,7.2,39,166
2025-02-03,motokar,HONDA,CIVIC,grey,petrol,Rakan Niaga,2014,COMPACT,1.8,4,M5,x,8.5,6.6,7.6,37,175
2025-02-03,motokar,HONDA,CIVIC,black,petrol,Rakan Niaga,2014,COMPACT,1.8,4,AV,x,7.9,6.0,7.0,40,161
2025-02-03,motokar,HONDA,CIVIC,black,petrol,Rakan Niaga,2014,COMPACT,1.8,4,AV7,x,8.1,6.2,7.2,39,166
2025-02-03,motokar,HONDA,CIVIC,black,petrol,Rakan Niaga,2014,COMPACT,1.8,4,M5,x,8.5,6.6,7.6,37,175
2025-02-03,motokar,HONDA,CIVIC,black,petrol,W.P. Kuala Lumpur,2014,COMPACT,1.8,4,AV,x,7.9,6.0,7.0,40,161
2025-02-03,motokar,HONDA,CIVIC,black,petrol,W.P. Kuala Lumpur,2014,COMPACT,1.8,4,AV7,x,8.1,6.2,7.2,39,166
2025-02-03,motokar,HONDA,CIVIC,black,petrol,W.P. Kuala Lumpur,2014,COMPACT,1.8,4,M5,x,8.5,6.6,7.6,37,175
2025-02-03,motokar_pelbagai_utiliti,HONDA,ODYSSEY,silver,petrol,Pulau Pinang,2014,MINIVAN,3.5,6,A6,x,12.3,8.5,10.6,27,244
2025-02-03,window_van,HONDA,ODYSSEY,white,petrol,Rakan Niaga,2014,MINIVAN,3.5,6,A6,x,12.3,8.5,10.6,27,244
2025-02-03,jip,MAZDA,CX-5,gold,petrol,Rakan Niaga,2014,SUV - SMALL,2.0,4,AS6,x,8.9,7.3,8.2,34,189
2025-02-03,jip,MAZDA,CX-5,gold,petrol,Rakan Niaga,2014,SUV - SMALL,2.0,4,M6,x,9.0,6.8,8.0,35,184
2025-02-03,jip,MAZDA,CX-5,gold,petrol,Rakan Niaga,2014,SUV - SMALL,2.5,4,AS6,x,9.6,7.4,8.6,33,198
2025-02-03,jip,MAZDA,CX-5,grey,petrol,Rakan Niaga,2014,SUV - SMALL,2.0,4,AS6,x,8.9,7.3,8.2,34,189
2025-02-03,jip,MAZDA,CX-5,grey,petrol,Rakan Niaga,2014,SUV - SMALL,2.0,4,M6,x,9.0,6.8,8.0,35,184
2025-02-03,jip,MAZDA,CX-5,grey,petrol,Rakan Niaga,2014,SUV - SMALL,2.5,4,AS6,x,9.6,7.4,8.6,33,198
2025-02-03,jip,MAZDA,CX-5,blue,petrol,Rakan Niaga,2014,SUV - SMALL,2.0,4,AS6,x,8.9,7.3,8.2,34,189
2025-02-03,jip,MAZDA,CX-5,blue,petrol,Rakan Niaga,2014,SUV - SMALL,2.0,4,M6,x,9.0,6.8,8.0,35,184
2025-02-03,jip,MAZDA,CX-5,blue,petrol,Rakan Niaga,2014,SUV - SMALL,2.5,4,AS6,x,9.6,7.4,8.6,33,198
2025-02-03,jip,MAZDA,CX-5,black,petrol,Rakan Niaga,2014,SUV - SMALL,2.0,4,AS6,x,8.9,7.3,8.2,34,189
2025-02-03,jip,MAZDA,CX-5,black,petrol,Rakan Niaga,2014,SUV - SMALL,2.0,4,M6,x,9.0,6.8,8.0,35,184
2025-02-03,jip,MAZDA,CX-5,black,petrol,Rakan Niaga,2014,SUV - SMALL,2.5,4,AS6,x,9.6,7.4,8.6,33,198
2025-02-03,jip,PORSCHE,CAYENNE,white,petrol,Rakan Niaga,2014,SUV - STANDARD,3.6,6,A8,z,13.6,10.1,12.0,24,276
2025-02-03,jip,PORSCHE,CAYENNE,white,petrol,Rakan Niaga,2014,SUV - STANDARD,3.6,6,M6,z,15.8,10.9,13.6,21,313
2025-02-03,motokar,TOYOTA,YARIS,white,petrol,Rakan Niaga,2014,COMPACT,1.5,4,A4,x,7.9,6.6,7.3,39,168
2025-02-03,motokar,TOYOTA,YARIS,white,petrol,Rakan Niaga,2014,COMPACT,1.5,4,M5,x,7.8,6.3,7.1,40,163
2025-02-03,motokar,TOYOTA,YARIS,silver,petrol,Rakan Niaga,2014,COMPACT,1.5,4,A4,x,7.9,6.6,7.3,39,168
2025-02-03,motokar,TOYOTA,YARIS,silver,petrol,Rakan Niaga,2014,COMPACT,1.5,4,M5,x,7.8,6.3,7.1,40,163
2025-02-03,motokar,TOYOTA,YARIS,red,petrol,Rakan Niaga,2014,COMPACT,1.5,4,A4,x,7.9,6.6,7.3,39,168
2025-02-03,motokar,TOYOTA,YARIS,red,petrol,Rakan Niaga,2014,COMPACT,1.5,4,M5,x,7.8,6.3,7.1,40,163
2025-02-03,jip,VOLKSWAGEN,TIGUAN,grey,petrol,Rakan Niaga,2014,SUV - SMALL,2.0,4,A6,z,11.7,9.5,10.7,26,246
2025-02-03,jip,VOLKSWAGEN,TIGUAN,grey,petrol,Rakan Niaga,2014,SUV - SMALL,2.0,4,M6,z,13.6,9.2,11.6,24,267
2025-02-03,jip,VOLKSWAGEN,TIGUAN,grey,petrol,Johor,2014,SUV - SMALL,2.0,4,A6,z,11.7,9.5,10.7,26,246
2025-02-03,jip,VOLKSWAGEN,TIGUAN,grey,petrol,Johor,2014,SUV - SMALL,2.0,4,M6,z,13.6,9.2,11.6,24,267
2025-02-04,jip,HONDA,CR-V,blue,petrol,Rakan Niaga,2014,SUV - SMALL,2.4,4,A5,x,10.3,7.6,9.1,31,209
2025-02-04,jip,HONDA,CR-V,white,petrol,Rakan Niaga,2014,SUV - SMALL,2.4,4,A5,x,10.3,7.6,9.1,31,209
2025-02-04,jip,HONDA,CR-V,blue,petrol,Johor,2014,SUV - SMALL,2.4,4,A5,x,10.3,7.6,9.1,31,209
2025-02-04,jip,HONDA,CR-V,white,hybrid_petrol,Rakan Niaga,2014,SUV - SMALL,2.4,4,A5,x,10.3,7.6,9.1,31,209
2025-02-04,jip,HONDA,CR-V,grey,hybrid_petrol,Rakan Niaga,2014,SUV - SMALL,2.4,4,A5,x,10.3,7.6,9.1,31,209
2025-02-04,jip,HONDA,CR-V,silver,hybrid_petrol,Rakan Niaga,2014,SUV - SMALL,2.4,4,A5,x,10.3,7.6,9.1,31,209
2025-02-04,jip,HONDA,CR-V,red,petrol,Rakan Niaga,2014,SUV - SMALL,2.4,4,A5,x,10.3,7.6,9.1,31,209
2025-02-04,jip,HONDA,CR-V,white,hybrid_petrol,Sarawak,2014,SUV - SMALL,2.4,4,A5,x,10.3,7.6,9.1,31,209
2025-02-04,jip,HONDA,CR-V,blue,hybrid_petrol,Rakan Niaga,2014,SUV - SMALL,2.4,4,A5,x,10.3,7.6,9.1,31,209
2025-02-04,motokar,HONDA,CIVIC,blue,petrol,Rakan Niaga,2014,COMPACT,1.8,4,AV,x,7.9,6.0,7.0,40,161
2025-02-04,motokar,HONDA,CIVIC,blue,petrol,Rakan Niaga,2014,COMPACT,1.8,4,AV7,x,8.1,6.2,7.2,39,166
2025-02-04,motokar,HONDA,CIVIC,blue,petrol,Rakan Niaga,2014,COMPACT,1.8,4,M5,x,8.5,6.6,7.6,37,175
2025-02-04,motokar,HONDA,CIVIC,white,petrol,Rakan Niaga,2014,COMPACT,1.8,4,AV,x,7.9,6.0,7.0,40,161
2025-02-04,motokar,HONDA,CIVIC,white,petrol,Rakan Niaga,2014,COMPACT,1.8,4,AV7,x,8.1,6.2,7.2,39,166
2025-02-04,motokar,HONDA,CIVIC,white,petrol,Rakan Niaga,2014,COMPACT,1.8,4,M5,x,8.5,6.6,7.6,37,175
2025-02-04,motokar,HONDA,CIVIC,white,hybrid_petrol,Rakan Niaga,2014,COMPACT,1.8,4,AV,x,7.9,6.0,7.0,40,161
2025-02-04,motokar,HONDA,CIVIC,white,hybrid_petrol,Rakan Niaga,2014,COMPACT,1.8,4,AV7,x,8.1,6.2,7.2,39,166
2025-02-04,motokar,HONDA,CIVIC,white,hybrid_petrol,Rakan Niaga,2014,COMPACT,1.8,4,M5,x,8.5,6.6,7.6,37,175
2025-02-04,motokar,HONDA,CIVIC,white,petrol,W.P. Kuala Lumpur,2014,COMPACT,1.8,4,AV,x,7.9,6.0,7.0,40,161
2025-02-04,motokar,HONDA,CIVIC,white,petrol,W.P. Kuala Lumpur,2014,COMPACT,1.8,4,AV7,x,8.1,6.2,7.2,39,166
2025-02-04,motokar,HONDA,CIVIC,white,petrol,W.P. Kuala Lumpur,2014,COMPACT,1.8,4,M5,x,8.5,6.6,7.6,37,175
2025-02-04,motokar,HONDA,CIVIC,grey,hybrid_petrol,W.P. Kuala Lumpur,2014,COMPACT,1.8,4,AV,x,7.9,6.0,7.0,40,161
2025-02-04,motokar,HONDA,CIVIC,grey,hybrid_petrol,W.P. Kuala Lumpur,2014,COMPACT,1.8,4,AV7,x,8.1,6.2,7.2,39,166
2025-02-04,motokar,HONDA,CIVIC,grey,hybrid_petrol,W.P. Kuala Lumpur,2014,COMPACT,1.8,4,M5,x,8.5,6.6,7.6,37,175
2025-02-04,motokar,HONDA,CIVIC,white,petrol,Kedah,2014,COMPACT,1.8,4,AV,x,7.9,6.0,7.0,40,161
2025-02-04,motokar,HONDA,CIVIC,white,petrol,Kedah,2014,COMPACT,1.8,4,AV7,x,8.1,6.2,7.2,39,166
2025-02-04,motokar,HONDA,CIVIC,white,petrol,Kedah,2014,COMPACT,1.8,4,M5,x,8.5,6.6,7.6,37,175
2025-02-04,motokar,HONDA,CIVIC,red,petrol,Rakan Niaga,2014,COMPACT,1.8,4,AV,x,7.9,6.0,7.0,40,161
2025-02-04,motokar,HONDA,CIVIC,red,petrol,Rakan Niaga,2014,COMPACT,1.8,4,AV7,x,8.1,6.2,7.2,39,166
2025-02-04,motokar,HONDA,CIVIC,red,petrol,Rakan Niaga,2014,COMPACT,1.8,4,M5,x,8.5,6.6,7.6,37,175
2025-02-04,motokar,HONDA,CIVIC,blue,petrol,Perak,2014,COMPACT,1.8,4,AV,x,7.9,6.0,7.0,40,161
2025-02-04,motokar,HONDA,CIVIC,blue,petrol,Perak,2014,COMPACT,1.8,4,AV7,x,8.1,6.2,7.2,39,166
2025-02-04,motokar,HONDA,CIVIC,blue,petrol,Perak,2014,COMPACT,1.8,4,M5,x,8.5,6.6,7.6,37,175
2025-02-04,motokar,HONDA,CIVIC,grey,petrol,Rakan Niaga,2014,COMPACT,1.8,4,AV,x,7.9,6.0,7.0,40,161
2025-02-04,motokar,HONDA,CIVIC,grey,petrol,Rakan Niaga,2014,COMPACT,1.8,4,AV7,x,8.1,6.2,7.2,39,166
2025-02-04,motokar,HONDA,CIVIC,grey,petrol,Rakan Niaga,2014,COMPACT,1.8,4,M5,x,8.5,6.6,7.6,37,175
2025-02-04,motokar,HONDA,CIVIC,silver,petrol,Terengganu,2014,COMPACT,1.8,4,AV,x,7.9,6.0,7.0,40,161
2025-02-04,motokar,HONDA,CIVIC,silver,petrol,Terengganu,2014,COMPACT,1.8,4,AV7,x,8.1,6.2,7.2,39,166
2025-02-04,motokar,HONDA,CIVIC,silver,petrol,Terengganu,2014,COMPACT,1.8,4,M5,x,8.5,6.6,7.6,37,175
2025-02-04,motokar,HONDA,CIVIC,blue,hybrid_petrol,Rakan Niaga,2014,COMPACT,1.8,4,AV,x,7.9,6.0,7.0,40,161
2025-02-04,motokar,HONDA,CIVIC,blue,hybrid_petrol,Rakan Niaga,2014,COMPACT,1.8,4,AV7,x,8.1,6.2,7.2,39,166
2025-02-04,motokar,HONDA,CIVIC,blue,hybrid_petrol,Rakan Niaga,2014,COMPACT,1.8,4,M5,x,8.5,6.6,7.6,37,175
2025-02-04,window_van,HONDA,ODYSSEY,white,petrol,W.P. Kuala Lumpur,2014,MINIVAN,3.5,6,A6,x,12.3,8.5,10.6,27,244
2025-02-04,jip,MAZDA,CX-5,white,petrol,Rakan Niaga,2014,SUV - SMALL,2.0,4,AS6,x,8.9,7.3,8.2,34,189
2025-02-04,jip,MAZDA,CX-5,white,petrol,Rakan Niaga,2014,SUV - SMALL,2.0,4,M6,x,9.0,6.8,8.0,35,184
2025-02-04,jip,MAZDA,CX-5,white,petrol,Rakan Niaga,2014,SUV - SMALL,2.5,4,AS6,x,9.6,7.4,8.6,33,198
2025-02-04,jip,MAZDA,CX-5,gold,petrol,Rakan Niaga,2014,SUV - SMALL,2.0,4,AS6,x,8.9,7.3,8.2,34,189
2025-02-04,jip,MAZDA,CX-5,gold,petrol,Rakan Niaga,2014,SUV - SMALL,2.0,4,M6,x,9.0,6.8,8.0,35,184
2025-02-04,jip,MAZDA,CX-5,gold,petrol,Rakan Niaga,2014,SUV - SMALL,2.5,4,AS6,x,9.6,7.4,8.6,33,198
2025-02-04,jip,MAZDA,CX-5,blue,petrol,Rakan Niaga,2014,SUV - SMALL,2.0,4,AS6,x,8.9,7.3,8.2,34,189
2025-02-04,jip,MAZDA,CX-5,blue,petrol,Rakan Niaga,2014,SUV - SMALL,2.0,4,M6,x,9.0,6.8,8.0,35,184
2025-02-04,jip,MAZDA,CX-5,blue,petrol,Rakan Niaga,2014,SUV - SMALL,2.5,4,AS6,x,9.6,7.4,8.6,33,198
2025-02-04,jip,MAZDA,CX-5,grey,petrol,Melaka,2014,SUV - SMALL,2.0,4,AS6,x,8.9,7.3,8.2,34,189
2025-02-04,jip,MAZDA,CX-5,grey,petrol,Melaka,2014,SUV - SMALL,2.0,4,M6,x,9.0,6.8,8.0,35,184
2025-02-04,jip,MAZDA,CX-5,grey,petrol,Melaka,2014,SUV - SMALL,2.5,4,AS6,x,9.6,7.4,8.6,33,198
2025-02-04,jip,MAZDA,CX-5,red,petrol,W.P. Kuala Lumpur,2014,SUV - SMALL,2.0,4,AS6,x,8.9,7.3,8.2,34,189
2025-02-04,jip,MAZDA,CX-5,red,petrol,W.P. Kuala Lumpur,2014,SUV - SMALL,2.0,4,M6,x,9.0,6.8,8.0,35,184
2025-02-04,jip,MAZDA,CX-5,red,petrol,W.P. Kuala Lumpur,2014,SUV - SMALL,2.5,4,AS6,x,9.6,7.4,8.6,33,198
2025-02-04,jip,MAZDA,CX-5,red,petrol,Rakan Niaga,2014,SUV - SMALL,2.0,4,AS6,x,8.9,7.3,8.2,34,189
2025-02-04,jip,MAZDA,CX-5,red,petrol,Rakan Niaga,2014,SUV - SMALL,2.0,4,M6,x,9.0,6.8,8.0,35,184
2025-02-04,jip,MAZDA,CX-5,red,petrol,Rakan Niaga,2014,SUV - SMALL,2.5,4,AS6,x,9.6,7.4,8.6,33,198
2025-02-04,jip,MAZDA,CX-5,black,petrol,Selangor,2014,SUV - SMALL,2.0,4,AS6,x,8.9,7.3,8.2,34,189
2025-02-04,jip,MAZDA,CX-5,black,petrol,Selangor,2014,SUV - SMALL,2.0,4,M6,x,9.0,6.8,8.0,35,184
2025-02-04,jip,MAZDA,CX-5,black,petrol,Selangor,2014,SUV - SMALL,2.5,4,AS6,x,9.6,7.4,8.6,33,198
2025-02-04,jip,MAZDA,CX-5,grey,petrol,Rakan Niaga,2014,SUV - SMALL,2.0,4,AS6,x,8.9,7.3,8.2,34,189
2025-02-04,jip,MAZDA,CX-5,grey,petrol,Rakan Niaga,2014,SUV - SMALL,2.0,4,M6,x,9.0,6.8,8.0,35,184
2025-02-04,jip,MAZDA,CX-5,grey,petrol,Rakan Niaga,2014,SUV - SMALL,2.5,4,AS6,x,9.6,7.4,8.6,33,198
2025-02-04,motokar,NISSAN,GT-R,white,petrol,Rakan Niaga,2014,SUBCOMPACT,3.8,6,AM6,z,14.5,10.9,12.9,22,297
2025-02-04,motokar,PORSCHE,911 TURBO,red,petrol,Rakan Niaga,2014,MINICOMPACT,3.8,6,AM7,z,13.7,9.6,11.9,24,274
2025-02-04,jip,PORSCHE,CAYENNE,grey,petrol,Selangor,2014,SUV - STANDARD,3.6,6,A8,z,13.6,10.1,12.0,24,276
2025-02-04,jip,PORSCHE,CAYENNE,grey,petrol,Selangor,2014,SUV - STANDARD,3.6,6,M6,z,15.8,10.9,13.6,21,313
2025-02-04,motokar,TOYOTA,CAMRY,black,petrol,W.P. Kuala Lumpur,2014,MID-SIZE,2.5,4,AS6,x,9.5,6.6,8.2,34,189
2025-02-04,motokar,TOYOTA,CAMRY,black,petrol,W.P. Kuala Lumpur,2014,MID-SIZE,3.5,6,AS6,x,11.1,7.8,9.6,29,221
2025-02-04,motokar,TOYOTA,COROLLA,red,petrol,W.P. Kuala Lumpur,2014,MID-SIZE,1.8,4,A4,x,8.6,6.5,7.7,37,177
2025-02-04,motokar,TOYOTA,COROLLA,red,petrol,W.P. Kuala Lumpur,2014,MID-SIZE,1.8,4,AV7,x,8.1,6.3,7.3,39,168
2025-02-04,motokar,TOYOTA,COROLLA,red,petrol,W.P. Kuala Lumpur,2014,MID-SIZE,1.8,4,AV,x,8.0,5.9,7.1,40,163
2025-02-04,motokar,TOYOTA,COROLLA,red,petrol,W.P. Kuala Lumpur,2014,MID-SIZE,1.8,4,M6,x,8.3,6.3,7.4,38,170
2025-02-04,motokar,TOYOTA,YARIS,white,petrol,Perak,2014,COMPACT,1.5,4,A4,x,7.9,6.6,7.3,39,168
2025-02-04,motokar,TOYOTA,YARIS,white,petrol,Perak,2014,COMPACT,1.5,4,M5,x,7.8,6.3,7.1,40,163
2025-02-04,motokar,TOYOTA,YARIS,red,petrol,Rakan Niaga,2014,COMPACT,1.5,4,A4,x,7.9,6.6,7.3,39,168
2025-02-04,motokar,TOYOTA,YARIS,red,petrol,Rakan Niaga,2014,COMPACT,1.5,4,M5,x,7.8,6.3,7.1,40,163
2025-02-04,motokar,TOYOTA,YARIS,white,petrol,Rakan Niaga,2014,COMPACT,1.5,4,A4,x,7.9,6.6,7.3,39,168
2025-02-04,motokar,TOYOTA,YARIS,white,petrol,Rakan Niaga,2014,COMPACT,1.5,4,M5,x,7.8,6.3,7.1,40,163
2025-02-04,motokar,TOYOTA,YARIS,silver,petrol,Rakan Niaga,2014,COMPACT,1.5,4,A4,x,7.9,6.6,7.3,39,168
2025-02-04,motokar,TOYOTA,YARIS,silver,petrol,Rakan Niaga,2014,COMPACT,1.5,4,M5,x,7.8,6.3,7.1,40,163
2025-02-04,jip,VOLKSWAGEN,TIGUAN,blue,petrol,Rakan Niaga,2014,SUV - SMALL,2.0,4,A6,z,11.7,9.5,10.7,26,246
2025-02-04,jip,VOLKSWAGEN,TIGUAN,blue,petrol,Rakan Niaga,2014,SUV - SMALL,2.0,4,M6,z,13.6,9.2,11.6,24,267
2025-02-05,motokar,FORD,MUSTANG,blue,petrol,W.P. Kuala Lumpur,2014,SUBCOMPACT,3.7,6,A6,x,12.1,7.8,10.2,28,235
2025-02-05,motokar,FORD,MUSTANG,blue,petrol,W.P. Kuala Lumpur,2014,SUBCOMPACT,3.7,6,M6,x,12.7,8.1,10.6,27,244
2025-02-05,motokar,FORD,MUSTANG,blue,petrol,W.P. Kuala Lumpur,2014,SUBCOMPACT,5.0,8,A6,x,13.3,9.3,11.5,25,264
2025-02-05,motokar,FORD,MUSTANG,blue,petrol,W.P. Kuala Lumpur,2014,SUBCOMPACT,5.0,8,M6,x,15.4,9.4,12.7,22,292
2025-02-05,motokar,FORD,MUSTANG,blue,petrol,W.P. Kuala Lumpur,2014,SUBCOMPACT,5.8,8,M6,z,15.9,9.9,13.2,21,304
2025-02-05,jip,HONDA,CR-V,grey,petrol,Rakan Niaga,2014,SUV - SMALL,2.4,4,A5,x,10.3,7.6,9.1,31,209
2025-02-05,jip,HONDA,CR-V,red,hybrid_petrol,Selangor,2014,SUV - SMALL,2.4,4,A5,x,10.3,7.6,9.1,31,209
2025-02-05,jip,HONDA,CR-V,blue,hybrid_petrol,Rakan Niaga,2014,SUV - SMALL,2.4,4,A5,x,10.3,7.6,9.1,31,209
2025-02-05,jip,HONDA,CR-V,white,petrol,Rakan Niaga,2014,SUV - SMALL,2.4,4,A5,x,10.3,7.6,9.1,31,209
2025-02-05,jip,HONDA,CR-V,red,hybrid_petrol,Rakan Niaga,2014,SUV - SMALL,2.4,4,A5,x,10.3,7.6,9.1,31,209
2025-02-05,jip,HONDA,CR-V,red,petrol,Rakan Niaga,2014,SUV - SMALL,2.4,4,A5,x,10.3,7.6,9.1,31,209
2025-02-05,jip,HONDA,CR-V,blue,petrol,Rakan Niaga,2014,SUV - SMALL,2.4,4,A5,x,10.3,7.6,9.1,31,209
2025-02-05,motokar,HONDA,CIVIC,white,petrol,Melaka,2014,COMPACT,1.8,4,AV,x,7.9,6.0,7.0,40,161
2025-02-05,motokar,HONDA,CIVIC,white,petrol,Melaka,2014,COMPACT,1.8,4,AV7,x,8.1,6.2,7.2,39,166
2025-02-05,motokar,HONDA,CIVIC,white,petrol,Melaka,2014,COMPACT,1.8,4,M5,x,8.5,6.6,7.6,37,175
2025-02-05,motokar,HONDA,CIVIC,grey,petrol,Rakan Niaga,2014,COMPACT,1.8,4,AV,x,7.9,6.0,7.0,40,161
2025-02-05,motokar,HONDA,CIVIC,grey,petrol,Rakan Niaga,2014,COMPACT,1.8,4,AV7,x,8.1,6.2,7.2,39,166
2025-02-05,motokar,HONDA,CIVIC,grey,petrol,Rakan Niaga,2014,COMPACT,1.8,4,M5,x,8.5,6.6,7.6,37,175
2025-02-05,motokar,HONDA,CIVIC,white,petrol,Rakan Niaga,2014,COMPACT,1.8,4,AV,x,7.9,6.0,7.0,40,161
2025-02-05,motokar,HONDA,CIVIC,white,petrol,Rakan Niaga,2014,COMPACT,1.8,4,AV7,x,8.1,6.2,7.2,39,166
2025-02-05,motokar,HONDA,CIVIC,white,petrol,Rakan Niaga,2014,COMPACT,1.8,4,M5,x,8.5,6.6,7.6,37,175
2025-02-05,motokar,HONDA,CIVIC,red,petrol,Rakan Niaga,2014,COMPACT,1.8,4,AV,x,7.9,6.0,7.0,40,161
2025-02-05,motokar,HONDA,CIVIC,red,petrol,Rakan Niaga,2014,COMPACT,1.8,4,AV7,x,8.1,6.2,7.2,39,166
2025-02-05,motokar,HONDA,CIVIC,red,petrol,Rakan Niaga,2014,COMPACT,1.8,4,M5,x,8.5,6.6,7.6,37,175
2025-02-05,motokar,HONDA,CIVIC,white,petrol,Pulau Pinang,2014,COMPACT,1.8,4,AV,x,7.9,6.0,7.0,40,161
2025-02-05,motokar,HONDA,CIVIC,white,petrol,Pulau Pinang,2014,COMPACT,1.8,4,AV7,x,8.1,6.2,7.2,39,166
2025-02-05,motokar,HONDA,CIVIC,white,petrol,Pulau Pinang,2014,COMPACT,1.8,4,M5,x,8.5,6.6,7.6,37,175
2025-02-05,motokar,HONDA,CIVIC,white,petrol,W.P. Kuala Lumpur,2014,COMPACT,1.8,4,AV,x,7.9,6.0,7.0,40,161
2025-02-05,motokar,HONDA,CIVIC,white,petrol,W.P. Kuala Lumpur,2014,COMPACT,1.8,4,AV7,x,8.1,6.2,7.2,39,166
2025-02-05,motokar,HONDA,CIVIC,white,petrol,W.P. Kuala Lumpur,2014,COMPACT,1.8,4,M5,x,8.5,6.6,7.6,37,175
2025-02-05,motokar,HONDA,CIVIC,blue,petrol,Rakan Niaga,2014,COMPACT,1.8,4,AV,x,7.9,6.0,7.0,40,161
2025-02-05,motokar,HONDA,CIVIC,blue,petrol,Rakan Niaga,2014,COMPACT,1.8,4,AV7,x,8.1,6.2,7.2,39,166
2025-02-05,motokar,HONDA,CIVIC,blue,petrol,Rakan Niaga,2014,COMPACT,1.8,4,M5,x,8.5,6.6,7.6,37,175
2025-02-05,motokar,HONDA,CIVIC,blue,hybrid_petrol,Rakan Niaga,2014,COMPACT,1.8,4,AV,x,7.9,6.0,7.0,40,161
2025-02-05,motokar,HONDA,CIVIC,blue,hybrid_petrol,Rakan Niaga,2014,COMPACT,1.8,4,AV7,x,8.1,6.2,7.2,39,166
2025-02-05,motokar,HONDA,CIVIC,blue,hybrid_petrol,Rakan Niaga,2014,COMPACT,1.8,4,M5,x,8.5,6.6,7.6,37,175
2025-02-05,motokar,HONDA,CIVIC,black,petrol,Rakan Niaga,2014,COMPACT,1.8,4,AV,x,7.9,6.0,7.0,40,161
2025-02-05,motokar,HONDA,CIVIC,black,petrol,Rakan Niaga,2014,COMPACT,1.8,4,AV7,x,8.1,6.2,7.2,39,166
2025-02-05,motokar,HONDA,CIVIC,black,petrol,Rakan Niaga,2014,COMPACT,1.8,4,M5,x,8.5,6.6,7.6,37,175
2025-02-05,motokar,HONDA,CIVIC,white,petrol,Kedah,2014,COMPACT,1.8,4,AV,x,7.9,6.0,7.0,40,161
2025-02-05,motokar,HONDA,CIVIC,white,petrol,Kedah,2014,COMPACT,1.8,4,AV7,x,8.1,6.2,7.2,39,166
2025-02-05,motokar,HONDA,CIVIC,white,petrol,Kedah,2014,COMPACT,1.8,4,M5,x,8.5,6.6,7.6,37,175
2025-02-05,window_van,HONDA,ODYSSEY,black,petrol,Perak,2014,MINIVAN,3.5,6,A6,x,12.3,8.5,10.6,27,244
2025-02-05,jip,HYUNDAI,SANTA FE,white,diesel,Rakan Niaga,2014,SUV - SMALL,3.3,6,A6,x,13.0,9.1,11.2,25,258
2025-02-05,jip,MAZDA,CX-5,red,petrol,Rakan Niaga,2014,SUV - SMALL,2.0,4,AS6,x,8.9,7.3,8.2,34,189
2025-02-05,jip,MAZDA,CX-5,red,petrol,Rakan Niaga,2014,SUV - SMALL,2.0,4,M6,x,9.0,6.8,8.0,35,184
2025-02-05,jip,MAZDA,CX-5,red,petrol,Rakan Niaga,2014,SUV - SMALL,2.5,4,AS6,x,9.6,7.4,8.6,33,198
2025-02-05,jip,MAZDA,CX-5,grey,petrol,Johor,2014,SUV - SMALL,2.0,4,AS6,x,8.9,7.3,8.2,34,189
2025-02-05,jip,MAZDA,CX-5,grey,petrol,Johor,2014,SUV - SMALL,2.0,4,M6,x,9.0,6.8,8.0,35,184
2025-02-05,jip,MAZDA,CX-5,grey,petrol,Johor,2014,SUV - SMALL,2.5,4,AS6,x,9.6,7.4,8.6,33,198
2025-02-05,jip,MAZDA,CX-5,blue,petrol,Rakan Niaga,2014,SUV - SMALL,2.0,4,AS6,x,8.9,7.3,8.2,34,189
2025-02-05,jip,MAZDA,CX-5,blue,petrol,Rakan Niaga,2014,SUV - SMALL,2.0,4,M6,x,9.0,6.8,8.0,35,184
2025-02-05,jip,MAZDA,CX-5,blue,petrol,Rakan Niaga,2014,SUV - SMALL,2.5,4,AS6,x,9.6,7.4,8.6,33,198
2025-02-05,motokar,PORSCHE,911 GT3,silver,petrol,W.P. Kuala Lumpur,2014,TWO-SEATER,3.8,6,AM7,z,16.0,11.5,14.0,20,322
2025-02-05,motokar,PORSCHE,911 GT3,black,petrol,W.P. Kuala Lumpur,2014,TWO-SEATER,3.8,6,AM7,z,16.0,11.5,14.0,20,322
2025-02-05,motokar,PORSCHE,911 TURBO,yellow,petrol,Johor,2014,MINICOMPACT,3.8,6,AM7,z,13.7,9.6,11.9,24,274
2025-02-05,jip,PORSCHE,CAYENNE,white,petrol,Sarawak,2014,SUV - STANDARD,3.6,6,A8,z,13.6,10.1,12.0,24,276
2025-02-05,jip,PORSCHE,CAYENNE,white,petrol,Sarawak,2014,SUV - STANDARD,3.6,6,M6,z,15.8,10.9,13.6,21,313
2025-02-05,jip,PORSCHE,CAYENNE,grey,petrol,W.P. Kuala Lumpur,2014,SUV - STANDARD,3.6,6,A8,z,13.6,10.1,12.0,24,276
2025-02-05,jip,PORSCHE,CAYENNE,grey,petrol,W.P. Kuala Lumpur,2014,SUV - STANDARD,3.6,6,M6,z,15.8,10.9,13.6,21,313
2025-02-05,jip,PORSCHE,CAYENNE,black,petrol,W.P. Kuala Lumpur,2014,SUV - STANDARD,3.6,6,A8,z,13.6,10.1,12.0,24,276
2025-02-05,jip,PORSCHE,CAYENNE,black,petrol,W.P. Kuala Lumpur,2014,SUV - STANDARD,3.6,6,M6,z,15.8,10.9,13.6,21,313
2025-02-05,jip,PORSCHE,CAYENNE,white,petrol,W.P. Kuala Lumpur,2014,SUV - STANDARD,3.6,6,A8,z,13.6,10.1,12.0,24,276
2025-02-05,jip,PORSCHE,CAYENNE,white,petrol,W.P. Kuala Lumpur,2014,SUV - STANDARD,3.6,6,M6,z,15.8,10.9,13.6,21,313
2025-02-05,motokar,TOYOTA,YARIS,white,petrol,Kedah,2014,COMPACT,1.5,4,A4,x,7.9,6.6,7.3,39,168
2025-02-05,motokar,TOYOTA,YARIS,white,petrol,Kedah,2014,COMPACT,1.5,4,M5,x,7.8,6.3,7.1,40,163
2025-02-05,motokar,TOYOTA,YARIS,white,petrol,Rakan Niaga,2014,COMPACT,1.5,4,A4,x,7.9,6.6,7.3,39,168
2025-02-05,motokar,TOYOTA,YARIS,white,petrol,Rakan Niaga,2014,COMPACT,1.5,4,M5,x,7.8,6.3,7.1,40,163
2025-02-05,motokar,TOYOTA,YARIS,silver,petrol,Rakan Niaga,2014,COMPACT,1.5,4,A4,x,7.9,6.6,7.3,39,168
2025-02-05,motokar,TOYOTA,YARIS,silver,petrol,Rakan Niaga,2014,COMPACT,1.5,4,M5,x,7.8,6.3,7.1,40,163
2025-02-05,motokar,TOYOTA,YARIS,red,petrol,Rakan Niaga,2014,COMPACT,1.5,4,A4,x,7.9,6.6,7.3,39,168
2025-02-05,motokar,TOYOTA,YARIS,red,petrol,Rakan Niaga,2014,COMPACT,1.5,4,M5,x,7.8,6.3,7.1,40,163
2025-02-05,motokar,TOYOTA,YARIS,red,petrol,W.P. Kuala Lumpur,2014,COMPACT,1.5,4,A4,x,7.9,6.6,7.3,39,168
2025-02-05,motokar,TOYOTA,YARIS,red,petrol,W.P. Kuala Lumpur,2014,COMPACT,1.5,4,M5,x,7.8,6.3,7.1,40,163
2025-02-05,motokar,VOLKSWAGEN,BEETLE,yellow,petrol,Kedah,2014,COMPACT,1.8,4,A6,x,9.5,7.2,8.5,33,196
2025-02-05,motokar,VOLKSWAGEN,BEETLE,yellow,petrol,Kedah,2014,COMPACT,1.8,4,M5,x,9.9,7.2,8.7,32,200
2025-02-05,motokar,VOLKSWAGEN,BEETLE,yellow,petrol,Kedah,2014,COMPACT,2.0,4,A6,z,10.3,7.7,9.1,31,209
2025-02-05,motokar,VOLKSWAGEN,BEETLE,yellow,petrol,Kedah,2014,COMPACT,2.0,4,M6,z,10.8,7.6,9.4,30,216
2025-02-05,motokar,VOLKSWAGEN,BEETLE,yellow,petrol,Kedah,2014,COMPACT,2.5,5,A6,x,10.9,8.4,9.8,29,225
2025-02-05,motokar,VOLKSWAGEN,BEETLE,yellow,petrol,Kedah,2014,COMPACT,2.5,5,M5,x,11.2,7.7,9.6,29,221
2025-02-05,jip,VOLKSWAGEN,TIGUAN,white,petrol,Rakan Niaga,2014,SUV - SMALL,2.0,4,A6,z,11.7,9.5,10.7,26,246
2025-02-05,jip,VOLKSWAGEN,TIGUAN,white,petrol,Rakan Niaga,2014,SUV - SMALL,2.0,4,M6,z,13.6,9.2,11.6,24,267
2025-02-05,jip,VOLKSWAGEN,TIGUAN,grey,petrol,Rakan Niaga,2014,SUV - SMALL,2.0,4,A6,z,11.7,9.5,10.7,26,246
2025-02-05,jip,VOLKSWAGEN,TIGUAN,grey,petrol,Rakan Niaga,2014,SUV - SMALL,2.0,4,M6,z,13.6,9.2,11.6,24,267
2025-02-05,jip,VOLVO,XC60,beige,hybrid_petrol,Rakan Niaga,2014,SUV - SMALL,3.2,6,AS6,x,13.0,8.9,11.2,25,258
2025-02-06,motokar,AUDI,R8,green,petrol,W.P. Kuala Lumpur,2014,TWO-SEATER,4.2,8,A7,z,17.6,11.0,14.6,19,336
2025-02-06,motokar,AUDI,R8,green,petrol,W.P. Kuala Lumpur,2014,TWO-SEATER,4.2,8,M6,z,21.2,13.4,17.7,16,407
2025-02-06,motokar,AUDI,R8,green,petrol,W.P. Kuala Lumpur,2014,TWO-SEATER,5.2,10,A7,z,18.8,11.3,15.4,18,354
2025-02-06,motokar,AUDI,R8,green,petrol,W.P. Kuala Lumpur,2014,TWO-SEATER,5.2,10,M6,z,21.1,13.8,17.8,16,409
2025-02-06,jip,HONDA,CR-V,blue,petrol,Rakan Niaga,2014,SUV - SMALL,2.4,4,A5,x,10.3,7.6,9.1,31,209
2025-02-06,jip,HONDA,CR-V,grey,petrol,Rakan Niaga,2014,SUV - SMALL,2.4,4,A5,x,10.3,7.6,9.1,31,209
2025-02-06,jip,HONDA,CR-V,white,petrol,Rakan Niaga,2014,SUV - SMALL,2.4,4,A5,x,10.3,7.6,9.1,31,209
2025-02-06,jip,HONDA,CR-V,silver,hybrid_petrol,Pahang,2014,SUV - SMALL,2.4,4,A5,x,10.3,7.6,9.1,31,209
2025-02-06,jip,HONDA,CR-V,white,hybrid_petrol,Rakan Niaga,2014,SUV - SMALL,2.4,4,A5,x,10.3,7.6,9.1,31,209
2025-02-06,jip,HONDA,CR-V,blue,hybrid_petrol,Rakan Niaga,2014,SUV - SMALL,2.4,4,A5,x,10.3,7.6,9.1,31,209
2025-02-06,jip,HONDA,CR-V,grey,hybrid_petrol,Rakan Niaga,2014,SUV - SMALL,2.4,4,A5,x,10.3,7.6,9.1,31,209
2025-02-06,jip,HONDA,CR-V,silver,hybrid_petrol,Rakan Niaga,2014,SUV - SMALL,2.4,4,A5,x,10.3,7.6,9.1,31,209
2025-02-06,motokar,HONDA,CIVIC,white,petrol,Rakan Niaga,2014,COMPACT,1.8,4,AV,x,7.9,6.0,7.0,40,161
2025-02-06,motokar,HONDA,CIVIC,white,petrol,Rakan Niaga,2014,COMPACT,1.8,4,AV7,x,8.1,6.2,7.2,39,166
2025-02-06,motokar,HONDA,CIVIC,white,petrol,Rakan Niaga,2014,COMPACT,1.8,4,M5,x,8.5,6.6,7.6,37,175
2025-02-06,motokar,HONDA,CIVIC,black,petrol,Rakan Niaga,2014,COMPACT,1.8,4,AV,x,7.9,6.0,7.0,40,161
2025-02-06,motokar,HONDA,CIVIC,black,petrol,Rakan Niaga,2014,COMPACT,1.8,4,AV7,x,8.1,6.2,7.2,39,166
2025-02-06,motokar,HONDA,CIVIC,black,petrol,Rakan Niaga,2014,COMPACT,1.8,4,M5,x,8.5,6.6,7.6,37,175
2025-02-06,motokar,HONDA,CIVIC,blue,petrol,Rakan Niaga,2014,COMPACT,1.8,4,AV,x,7.9,6.0,7.0,40,161
2025-02-06,motokar,HONDA,CIVIC,blue,petrol,Rakan Niaga,2014,COMPACT,1.8,4,AV7,x,8.1,6.2,7.2,39,166
2025-02-06,motokar,HONDA,CIVIC,blue,petrol,Rakan Niaga,2014,COMPACT,1.8,4,M5,x,8.5,6.6,7.6,37,175
2025-02-06,motokar,HONDA,CIVIC,white,petrol,Pulau Pinang,2014,COMPACT,1.8,4,AV,x,7.9,6.0,7.0,40,161
2025-02-06,motokar,HONDA,CIVIC,white,petrol,Pulau Pinang,2014,COMPACT,1.8,4,AV7,x,8.1,6.2,7.2,39,166
2025-02-06,motokar,HONDA,CIVIC,white,petrol,Pulau Pinang,2014,COMPACT,1.8,4,M5,x,8.5,6.6,7.6,37,175
2025-02-06,motokar,HONDA,CIVIC,red,petrol,Rakan Niaga,2014,COMPACT,1.8,4,AV,x,7.9,6.0,7.0,40,161
2025-02-06,motokar,HONDA,CIVIC,red,petrol,Rakan Niaga,2014,COMPACT,1.8,4,AV7,x,8.1,6.2,7.2,39,166
2025-02-06,motokar,HONDA,CIVIC,red,petrol,Rakan Niaga,2014,COMPACT,1.8,4,M5,x,8.5,6.6,7.6,37,175
2025-02-06,motokar,HONDA,CIVIC,white,petrol,W.P. Kuala Lumpur,2014,COMPACT,1.8,4,AV,x,7.9,6.0,7.0,40,161
2025-02-06,motokar,HONDA,CIVIC,white,petrol,W.P. Kuala Lumpur,2014,COMPACT,1.8,4,AV7,x,8.1,6.2,7.2,39,166
2025-02-06,motokar,HONDA,CIVIC,white,petrol,W.P. Kuala Lumpur,2014,COMPACT,1.8,4,M5,x,8.5,6.6,7.6,37,175
2025-02-06,motokar,HONDA,CIVIC,red,hybrid_petrol,Rakan Niaga,2014,COMPACT,1.8,4,AV,x,7.9,6.0,7.0,40,161
2025-02-06,motokar,HONDA,CIVIC,red,hybrid_petrol,Rakan Niaga,2014,COMPACT,1.8,4,AV7,x,8.1,6.2,7.2,39,166
2025-02-06,motokar,HONDA,CIVIC,red,hybrid_petrol,Rakan Niaga,2014,COMPACT,1.8,4,M5,x,8.5,6.6,7.6,37,175
2025-02-06,motokar,HONDA,CIVIC,grey,petrol,Rakan Niaga,2014,COMPACT,1.8,4,AV,x,7.9,6.0,7.0,40,161
2025-02-06,motokar,HONDA,CIVIC,grey,petrol,Rakan Niaga,2014,COMPACT,1.8,4,AV7,x,8.1,6.2,7.2,39,166
2025-02-06,motokar,HONDA,CIVIC,grey,petrol,Rakan Niaga,2014,COMPACT,1.8,4,M5,x,8.5,6.6,7.6,37,175
2025-02-06,motokar,HONDA,CIVIC,blue,petrol,W.P. Kuala Lumpur,2014,COMPACT,1.8,4,AV,x,7.9,6.0,7.0,40,161
2025-02-06,motokar,HONDA,CIVIC,blue,petrol,W.P. Kuala Lumpur,2014,COMPACT,1.8,4,AV7,x,8.1,6.2,7.2,39,166
2025-02-06,motokar,HONDA,CIVIC,blue,petrol,W.P. Kuala Lumpur,2014,COMPACT,1.8,4,M5,x,8.5,6.6,7.6,37,175
2025-02-06,motokar,HONDA,CIVIC,blue,hybrid_petrol,Rakan Niaga,2014,COMPACT,1.8,4,AV,x,7.9,6.0,7.0,40,161
2025-02-06,motokar,HONDA,CIVIC,blue,hybrid_petrol,Rakan Niaga,2014,COMPACT,1.8,4,AV7,x,8.1,6.2,7.2,39,166
2025-02-06,motokar,HONDA,CIVIC,blue,hybrid_petrol,Rakan Niaga,2014,COMPACT,1.8,4,M5,x,8.5,6.6,7.6,37,175
2025-02-06,motokar,HONDA,CIVIC,white,petrol,Sarawak,2014,COMPACT,1.8,4,AV,x,7.9,6.0,7.0,40,161
2025-02-06,motokar,HONDA,CIVIC,white,petrol,Sarawak,2014,COMPACT,1.8,4,AV7,x,8.1,6.2,7.2,39,166
2025-02-06,motokar,HONDA,CIVIC,white,petrol,Sarawak,2014,COMPACT,1.8,4,M5,x,8.5,6.6,7.6,37,175
2025-02-06,motokar,HONDA,CIVIC,white,hybrid_petrol,Rakan Niaga,2014,COMPACT,1.8,4,AV,x,7.9,6.0,7.0,40,161
2025-02-06,motokar,HONDA,CIVIC,white,hybrid_petrol,Rakan Niaga,2014,COMPACT,1.8,4,AV7,x,8.1,6.2,7.2,39,166
2025-02-06,motokar,HONDA,CIVIC,white,hybrid_petrol,Rakan Niaga,2014,COMPACT,1.8,4,M5,x,8.5,6.6,7.6,37,175
2025-02-06,window_van,HONDA,ODYSSEY,black,petrol,W.P. Kuala Lumpur,2014,MINIVAN,3.5,6,A6,x,12.3,8.5,10.6,27,244
2025-02-06,jip,KIA,SPORTAGE,white,petrol,W.P. Kuala Lumpur,2014,SUV - SMALL,2.4,4,A6,x,11.4,8.3,10.0,28,230
2025-02-06,jip,KIA,SPORTAGE,white,petrol,W.P. Kuala Lumpur,2014,SUV - SMALL,2.4,4,M6,x,12.9,9.3,11.3,25,260
2025-02-06,jip,KIA,SPORTAGE,blue,petrol,Rakan Niaga,2014,SUV - SMALL,2.4,4,A6,x,11.4,8.3,10.0,28,230
2025-02-06,jip,KIA,SPORTAGE,blue,petrol,Rakan Niaga,2014,SUV - SMALL,2.4,4,M6,x,12.9,9.3,11.3,25,260
2025-02-06,jip,MAZDA,CX-5,grey,petrol,Sarawak,2014,SUV - SMALL,2.0,4,AS6,x,8.9,7.3,8.2,34,189
2025-02-06,jip,MAZDA,CX-5,grey,petrol,Sarawak,2014,SUV - SMALL,2.0,4,M6,x,9.0,6.8,8.0,35,184
2025-02-06,jip,MAZDA,CX-5,grey,petrol,Sarawak,2014,SUV - SMALL,2.5,4,AS6,x,9.6,7.4,8.6,33,198
2025-02-06,jip,MAZDA,CX-5,white,petrol,Perak,2014,SUV - SMALL,2.0,4,AS6,x,8.9,7.3,8.2,34,189
2025-02-06,jip,MAZDA,CX-5,white,petrol,Perak,2014,SUV - SMALL,2.0,4,M6,x,9.0,6.8,8.0,35,184
2025-02-06,jip,MAZDA,CX-5,white,petrol,Perak,2014,SUV - SMALL,2.5,4,AS6,x,9.6,7.4,8.6,33,198
2025-02-06,jip,MAZDA,CX-5,blue,petrol,W.P. Kuala Lumpur,2014,SUV - SMALL,2.0,4,AS6,x,8.9,7.3,8.2,34,189
2025-02-06,jip,MAZDA,CX-5,blue,petrol,W.P. Kuala Lumpur,2014,SUV - SMALL,2.0,4,M6,x,9.0,6.8,8.0,35,184
2025-02-06,jip,MAZDA,CX-5,blue,petrol,W.P. Kuala Lumpur,2014,SUV - SMALL,2.5,4,AS6,x,9.6,7.4,8.6,33,198
2025-02-06,jip,MAZDA,CX-5,red,petrol,Rakan Niaga,2014,SUV - SMALL,2.0,4,AS6,x,8.9,7.3,8.2,34,189
2025-02-06,jip,MAZDA,CX-5,red,petrol,Rakan Niaga,2014,SUV - SMALL,2.0,4,M6,x,9.0,6.8,8.0,35,184
2025-02-06,jip,MAZDA,CX-5,red,petrol,Rakan Niaga,2014,SUV - SMALL,2.5,4,AS6,x,9.6,7.4,8.6,33,198
2025-02-06,jip,MAZDA,CX-5,grey,petrol,Rakan Niaga,2014,SUV - SMALL,2.0,4,AS6,x,8.9,7.3,8.2,34,189
2025-02-06,jip,MAZDA,CX-5,grey,petrol,Rakan Niaga,2014,SUV - SMALL,2.0,4,M6,x,9.0,6.8,8.0,35,184
2025-02-06,jip,MAZDA,CX-5,grey,petrol,Rakan Niaga,2014,SUV - SMALL,2.5,4,AS6,x,9.6,7.4,8.6,33,198
2025-02-06,jip,MAZDA,CX-5,gold,petrol,Rakan Niaga,2014,SUV - SMALL,2.0,4,AS6,x,8.9,7.3,8.2,34,189
2025-02-06,jip,MAZDA,CX-5,gold,petrol,Rakan Niaga,2014,SUV - SMALL,2.0,4,M6,x,9.0,6.8,8.0,35,184
2025-02-06,jip,MAZDA,CX-5,gold,petrol,Rakan Niaga,2014,SUV - SMALL,2.5,4,AS6,x,9.6,7.4,8.6,33,198
2025-02-06,jip,MAZDA,CX-5,red,petrol,Kelantan,2014,SUV - SMALL,2.0,4,AS6,x,8.9,7.3,8.2,34,189
2025-02-06,jip,MAZDA,CX-5,red,petrol,Kelantan,2014,SUV - SMALL,2.0,4,M6,x,9.0,6.8,8.0,35,184
2025-02-06,jip,MAZDA,CX-5,red,petrol,Kelantan,2014,SUV - SMALL,2.5,4,AS6,x,9.6,7.4,8.6,33,198
2025-02-06,motokar,MAZDA,MX-5,brown,petrol,Rakan Niaga,2014,TWO-SEATER,2.0,4,AS6,z,11.5,8.5,10.2,28,235
2025-02-06,motokar,MAZDA,MX-5,brown,petrol,Rakan Niaga,2014,TWO-SEATER,2.0,4,M5,z,10.5,8.5,9.6,29,221
2025-02-06,motokar,MAZDA,MX-5,brown,petrol,Rakan Niaga,2014,TWO-SEATER,2.0,4,M6,z,11.1,8.4,9.9,29,228
2025-02-06,motokar,MITSUBISHI,LANCER,white,petrol,W.P. Kuala Lumpur,2014,COMPACT,2.0,4,AV6,x,9.2,7.0,8.2,34,189
2025-02-06,motokar,MITSUBISHI,LANCER,white,petrol,W.P. Kuala Lumpur,2014,COMPACT,2.0,4,M5,x,9.6,6.8,8.3,34,191
2025-02-06,motokar,MITSUBISHI,LANCER,grey,petrol,W.P. Kuala Lumpur,2014,COMPACT,2.0,4,AV6,x,9.2,7.0,8.2,34,189
2025-02-06,motokar,MITSUBISHI,LANCER,grey,petrol,W.P. Kuala Lumpur,2014,COMPACT,2.0,4,M5,x,9.6,6.8,8.3,34,191
2025-02-06,motokar,NISSAN,GT-R,orange,petrol,Johor,2014,SUBCOMPACT,3.8,6,AM6,z,14.5,10.9,12.9,22,297
2025-02-06,motokar,NISSAN,GT-R,white,petrol,W.P. Kuala Lumpur,2014,SUBCOMPACT,3.8,6,AM6,z,14.5,10.9,12.9,22,297
2025-02-06,jip,PORSCHE,CAYENNE,grey,petrol,Rakan Niaga,2014,SUV - STANDARD,3.6,6,A8,z,13.6,10.1,12.0,24,276
2025-02-06,jip,PORSCHE,CAYENNE,grey,petrol,Rakan Niaga,2014,SUV - STANDARD,3.6,6,M6,z,15.8,10.9,13.6,21,313
2025-02-06,motokar,TOYOTA,YARIS,red,petrol,Rakan Niaga,2014,COMPACT,1.5,4,A4,x,7.9,6.6,7.3,39,168
2025-02-06,motokar,TOYOTA,YARIS,red,petrol,Rakan Niaga,2014,COMPACT,1.5,4,M5,x,7.8,6.3,7.1,40,163
2025-02-06,motokar,TOYOTA,YARIS,silver,petrol,Perak,2014,COMPACT,1.5,4,A4,x,7.9,6.6,7.3,39,168
2025-02-06,motokar,TOYOTA,YARIS,silver,petrol,Perak,2014,COMPACT,1.5,4,M5,x,7.8,6.3,7.1,40,163
2025-02-06,motokar,TOYOTA,YARIS,white,petrol,Rakan Niaga,2014,COMPACT,1.5,4,A4,x,7.9,6.6,7.3,39,168
2025-02-06,motokar,TOYOTA,YARIS,white,petrol,Rakan Niaga,2014,COMPACT,1.5,4,M5,x,7.8,6.3,7.1,40,163
2025-02-06,motokar,TOYOTA,YARIS,silver,petrol,Rakan Niaga,2014,COMPACT,1.5,4,A4,x,7.9,6.6,7.3,39,168
2025-02-06,motokar,TOYOTA,YARIS,silver,petrol,Rakan Niaga,2014,COMPACT,1.5,4,M5,x,7.8,6.3,7.1,40,163
2025-02-07,jip,HONDA,CR-V,blue,hybrid_petrol,Rakan Niaga,2014,SUV - SMALL,2.4,4,A5,x,10.3,7.6,9.1,31,209
2025-02-07,jip,HONDA,CR-V,blue,petrol,Rakan Niaga,2014,SUV - SMALL,2.4,4,A5,x,10.3,7.6,9.1,31,209
2025-02-07,jip,HONDA,CR-V,blue,petrol,Johor,2014,SUV - SMALL,2.4,4,A5,x,10.3,7.6,9.1,31,209
2025-02-07,jip,HONDA,CR-V,grey,hybrid_petrol,Rakan Niaga,2014,SUV - SMALL,2.4,4,A5,x,10.3,7.6,9.1,31,209
2025-02-07,jip,HONDA,CR-V,grey,petrol,Selangor,2014,SUV - SMALL,2.4,4,A5,x,10.3,7.6,9.1,31,209
2025-02-07,jip,HONDA,CR-V,grey,petrol,Rakan Niaga,2014,SUV - SMALL,2.4,4,A5,x,10.3,7.6,9.1,31,209
2025-02-07,jip,HONDA,CR-V,blue,hybrid_petrol,Johor,2014,SUV - SMALL,2.4,4,A5,x,10.3,7.6,9.1,31,209
2025-02-07,jip,HONDA,CR-V,grey,petrol,Pulau Pinang,2014,SUV - SMALL,2.4,4,A5,x,10.3,7.6,9.1,31,209
2025-02-07,jip,HONDA,CR-V,grey,hybrid_petrol,Sarawak,2014,SUV - SMALL,2.4,4,A5,x,10.3,7.6,9.1,31,209
2025-02-07,motokar,HONDA,CIVIC,grey,petrol,Rakan Niaga,2014,COMPACT,1.8,4,AV,x,7.9,6.0,7.0,40,161
2025-02-07,motokar,HONDA,CIVIC,grey,petrol,Rakan Niaga,2014,COMPACT,1.8,4,AV7,x,8.1,6.2,7.2,39,166
2025-02-07,motokar,HONDA,CIVIC,grey,petrol,Rakan Niaga,2014,COMPACT,1.8,4,M5,x,8.5,6.6,7.6,37,175
2025-02-07,motokar,HONDA,CIVIC,white,petrol,Johor,2014,COMPACT,1.8,4,AV,x,7.9,6.0,7.0,40,161
2025-02-07,motokar,HONDA,CIVIC,white,petrol,Johor,2014,COMPACT,1.8,4,AV7,x,8.1,6.2,7.2,39,166
2025-02-07,motokar,HONDA,CIVIC,white,petrol,Johor,2014,COMPACT,1.8,4,M5,x,8.5,6.6,7.6,37,175
2025-02-07,motokar,HONDA,CIVIC,white,petrol,Rakan Niaga,2014,COMPACT,1.8,4,AV,x,7.9,6.0,7.0,40,161
2025-02-07,motokar,HONDA,CIVIC,white,petrol,Rakan Niaga,2014,COMPACT,1.8,4,AV7,x,8.1,6.2,7.2,39,166
2025-02-07,motokar,HONDA,CIVIC,white,petrol,Rakan Niaga,2014,COMPACT,1.8,4,M5,x,8.5,6.6,7.6,37,175
2025-02-07,motokar,HONDA,CIVIC,white,petrol,Selangor,2014,COMPACT,1.8,4,AV,x,7.9,6.0,7.0,40,161
2025-02-07,motokar,HONDA,CIVIC,white,petrol,Selangor,2014,COMPACT,1.8,4,AV7,x,8.1,6.2,7.2,39,166
2025-02-07,motokar,HONDA,CIVIC,white,petrol,Selangor,2014,COMPACT,1.8,4,M5,x,8.5,6.6,7.6,37,175
2025-02-07,motokar,HONDA,CIVIC,blue,petrol,Rakan Niaga,2014,COMPACT,1.8,4,AV,x,7.9,6.0,7.0,40,161
2025-02-07,motokar,HONDA,CIVIC,blue,petrol,Rakan Niaga,2014,COMPACT,1.8,4,AV7,x,8.1,6.2,7.2,39,166
2025-02-07,motokar,HONDA,CIVIC,blue,petrol,Rakan Niaga,2014,COMPACT,1.8,4,M5,x,8.5,6.6,7.6,37,175
2025-02-07,motokar,HONDA,CIVIC,blue,hybrid_petrol,Rakan Niaga,2014,COMPACT,1.8,4,AV,x,7.9,6.0,7.0,40,161
2025-02-07,motokar,HONDA,CIVIC,blue,hybrid_petrol,Rakan Niaga,2014,COMPACT,1.8,4,AV7,x,8.1,6.2,7.2,39,166
2025-02-07,motokar,HONDA,CIVIC,blue,hybrid_petrol,Rakan Niaga,2014,COMPACT,1.8,4,M5,x,8.5,6.6,7.6,37,175
2025-02-07,motokar,HONDA,CIVIC,black,petrol,Rakan Niaga,2014,COMPACT,1.8,4,AV,x,7.9,6.0,7.0,40,161
2025-02-07,motokar,HONDA,CIVIC,black,petrol,Rakan Niaga,2014,COMPACT,1.8,4,AV7,x,8.1,6.2,7.2,39,166
2025-02-07,motokar,HONDA,CIVIC,black,petrol,Rakan Niaga,2014,COMPACT,1.8,4,M5,x,8.5,6.6,7.6,37,175
2025-02-07,motokar,HONDA,CIVIC,grey,hybrid_petrol,Rakan Niaga,2014,COMPACT,1.8,4,AV,x,7.9,6.0,7.0,40,161
2025-02-07,motokar,HONDA,CIVIC,grey,hybrid_petrol,Rakan Niaga,2014,COMPACT,1.8,4,AV7,x,8.1,6.2,7.2,39,166
2025-02-07,motokar,HONDA,CIVIC,grey,hybrid_petrol,Rakan Niaga,2014,COMPACT,1.8,4,M5,x,8.5,6.6,7.6,37,175
2025-02-07,motokar,HONDA,CIVIC,red,petrol,Rakan Niaga,2014,COMPACT,1.8,4,AV,x,7.9,6.0,7.0,40,161
2025-02-07,motokar,HONDA,CIVIC,red,petrol,Rakan Niaga,2014,COMPACT,1.8,4,AV7,x,8.1,6.2,7.2,39,166
2025-02-07,motokar,HONDA,CIVIC,red,petrol,Rakan Niaga,2014,COMPACT,1.8,4,M5,x,8.5,6.6,7.6,37,175
2025-02-07,motokar,HONDA,CIVIC,blue,petrol,W.P. Kuala Lumpur,2014,COMPACT,1.8,4,AV,x,7.9,6.0,7.0,40,161
2025-02-07,motokar,HONDA,CIVIC,blue,petrol,W.P. Kuala Lumpur,2014,COMPACT,1.8,4,AV7,x,8.1,6.2,7.2,39,166
2025-02-07,motokar,HONDA,CIVIC,blue,petrol,W.P. Kuala Lumpur,2014,COMPACT,1.8,4,M5,x,8.5,6.6,7.6,37,175
2025-02-07,window_van,HONDA,ODYSSEY,white,petrol,W.P. Kuala Lumpur,2014,MINIVAN,3.5,6,A6,x,12.3,8.5,10.6,27,244
2025-02-07,motokar_pelbagai_utiliti,HONDA,ODYSSEY,grey,petrol,Melaka,2014,MINIVAN,3.5,6,A6,x,12.3,8.5,10.6,27,244
2025-02-07,jip,KIA,SORENTO,grey,petrol,Rakan Niaga,2014,SUV - SMALL,2.4,4,A6,x,11.8,8.5,10.3,27,237
2025-02-07,jip,KIA,SORENTO,grey,petrol,Rakan Niaga,2014,SUV - SMALL,3.3,6,A6,x,12.9,9.5,11.4,25,262
2025-02-07,jip,KIA,SPORTAGE,blue,petrol,Rakan Niaga,2014,SUV - SMALL,2.4,4,A6,x,11.4,8.3,10.0,28,230
2025-02-07,jip,KIA,SPORTAGE,blue,petrol,Rakan Niaga,2014,SUV - SMALL,2.4,4,M6,x,12.9,9.3,11.3,25,260
2025-02-07,jip,KIA,SPORTAGE,white,petrol,Rakan Niaga,2014,SUV - SMALL,2.4,4,A6,x,11.4,8.3,10.0,28,230
2025-02-07,jip,KIA,SPORTAGE,white,petrol,Rakan Niaga,2014,SUV - SMALL,2.4,4,M6,x,12.9,9.3,11.3,25,260
2025-02-07,jip,KIA,SPORTAGE,black,petrol,Rakan Niaga,2014,SUV - SMALL,2.4,4,A6,x,11.4,8.3,10.0,28,230
2025-02-07,jip,KIA,SPORTAGE,black,petrol,Rakan Niaga,2014,SUV - SMALL,2.4,4,M6,x,12.9,9.3,11.3,25,260
2025-02-07,jip,MAZDA,CX-5,grey,petrol,Perlis,2014,SUV - SMALL,2.0,4,AS6,x,8.9,7.3,8.2,34,189
2025-02-07,jip,MAZDA,CX-5,grey,petrol,Perlis,2014,SUV - SMALL,2.0,4,M6,x,9.0,6.8,8.0,35,184
2025-02-07,jip,MAZDA,CX-5,grey,petrol,Perlis,2014,SUV - SMALL,2.5,4,AS6,x,9.6,7.4,8.6,33,198
2025-02-07,jip,MAZDA,CX-5,white,petrol,Rakan Niaga,2014,SUV - SMALL,2.0,4,AS6,x,8.9,7.3,8.2,34,189
2025-02-07,jip,MAZDA,CX-5,white,petrol,Rakan Niaga,2014,SUV - SMALL,2.0,4,M6,x,9.0,6.8,8.0,35,184
2025-02-07,jip,MAZDA,CX-5,white,petrol,Rakan Niaga,2014,SUV - SMALL,2.5,4,AS6,x,9.6,7.4,8.6,33,198
2025-02-07,jip,MAZDA,CX-5,gold,petrol,Rakan Niaga,2014,SUV - SMALL,2.0,4,AS6,x,8.9,7.3,8.2,34,189
2025-02-07,jip,MAZDA,CX-5,gold,petrol,Rakan Niaga,2014,SUV - SMALL,2.0,4,M6,x,9.0,6.8,8.0,35,184
2025-02-07,jip,MAZDA,CX-5,gold,petrol,Rakan Niaga,2014,SUV - SMALL,2.5,4,AS6,x,9.6,7.4,8.6,33,198
2025-02-07,jip,MAZDA,CX-5,black,petrol,Rakan Niaga,2014,SUV - SMALL,2.0,4,AS6,x,8.9,7.3,8.2,34,189
2025-02-07,jip,MAZDA,CX-5,black,petrol,Rakan Niaga,2014,SUV - SMALL,2.0,4,M6,x,9.0,6.8,8.0,35,184
2025-02-07,jip,MAZDA,CX-5,black,petrol,Rakan Niaga,2014,SUV - SMALL,2.5,4,AS6,x,9.6,7.4,8.6,33,198
2025-02-07,motokar,NISSAN,GT-R,blue,petrol,W.P. Kuala Lumpur,2014,SUBCOMPACT,3.8,6,AM6,z,14.5,10.9,12.9,22,297
2025-02-07,motokar,PORSCHE,911 TURBO,blue,petrol,W.P. Kuala Lumpur,2014,MINICOMPACT,3.8,6,AM7,z,13.7,9.6,11.9,24,274
2025-02-07,motokar,TOYOTA,COROLLA,silver,petrol,W.P. Kuala Lumpur,2014,MID-SIZE,1.8,4,A4,x,8.6,6.5,7.7,37,177
2025-02-07,motokar,TOYOTA,COROLLA,silver,petrol,W.P. Kuala Lumpur,2014,MID-SIZE,1.8,4,AV7,x,8.1,6.3,7.3,39,168
2025-02-07,motokar,TOYOTA,COROLLA,silver,petrol,W.P. Kuala Lumpur,2014,MID-SIZE,1.8,4,AV,x,8.0,5.9,7.1,40,163
2025-02-07,motokar,TOYOTA,COROLLA,silver,petrol,W.P. Kuala Lumpur,2014,MID-SIZE,1.8,4,M6,x,8.3,6.3,7.4,38,170
2025-02-07,motokar,TOYOTA,YARIS,white,petrol,Sabah,2014,COMPACT,1.5,4,A4,x,7.9,6.6,7.3,39,168
2025-02-07,motokar,TOYOTA,YARIS,white,petrol,Sabah,2014,COMPACT,1.5,4,M5,x,7.8,6.3,7.1,40,163
2025-02-07,motokar,TOYOTA,YARIS,white,petrol,Rakan Niaga,2014,COMPACT,1.5,4,A4,x,7.9,6.6,7.3,39,168
2025-02-07,motokar,TOYOTA,YARIS,white,petrol,Rakan Niaga,2014,COMPACT,1.5,4,M5,x,7.8,6.3,7.1,40,163
2025-02-07,motokar,TOYOTA,YARIS,red,petrol,Rakan Niaga,2014,COMPACT,1.5,4,A4,x,7.9,6.6,7.3,39,168
2025-02-07,motokar,TOYOTA,YARIS,red,petrol,Rakan Niaga,2014,COMPACT,1.5,4,M5,x,7.8,6.3,7.1,40,163
2025-02-07,motokar,TOYOTA,YARIS,silver,petrol,Rakan Niaga,2014,COMPACT,1.5,4,A4,x,7.9,6.6,7.3,39,168
2025-02-07,motokar,TOYOTA,YARIS,silver,petrol,Rakan Niaga,2014,COMPACT,1.5,4,M5,x,7.8,6.3,7.1,40,163
2025-02-07,motokar,TOYOTA,YARIS,red,petrol,W.P. Kuala Lumpur,2014,COMPACT,1.5,4,A4,x,7.9,6.6,7.3,39,168
2025-02-07,motokar,TOYOTA,YARIS,red,petrol,W.P. Kuala Lumpur,2014,COMPACT,1.5,4,M5,x,7.8,6.3,7.1,40,163
2025-02-07,motokar,TOYOTA,YARIS,silver,petrol,W.P. Kuala Lumpur,2014,COMPACT,1.5,4,A4,x,7.9,6.6,7.3,39,168
2025-02-07,motokar,TOYOTA,YARIS,silver,petrol,W.P. Kuala Lumpur,2014,COMPACT,1.5,4,M5,x,7.8,6.3,7.1,40,163
2025-02-07,jip,VOLKSWAGEN,TIGUAN,silver,petrol,Negeri Sembilan,2014,SUV - SMALL,2.0,4,A6,z,11.7,9.5,10.7,26,246
2025-02-07,jip,VOLKSWAGEN,TIGUAN,silver,petrol,Negeri Sembilan,2014,SUV - SMALL,2.0,4,M6,z,13.6,9.2,11.6,24,267
2025-02-07,jip,VOLKSWAGEN,TIGUAN,blue,petrol,Rakan Niaga,2014,SUV - SMALL,2.0,4,A6,z,11.7,9.5,10.7,26,246
2025-02-07,jip,VOLKSWAGEN,TIGUAN,blue,petrol,Rakan Niaga,2014,SUV - SMALL,2.0,4,M6,z,13.6,9.2,11.6,24,267
2025-02-08,motokar,HONDA,CIVIC,white,petrol,Rakan Niaga,2014,COMPACT,1.8,4,AV,x,7.9,6.0,7.0,40,161
2025-02-08,motokar,HONDA,CIVIC,white,petrol,Rakan Niaga,2014,COMPACT,1.8,4,AV7,x,8.1,6.2,7.2,39,166
2025-02-08,motokar,HONDA,CIVIC,white,petrol,Rakan Niaga,2014,COMPACT,1.8,4,M5,x,8.5,6.6,7.6,37,175
2025-02-08,motokar,HONDA,CIVIC,black,petrol,Rakan Niaga,2014,COMPACT,1.8,4,AV,x,7.9,6.0,7.0,40,161
2025-02-08,motokar,HONDA,CIVIC,black,petrol,Rakan Niaga,2014,COMPACT,1.8,4,AV7,x,8.1,6.2,7.2,39,166
2025-02-08,motokar,HONDA,CIVIC,black,petrol,Rakan Niaga,2014,COMPACT,1.8,4,M5,x,8.5,6.6,7.6,37,175
2025-02-08,motokar,HONDA,CIVIC,grey,petrol,Rakan Niaga,2014,COMPACT,1.8,4,AV,x,7.9,6.0,7.0,40,161
2025-02-08,motokar,HONDA,CIVIC,grey,petrol,Rakan Niaga,2014,COMPACT,1.8,4,AV7,x,8.1,6.2,7.2,39,166
2025-02-08,motokar,HONDA,CIVIC,grey,petrol,Rakan Niaga,2014,COMPACT,1.8,4,M5,x,8.5,6.6,7.6,37,175
2025-02-08,jip,MAZDA,CX-5,red,petrol,Rakan Niaga,2014,SUV - SMALL,2.0,4,AS6,x,8.9,7.3,8.2,34,189
2025-02-08,jip,MAZDA,CX-5,red,petrol,Rakan Niaga,2014,SUV - SMALL,2.0,4,M6,x,9.0,6.8,8.0,35,184
2025-02-08,jip,MAZDA,CX-5,red,petrol,Rakan Niaga,2014,SUV - SMALL,2.5,4,AS6,x,9.6,7.4,8.6,33,198
2025-02-09,jip,HONDA,CR-V,grey,petrol,Rakan Niaga,2014,SUV - SMALL,2.4,4,A5,x,10.3,7.6,9.1,31,209
2025-02-09,jip,HONDA,CR-V,blue,petrol,Rakan Niaga,2014,SUV - SMALL,2.4,4,A5,x,10.3,7.6,9.1,31,209
2025-02-09,motokar,HONDA,CIVIC,white,petrol,Terengganu,2014,COMPACT,1.8,4,AV,x,7.9,6.0,7.0,40,161
2025-02-09,motokar,HONDA,CIVIC,white,petrol,Terengganu,2014,COMPACT,1.8,4,AV7,x,8.1,6.2,7.2,39,166
2025-02-09,motokar,HONDA,CIVIC,white,petrol,Terengganu,2014,COMPACT,1.8,4,M5,x,8.5,6.6,7.6,37,175
2025-02-09,motokar,PORSCHE,911 CARRERA,black,petrol,Kedah,2014,MINICOMPACT,3.4,6,AM7,z,11.6,8.3,10.1,28,232
2025-02-09,motokar,PORSCHE,911 CARRERA,black,petrol,Kedah,2014,MINICOMPACT,3.4,6,M7,z,12.5,8.6,10.7,26,246
2025-02-10,jip,HONDA,CR-V,silver,petrol,Johor,2014,SUV - SMALL,2.4,4,A5,x,10.3,7.6,9.1,31,209
2025-02-10,jip,HONDA,CR-V,blue,hybrid_petrol,Rakan Niaga,2014,SUV - SMALL,2.4,4,A5,x,10.3,7.6,9.1,31,209
2025-02-10,jip,HONDA,CR-V,white,petrol,Rakan Niaga,2014,SUV - SMALL,2.4,4,A5,x,10.3,7.6,9.1,31,209
2025-02-10,jip,HONDA,CR-V,grey,petrol,Rakan Niaga,2014,SUV - SMALL,2.4,4,A5,x,10.3,7.6,9.1,31,209
2025-02-10,jip,HONDA,CR-V,red,hybrid_petrol,Sabah,2014,SUV - SMALL,2.4,4,A5,x,10.3,7.6,9.1,31,209
2025-02-10,jip,HONDA,CR-V,blue,hybrid_petrol,Johor,2014,SUV - SMALL,2.4,4,A5,x,10.3,7.6,9.1,31,209
2025-02-10,jip,HONDA,CR-V,red,hybrid_petrol,Rakan Niaga,2014,SUV - SMALL,2.4,4,A5,x,10.3,7.6,9.1,31,209
2025-02-10,jip,HONDA,CR-V,red,petrol,Rakan Niaga,2014,SUV - SMALL,2.4,4,A5,x,10.3,7.6,9.1,31,209
2025-02-10,jip,HONDA,CR-V,grey,hybrid_petrol,Rakan Niaga,2014,SUV - SMALL,2.4,4,A5,x,10.3,7.6,9.1,31,209
2025-02-10,jip,HONDA,CR-V,blue,petrol,Rakan Niaga,2014,SUV - SMALL,2.4,4,A5,x,10.3,7.6,9.1,31,209
2025-02-10,jip,HONDA,CR-V,blue,petrol,Pulau Pinang,2014,SUV - SMALL,2.4,4,A5,x,10.3,7.6,9.1,31,209
2025-02-10,jip,HONDA,CR-V,silver,petrol,W.P. Kuala Lumpur,2014,SUV - SMALL,2.4,4,A5,x,10.3,7.6,9.1,31,209
2025-02-10,jip,HONDA,CR-V,silver,petrol,Rakan Niaga,2014,SUV - SMALL,2.4,4,A5,x,10.3,7.6,9.1,31,209
2025-02-10,jip,HONDA,CR-V,white,hybrid_petrol,Rakan Niaga,2014,SUV - SMALL,2.4,4,A5,x,10.3,7.6,9.1,31,209
2025-02-10,jip,HONDA,CR-V,white,petrol,Pulau Pinang,2014,SUV - SMALL,2.4,4,A5,x,10.3,7.6,9.1,31,209
2025-02-10,jip,HONDA,CR-V,silver,hybrid_petrol,Rakan Niaga,2014,SUV - SMALL,2.4,4,A5,x,10.3,7.6,9.1,31,209
2025-02-10,jip,HONDA,CR-V,silver,hybrid_petrol,Selangor,2014,SUV - SMALL,2.4,4,A5,x,10.3,7.6,9.1,31,209
2025-02-10,motokar,HONDA,CIVIC,blue,petrol,Rakan Niaga,2014,COMPACT,1.8,4,AV,x,7.9,6.0,7.0,40,161
2025-02-10,motokar,HONDA,CIVIC,blue,petrol,Rakan Niaga,2014,COMPACT,1.8,4,AV7,x,8.1,6.2,7.2,39,166
2025-02-10,motokar,HONDA,CIVIC,blue,petrol,Rakan Niaga,2014,COMPACT,1.8,4,M5,x,8.5,6.6,7.6,37,175
2025-02-10,motokar,HONDA,CIVIC,red,petrol,W.P. Kuala Lumpur,2014,COMPACT,1.8,4,AV,x,7.9,6.0,7.0,40,161
2025-02-10,motokar,HONDA,CIVIC,red,petrol,W.P. Kuala Lumpur,2014,COMPACT,1.8,4,AV7,x,8.1,6.2,7.2,39,166
2025-02-10,motokar,HONDA,CIVIC,red,petrol,W.P. Kuala Lumpur,2014,COMPACT,1.8,4,M5,x,8.5,6.6,7.6,37,175
2025-02-10,motokar,HONDA,CIVIC,black,petrol,Rakan Niaga,2014,COMPACT,1.8,4,AV,x,7.9,6.0,7.0,40,161
2025-02-10,motokar,HONDA,CIVIC,black,petrol,Rakan Niaga,2014,COMPACT,1.8,4,AV7,x,8.1,6.2,7.2,39,166
2025-02-10,motokar,HONDA,CIVIC,black,petrol,Rakan Niaga,2014,COMPACT,1.8,4,M5,x,8.5,6.6,7.6,37,175
2025-02-10,motokar,HONDA,CIVIC,white,petrol,Rakan Niaga,2014,COMPACT,1.8,4,AV,x,7.9,6.0,7.0,40,161
2025-02-10,motokar,HONDA,CIVIC,white,petrol,Rakan Niaga,2014,COMPACT,1.8,4,AV7,x,8.1,6.2,7.2,39,166
2025-02-10,motokar,HONDA,CIVIC,white,petrol,Rakan Niaga,2014,COMPACT,1.8,4,M5,x,8.5,6.6,7.6,37,175
2025-02-10,motokar,HONDA,CIVIC,blue,petrol,Pulau Pinang,2014,COMPACT,1.8,4,AV,x,7.9,6.0,7.0,40,161
2025-02-10,motokar,HONDA,CIVIC,blue,petrol,Pulau Pinang,2014,COMPACT,1.8,4,AV7,x,8.1,6.2,7.2,39,166
2025-02-10,motokar,HONDA,CIVIC,blue,petrol,Pulau Pinang,2014,COMPACT,1.8,4,M5,x,8.5,6.6,7.6,37,175
2025-02-10,motokar,HONDA,CIVIC,grey,hybrid_petrol,Rakan Niaga,2014,COMPACT,1.8,4,AV,x,7.9,6.0,7.0,40,161
2025-02-10,motokar,HONDA,CIVIC,grey,hybrid_petrol,Rakan Niaga,2014,COMPACT,1.8,4,AV7,x,8.1,6.2,7.2,39,166
2025-02-10,motokar,HONDA,CIVIC,grey,hybrid_petrol,Rakan Niaga,2014,COMPACT,1.8,4,M5,x,8.5,6.6,7.6,37,175
2025-02-10,motokar,HONDA,CIVIC,grey,petrol,Rakan Niaga,2014,COMPACT,1.8,4,AV,x,7.9,6.0,7.0,40,161
2025-02-10,motokar,HONDA,CIVIC,grey,petrol,Rakan Niaga,2014,COMPACT,1.8,4,AV7,x,8.1,6.2,7.2,39,166
2025-02-10,motokar,HONDA,CIVIC,grey,petrol,Rakan Niaga,2014,COMPACT,1.8,4,M5,x,8.5,6.6,7.6,37,175
2025-02-10,motokar,HONDA,CIVIC,blue,petrol,W.P. Kuala Lumpur,2014,COMPACT,1.8,4,AV,x,7.9,6.0,7.0,40,161
2025-02-10,motokar,HONDA,CIVIC,blue,petrol,W.P. Kuala Lumpur,2014,COMPACT,1.8,4,AV7,x,8.1,6.2,7.2,39,166
2025-02-10,motokar,HONDA,CIVIC,blue,petrol,W.P. Kuala Lumpur,2014,COMPACT,1.8,4,M5,x,8.5,6.6,7.6,37,175
2025-02-10,motokar,HONDA,CIVIC,red,petrol,Rakan Niaga,2014,COMPACT,1.8,4,AV,x,7.9,6.0,7.0,40,161
2025-02-10,motokar,HONDA,CIVIC,red,petrol,Rakan Niaga,2014,COMPACT,1.8,4,AV7,x,8.1,6.2,7.2,39,166
2025-02-10,motokar,HONDA,CIVIC,red,petrol,Rakan Niaga,2014,COMPACT,1.8,4,M5,x,8.5,6.6,7.6,37,175
2025-02-10,motokar,HONDA,CIVIC,grey,petrol,Johor,2014,COMPACT,1.8,4,AV,x,7.9,6.0,7.0,40,161
2025-02-10,motokar,HONDA,CIVIC,grey,petrol,Johor,2014,COMPACT,1.8,4,AV7,x,8.1,6.2,7.2,39,166
2025-02-10,motokar,HONDA,CIVIC,grey,petrol,Johor,2014,COMPACT,1.8,4,M5,x,8.5,6.6,7.6,37,175
2025-02-10,motokar,HONDA,CIVIC,white,hybrid_petrol,Rakan Niaga,2014,COMPACT,1.8,4,AV,x,7.9,6.0,7.0,40,161
2025-02-10,motokar,HONDA,CIVIC,white,hybrid_petrol,Rakan Niaga,2014,COMPACT,1.8,4,AV7,x,8.1,6.2,7.2,39,166
2025-02-10,motokar,HONDA,CIVIC,white,hybrid_petrol,Rakan Niaga,2014,COMPACT,1.8,4,M5,x,8.5,6.6,7.6,37,175
2025-02-10,motokar,HONDA,CIVIC,black,petrol,Pulau Pinang,2014,COMPACT,1.8,4,AV,x,7.9,6.0,7.0,40,161
2025-02-10,motokar,HONDA,CIVIC,black,petrol,Pulau Pinang,2014,COMPACT,1.8,4,AV7,x,8.1,6.2,7.2,39,166
2025-02-10,motokar,HONDA,CIVIC,black,petrol,Pulau Pinang,2014,COMPACT,1.8,4,M5,x,8.5,6.6,7.6,37,175
2025-02-10,motokar,HONDA,CIVIC,white,hybrid_petrol,W.P. Kuala Lumpur,2014,COMPACT,1.8,4,AV,x,7.9,6.0,7.0,40,161
2025-02-10,motokar,HONDA,CIVIC,white,hybrid_petrol,W.P. Kuala Lumpur,2014,COMPACT,1.8,4,AV7,x,8.1,6.2,7.2,39,166
2025-02-10,motokar,HONDA,CIVIC,white,hybrid_petrol,W.P. Kuala Lumpur,2014,COMPACT,1.8,4,M5,x,8.5,6.6,7.6,37,175
2025-02-10,motokar,HONDA,CIVIC,black,petrol,W.P. Kuala Lumpur,2014,COMPACT,1.8,4,AV,x,7.9,6.0,7.0,40,161
2025-02-10,motokar,HONDA,CIVIC,black,petrol,W.P. Kuala Lumpur,2014,COMPACT,1.8,4,AV7,x,8.1,6.2,7.2,39,166
2025-02-10,motokar,HONDA,CIVIC,black,petrol,W.P. Kuala Lumpur,2014,COMPACT,1.8,4,M5,x,8.5,6.6,7.6,37,175
2025-02-10,motokar,HONDA,CIVIC,blue,petrol,Selangor,2014,COMPACT,1.8,4,AV,x,7.9,6.0,7.0,40,161
2025-02-10,motokar,HONDA,CIVIC,blue,petrol,Selangor,2014,COMPACT,1.8,4,AV7,x,8.1,6.2,7.2,39,166
2025-02-10,motokar,HONDA,CIVIC,blue,petrol,Selangor,2014,COMPACT,1.8,4,M5,x,8.5,6.6,7.6,37,175
2025-02-10,motokar,HONDA,CIVIC,white,petrol,Johor,2014,COMPACT,1.8,4,AV,x,7.9,6.0,7.0,40,161
2025-02-10,motokar,HONDA,CIVIC,white,petrol,Johor,2014,COMPACT,1.8,4,AV7,x,8.1,6.2,7.2,39,166
2025-02-10,motokar,HONDA,CIVIC,white,petrol,Johor,2014,COMPACT,1.8,4,M5,x,8.5,6.6,7.6,37,175
2025-02-10,motokar,HONDA,CIVIC,blue,hybrid_petrol,Rakan Niaga,2014,COMPACT,1.8,4,AV,x,7.9,6.0,7.0,40,161
2025-02-10,motokar,HONDA,CIVIC,blue,hybrid_petrol,Rakan Niaga,2014,COMPACT,1.8,4,AV7,x,8.1,6.2,7.2,39,166
2025-02-10,motokar,HONDA,CIVIC,blue,hybrid_petrol,Rakan Niaga,2014,COMPACT,1.8,4,M5,x,8.5,6.6,7.6,37,175
2025-02-10,jip,KIA,SPORTAGE,black,petrol,Rakan Niaga,2014,SUV - SMALL,2.4,4,A6,x,11.4,8.3,10.0,28,230
2025-02-10,jip,KIA,SPORTAGE,black,petrol,Rakan Niaga,2014,SUV - SMALL,2.4,4,M6,x,12.9,9.3,11.3,25,260
2025-02-10,jip,MAZDA,CX-5,gold,petrol,Rakan Niaga,2014,SUV - SMALL,2.0,4,AS6,x,8.9,7.3,8.2,34,189
2025-02-10,jip,MAZDA,CX-5,gold,petrol,Rakan Niaga,2014,SUV - SMALL,2.0,4,M6,x,9.0,6.8,8.0,35,184
2025-02-10,jip,MAZDA,CX-5,gold,petrol,Rakan Niaga,2014,SUV - SMALL,2.5,4,AS6,x,9.6,7.4,8.6,33,198
2025-02-10,jip,MAZDA,CX-5,grey,petrol,Rakan Niaga,2014,SUV - SMALL,2.0,4,AS6,x,8.9,7.3,8.2,34,189
2025-02-10,jip,MAZDA,CX-5,grey,petrol,Rakan Niaga,2014,SUV - SMALL,2.0,4,M6,x,9.0,6.8,8.0,35,184
2025-02-10,jip,MAZDA,CX-5,grey,petrol,Rakan Niaga,2014,SUV - SMALL,2.5,4,AS6,x,9.6,7.4,8.6,33,198
2025-02-10,jip,MAZDA,CX-5,white,petrol,Rakan Niaga,2014,SUV - SMALL,2.0,4,AS6,x,8.9,7.3,8.2,34,189
2025-02-10,jip,MAZDA,CX-5,white,petrol,Rakan Niaga,2014,SUV - SMALL,2.0,4,M6,x,9.0,6.8,8.0,35,184
2025-02-10,jip,MAZDA,CX-5,white,petrol,Rakan Niaga,2014,SUV - SMALL,2.5,4,AS6,x,9.6,7.4,8.6,33,198
2025-02-10,jip,MAZDA,CX-5,black,petrol,Rakan Niaga,2014,SUV - SMALL,2.0,4,AS6,x,8.9,7.3,8.2,34,189
2025-02-10,jip,MAZDA,CX-5,black,petrol,Rakan Niaga,2014,SUV - SMALL,2.0,4,M6,x,9.0,6.8,8.0,35,184
2025-02-10,jip,MAZDA,CX-5,black,petrol,Rakan Niaga,2014,SUV - SMALL,2.5,4,AS6,x,9.6,7.4,8.6,33,198
2025-02-10,jip,MAZDA,CX-5,gold,petrol,Selangor,2014,SUV - SMALL,2.0,4,AS6,x,8.9,7.3,8.2,34,189
2025-02-10,jip,MAZDA,CX-5,gold,petrol,Selangor,2014,SUV - SMALL,2.0,4,M6,x,9.0,6.8,8.0,35,184
2025-02-10,jip,MAZDA,CX-5,gold,petrol,Selangor,2014,SUV - SMALL,2.5,4,AS6,x,9.6,7.4,8.6,33,198
2025-02-10,jip,MAZDA,CX-5,blue,petrol,Rakan Niaga,2014,SUV - SMALL,2.0,4,AS6,x,8.9,7.3,8.2,34,189
2025-02-10,jip,MAZDA,CX-5,blue,petrol,Rakan Niaga,2014,SUV - SMALL,2.0,4,M6,x,9.0,6.8,8.0,35,184
2025-02-10,jip,MAZDA,CX-5,blue,petrol,Rakan Niaga,2014,SUV - SMALL,2.5,4,AS6,x,9.6,7.4,8.6,33,198
2025-02-10,jip,MAZDA,CX-5,red,petrol,Rakan Niaga,2014,SUV - SMALL,2.0,4,AS6,x,8.9,7.3,8.2,34,189
2025-02-10,jip,MAZDA,CX-5,red,petrol,Rakan Niaga,2014,SUV - SMALL,2.0,4,M6,x,9.0,6.8,8.0,35,184
2025-02-10,jip,MAZDA,CX-5,red,petrol,Rakan Niaga,2014,SUV - SMALL,2.5,4,AS6,x,9.6,7.4,8.6,33,198
2025-02-10,motokar,MAZDA,MX-5,grey,petrol,Selangor,2014,TWO-SEATER,2.0,4,AS6,z,11.5,8.5,10.2,28,235
2025-02-10,motokar,MAZDA,MX-5,grey,petrol,Selangor,2014,TWO-SEATER,2.0,4,M5,z,10.5,8.5,9.6,29,221
2025-02-10,motokar,MAZDA,MX-5,grey,petrol,Selangor,2014,TWO-SEATER,2.0,4,M6,z,11.1,8.4,9.9,29,228
2025-02-10,motokar,PORSCHE,911 CARRERA,blue,petrol,W.P. Kuala Lumpur,2014,MINICOMPACT,3.4,6,AM7,z,11.6,8.3,10.1,28,232
2025-02-10,motokar,PORSCHE,911 CARRERA,blue,petrol,W.P. Kuala Lumpur,2014,MINICOMPACT,3.4,6,M7,z,12.5,8.6,10.7,26,246
2025-02-10,motokar,PORSCHE,911 CARRERA,white,petrol,W.P. Kuala Lumpur,2014,MINICOMPACT,3.4,6,AM7,z,11.6,8.3,10.1,28,232
2025-02-10,motokar,PORSCHE,911 CARRERA,white,petrol,W.P. Kuala Lumpur,2014,MINICOMPACT,3.4,6,M7,z,12.5,8.6,10.7,26,246
2025-02-10,jip,PORSCHE,CAYENNE,black,petrol,Selangor,2014,SUV - STANDARD,3.6,6,A8,z,13.6,10.1,12.0,24,276
2025-02-10,jip,PORSCHE,CAYENNE,black,petrol,Selangor,2014,SUV - STANDARD,3.6,6,M6,z,15.8,10.9,13.6,21,313
2025-02-10,jip,PORSCHE,CAYENNE,silver,hybrid_petrol,Rakan Niaga,2014,SUV - STANDARD,3.6,6,A8,z,13.6,10.1,12.0,24,276
2025-02-10,jip,PORSCHE,CAYENNE,silver,hybrid_petrol,Rakan Niaga,2014,SUV - STANDARD,3.6,6,M6,z,15.8,10.9,13.6,21,313
2025-02-10,jip,PORSCHE,CAYENNE,black,petrol,Rakan Niaga,2014,SUV - STANDARD,3.6,6,A8,z,13.6,10.1,12.0,24,276
2025-02-10,jip,PORSCHE,CAYENNE,black,petrol,Rakan Niaga,2014,SUV - STANDARD,3.6,6,M6,z,15.8,10.9,13.6,21,313
2025-02-10,jip,PORSCHE,CAYENNE,white,hybrid_petrol,Rakan Niaga,2014,SUV - STANDARD,3.6,6,A8,z,13.6,10.1,12.0,24,276
2025-02-10,jip,PORSCHE,CAYENNE,white,hybrid_petrol,Rakan Niaga,2014,SUV - STANDARD,3.6,6,M6,z,15.8,10.9,13.6,21,313
2025-02-10,motokar,PORSCHE,PANAMERA,white,petrol,W.P. Kuala Lumpur,2014,FULL-SIZE,3.6,6,AM7,z,12.9,8.4,10.9,26,251
2025-02-10,motokar,TOYOTA,YARIS,white,petrol,Rakan Niaga,2014,COMPACT,1.5,4,A4,x,7.9,6.6,7.3,39,168
2025-02-10,motokar,TOYOTA,YARIS,white,petrol,Rakan Niaga,2014,COMPACT,1.5,4,M5,x,7.8,6.3,7.1,40,163
2025-02-10,motokar,TOYOTA,YARIS,silver,petrol,Rakan Niaga,2014,COMPACT,1.5,4,A4,x,7.9,6.6,7.3,39,168
2025-02-10,motokar,TOYOTA,YARIS,silver,petrol,Rakan Niaga,2014,COMPACT,1.5,4,M5,x,7.8,6.3,7.1,40,163
2025-02-10,motokar,TOYOTA,YARIS,red,petrol,Rakan Niaga,2014,COMPACT,1.5,4,A4,x,7.9,6.6,7.3,39,168
2025-02-10,motokar,TOYOTA,YARIS,red,petrol,Rakan Niaga,2014,COMPACT,1.5,4,M5,x,7.8,6.3,7.1,40,163
2025-02-10,jip,VOLVO,XC60,blue,hybrid_petrol,Rakan Niaga,2014,SUV - SMALL,3.2,6,AS6,x,13.0,8.9,11.2,25,258
2025-02-11,jip,HONDA,CR-V,white,hybrid_petrol,Rakan Niaga,2014,SUV - SMALL,2.4,4,A5,x,10.3,7.6,9.1,31,209
2025-02-11,jip,HONDA,CR-V,white,petrol,Rakan Niaga,2014,SUV - SMALL,2.4,4,A5,x,10.3,7.6,9.1,31,209
2025-02-11,jip,HONDA,CR-V,blue,hybrid_petrol,Rakan Niaga,2014,SUV - SMALL,2.4,4,A5,x,10.3,7.6,9.1,31,209
2025-02-11,jip,HONDA,CR-V,grey,petrol,Rakan Niaga,2014,SUV - SMALL,2.4,4,A5,x,10.3,7.6,9.1,31,209
2025-02-11,jip,HONDA,CR-V,white,hybrid_petrol,Sarawak,2014,SUV - SMALL,2.4,4,A5,x,10.3,7.6,9.1,31,209
2025-02-11,jip,HONDA,CR-V,blue,petrol,Rakan Niaga,2014,SUV - SMALL,2.4,4,A5,x,10.3,7.6,9.1,31,209
2025-02-11,motokar,HONDA,CIVIC,blue,petrol,Perlis,2014,COMPACT,1.8,4,AV,x,7.9,6.0,7.0,40,161
2025-02-11,motokar,HONDA,CIVIC,blue,petrol,Perlis,2014,COMPACT,1.8,4,AV7,x,8.1,6.2,7.2,39,166
2025-02-11,motokar,HONDA,CIVIC,blue,petrol,Perlis,2014,COMPACT,1.8,4,M5,x,8.5,6.6,7.6,37,175
2025-02-11,motokar,HONDA,CIVIC,white,petrol,Kelantan,2014,COMPACT,1.8,4,AV,x,7.9,6.0,7.0,40,161
2025-02-11,motokar,HONDA,CIVIC,white,petrol,Kelantan,2014,COMPACT,1.8,4,AV7,x,8.1,6.2,7.2,39,166
2025-02-11,motokar,HONDA,CIVIC,white,petrol,Kelantan,2014,COMPACT,1.8,4,M5,x,8.5,6.6,7.6,37,175
2025-02-11,motokar,HONDA,CIVIC,red,hybrid_petrol,Rakan Niaga,2014,COMPACT,1.8,4,AV,x,7.9,6.0,7.0,40,161
2025-02-11,motokar,HONDA,CIVIC,red,hybrid_petrol,Rakan Niaga,2014,COMPACT,1.8,4,AV7,x,8.1,6.2,7.2,39,166
2025-02-11,motokar,HONDA,CIVIC,red,hybrid_petrol,Rakan Niaga,2014,COMPACT,1.8,4,M5,x,8.5,6.6,7.6,37,175
2025-02-11,motokar,HONDA,CIVIC,red,petrol,Rakan Niaga,2014,COMPACT,1.8,4,AV,x,7.9,6.0,7.0,40,161
2025-02-11,motokar,HONDA,CIVIC,red,petrol,Rakan Niaga,2014,COMPACT,1.8,4,AV7,x,8.1,6.2,7.2,39,166
2025-02-11,motokar,HONDA,CIVIC,red,petrol,Rakan Niaga,2014,COMPACT,1.8,4,M5,x,8.5,6.6,7.6,37,175
2025-02-11,motokar,HONDA,CIVIC,white,petrol,Rakan Niaga,2014,COMPACT,1.8,4,AV,x,7.9,6.0,7.0,40,161
2025-02-11,motokar,HONDA,CIVIC,white,petrol,Rakan Niaga,2014,COMPACT,1.8,4,AV7,x,8.1,6.2,7.2,39,166
2025-02-11,motokar,HONDA,CIVIC,white,petrol,Rakan Niaga,2014,COMPACT,1.8,4,M5,x,8.5,6.6,7.6,37,175
2025-02-11,motokar,HONDA,CIVIC,blue,hybrid_petrol,Rakan Niaga,2014,COMPACT,1.8,4,AV,x,7.9,6.0,7.0,40,161
2025-02-11,motokar,HONDA,CIVIC,blue,hybrid_petrol,Rakan Niaga,2014,COMPACT,1.8,4,AV7,x,8.1,6.2,7.2,39,166
2025-02-11,motokar,HONDA,CIVIC,blue,hybrid_petrol,Rakan Niaga,2014,COMPACT,1.8,4,M5,x,8.5,6.6,7.6,37,175
2025-02-11,motokar,HONDA,CIVIC,black,petrol,Rakan Niaga,2014,COMPACT,1.8,4,AV,x,7.9,6.0,7.0,40,161
2025-02-11,motokar,HONDA,CIVIC,black,petrol,Rakan Niaga,2014,COMPACT,1.8,4,AV7,x,8.1,6.2,7.2,39,166
2025-02-11,motokar,HONDA,CIVIC,black,petrol,Rakan Niaga,2014,COMPACT,1.8,4,M5,x,8.5,6.6,7.6,37,175
2025-02-11,motokar,HONDA,CIVIC,grey,petrol,Rakan Niaga,2014,COMPACT,1.8,4,AV,x,7.9,6.0,7.0,40,161
2025-02-11,motokar,HONDA,CIVIC,grey,petrol,Rakan Niaga,2014,COMPACT,1.8,4,AV7,x,8.1,6.2,7.2,39,166
2025-02-11,motokar,HONDA,CIVIC,grey,petrol,Rakan Niaga,2014,COMPACT,1.8,4,M5,x,8.5,6.6,7.6,37,175
2025-02-11,motokar,HONDA,CIVIC,black,petrol,Kelantan,2014,COMPACT,1.8,4,AV,x,7.9,6.0,7.0,40,161
2025-02-11,motokar,HONDA,CIVIC,black,petrol,Kelantan,2014,COMPACT,1.8,4,AV7,x,8.1,6.2,7.2,39,166
2025-02-11,motokar,HONDA,CIVIC,black,petrol,Kelantan,2014,COMPACT,1.8,4,M5,x,8.5,6.6,7.6,37,175
2025-02-11,motokar,HONDA,CIVIC,white,petrol,Sarawak,2014,COMPACT,1.8,4,AV,x,7.9,6.0,7.0,40,161
2025-02-11,motokar,HONDA,CIVIC,white,petrol,Sarawak,2014,COMPACT,1.8,4,AV7,x,8.1,6.2,7.2,39,166
2025-02-11,motokar,HONDA,CIVIC,white,petrol,Sarawak,2014,COMPACT,1.8,4,M5,x,8.5,6.6,7.6,37,175
2025-02-11,jip,MAZDA,CX-5,grey,diesel,Rakan Niaga,2014,SUV - SMALL,2.0,4,AS6,x,8.9,7.3,8.2,34,189
2025-02-11,jip,MAZDA,CX-5,grey,diesel,Rakan Niaga,2014,SUV - SMALL,2.0,4,M6,x,9.0,6.8,8.0,35,184
2025-02-11,jip,MAZDA,CX-5,grey,diesel,Rakan Niaga,2014,SUV - SMALL,2.5,4,AS6,x,9.6,7.4,8.6,33,198
2025-02-11,motokar,NISSAN,GT-R,red,petrol,Sarawak,2014,SUBCOMPACT,3.8,6,AM6,z,14.5,10.9,12.9,22,297
2025-02-11,motokar,TOYOTA,YARIS,white,petrol,Rakan Niaga,2014,COMPACT,1.5,4,A4,x,7.9,6.6,7.3,39,168
2025-02-11,motokar,TOYOTA,YARIS,white,petrol,Rakan Niaga,2014,COMPACT,1.5,4,M5,x,7.8,6.3,7.1,40,163
2025-02-11,jip,VOLVO,XC60,blue,hybrid_petrol,Rakan Niaga,2014,SUV - SMALL,3.2,6,AS6,x,13.0,8.9,11.2,25,258
2025-02-12,motokar,CHEVROLET,CRUZE,white,petrol,Sarawak,2014,MID-SIZE,1.4,4,AS6,x,9.1,6.3,7.8,36,179
2025-02-12,motokar,CHEVROLET,CRUZE,white,petrol,Sarawak,2014,MID-SIZE,1.4,4,M6,x,9.1,6.3,7.8,36,179
2025-02-12,motokar,CHEVROLET,CRUZE,white,petrol,Sarawak,2014,MID-SIZE,1.8,4,AS6,x,10.5,6.7,8.8,32,202
2025-02-12,motokar,CHEVROLET,CRUZE,white,petrol,Sarawak,2014,MID-SIZE,1.8,4,M6,x,9.5,6.5,8.2,34,189
2025-02-12,jip,HONDA,CR-V,grey,hybrid_petrol,Pulau Pinang,2014,SUV - SMALL,2.4,4,A5,x,10.3,7.6,9.1,31,209
2025-02-12,jip,HONDA,CR-V,grey,petrol,Rakan Niaga,2014,SUV - SMALL,2.4,4,A5,x,10.3,7.6,9.1,31,209
2025-02-12,jip,HONDA,CR-V,blue,petrol,Rakan Niaga,2014,SUV - SMALL,2.4,4,A5,x,10.3,7.6,9.1,31,209
2025-02-12,jip,HONDA,CR-V,red,petrol,Johor,2014,SUV - SMALL,2.4,4,A5,x,10.3,7.6,9.1,31,209
2025-02-12,jip,HONDA,CR-V,white,petrol,Rakan Niaga,2014,SUV - SMALL,2.4,4,A5,x,10.3,7.6,9.1,31,209
2025-02-12,jip,HONDA,CR-V,grey,petrol,Pulau Pinang,2014,SUV - SMALL,2.4,4,A5,x,10.3,7.6,9.1,31,209
2025-02-12,jip,HONDA,CR-V,grey,hybrid_petrol,Rakan Niaga,2014,SUV - SMALL,2.4,4,A5,x,10.3,7.6,9.1,31,209
2025-02-12,jip,HONDA,CR-V,red,hybrid_petrol,Rakan Niaga,2014,SUV - SMALL,2.4,4,A5,x,10.3,7.6,9.1,31,209
2025-02-12,motokar,HONDA,CIVIC,grey,petrol,Rakan Niaga,2014,COMPACT,1.8,4,AV,x,7.9,6.0,7.0,40,161
2025-02-12,motokar,HONDA,CIVIC,grey,petrol,Rakan Niaga,2014,COMPACT,1.8,4,AV7,x,8.1,6.2,7.2,39,166
2025-02-12,motokar,HONDA,CIVIC,grey,petrol,Rakan Niaga,2014,COMPACT,1.8,4,M5,x,8.5,6.6,7.6,37,175
2025-02-12,motokar,HONDA,CIVIC,grey,petrol,Johor,2014,COMPACT,1.8,4,AV,x,7.9,6.0,7.0,40,161
2025-02-12,motokar,HONDA,CIVIC,grey,petrol,Johor,2014,COMPACT,1.8,4,AV7,x,8.1,6.2,7.2,39,166
2025-02-12,motokar,HONDA,CIVIC,grey,petrol,Johor,2014,COMPACT,1.8,4,M5,x,8.5,6.6,7.6,37,175
2025-02-12,motokar,HONDA,CIVIC,white,petrol,W.P. Kuala Lumpur,2014,COMPACT,1.8,4,AV,x,7.9,6.0,7.0,40,161
2025-02-12,motokar,HONDA,CIVIC,white,petrol,W.P. Kuala Lumpur,2014,COMPACT,1.8,4,AV7,x,8.1,6.2,7.2,39,166
2025-02-12,motokar,HONDA,CIVIC,white,petrol,W.P. Kuala Lumpur,2014,COMPACT,1.8,4,M5,x,8.5,6.6,7.6,37,175
2025-02-12,motokar,HONDA,CIVIC,blue,petrol,Selangor,2014,COMPACT,1.8,4,AV,x,7.9,6.0,7.0,40,161
2025-02-12,motokar,HONDA,CIVIC,blue,petrol,Selangor,2014,COMPACT,1.8,4,AV7,x,8.1,6.2,7.2,39,166
2025-02-12,motokar,HONDA,CIVIC,blue,petrol,Selangor,2014,COMPACT,1.8,4,M5,x,8.5,6.6,7.6,37,175
2025-02-12,motokar,HONDA,CIVIC,blue,petrol,Rakan Niaga,2014,COMPACT,1.8,4,AV,x,7.9,6.0,7.0,40,161
2025-02-12,motokar,HONDA,CIVIC,blue,petrol,Rakan Niaga,2014,COMPACT,1.8,4,AV7,x,8.1,6.2,7.2,39,166
2025-02-12,motokar,HONDA,CIVIC,blue,petrol,Rakan Niaga,2014,COMPACT,1.8,4,M5,x,8.5,6.6,7.6,37,175
2025-02-12,motokar,HONDA,CIVIC,blue,petrol,Negeri Sembilan,2014,COMPACT,1.8,4,AV,x,7.9,6.0,7.0,40,161
2025-02-12,motokar,HONDA,CIVIC,blue,petrol,Negeri Sembilan,2014,COMPACT,1.8,4,AV7,x,8.1,6.2,7.2,39,166
2025-02-12,motokar,HONDA,CIVIC,blue,petrol,Negeri Sembilan,2014,COMPACT,1.8,4,M5,x,8.5,6.6,7.6,37,175
2025-02-12,motokar,HONDA,CIVIC,white,petrol,Rakan Niaga,2014,COMPACT,1.8,4,AV,x,7.9,6.0,7.0,40,161
2025-02-12,motokar,HONDA,CIVIC,white,petrol,Rakan Niaga,2014,COMPACT,1.8,4,AV7,x,8.1,6.2,7.2,39,166
2025-02-12,motokar,HONDA,CIVIC,white,petrol,Rakan Niaga,2014,COMPACT,1.8,4,M5,x,8.5,6.6,7.6,37,175
2025-02-12,motokar,HONDA,CIVIC,blue,hybrid_petrol,Rakan Niaga,2014,COMPACT,1.8,4,AV,x,7.9,6.0,7.0,40,161
2025-02-12,motokar,HONDA,CIVIC,blue,hybrid_petrol,Rakan Niaga,2014,COMPACT,1.8,4,AV7,x,8.1,6.2,7.2,39,166
2025-02-12,motokar,HONDA,CIVIC,blue,hybrid_petrol,Rakan Niaga,2014,COMPACT,1.8,4,M5,x,8.5,6.6,7.6,37,175
2025-02-12,motokar,HONDA,CIVIC,red,petrol,Rakan Niaga,2014,COMPACT,1.8,4,AV,x,7.9,6.0,7.0,40,161
2025-02-12,motokar,HONDA,CIVIC,red,petrol,Rakan Niaga,2014,COMPACT,1.8,4,AV7,x,8.1,6.2,7.2,39,166
2025-02-12,motokar,HONDA,CIVIC,red,petrol,Rakan Niaga,2014,COMPACT,1.8,4,M5,x,8.5,6.6,7.6,37,175
2025-02-12,motokar,HONDA,CIVIC,blue,petrol,Johor,2014,COMPACT,1.8,4,AV,x,7.9,6.0,7.0,40,161
2025-02-12,motokar,HONDA,CIVIC,blue,petrol,Johor,2014,COMPACT,1.8,4,AV7,x,8.1,6.2,7.2,39,166
2025-02-12,motokar,HONDA,CIVIC,blue,petrol,Johor,2014,COMPACT,1.8,4,M5,x,8.5,6.6,7.6,37,175
2025-02-12,motokar,HONDA,CIVIC,black,petrol,Rakan Niaga,2014,COMPACT,1.8,4,AV,x,7.9,6.0,7.0,40,161
2025-02-12,motokar,HONDA,CIVIC,black,petrol,Rakan Niaga,2014,COMPACT,1.8,4,AV7,x,8.1,6.2,7.2,39,166
2025-02-12,motokar,HONDA,CIVIC,black,petrol,Rakan Niaga,2014,COMPACT,1.8,4,M5,x,8.5,6.6,7.6,37,175
2025-02-12,motokar,HONDA,CIVIC,grey,petrol,W.P. Kuala Lumpur,2014,COMPACT,1.8,4,AV,x,7.9,6.0,7.0,40,161
2025-02-12,motokar,HONDA,CIVIC,grey,petrol,W.P. Kuala Lumpur,2014,COMPACT,1.8,4,AV7,x,8.1,6.2,7.2,39,166
2025-02-12,motokar,HONDA,CIVIC,grey,petrol,W.P. Kuala Lumpur,2014,COMPACT,1.8,4,M5,x,8.5,6.6,7.6,37,175
2025-02-12,jip,KIA,SORENTO,grey,diesel,Selangor,2014,SUV - SMALL,2.4,4,A6,x,11.8,8.5,10.3,27,237
2025-02-12,jip,KIA,SORENTO,grey,diesel,Selangor,2014,SUV - SMALL,3.3,6,A6,x,12.9,9.5,11.4,25,262
2025-02-12,jip,MAZDA,CX-5,grey,petrol,Rakan Niaga,2014,SUV - SMALL,2.0,4,AS6,x,8.9,7.3,8.2,34,189
2025-02-12,jip,MAZDA,CX-5,grey,petrol,Rakan Niaga,2014,SUV - SMALL,2.0,4,M6,x,9.0,6.8,8.0,35,184
2025-02-12,jip,MAZDA,CX-5,grey,petrol,Rakan Niaga,2014,SUV - SMALL,2.5,4,AS6,x,9.6,7.4,8.6,33,198
2025-02-12,jip,MAZDA,CX-5,white,diesel,Rakan Niaga,2014,SUV - SMALL,2.0,4,AS6,x,8.9,7.3,8.2,34,189
2025-02-12,jip,MAZDA,CX-5,white,diesel,Rakan Niaga,2014,SUV - SMALL,2.0,4,M6,x,9.0,6.8,8.0,35,184
2025-02-12,jip,MAZDA,CX-5,white,diesel,Rakan Niaga,2014,SUV - SMALL,2.5,4,AS6,x,9.6,7.4,8.6,33,198
2025-02-12,jip,MAZDA,CX-5,black,diesel,Rakan Niaga,2014,SUV - SMALL,2.0,4,AS6,x,8.9,7.3,8.2,34,189
2025-02-12,jip,MAZDA,CX-5,black,diesel,Rakan Niaga,2014,SUV - SMALL,2.0,4,M6,x,9.0,6.8,8.0,35,184
2025-02-12,jip,MAZDA,CX-5,black,diesel,Rakan Niaga,2014,SUV - SMALL,2.5,4,AS6,x,9.6,7.4,8.6,33,198
2025-02-12,jip,MAZDA,CX-5,white,petrol,Rakan Niaga,2014,SUV - SMALL,2.0,4,AS6,x,8.9,7.3,8.2,34,189
2025-02-12,jip,MAZDA,CX-5,white,petrol,Rakan Niaga,2014,SUV - SMALL,2.0,4,M6,x,9.0,6.8,8.0,35,184
2025-02-12,jip,MAZDA,CX-5,white,petrol,Rakan Niaga,2014,SUV - SMALL,2.5,4,AS6,x,9.6,7.4,8.6,33,198
2025-02-12,jip,MAZDA,CX-5,gold,petrol,Rakan Niaga,2014,SUV - SMALL,2.0,4,AS6,x,8.9,7.3,8.2,34,189
2025-02-12,jip,MAZDA,CX-5,gold,petrol,Rakan Niaga,2014,SUV - SMALL,2.0,4,M6,x,9.0,6.8,8.0,35,184
2025-02-12,jip,MAZDA,CX-5,gold,petrol,Rakan Niaga,2014,SUV - SMALL,2.5,4,AS6,x,9.6,7.4,8.6,33,198
2025-02-12,jip,MAZDA,CX-5,red,petrol,Rakan Niaga,2014,SUV - SMALL,2.0,4,AS6,x,8.9,7.3,8.2,34,189
2025-02-12,jip,MAZDA,CX-5,red,petrol,Rakan Niaga,2014,SUV - SMALL,2.0,4,M6,x,9.0,6.8,8.0,35,184
2025-02-12,jip,MAZDA,CX-5,red,petrol,Rakan Niaga,2014,SUV - SMALL,2.5,4,AS6,x,9.6,7.4,8.6,33,198
2025-02-12,jip,MAZDA,CX-5,grey,petrol,Pulau Pinang,2014,SUV - SMALL,2.0,4,AS6,x,8.9,7.3,8.2,34,189
2025-02-12,jip,MAZDA,CX-5,grey,petrol,Pulau Pinang,2014,SUV - SMALL,2.0,4,M6,x,9.0,6.8,8.0,35,184
2025-02-12,jip,MAZDA,CX-5,grey,petrol,Pulau Pinang,2014,SUV - SMALL,2.5,4,AS6,x,9.6,7.4,8.6,33,198
2025-02-12,jip,MAZDA,CX-5,blue,petrol,Rakan Niaga,2014,SUV - SMALL,2.0,4,AS6,x,8.9,7.3,8.2,34,189
2025-02-12,jip,MAZDA,CX-5,blue,petrol,Rakan Niaga,2014,SUV - SMALL,2.0,4,M6,x,9.0,6.8,8.0,35,184
2025-02-12,jip,MAZDA,CX-5,blue,petrol,Rakan Niaga,2014,SUV - SMALL,2.5,4,AS6,x,9.6,7.4,8.6,33,198
2025-02-12,jip,MAZDA,CX-5,black,petrol,Rakan Niaga,2014,SUV - SMALL,2.0,4,AS6,x,8.9,7.3,8.2,34,189
2025-02-12,jip,MAZDA,CX-5,black,petrol,Rakan Niaga,2014,SUV - SMALL,2.0,4,M6,x,9.0,6.8,8.0,35,184
2025-02-12,jip,MAZDA,CX-5,black,petrol,Rakan Niaga,2014,SUV - SMALL,2.5,4,AS6,x,9.6,7.4,8.6,33,198
2025-02-12,jip,MAZDA,CX-5,gold,petrol,Pulau Pinang,2014,SUV - SMALL,2.0,4,AS6,x,8.9,7.3,8.2,34,189
2025-02-12,jip,MAZDA,CX-5,gold,petrol,Pulau Pinang,2014,SUV - SMALL,2.0,4,M6,x,9.0,6.8,8.0,35,184
2025-02-12,jip,MAZDA,CX-5,gold,petrol,Pulau Pinang,2014,SUV - SMALL,2.5,4,AS6,x,9.6,7.4,8.6,33,198
2025-02-12,motokar,MAZDA,MX-5,white,petrol,Rakan Niaga,2014,TWO-SEATER,2.0,4,AS6,z,11.5,8.5,10.2,28,235
2025-02-12,motokar,MAZDA,MX-5,white,petrol,Rakan Niaga,2014,TWO-SEATER,2.0,4,M5,z,10.5,8.5,9.6,29,221
2025-02-12,motokar,MAZDA,MX-5,white,petrol,Rakan Niaga,2014,TWO-SEATER,2.0,4,M6,z,11.1,8.4,9.9,29,228
2025-02-12,jip,PORSCHE,CAYENNE,grey,petrol,W.P. Kuala Lumpur,2014,SUV - STANDARD,3.6,6,A8,z,13.6,10.1,12.0,24,276
2025-02-12,jip,PORSCHE,CAYENNE,grey,petrol,W.P. Kuala Lumpur,2014,SUV - STANDARD,3.6,6,M6,z,15.8,10.9,13.6,21,313
2025-02-12,jip,PORSCHE,CAYENNE,black,petrol,Negeri Sembilan,2014,SUV - STANDARD,3.6,6,A8,z,13.6,10.1,12.0,24,276
2025-02-12,jip,PORSCHE,CAYENNE,black,petrol,Negeri Sembilan,2014,SUV - STANDARD,3.6,6,M6,z,15.8,10.9,13.6,21,313
2025-02-12,jip,PORSCHE,CAYENNE,white,hybrid_petrol,Rakan Niaga,2014,SUV - STANDARD,3.6,6,A8,z,13.6,10.1,12.0,24,276
2025-02-12,jip,PORSCHE,CAYENNE,white,hybrid_petrol,Rakan Niaga,2014,SUV - STANDARD,3.6,6,M6,z,15.8,10.9,13.6,21,313
2025-02-12,jip,PORSCHE,CAYENNE,black,petrol,Rakan Niaga,2014,SUV - STANDARD,3.6,6,A8,z,13.6,10.1,12.0,24,276
2025-02-12,jip,PORSCHE,CAYENNE,black,petrol,Rakan Niaga,2014,SUV - STANDARD,3.6,6,M6,z,15.8,10.9,13.6,21,313
2025-02-12,motokar,TOYOTA,YARIS,white,petrol,Rakan Niaga,2014,COMPACT,1.5,4,A4,x,7.9,6.6,7.3,39,168
2025-02-12,motokar,TOYOTA,YARIS,white,petrol,Rakan Niaga,2014,COMPACT,1.5,4,M5,x,7.8,6.3,7.1,40,163
2025-02-12,motokar,TOYOTA,YARIS,silver,petrol,Rakan Niaga,2014,COMPACT,1.5,4,A4,x,7.9,6.6,7.3,39,168
2025-02-12,motokar,TOYOTA,YARIS,silver,petrol,Rakan Niaga,2014,COMPACT,1.5,4,M5,x,7.8,6.3,7.1,40,163
2025-02-12,motokar,TOYOTA,YARIS,red,petrol,Rakan Niaga,2014,COMPACT,1.5,4,A4,x,7.9,6.6,7.3,39,168
2025-02-12,motokar,TOYOTA,YARIS,red,petrol,Rakan Niaga,2014,COMPACT,1.5,4,M5,x,7.8,6.3,7.1,40,163
2025-02-12,jip,VOLKSWAGEN,TIGUAN,grey,petrol,W.P. Kuala Lumpur,2014,SUV - SMALL,2.0,4,A6,z,11.7,9.5,10.7,26,246
2025-02-12,jip,VOLKSWAGEN,TIGUAN,grey,petrol,W.P. Kuala Lumpur,2014,SUV - SMALL,2.0,4,M6,z,13.6,9.2,11.6,24,267
2025-02-12,jip,VOLKSWAGEN,TIGUAN,silver,petrol,Johor,2014,SUV - SMALL,2.0,4,A6,z,11.7,9.5,10.7,26,246
2025-02-12,jip,VOLKSWAGEN,TIGUAN,silver,petrol,Johor,2014,SUV - SMALL,2.0,4,M6,z,13.6,9.2,11.6,24,267
2025-02-12,jip,VOLKSWAGEN,TIGUAN,grey,petrol,Rakan Niaga,2014,SUV - SMALL,2.0,4,A6,z,11.7,9.5,10.7,26,246
2025-02-12,jip,VOLKSWAGEN,TIGUAN,grey,petrol,Rakan Niaga,2014,SUV - SMALL,2.0,4,M6,z,13.6,9.2,11.6,24,267
2025-02-13,jip,HONDA,CR-V,red,petrol,Rakan Niaga,2014,SUV - SMALL,2.4,4,A5,x,10.3,7.6,9.1,31,209
2025-02-13,jip,HONDA,CR-V,blue,petrol,Rakan Niaga,2014,SUV - SMALL,2.4,4,A5,x,10.3,7.6,9.1,31,209
2025-02-13,jip,HONDA,CR-V,grey,petrol,Rakan Niaga,2014,SUV - SMALL,2.4,4,A5,x,10.3,7.6,9.1,31,209
2025-02-13,jip,HONDA,CR-V,white,petrol,Rakan Niaga,2014,SUV - SMALL,2.4,4,A5,x,10.3,7.6,9.1,31,209
2025-02-13,jip,HONDA,CR-V,red,hybrid_petrol,Pulau Pinang,2014,SUV - SMALL,2.4,4,A5,x,10.3,7.6,9.1,31,209
2025-02-13,jip,HONDA,CR-V,grey,hybrid_petrol,Rakan Niaga,2014,SUV - SMALL,2.4,4,A5,x,10.3,7.6,9.1,31,209
2025-02-13,jip,HONDA,CR-V,white,hybrid_petrol,Rakan Niaga,2014,SUV - SMALL,2.4,4,A5,x,10.3,7.6,9.1,31,209
2025-02-13,jip,HONDA,CR-V,silver,hybrid_petrol,Selangor,2014,SUV - SMALL,2.4,4,A5,x,10.3,7.6,9.1,31,209
2025-02-13,motokar,HONDA,CIVIC,white,petrol,Rakan Niaga,2014,COMPACT,1.8,4,AV,x,7.9,6.0,7.0,40,161
2025-02-13,motokar,HONDA,CIVIC,white,petrol,Rakan Niaga,2014,COMPACT,1.8,4,AV7,x,8.1,6.2,7.2,39,166
2025-02-13,motokar,HONDA,CIVIC,white,petrol,Rakan Niaga,2014,COMPACT,1.8,4,M5,x,8.5,6.6,7.6,37,175
2025-02-13,motokar,HONDA,CIVIC,blue,petrol,Rakan Niaga,2014,COMPACT,1.8,4,AV,x,7.9,6.0,7.0,40,161
2025-02-13,motokar,HONDA,CIVIC,blue,petrol,Rakan Niaga,2014,COMPACT,1.8,4,AV7,x,8.1,6.2,7.2,39,166
2025-02-13,motokar,HONDA,CIVIC,blue,petrol,Rakan Niaga,2014,COMPACT,1.8,4,M5,x,8.5,6.6,7.6,37,175
2025-02-13,motokar,HONDA,CIVIC,black,petrol,Rakan Niaga,2014,COMPACT,1.8,4,AV,x,7.9,6.0,7.0,40,161
2025-02-13,motokar,HONDA,CIVIC,black,petrol,Rakan Niaga,2014,COMPACT,1.8,4,AV7,x,8.1,6.2,7.2,39,166
2025-02-13,motokar,HONDA,CIVIC,black,petrol,Rakan Niaga,2014,COMPACT,1.8,4,M5,x,8.5,6.6,7.6,37,175
2025-02-13,motokar,HONDA,CIVIC,blue,petrol,Kelantan,2014,COMPACT,1.8,4,AV,x,7.9,6.0,7.0,40,161
2025-02-13,motokar,HONDA,CIVIC,blue,petrol,Kelantan,2014,COMPACT,1.8,4,AV7,x,8.1,6.2,7.2,39,166
2025-02-13,motokar,HONDA,CIVIC,blue,petrol,Kelantan,2014,COMPACT,1.8,4,M5,x,8.5,6.6,7.6,37,175
2025-02-13,motokar,HONDA,CIVIC,red,petrol,Rakan Niaga,2014,COMPACT,1.8,4,AV,x,7.9,6.0,7.0,40,161
2025-02-13,motokar,HONDA,CIVIC,red,petrol,Rakan Niaga,2014,COMPACT,1.8,4,AV7,x,8.1,6.2,7.2,39,166
2025-02-13,motokar,HONDA,CIVIC,red,petrol,Rakan Niaga,2014,COMPACT,1.8,4,M5,x,8.5,6.6,7.6,37,175
2025-02-13,motokar,HONDA,CIVIC,white,hybrid_petrol,Rakan Niaga,2014,COMPACT,1.8,4,AV,x,7.9,6.0,7.0,40,161
2025-02-13,motokar,HONDA,CIVIC,white,hybrid_petrol,Rakan Niaga,2014,COMPACT,1.8,4,AV7,x,8.1,6.2,7.2,39,166
2025-02-13,motokar,HONDA,CIVIC,white,hybrid_petrol,Rakan Niaga,2014,COMPACT,1.8,4,M5,x,8.5,6.6,7.6,37,175
2025-02-13,motokar,HONDA,CIVIC,grey,petrol,Rakan Niaga,2014,COMPACT,1.8,4,AV,x,7.9,6.0,7.0,40,161
2025-02-13,motokar,HONDA,CIVIC,grey,petrol,Rakan Niaga,2014,COMPACT,1.8,4,AV7,x,8.1,6.2,7.2,39,166
2025-02-13,motokar,HONDA,CIVIC,grey,petrol,Rakan Niaga,2014,COMPACT,1.8,4,M5,x,8.5,6.6,7.6,37,175
2025-02-13,motokar,HONDA,CIVIC,white,petrol,Kelantan,2014,COMPACT,1.8,4,AV,x,7.9,6.0,7.0,40,161
2025-02-13,motokar,HONDA,CIVIC,white,petrol,Kelantan,2014,COMPACT,1.8,4,AV7,x,8.1,6.2,7.2,39,166
2025-02-13,motokar,HONDA,CIVIC,white,petrol,Kelantan,2014,COMPACT,1.8,4,M5,x,8.5,6.6,7.6,37,175
2025-02-13,motokar,HONDA,CIVIC,white,petrol,Selangor,2014,COMPACT,1.8,4,AV,x,7.9,6.0,7.0,40,161
2025-02-13,motokar,HONDA,CIVIC,white,petrol,Selangor,2014,COMPACT,1.8,4,AV7,x,8.1,6.2,7.2,39,166
2025-02-13,motokar,HONDA,CIVIC,white,petrol,Selangor,2014,COMPACT,1.8,4,M5,x,8.5,6.6,7.6,37,175
2025-02-13,motokar,HONDA,CIVIC,red,petrol,Pulau Pinang,2014,COMPACT,1.8,4,AV,x,7.9,6.0,7.0,40,161
2025-02-13,motokar,HONDA,CIVIC,red,petrol,Pulau Pinang,2014,COMPACT,1.8,4,AV7,x,8.1,6.2,7.2,39,166
2025-02-13,motokar,HONDA,CIVIC,red,petrol,Pulau Pinang,2014,COMPACT,1.8,4,M5,x,8.5,6.6,7.6,37,175
2025-02-13,motokar,HONDA,FIT,black,petrol,Rakan Niaga,2014,STATION WAGON - SMALL,1.5,4,A5,x,8.3,6.5,7.5,38,172
2025-02-13,motokar,HONDA,FIT,black,petrol,Rakan Niaga,2014,STATION WAGON - SMALL,1.5,4,M5,x,8.3,6.9,7.7,37,177
2025-02-13,window_van,HONDA,ODYSSEY,black,petrol,W.P. Kuala Lumpur,2014,MINIVAN,3.5,6,A6,x,12.3,8.5,10.6,27,244
2025-02-13,jip,HYUNDAI,SANTA FE,blue,hybrid_petrol,Rakan Niaga,2014,SUV - SMALL,3.3,6,A6,x,13.0,9.1,11.2,25,258
2025-02-13,jip,MAZDA,CX-5,red,petrol,Rakan Niaga,2014,SUV - SMALL,2.0,4,AS6,x,8.9,7.3,8.2,34,189
2025-02-13,jip,MAZDA,CX-5,red,petrol,Rakan Niaga,2014,SUV - SMALL,2.0,4,M6,x,9.0,6.8,8.0,35,184
2025-02-13,jip,MAZDA,CX-5,red,petrol,Rakan Niaga,2014,SUV - SMALL,2.5,4,AS6,x,9.6,7.4,8.6,33,198
2025-02-13,jip,MAZDA,CX-5,grey,petrol,Rakan Niaga,2014,SUV - SMALL,2.0,4,AS6,x,8.9,7.3,8.2,34,189
2025-02-13,jip,MAZDA,CX-5,grey,petrol,Rakan Niaga,2014,SUV - SMALL,2.0,4,M6,x,9.0,6.8,8.0,35,184
2025-02-13,jip,MAZDA,CX-5,grey,petrol,Rakan Niaga,2014,SUV - SMALL,2.5,4,AS6,x,9.6,7.4,8.6,33,198
2025-02-13,jip,MAZDA,CX-5,gold,petrol,Rakan Niaga,2014,SUV - SMALL,2.0,4,AS6,x,8.9,7.3,8.2,34,189
2025-02-13,jip,MAZDA,CX-5,gold,petrol,Rakan Niaga,2014,SUV - SMALL,2.0,4,M6,x,9.0,6.8,8.0,35,184
2025-02-13,jip,MAZDA,CX-5,gold,petrol,Rakan Niaga,2014,SUV - SMALL,2.5,4,AS6,x,9.6,7.4,8.6,33,198
2025-02-13,jip,MAZDA,CX-5,black,petrol,Rakan Niaga,2014,SUV - SMALL,2.0,4,AS6,x,8.9,7.3,8.2,34,189
2025-02-13,jip,MAZDA,CX-5,black,petrol,Rakan Niaga,2014,SUV - SMALL,2.0,4,M6,x,9.0,6.8,8.0,35,184
2025-02-13,jip,MAZDA,CX-5,black,petrol,Rakan Niaga,2014,SUV - SMALL,2.5,4,AS6,x,9.6,7.4,8.6,33,198
2025-02-13,jip,MAZDA,CX-5,blue,petrol,Rakan Niaga,2014,SUV - SMALL,2.0,4,AS6,x,8.9,7.3,8.2,34,189
2025-02-13,jip,MAZDA,CX-5,blue,petrol,Rakan Niaga,2014,SUV - SMALL,2.0,4,M6,x,9.0,6.8,8.0,35,184
2025-02-13,jip,MAZDA,CX-5,blue,petrol,Rakan Niaga,2014,SUV - SMALL,2.5,4,AS6,x,9.6,7.4,8.6,33,198
2025-02-13,motokar,MAZDA,MX-5,red,petrol,Johor,2014,TWO-SEATER,2.0,4,AS6,z,11.5,8.5,10.2,28,235
2025-02-13,motokar,MAZDA,MX-5,red,petrol,Johor,2014,TWO-SEATER,2.0,4,M5,z,10.5,8.5,9.6,29,221
2025-02-13,motokar,MAZDA,MX-5,red,petrol,Johor,2014,TWO-SEATER,2.0,4,M6,z,11.1,8.4,9.9,29,228
2025-02-13,jip,PORSCHE,CAYENNE,grey,petrol,Pulau Pinang,2014,SUV - STANDARD,3.6,6,A8,z,13.6,10.1,12.0,24,276
2025-02-13,jip,PORSCHE,CAYENNE,grey,petrol,Pulau Pinang,2014,SUV - STANDARD,3.6,6,M6,z,15.8,10.9,13.6,21,313
2025-02-13,jip,PORSCHE,CAYENNE,black,petrol,Rakan Niaga,2014,SUV - STANDARD,3.6,6,A8,z,13.6,10.1,12.0,24,276
2025-02-13,jip,PORSCHE,CAYENNE,black,petrol,Rakan Niaga,2014,SUV - STANDARD,3.6,6,M6,z,15.8,10.9,13.6,21,313
2025-02-13,jip,PORSCHE,CAYENNE,grey,petrol,W.P. Kuala Lumpur,2014,SUV - STANDARD,3.6,6,A8,z,13.6,10.1,12.0,24,276
2025-02-13,jip,PORSCHE,CAYENNE,grey,petrol,W.P. Kuala Lumpur,2014,SUV - STANDARD,3.6,6,M6,z,15.8,10.9,13.6,21,313
2025-02-13,motokar,TOYOTA,CAMRY,silver,petrol,W.P. Kuala Lumpur,2014,MID-SIZE,2.5,4,AS6,x,9.5,6.6,8.2,34,189
2025-02-13,motokar,TOYOTA,CAMRY,silver,petrol,W.P. Kuala Lumpur,2014,MID-SIZE,3.5,6,AS6,x,11.1,7.8,9.6,29,221
2025-02-13,motokar,TOYOTA,YARIS,white,petrol,Rakan Niaga,2014,COMPACT,1.5,4,A4,x,7.9,6.6,7.3,39,168
2025-02-13,motokar,TOYOTA,YARIS,white,petrol,Rakan Niaga,2014,COMPACT,1.5,4,M5,x,7.8,6.3,7.1,40,163
2025-02-13,motokar,TOYOTA,YARIS,silver,petrol,Rakan Niaga,2014,COMPACT,1.5,4,A4,x,7.9,6.6,7.3,39,168
2025-02-13,motokar,TOYOTA,YARIS,silver,petrol,Rakan Niaga,2014,COMPACT,1.5,4,M5,x,7.8,6.3,7.1,40,163
2025-02-13,motokar,TOYOTA,YARIS,red,petrol,Selangor,2014,COMPACT,1.5,4,A4,x,7.9,6.6,7.3,39,168
2025-02-13,motokar,TOYOTA,YARIS,red,petrol,Selangor,2014,COMPACT,1.5,4,M5,x,7.8,6.3,7.1,40,163
2025-02-13,motokar,TOYOTA,YARIS,red,petrol,Rakan Niaga,2014,COMPACT,1.5,4,A4,x,7.9,6.6,7.3,39,168
2025-02-13,motokar,TOYOTA,YARIS,red,petrol,Rakan Niaga,2014,COMPACT,1.5,4,M5,x,7.8,6.3,7.1,40,163
2025-02-13,motokar,VOLKSWAGEN,BEETLE,blue,petrol,W.P. Kuala Lumpur,2014,COMPACT,1.8,4,A6,x,9.5,7.2,8.5,33,196
2025-02-13,motokar,VOLKSWAGEN,BEETLE,blue,petrol,W.P. Kuala Lumpur,2014,COMPACT,1.8,4,M5,x,9.9,7.2,8.7,32,200
2025-02-13,motokar,VOLKSWAGEN,BEETLE,blue,petrol,W.P. Kuala Lumpur,2014,COMPACT,2.0,4,A6,z,10.3,7.7,9.1,31,209
2025-02-13,motokar,VOLKSWAGEN,BEETLE,blue,petrol,W.P. Kuala Lumpur,2014,COMPACT,2.0,4,M6,z,10.8,7.6,9.4,30,216
2025-02-13,motokar,VOLKSWAGEN,BEETLE,blue,petrol,W.P. Kuala Lumpur,2014,COMPACT,2.5,5,A6,x,10.9,8.4,9.8,29,225
2025-02-13,motokar,VOLKSWAGEN,BEETLE,blue,petrol,W.P. Kuala Lumpur,2014,COMPACT,2.5,5,M5,x,11.2,7.7,9.6,29,221
2025-02-13,jip,VOLKSWAGEN,TIGUAN,black,petrol,Negeri Sembilan,2014,SUV - SMALL,2.0,4,A6,z,11.7,9.5,10.7,26,246
2025-02-13,jip,VOLKSWAGEN,TIGUAN,black,petrol,Negeri Sembilan,2014,SUV - SMALL,2.0,4,M6,z,13.6,9.2,11.6,24,267
2025-02-13,jip,VOLKSWAGEN,TIGUAN,grey,petrol,Rakan Niaga,2014,SUV - SMALL,2.0,4,A6,z,11.7,9.5,10.7,26,246
2025-02-13,jip,VOLKSWAGEN,TIGUAN,grey,petrol,Rakan Niaga,2014,SUV - SMALL,2.0,4,M6,z,13.6,9.2,11.6,24,267
2025-02-13,jip,VOLKSWAGEN,TIGUAN,white,petrol,Rakan Niaga,2014,SUV - SMALL,2.0,4,A6,z,11.7,9.5,10.7,26,246
2025-02-13,jip,VOLKSWAGEN,TIGUAN,white,petrol,Rakan Niaga,2014,SUV - SMALL,2.0,4,M6,z,13.6,9.2,11.6,24,267
2025-02-14,jip,HONDA,CR-V,white,petrol,Rakan Niaga,2014,SUV - SMALL,2.4,4,A5,x,10.3,7.6,9.1,31,209
2025-02-14,jip,HONDA,CR-V,grey,petrol,Rakan Niaga,2014,SUV - SMALL,2.4,4,A5,x,10.3,7.6,9.1,31,209
2025-02-14,jip,HONDA,CR-V,silver,petrol,Rakan Niaga,2014,SUV - SMALL,2.4,4,A5,x,10.3,7.6,9.1,31,209
2025-02-14,jip,HONDA,CR-V,blue,petrol,Rakan Niaga,2014,SUV - SMALL,2.4,4,A5,x,10.3,7.6,9.1,31,209
2025-02-14,jip,HONDA,CR-V,white,petrol,W.P. Kuala Lumpur,2014,SUV - SMALL,2.4,4,A5,x,10.3,7.6,9.1,31,209
2025-02-14,jip,HONDA,CR-V,red,petrol,Rakan Niaga,2014,SUV - SMALL,2.4,4,A5,x,10.3,7.6,9.1,31,209
2025-02-14,jip,HONDA,CR-V,grey,hybrid_petrol,Rakan Niaga,2014,SUV - SMALL,2.4,4,A5,x,10.3,7.6,9.1,31,209
2025-02-14,jip,HONDA,CR-V,white,hybrid_petrol,Perak,2014,SUV - SMALL,2.4,4,A5,x,10.3,7.6,9.1,31,209
2025-02-14,jip,HONDA,CR-V,white,hybrid_petrol,Rakan Niaga,2014,SUV - SMALL,2.4,4,A5,x,10.3,7.6,9.1,31,209
2025-02-14,motokar,HONDA,CIVIC,white,petrol,Rakan Niaga,2014,COMPACT,1.8,4,AV,x,7.9,6.0,7.0,40,161
2025-02-14,motokar,HONDA,CIVIC,white,petrol,Rakan Niaga,2014,COMPACT,1.8,4,AV7,x,8.1,6.2,7.2,39,166
2025-02-14,motokar,HONDA,CIVIC,white,petrol,Rakan Niaga,2014,COMPACT,1.8,4,M5,x,8.5,6.6,7.6,37,175
2025-02-14,motokar,HONDA,CIVIC,blue,petrol,Rakan Niaga,2014,COMPACT,1.8,4,AV,x,7.9,6.0,7.0,40,161
2025-02-14,motokar,HONDA,CIVIC,blue,petrol,Rakan Niaga,2014,COMPACT,1.8,4,AV7,x,8.1,6.2,7.2,39,166
2025-02-14,motokar,HONDA,CIVIC,blue,petrol,Rakan Niaga,2014,COMPACT,1.8,4,M5,x,8.5,6.6,7.6,37,175
2025-02-14,motokar,HONDA,CIVIC,black,petrol,Rakan Niaga,2014,COMPACT,1.8,4,AV,x,7.9,6.0,7.0,40,161
2025-02-14,motokar,HONDA,CIVIC,black,petrol,Rakan Niaga,2014,COMPACT,1.8,4,AV7,x,8.1,6.2,7.2,39,166
2025-02-14,motokar,HONDA,CIVIC,black,petrol,Rakan Niaga,2014,COMPACT,1.8,4,M5,x,8.5,6.6,7.6,37,175
2025-02-14,motokar,HONDA,CIVIC,white,petrol,Johor,2014,COMPACT,1.8,4,AV,x,7.9,6.0,7.0,40,161
2025-02-14,motokar,HONDA,CIVIC,white,petrol,Johor,2014,COMPACT,1.8,4,AV7,x,8.1,6.2,7.2,39,166
2025-02-14,motokar,HONDA,CIVIC,white,petrol,Johor,2014,COMPACT,1.8,4,M5,x,8.5,6.6,7.6,37,175
2025-02-14,motokar,HONDA,CIVIC,blue,hybrid_petrol,Rakan Niaga,2014,COMPACT,1.8,4,AV,x,7.9,6.0,7.0,40,161
2025-02-14,motokar,HONDA,CIVIC,blue,hybrid_petrol,Rakan Niaga,2014,COMPACT,1.8,4,AV7,x,8.1,6.2,7.2,39,166
2025-02-14,motokar,HONDA,CIVIC,blue,hybrid_petrol,Rakan Niaga,2014,COMPACT,1.8,4,M5,x,8.5,6.6,7.6,37,175
2025-02-14,motokar,HONDA,CIVIC,grey,petrol,Rakan Niaga,2014,COMPACT,1.8,4,AV,x,7.9,6.0,7.0,40,161
2025-02-14,motokar,HONDA,CIVIC,grey,petrol,Rakan Niaga,2014,COMPACT,1.8,4,AV7,x,8.1,6.2,7.2,39,166
2025-02-14,motokar,HONDA,CIVIC,grey,petrol,Rakan Niaga,2014,COMPACT,1.8,4,M5,x,8.5,6.6,7.6,37,175
2025-02-14,motokar,HONDA,CIVIC,white,petrol,W.P. Kuala Lumpur,2014,COMPACT,1.8,4,AV,x,7.9,6.0,7.0,40,161
2025-02-14,motokar,HONDA,CIVIC,white,petrol,W.P. Kuala Lumpur,2014,COMPACT,1.8,4,AV7,x,8.1,6.2,7.2,39,166
2025-02-14,motokar,HONDA,CIVIC,white,petrol,W.P. Kuala Lumpur,2014,COMPACT,1.8,4,M5,x,8.5,6.6,7.6,37,175
2025-02-14,motokar,HONDA,CIVIC,red,petrol,W.P. Kuala Lumpur,2014,COMPACT,1.8,4,AV,x,7.9,6.0,7.0,40,161
2025-02-14,motokar,HONDA,CIVIC,red,petrol,W.P. Kuala Lumpur,2014,COMPACT,1.8,4,AV7,x,8.1,6.2,7.2,39,166
2025-02-14,motokar,HONDA,CIVIC,red,petrol,W.P. Kuala Lumpur,2014,COMPACT,1.8,4,M5,x,8.5,6.6,7.6,37,175
2025-02-14,motokar,HONDA,CIVIC,black,petrol,Johor,2014,COMPACT,1.8,4,AV,x,7.9,6.0,7.0,40,161
2025-02-14,motokar,HONDA,CIVIC,black,petrol,Johor,2014,COMPACT,1.8,4,AV7,x,8.1,6.2,7.2,39,166
2025-02-14,motokar,HONDA,CIVIC,black,petrol,Johor,2014,COMPACT,1.8,4,M5,x,8.5,6.6,7.6,37,175
2025-02-14,motokar,HONDA,CIVIC,black,petrol,W.P. Kuala Lumpur,2014,COMPACT,1.8,4,AV,x,7.9,6.0,7.0,40,161
2025-02-14,motokar,HONDA,CIVIC,black,petrol,W.P. Kuala Lumpur,2014,COMPACT,1.8,4,AV7,x,8.1,6.2,7.2,39,166
2025-02-14,motokar,HONDA,CIVIC,black,petrol,W.P. Kuala Lumpur,2014,COMPACT,1.8,4,M5,x,8.5,6.6,7.6,37,175
2025-02-14,motokar,HONDA,CIVIC,yellow,petrol,Rakan Niaga,2014,COMPACT,1.8,4,AV,x,7.9,6.0,7.0,40,161
2025-02-14,motokar,HONDA,CIVIC,yellow,petrol,Rakan Niaga,2014,COMPACT,1.8,4,AV7,x,8.1,6.2,7.2,39,166
2025-02-14,motokar,HONDA,CIVIC,yellow,petrol,Rakan Niaga,2014,COMPACT,1.8,4,M5,x,8.5,6.6,7.6,37,175
2025-02-14,motokar,HONDA,CIVIC,red,petrol,Rakan Niaga,2014,COMPACT,1.8,4,AV,x,7.9,6.0,7.0,40,161
2025-02-14,motokar,HONDA,CIVIC,red,petrol,Rakan Niaga,2014,COMPACT,1.8,4,AV7,x,8.1,6.2,7.2,39,166
2025-02-14,motokar,HONDA,CIVIC,red,petrol,Rakan Niaga,2014,COMPACT,1.8,4,M5,x,8.5,6.6,7.6,37,175
2025-02-14,motokar,HONDA,CIVIC,white,petrol,Selangor,2014,COMPACT,1.8,4,AV,x,7.9,6.0,7.0,40,161
2025-02-14,motokar,HONDA,CIVIC,white,petrol,Selangor,2014,COMPACT,1.8,4,AV7,x,8.1,6.2,7.2,39,166
2025-02-14,motokar,HONDA,CIVIC,white,petrol,Selangor,2014,COMPACT,1.8,4,M5,x,8.5,6.6,7.6,37,175
2025-02-14,jip,HYUNDAI,SANTA FE,grey,hybrid_petrol,Rakan Niaga,2014,SUV - SMALL,3.3,6,A6,x,13.0,9.1,11.2,25,258
2025-02-14,jip,MAZDA,CX-5,gold,petrol,Rakan Niaga,2014,SUV - SMALL,2.0,4,AS6,x,8.9,7.3,8.2,34,189
2025-02-14,jip,MAZDA,CX-5,gold,petrol,Rakan Niaga,2014,SUV - SMALL,2.0,4,M6,x,9.0,6.8,8.0,35,184
2025-02-14,jip,MAZDA,CX-5,gold,petrol,Rakan Niaga,2014,SUV - SMALL,2.5,4,AS6,x,9.6,7.4,8.6,33,198
2025-02-14,jip,MAZDA,CX-5,blue,petrol,Rakan Niaga,2014,SUV - SMALL,2.0,4,AS6,x,8.9,7.3,8.2,34,189
2025-02-14,jip,MAZDA,CX-5,blue,petrol,Rakan Niaga,2014,SUV - SMALL,2.0,4,M6,x,9.0,6.8,8.0,35,184
2025-02-14,jip,MAZDA,CX-5,blue,petrol,Rakan Niaga,2014,SUV - SMALL,2.5,4,AS6,x,9.6,7.4,8.6,33,198
2025-02-14,jip,MAZDA,CX-5,gold,petrol,Johor,2014,SUV - SMALL,2.0,4,AS6,x,8.9,7.3,8.2,34,189
2025-02-14,jip,MAZDA,CX-5,gold,petrol,Johor,2014,SUV - SMALL,2.0,4,M6,x,9.0,6.8,8.0,35,184
2025-02-14,jip,MAZDA,CX-5,gold,petrol,Johor,2014,SUV - SMALL,2.5,4,AS6,x,9.6,7.4,8.6,33,198
2025-02-14,jip,MAZDA,CX-5,grey,petrol,Rakan Niaga,2014,SUV - SMALL,2.0,4,AS6,x,8.9,7.3,8.2,34,189
2025-02-14,jip,MAZDA,CX-5,grey,petrol,Rakan Niaga,2014,SUV - SMALL,2.0,4,M6,x,9.0,6.8,8.0,35,184
2025-02-14,jip,MAZDA,CX-5,grey,petrol,Rakan Niaga,2014,SUV - SMALL,2.5,4,AS6,x,9.6,7.4,8.6,33,198
2025-02-14,jip,MAZDA,CX-5,gold,petrol,W.P. Kuala Lumpur,2014,SUV - SMALL,2.0,4,AS6,x,8.9,7.3,8.2,34,189
2025-02-14,jip,MAZDA,CX-5,gold,petrol,W.P. Kuala Lumpur,2014,SUV - SMALL,2.0,4,M6,x,9.0,6.8,8.0,35,184
2025-02-14,jip,MAZDA,CX-5,gold,petrol,W.P. Kuala Lumpur,2014,SUV - SMALL,2.5,4,AS6,x,9.6,7.4,8.6,33,198
2025-02-14,motokar,MAZDA,MX-5,white,petrol,Perak,2014,TWO-SEATER,2.0,4,AS6,z,11.5,8.5,10.2,28,235
2025-02-14,motokar,MAZDA,MX-5,white,petrol,Perak,2014,TWO-SEATER,2.0,4,M5,z,10.5,8.5,9.6,29,221
2025-02-14,motokar,MAZDA,MX-5,white,petrol,Perak,2014,TWO-SEATER,2.0,4,M6,z,11.1,8.4,9.9,29,228
2025-02-14,motokar,MAZDA,MX-5,white,petrol,Johor,2014,TWO-SEATER,2.0,4,AS6,z,11.5,8.5,10.2,28,235
2025-02-14,motokar,MAZDA,MX-5,white,petrol,Johor,2014,TWO-SEATER,2.0,4,M5,z,10.5,8.5,9.6,29,221
2025-02-14,motokar,MAZDA,MX-5,white,petrol,Johor,2014,TWO-SEATER,2.0,4,M6,z,11.1,8.4,9.9,29,228
2025-02-14,motokar,PORSCHE,911 CARRERA,grey,petrol,W.P. Kuala Lumpur,2014,MINICOMPACT,3.4,6,AM7,z,11.6,8.3,10.1,28,232
2025-02-14,motokar,PORSCHE,911 CARRERA,grey,petrol,W.P. Kuala Lumpur,2014,MINICOMPACT,3.4,6,M7,z,12.5,8.6,10.7,26,246
2025-02-14,jip,PORSCHE,CAYENNE,black,petrol,W.P. Kuala Lumpur,2014,SUV - STANDARD,3.6,6,A8,z,13.6,10.1,12.0,24,276
2025-02-14,jip,PORSCHE,CAYENNE,black,petrol,W.P. Kuala Lumpur,2014,SUV - STANDARD,3.6,6,M6,z,15.8,10.9,13.6,21,313
2025-02-14,jip,PORSCHE,CAYENNE,grey,petrol,W.P. Kuala Lumpur,2014,SUV - STANDARD,3.6,6,A8,z,13.6,10.1,12.0,24,276
2025-02-14,jip,PORSCHE,CAYENNE,grey,petrol,W.P. Kuala Lumpur,2014,SUV - STANDARD,3.6,6,M6,z,15.8,10.9,13.6,21,313
2025-02-14,motokar,TOYOTA,CAMRY,red,petrol,Rakan Niaga,2014,MID-SIZE,2.5,4,AS6,x,9.5,6.6,8.2,34,189
2025-02-14,motokar,TOYOTA,CAMRY,red,petrol,Rakan Niaga,2014,MID-SIZE,3.5,6,AS6,x,11.1,7.8,9.6,29,221
2025-02-14,motokar,TOYOTA,CAMRY,white,petrol,Rakan Niaga,2014,MID-SIZE,2.5,4,AS6,x,9.5,6.6,8.2,34,189
2025-02-14,motokar,TOYOTA,CAMRY,white,petrol,Rakan Niaga,2014,MID-SIZE,3.5,6,AS6,x,11.1,7.8,9.6,29,221
2025-02-14,motokar,TOYOTA,YARIS,white,petrol,Rakan Niaga,2014,COMPACT,1.5,4,A4,x,7.9,6.6,7.3,39,168
2025-02-14,motokar,TOYOTA,YARIS,white,petrol,Rakan Niaga,2014,COMPACT,1.5,4,M5,x,7.8,6.3,7.1,40,163
2025-02-14,motokar,TOYOTA,YARIS,red,petrol,Rakan Niaga,2014,COMPACT,1.5,4,A4,x,7.9,6.6,7.3,39,168
2025-02-14,motokar,TOYOTA,YARIS,red,petrol,Rakan Niaga,2014,COMPACT,1.5,4,M5,x,7.8,6.3,7.1,40,163
2025-02-14,motokar,TOYOTA,YARIS,silver,petrol,Rakan Niaga,2014,COMPACT,1.5,4,A4,x,7.9,6.6,7.3,39,168
2025-02-14,motokar,TOYOTA,YARIS,silver,petrol,Rakan Niaga,2014,COMPACT,1.5,4,M5,x,7.8,6.3,7.1,40,163
2025-02-14,jip,VOLKSWAGEN,TIGUAN,blue,petrol,Rakan Niaga,2014,SUV - SMALL,2.0,4,A6,z,11.7,9.5,10.7,26,246
2025-02-14,jip,VOLKSWAGEN,TIGUAN,blue,petrol,Rakan Niaga,2014,SUV - SMALL,2.0,4,M6,z,13.6,9.2,11.6,24,267
2025-02-14,jip,VOLKSWAGEN,TIGUAN,black,petrol,Rakan Niaga,2014,SUV - SMALL,2.0,4,A6,z,11.7,9.5,10.7,26,246
2025-02-14,jip,VOLKSWAGEN,TIGUAN,black,petrol,Rakan Niaga,2014,SUV - SMALL,2.0,4,M6,z,13.6,9.2,11.6,24,267
2025-02-14,jip,VOLKSWAGEN,TIGUAN,grey,petrol,Rakan Niaga,2014,SUV - SMALL,2.0,4,A6,z,11.7,9.5,10.7,26,246
2025-02-14,jip,VOLKSWAGEN,TIGUAN,grey,petrol,Rakan Niaga,2014,SUV - SMALL,2.0,4,M6,z,13.6,9.2,11.6,24,267
2025-02-14,jip,VOLVO,XC60,blue,hybrid_petrol,Rakan Niaga,2014,SUV - SMALL,3.2,6,AS6,x,13.0,8.9,11.2,25,258
2025-02-15,jip,HONDA,CR-V,white,petrol,Rakan Niaga,2014,SUV - SMALL,2.4,4,A5,x,10.3,7.6,9.1,31,209
2025-02-15,jip,HONDA,CR-V,grey,petrol,Rakan Niaga,2014,SUV - SMALL,2.4,4,A5,x,10.3,7.6,9.1,31,209
2025-02-15,motokar,HONDA,CIVIC,black,petrol,Rakan Niaga,2014,COMPACT,1.8,4,AV,x,7.9,6.0,7.0,40,161
2025-02-15,motokar,HONDA,CIVIC,black,petrol,Rakan Niaga,2014,COMPACT,1.8,4,AV7,x,8.1,6.2,7.2,39,166
2025-02-15,motokar,HONDA,CIVIC,black,petrol,Rakan Niaga,2014,COMPACT,1.8,4,M5,x,8.5,6.6,7.6,37,175
2025-02-15,motokar,HONDA,CIVIC,white,petrol,Rakan Niaga,2014,COMPACT,1.8,4,AV,x,7.9,6.0,7.0,40,161
2025-02-15,motokar,HONDA,CIVIC,white,petrol,Rakan Niaga,2014,COMPACT,1.8,4,AV7,x,8.1,6.2,7.2,39,166
2025-02-15,motokar,HONDA,CIVIC,white,petrol,Rakan Niaga,2014,COMPACT,1.8,4,M5,x,8.5,6.6,7.6,37,175
2025-02-15,motokar,HONDA,CIVIC,blue,petrol,Rakan Niaga,2014,COMPACT,1.8,4,AV,x,7.9,6.0,7.0,40,161
2025-02-15,motokar,HONDA,CIVIC,blue,petrol,Rakan Niaga,2014,COMPACT,1.8,4,AV7,x,8.1,6.2,7.2,39,166
2025-02-15,motokar,HONDA,CIVIC,blue,petrol,Rakan Niaga,2014,COMPACT,1.8,4,M5,x,8.5,6.6,7.6,37,175
2025-02-15,motokar,HONDA,CIVIC,white,hybrid_petrol,Rakan Niaga,2014,COMPACT,1.8,4,AV,x,7.9,6.0,7.0,40,161
2025-02-15,motokar,HONDA,CIVIC,white,hybrid_petrol,Rakan Niaga,2014,COMPACT,1.8,4,AV7,x,8.1,6.2,7.2,39,166
2025-02-15,motokar,HONDA,CIVIC,white,hybrid_petrol,Rakan Niaga,2014,COMPACT,1.8,4,M5,x,8.5,6.6,7.6,37,175
2025-02-15,motokar,TOYOTA,YARIS,red,petrol,Rakan Niaga,2014,COMPACT,1.5,4,A4,x,7.9,6.6,7.3,39,168
2025-02-15,motokar,TOYOTA,YARIS,red,petrol,Rakan Niaga,2014,COMPACT,1.5,4,M5,x,7.8,6.3,7.1,40,163
2025-02-15,motokar,TOYOTA,YARIS,white,petrol,Rakan Niaga,2014,COMPACT,1.5,4,A4,x,7.9,6.6,7.3,39,168
2025-02-15,motokar,TOYOTA,YARIS,white,petrol,Rakan Niaga,2014,COMPACT,1.5,4,M5,x,7.8,6.3,7.1,40,163
2025-02-15,jip,VOLKSWAGEN,TIGUAN,blue,petrol,Rakan Niaga,2014,SUV - SMALL,2.0,4,A6,z,11.7,9.5,10.7,26,246
2025-02-15,jip,VOLKSWAGEN,TIGUAN,blue,petrol,Rakan Niaga,2014,SUV - SMALL,2.0,4,M6,z,13.6,9.2,11.6,24,267
2025-02-15,jip,VOLVO,XC60,black,hybrid_petrol,Rakan Niaga,2014,SUV - SMALL,3.2,6,AS6,x,13.0,8.9,11.2,25,258
2025-02-16,motokar,TOYOTA,YARIS,white,petrol,Rakan Niaga,2014,COMPACT,1.5,4,A4,x,7.9,6.6,7.3,39,168
2025-02-16,motokar,TOYOTA,YARIS,white,petrol,Rakan Niaga,2014,COMPACT,1.5,4,M5,x,7.8,6.3,7.1,40,163
2025-02-16,motokar,TOYOTA,YARIS,silver,petrol,Rakan Niaga,2014,COMPACT,1.5,4,A4,x,7.9,6.6,7.3,39,168
2025-02-16,motokar,TOYOTA,YARIS,silver,petrol,Rakan Niaga,2014,COMPACT,1.5,4,M5,x,7.8,6.3,7.1,40,163
2025-02-16,motokar,TOYOTA,YARIS,white,petrol,Kelantan,2014,COMPACT,1.5,4,A4,x,7.9,6.6,7.3,39,168
2025-02-16,motokar,TOYOTA,YARIS,white,petrol,Kelantan,2014,COMPACT,1.5,4,M5,x,7.8,6.3,7.1,40,163
2025-02-16,motokar,TOYOTA,YARIS,red,petrol,Rakan Niaga,2014,COMPACT,1.5,4,A4,x,7.9,6.6,7.3,39,168
2025-02-16,motokar,TOYOTA,YARIS,red,petrol,Rakan Niaga,2014,COMPACT,1.5,4,M5,x,7.8,6.3,7.1,40,163
2025-02-17,jip,HONDA,CR-V,blue,petrol,Rakan Niaga,2014,SUV - SMALL,2.4,4,A5,x,10.3,7.6,9.1,31,209
2025-02-17,jip,HONDA,CR-V,white,hybrid_petrol,Rakan Niaga,2014,SUV - SMALL,2.4,4,A5,x,10.3,7.6,9.1,31,209
2025-02-17,jip,HONDA,CR-V,white,petrol,Rakan Niaga,2014,SUV - SMALL,2.4,4,A5,x,10.3,7.6,9.1,31,209
2025-02-17,jip,HONDA,CR-V,blue,hybrid_petrol,Rakan Niaga,2014,SUV - SMALL,2.4,4,A5,x,10.3,7.6,9.1,31,209
2025-02-17,jip,HONDA,CR-V,red,petrol,Rakan Niaga,2014,SUV - SMALL,2.4,4,A5,x,10.3,7.6,9.1,31,209
2025-02-17,jip,HONDA,CR-V,grey,petrol,W.P. Kuala Lumpur,2014,SUV - SMALL,2.4,4,A5,x,10.3,7.6,9.1,31,209
2025-02-17,jip,HONDA,CR-V,grey,petrol,Rakan Niaga,2014,SUV - SMALL,2.4,4,A5,x,10.3,7.6,9.1,31,209
2025-02-17,jip,HONDA,CR-V,silver,hybrid_petrol,Rakan Niaga,2014,SUV - SMALL,2.4,4,A5,x,10.3,7.6,9.1,31,209
2025-02-17,jip,HONDA,CR-V,blue,hybrid_petrol,Selangor,2014,SUV - SMALL,2.4,4,A5,x,10.3,7.6,9.1,31,209
2025-02-17,motokar,HONDA,CIVIC,red,petrol,W.P. Kuala Lumpur,2014,COMPACT,1.8,4,AV,x,7.9,6.0,7.0,40,161
2025-02-17,motokar,HONDA,CIVIC,red,petrol,W.P. Kuala Lumpur,2014,COMPACT,1.8,4,AV7,x,8.1,6.2,7.2,39,166
2025-02-17,motokar,HONDA,CIVIC,red,petrol,W.P. Kuala Lumpur,2014,COMPACT,1.8,4,M5,x,8.5,6.6,7.6,37,175
2025-02-17,motokar,HONDA,CIVIC,black,petrol,W.P. Kuala Lumpur,2014,COMPACT,1.8,4,AV,x,7.9,6.0,7.0,40,161
2025-02-17,motokar,HONDA,CIVIC,black,petrol,W.P. Kuala Lumpur,2014,COMPACT,1.8,4,AV7,x,8.1,6.2,7.2,39,166
2025-02-17,motokar,HONDA,CIVIC,black,petrol,W.P. Kuala Lumpur,2014,COMPACT,1.8,4,M5,x,8.5,6.6,7.6,37,175
2025-02-17,motokar,HONDA,CIVIC,blue,petrol,Rakan Niaga,2014,COMPACT,1.8,4,AV,x,7.9,6.0,7.0,40,161
2025-02-17,motokar,HONDA,CIVIC,blue,petrol,Rakan Niaga,2014,COMPACT,1.8,4,AV7,x,8.1,6.2,7.2,39,166
2025-02-17,motokar,HONDA,CIVIC,blue,petrol,Rakan Niaga,2014,COMPACT,1.8,4,M5,x,8.5,6.6,7.6,37,175
2025-02-17,motokar,HONDA,CIVIC,blue,petrol,Negeri Sembilan,2014,COMPACT,1.8,4,AV,x,7.9,6.0,7.0,40,161
2025-02-17,motokar,HONDA,CIVIC,blue,petrol,Negeri Sembilan,2014,COMPACT,1.8,4,AV7,x,8.1,6.2,7.2,39,166
2025-02-17,motokar,HONDA,CIVIC,blue,petrol,Negeri Sembilan,2014,COMPACT,1.8,4,M5,x,8.5,6.6,7.6,37,175
2025-02-17,motokar,HONDA,CIVIC,white,petrol,Rakan Niaga,2014,COMPACT,1.8,4,AV,x,7.9,6.0,7.0,40,161
2025-02-17,motokar,HONDA,CIVIC,white,petrol,Rakan Niaga,2014,COMPACT,1.8,4,AV7,x,8.1,6.2,7.2,39,166
2025-02-17,motokar,HONDA,CIVIC,white,petrol,Rakan Niaga,2014,COMPACT,1.8,4,M5,x,8.5,6.6,7.6,37,175
2025-02-17,motokar,HONDA,CIVIC,grey,petrol,Selangor,2014,COMPACT,1.8,4,AV,x,7.9,6.0,7.0,40,161
2025-02-17,motokar,HONDA,CIVIC,grey,petrol,Selangor,2014,COMPACT,1.8,4,AV7,x,8.1,6.2,7.2,39,166
2025-02-17,motokar,HONDA,CIVIC,grey,petrol,Selangor,2014,COMPACT,1.8,4,M5,x,8.5,6.6,7.6,37,175
2025-02-17,motokar,HONDA,CIVIC,grey,hybrid_petrol,Rakan Niaga,2014,COMPACT,1.8,4,AV,x,7.9,6.0,7.0,40,161
2025-02-17,motokar,HONDA,CIVIC,grey,hybrid_petrol,Rakan Niaga,2014,COMPACT,1.8,4,AV7,x,8.1,6.2,7.2,39,166
2025-02-17,motokar,HONDA,CIVIC,grey,hybrid_petrol,Rakan Niaga,2014,COMPACT,1.8,4,M5,x,8.5,6.6,7.6,37,175
2025-02-17,motokar,HONDA,CIVIC,black,petrol,Pulau Pinang,2014,COMPACT,1.8,4,AV,x,7.9,6.0,7.0,40,161
2025-02-17,motokar,HONDA,CIVIC,black,petrol,Pulau Pinang,2014,COMPACT,1.8,4,AV7,x,8.1,6.2,7.2,39,166
2025-02-17,motokar,HONDA,CIVIC,black,petrol,Pulau Pinang,2014,COMPACT,1.8,4,M5,x,8.5,6.6,7.6,37,175
2025-02-17,motokar,HONDA,CIVIC,red,petrol,Rakan Niaga,2014,COMPACT,1.8,4,AV,x,7.9,6.0,7.0,40,161
2025-02-17,motokar,HONDA,CIVIC,red,petrol,Rakan Niaga,2014,COMPACT,1.8,4,AV7,x,8.1,6.2,7.2,39,166
2025-02-17,motokar,HONDA,CIVIC,red,petrol,Rakan Niaga,2014,COMPACT,1.8,4,M5,x,8.5,6.6,7.6,37,175
2025-02-17,motokar,HONDA,CIVIC,grey,petrol,Rakan Niaga,2014,COMPACT,1.8,4,AV,x,7.9,6.0,7.0,40,161
2025-02-17,motokar,HONDA,CIVIC,grey,petrol,Rakan Niaga,2014,COMPACT,1.8,4,AV7,x,8.1,6.2,7.2,39,166
2025-02-17,motokar,HONDA,CIVIC,grey,petrol,Rakan Niaga,2014,COMPACT,1.8,4,M5,x,8.5,6.6,7.6,37,175
2025-02-17,motokar,HONDA,CIVIC,blue,hybrid_petrol,Rakan Niaga,2014,COMPACT,1.8,4,AV,x,7.9,6.0,7.0,40,161
2025-02-17,motokar,HONDA,CIVIC,blue,hybrid_petrol,Rakan Niaga,2014,COMPACT,1.8,4,AV7,x,8.1,6.2,7.2,39,166
2025-02-17,motokar,HONDA,CIVIC,blue,hybrid_petrol,Rakan Niaga,2014,COMPACT,1.8,4,M5,x,8.5,6.6,7.6,37,175
2025-02-17,motokar,HONDA,CIVIC,black,petrol,Rakan Niaga,2014,COMPACT,1.8,4,AV,x,7.9,6.0,7.0,40,161
2025-02-17,motokar,HONDA,CIVIC,black,petrol,Rakan Niaga,2014,COMPACT,1.8,4,AV7,x,8.1,6.2,7.2,39,166
2025-02-17,motokar,HONDA,CIVIC,black,petrol,Rakan Niaga,2014,COMPACT,1.8,4,M5,x,8.5,6.6,7.6,37,175
2025-02-17,motokar,HONDA,CIVIC,red,petrol,Sarawak,2014,COMPACT,1.8,4,AV,x,7.9,6.0,7.0,40,161
2025-02-17,motokar,HONDA,CIVIC,red,petrol,Sarawak,2014,COMPACT,1.8,4,AV7,x,8.1,6.2,7.2,39,166
2025-02-17,motokar,HONDA,CIVIC,red,petrol,Sarawak,2014,COMPACT,1.8,4,M5,x,8.5,6.6,7.6,37,175
2025-02-17,motokar,HONDA,CIVIC,white,hybrid_petrol,W.P. Kuala Lumpur,2014,COMPACT,1.8,4,AV,x,7.9,6.0,7.0,40,161
2025-02-17,motokar,HONDA,CIVIC,white,hybrid_petrol,W.P. Kuala Lumpur,2014,COMPACT,1.8,4,AV7,x,8.1,6.2,7.2,39,166
2025-02-17,motokar,HONDA,CIVIC,white,hybrid_petrol,W.P. Kuala Lumpur,2014,COMPACT,1.8,4,M5,x,8.5,6.6,7.6,37,175
2025-02-17,motokar,HONDA,CIVIC,white,petrol,Selangor,2014,COMPACT,1.8,4,AV,x,7.9,6.0,7.0,40,161
2025-02-17,motokar,HONDA,CIVIC,white,petrol,Selangor,2014,COMPACT,1.8,4,AV7,x,8.1,6.2,7.2,39,166
2025-02-17,motokar,HONDA,CIVIC,white,petrol,Selangor,2014,COMPACT,1.8,4,M5,x,8.5,6.6,7.6,37,175
2025-02-17,window_van,HONDA,ODYSSEY,black,petrol,W.P. Kuala Lumpur,2014,MINIVAN,3.5,6,A6,x,12.3,8.5,10.6,27,244
2025-02-17,jip,KIA,SORENTO,black,diesel,Rakan Niaga,2014,SUV - SMALL,2.4,4,A6,x,11.8,8.5,10.3,27,237
2025-02-17,jip,KIA,SORENTO,black,diesel,Rakan Niaga,2014,SUV - SMALL,3.3,6,A6,x,12.9,9.5,11.4,25,262
2025-02-17,jip,KIA,SPORTAGE,grey,petrol,W.P. Kuala Lumpur,2014,SUV - SMALL,2.4,4,A6,x,11.4,8.3,10.0,28,230
2025-02-17,jip,KIA,SPORTAGE,grey,petrol,W.P. Kuala Lumpur,2014,SUV - SMALL,2.4,4,M6,x,12.9,9.3,11.3,25,260
2025-02-17,jip,KIA,SPORTAGE,white,petrol,Rakan Niaga,2014,SUV - SMALL,2.4,4,A6,x,11.4,8.3,10.0,28,230
2025-02-17,jip,KIA,SPORTAGE,white,petrol,Rakan Niaga,2014,SUV - SMALL,2.4,4,M6,x,12.9,9.3,11.3,25,260
2025-02-17,jip,KIA,SPORTAGE,blue,petrol,Selangor,2014,SUV - SMALL,2.4,4,A6,x,11.4,8.3,10.0,28,230
2025-02-17,jip,KIA,SPORTAGE,blue,petrol,Selangor,2014,SUV - SMALL,2.4,4,M6,x,12.9,9.3,11.3,25,260
2025-02-17,jip,MAZDA,CX-5,black,petrol,Rakan Niaga,2014,SUV - SMALL,2.0,4,AS6,x,8.9,7.3,8.2,34,189
2025-02-17,jip,MAZDA,CX-5,black,petrol,Rakan Niaga,2014,SUV - SMALL,2.0,4,M6,x,9.0,6.8,8.0,35,184
2025-02-17,jip,MAZDA,CX-5,black,petrol,Rakan Niaga,2014,SUV - SMALL,2.5,4,AS6,x,9.6,7.4,8.6,33,198
2025-02-17,jip,MAZDA,CX-5,gold,petrol,Rakan Niaga,2014,SUV - SMALL,2.0,4,AS6,x,8.9,7.3,8.2,34,189
2025-02-17,jip,MAZDA,CX-5,gold,petrol,Rakan Niaga,2014,SUV - SMALL,2.0,4,M6,x,9.0,6.8,8.0,35,184
2025-02-17,jip,MAZDA,CX-5,gold,petrol,Rakan Niaga,2014,SUV - SMALL,2.5,4,AS6,x,9.6,7.4,8.6,33,198
2025-02-17,jip,MAZDA,CX-5,grey,petrol,Rakan Niaga,2014,SUV - SMALL,2.0,4,AS6,x,8.9,7.3,8.2,34,189
2025-02-17,jip,MAZDA,CX-5,grey,petrol,Rakan Niaga,2014,SUV - SMALL,2.0,4,M6,x,9.0,6.8,8.0,35,184
2025-02-17,jip,MAZDA,CX-5,grey,petrol,Rakan Niaga,2014,SUV - SMALL,2.5,4,AS6,x,9.6,7.4,8.6,33,198
2025-02-17,jip,MAZDA,CX-5,blue,petrol,Rakan Niaga,2014,SUV - SMALL,2.0,4,AS6,x,8.9,7.3,8.2,34,189
2025-02-17,jip,MAZDA,CX-5,blue,petrol,Rakan Niaga,2014,SUV - SMALL,2.0,4,M6,x,9.0,6.8,8.0,35,184
2025-02-17,jip,MAZDA,CX-5,blue,petrol,Rakan Niaga,2014,SUV - SMALL,2.5,4,AS6,x,9.6,7.4,8.6,33,198
2025-02-17,jip,MAZDA,CX-5,red,petrol,Rakan Niaga,2014,SUV - SMALL,2.0,4,AS6,x,8.9,7.3,8.2,34,189
2025-02-17,jip,MAZDA,CX-5,red,petrol,Rakan Niaga,2014,SUV - SMALL,2.0,4,M6,x,9.0,6.8,8.0,35,184
2025-02-17,jip,MAZDA,CX-5,red,petrol,Rakan Niaga,2014,SUV - SMALL,2.5,4,AS6,x,9.6,7.4,8.6,33,198
2025-02-17,jip,MAZDA,CX-5,white,petrol,Selangor,2014,SUV - SMALL,2.0,4,AS6,x,8.9,7.3,8.2,34,189
2025-02-17,jip,MAZDA,CX-5,white,petrol,Selangor,2014,SUV - SMALL,2.0,4,M6,x,9.0,6.8,8.0,35,184
2025-02-17,jip,MAZDA,CX-5,white,petrol,Selangor,2014,SUV - SMALL,2.5,4,AS6,x,9.6,7.4,8.6,33,198
2025-02-17,jip,MAZDA,CX-5,blue,petrol,W.P. Kuala Lumpur,2014,SUV - SMALL,2.0,4,AS6,x,8.9,7.3,8.2,34,189
2025-02-17,jip,MAZDA,CX-5,blue,petrol,W.P. Kuala Lumpur,2014,SUV - SMALL,2.0,4,M6,x,9.0,6.8,8.0,35,184
2025-02-17,jip,MAZDA,CX-5,blue,petrol,W.P. Kuala Lumpur,2014,SUV - SMALL,2.5,4,AS6,x,9.6,7.4,8.6,33,198
2025-02-17,jip,MAZDA,CX-5,grey,petrol,Pulau Pinang,2014,SUV - SMALL,2.0,4,AS6,x,8.9,7.3,8.2,34,189
2025-02-17,jip,MAZDA,CX-5,grey,petrol,Pulau Pinang,2014,SUV - SMALL,2.0,4,M6,x,9.0,6.8,8.0,35,184
2025-02-17,jip,MAZDA,CX-5,grey,petrol,Pulau Pinang,2014,SUV - SMALL,2.5,4,AS6,x,9.6,7.4,8.6,33,198
2025-02-17,motokar,MAZDA,MX-5,white,petrol,Selangor,2014,TWO-SEATER,2.0,4,AS6,z,11.5,8.5,10.2,28,235
2025-02-17,motokar,MAZDA,MX-5,white,petrol,Selangor,2014,TWO-SEATER,2.0,4,M5,z,10.5,8.5,9.6,29,221
2025-02-17,motokar,MAZDA,MX-5,white,petrol,Selangor,2014,TWO-SEATER,2.0,4,M6,z,11.1,8.4,9.9,29,228
2025-02-17,motokar,NISSAN,GT-R,white,petrol,Sarawak,2014,SUBCOMPACT,3.8,6,AM6,z,14.5,10.9,12.9,22,297
2025-02-17,jip,PORSCHE,CAYENNE,white,petrol,Rakan Niaga,2014,SUV - STANDARD,3.6,6,A8,z,13.6,10.1,12.0,24,276
2025-02-17,jip,PORSCHE,CAYENNE,white,petrol,Rakan Niaga,2014,SUV - STANDARD,3.6,6,M6,z,15.8,10.9,13.6,21,313
2025-02-17,motokar,TOYOTA,YARIS,white,petrol,Rakan Niaga,2014,COMPACT,1.5,4,A4,x,7.9,6.6,7.3,39,168
2025-02-17,motokar,TOYOTA,YARIS,white,petrol,Rakan Niaga,2014,COMPACT,1.5,4,M5,x,7.8,6.3,7.1,40,163
2025-02-17,motokar,TOYOTA,YARIS,red,petrol,Selangor,2014,COMPACT,1.5,4,A4,x,7.9,6.6,7.3,39,168
2025-02-17,motokar,TOYOTA,YARIS,red,petrol,Selangor,2014,COMPACT,1.5,4,M5,x,7.8,6.3,7.1,40,163
2025-02-17,motokar,TOYOTA,YARIS,red,petrol,Rakan Niaga,2014,COMPACT,1.5,4,A4,x,7.9,6.6,7.3,39,168
2025-02-17,motokar,TOYOTA,YARIS,red,petrol,Rakan Niaga,2014,COMPACT,1.5,4,M5,x,7.8,6.3,7.1,40,163
2025-02-17,motokar,TOYOTA,YARIS,silver,petrol,Rakan Niaga,2014,COMPACT,1.5,4,A4,x,7.9,6.6,7.3,39,168
2025-02-17,motokar,TOYOTA,YARIS,silver,petrol,Rakan Niaga,2014,COMPACT,1.5,4,M5,x,7.8,6.3,7.1,40,163
2025-02-17,jip,VOLKSWAGEN,TIGUAN,grey,petrol,Rakan Niaga,2014,SUV - SMALL,2.0,4,A6,z,11.7,9.5,10.7,26,246
2025-02-17,jip,VOLKSWAGEN,TIGUAN,grey,petrol,Rakan Niaga,2014,SUV - SMALL,2.0,4,M6,z,13.6,9.2,11.6,24,267
2025-02-17,jip,VOLKSWAGEN,TIGUAN,blue,petrol,W.P. Kuala Lumpur,2014,SUV - SMALL,2.0,4,A6,z,11.7,9.5,10.7,26,246
2025-02-17,jip,VOLKSWAGEN,TIGUAN,blue,petrol,W.P. Kuala Lumpur,2014,SUV - SMALL,2.0,4,M6,z,13.6,9.2,11.6,24,267
2025-02-17,jip,VOLKSWAGEN,TOUAREG,white,petrol,Rakan Niaga,2014,SUV - STANDARD,3.6,6,AS8,z,13.8,10.3,12.2,23,281
2025-02-18,jip,HONDA,CR-V,white,petrol,Rakan Niaga,2014,SUV - SMALL,2.4,4,A5,x,10.3,7.6,9.1,31,209
2025-02-18,jip,HONDA,CR-V,blue,petrol,Rakan Niaga,2014,SUV - SMALL,2.4,4,A5,x,10.3,7.6,9.1,31,209
2025-02-18,jip,HONDA,CR-V,grey,petrol,Rakan Niaga,2014,SUV - SMALL,2.4,4,A5,x,10.3,7.6,9.1,31,209
2025-02-18,jip,HONDA,CR-V,grey,hybrid_petrol,Rakan Niaga,2014,SUV - SMALL,2.4,4,A5,x,10.3,7.6,9.1,31,209
2025-02-18,jip,HONDA,CR-V,blue,hybrid_petrol,Rakan Niaga,2014,SUV - SMALL,2.4,4,A5,x,10.3,7.6,9.1,31,209
2025-02-18,jip,HONDA,CR-V,silver,hybrid_petrol,Rakan Niaga,2014,SUV - SMALL,2.4,4,A5,x,10.3,7.6,9.1,31,209
2025-02-18,jip,HONDA,CR-V,red,hybrid_petrol,Rakan Niaga,2014,SUV - SMALL,2.4,4,A5,x,10.3,7.6,9.1,31,209
2025-02-18,jip,HONDA,CR-V,silver,petrol,Rakan Niaga,2014,SUV - SMALL,2.4,4,A5,x,10.3,7.6,9.1,31,209
2025-02-18,jip,HONDA,CR-V,red,petrol,Rakan Niaga,2014,SUV - SMALL,2.4,4,A5,x,10.3,7.6,9.1,31,209
2025-02-18,jip,HONDA,CR-V,grey,petrol,Perak,2014,SUV - SMALL,2.4,4,A5,x,10.3,7.6,9.1,31,209
2025-02-18,jip,HONDA,CR-V,grey,petrol,Pulau Pinang,2014,SUV - SMALL,2.4,4,A5,x,10.3,7.6,9.1,31,209
2025-02-18,motokar,HONDA,CIVIC,white,petrol,Rakan Niaga,2014,COMPACT,1.8,4,AV,x,7.9,6.0,7.0,40,161
2025-02-18,motokar,HONDA,CIVIC,white,petrol,Rakan Niaga,2014,COMPACT,1.8,4,AV7,x,8.1,6.2,7.2,39,166
2025-02-18,motokar,HONDA,CIVIC,white,petrol,Rakan Niaga,2014,COMPACT,1.8,4,M5,x,8.5,6.6,7.6,37,175
2025-02-18,motokar,HONDA,CIVIC,red,petrol,Rakan Niaga,2014,COMPACT,1.8,4,AV,x,7.9,6.0,7.0,40,161
2025-02-18,motokar,HONDA,CIVIC,red,petrol,Rakan Niaga,2014,COMPACT,1.8,4,AV7,x,8.1,6.2,7.2,39,166
2025-02-18,motokar,HONDA,CIVIC,red,petrol,Rakan Niaga,2014,COMPACT,1.8,4,M5,x,8.5,6.6,7.6,37,175
2025-02-18,motokar,HONDA,CIVIC,blue,petrol,Rakan Niaga,2014,COMPACT,1.8,4,AV,x,7.9,6.0,7.0,40,161
2025-02-18,motokar,HONDA,CIVIC,blue,petrol,Rakan Niaga,2014,COMPACT,1.8,4,AV7,x,8.1,6.2,7.2,39,166
2025-02-18,motokar,HONDA,CIVIC,blue,petrol,Rakan Niaga,2014,COMPACT,1.8,4,M5,x,8.5,6.6,7.6,37,175
2025-02-18,motokar,HONDA,CIVIC,grey,petrol,Rakan Niaga,2014,COMPACT,1.8,4,AV,x,7.9,6.0,7.0,40,161
2025-02-18,motokar,HONDA,CIVIC,grey,petrol,Rakan Niaga,2014,COMPACT,1.8,4,AV7,x,8.1,6.2,7.2,39,166
2025-02-18,motokar,HONDA,CIVIC,grey,petrol,Rakan Niaga,2014,COMPACT,1.8,4,M5,x,8.5,6.6,7.6,37,175
2025-02-18,motokar,HONDA,CIVIC,white,petrol,W.P. Kuala Lumpur,2014,COMPACT,1.8,4,AV,x,7.9,6.0,7.0,40,161
2025-02-18,motokar,HONDA,CIVIC,white,petrol,W.P. Kuala Lumpur,2014,COMPACT,1.8,4,AV7,x,8.1,6.2,7.2,39,166
2025-02-18,motokar,HONDA,CIVIC,white,petrol,W.P. Kuala Lumpur,2014,COMPACT,1.8,4,M5,x,8.5,6.6,7.6,37,175
2025-02-18,motokar,HONDA,CIVIC,red,petrol,W.P. Kuala Lumpur,2014,COMPACT,1.8,4,AV,x,7.9,6.0,7.0,40,161
2025-02-18,motokar,HONDA,CIVIC,red,petrol,W.P. Kuala Lumpur,2014,COMPACT,1.8,4,AV7,x,8.1,6.2,7.2,39,166
2025-02-18,motokar,HONDA,CIVIC,red,petrol,W.P. Kuala Lumpur,2014,COMPACT,1.8,4,M5,x,8.5,6.6,7.6,37,175
2025-02-18,motokar,HONDA,CIVIC,grey,petrol,W.P. Kuala Lumpur,2014,COMPACT,1.8,4,AV,x,7.9,6.0,7.0,40,161
2025-02-18,motokar,HONDA,CIVIC,grey,petrol,W.P. Kuala Lumpur,2014,COMPACT,1.8,4,AV7,x,8.1,6.2,7.2,39,166
2025-02-18,motokar,HONDA,CIVIC,grey,petrol,W.P. Kuala Lumpur,2014,COMPACT,1.8,4,M5,x,8.5,6.6,7.6,37,175
2025-02-18,motokar,HONDA,CIVIC,black,petrol,Rakan Niaga,2014,COMPACT,1.8,4,AV,x,7.9,6.0,7.0,40,161
2025-02-18,motokar,HONDA,CIVIC,black,petrol,Rakan Niaga,2014,COMPACT,1.8,4,AV7,x,8.1,6.2,7.2,39,166
2025-02-18,motokar,HONDA,CIVIC,black,petrol,Rakan Niaga,2014,COMPACT,1.8,4,M5,x,8.5,6.6,7.6,37,175
2025-02-18,motokar,HONDA,CIVIC,black,petrol,Johor,2014,COMPACT,1.8,4,AV,x,7.9,6.0,7.0,40,161
2025-02-18,motokar,HONDA,CIVIC,black,petrol,Johor,2014,COMPACT,1.8,4,AV7,x,8.1,6.2,7.2,39,166
2025-02-18,motokar,HONDA,CIVIC,black,petrol,Johor,2014,COMPACT,1.8,4,M5,x,8.5,6.6,7.6,37,175
2025-02-18,motokar,HONDA,CIVIC,blue,hybrid_petrol,Rakan Niaga,2014,COMPACT,1.8,4,AV,x,7.9,6.0,7.0,40,161
2025-02-18,motokar,HONDA,CIVIC,blue,hybrid_petrol,Rakan Niaga,2014,COMPACT,1.8,4,AV7,x,8.1,6.2,7.2,39,166
2025-02-18,motokar,HONDA,CIVIC,blue,hybrid_petrol,Rakan Niaga,2014,COMPACT,1.8,4,M5,x,8.5,6.6,7.6,37,175
2025-02-18,motokar,HONDA,CIVIC,blue,petrol,Perlis,2014,COMPACT,1.8,4,AV,x,7.9,6.0,7.0,40,161
2025-02-18,motokar,HONDA,CIVIC,blue,petrol,Perlis,2014,COMPACT,1.8,4,AV7,x,8.1,6.2,7.2,39,166
2025-02-18,motokar,HONDA,CIVIC,blue,petrol,Perlis,2014,COMPACT,1.8,4,M5,x,8.5,6.6,7.6,37,175
2025-02-18,motokar,HONDA,CIVIC,red,petrol,Johor,2014,COMPACT,1.8,4,AV,x,7.9,6.0,7.0,40,161
2025-02-18,motokar,HONDA,CIVIC,red,petrol,Johor,2014,COMPACT,1.8,4,AV7,x,8.1,6.2,7.2,39,166
2025-02-18,motokar,HONDA,CIVIC,red,petrol,Johor,2014,COMPACT,1.8,4,M5,x,8.5,6.6,7.6,37,175
2025-02-18,motokar,HONDA,CIVIC,white,hybrid_petrol,Johor,2014,COMPACT,1.8,4,AV,x,7.9,6.0,7.0,40,161
2025-02-18,motokar,HONDA,CIVIC,white,hybrid_petrol,Johor,2014,COMPACT,1.8,4,AV7,x,8.1,6.2,7.2,39,166
2025-02-18,motokar,HONDA,CIVIC,white,hybrid_petrol,Johor,2014,COMPACT,1.8,4,M5,x,8.5,6.6,7.6,37,175
2025-02-18,motokar,HONDA,CIVIC,white,petrol,Johor,2014,COMPACT,1.8,4,AV,x,7.9,6.0,7.0,40,161
2025-02-18,motokar,HONDA,CIVIC,white,petrol,Johor,2014,COMPACT,1.8,4,AV7,x,8.1,6.2,7.2,39,166
2025-02-18,motokar,HONDA,CIVIC,white,petrol,Johor,2014,COMPACT,1.8,4,M5,x,8.5,6.6,7.6,37,175
2025-02-18,motokar,HONDA,CIVIC,blue,petrol,W.P. Kuala Lumpur,2014,COMPACT,1.8,4,AV,x,7.9,6.0,7.0,40,161
2025-02-18,motokar,HONDA,CIVIC,blue,petrol,W.P. Kuala Lumpur,2014,COMPACT,1.8,4,AV7,x,8.1,6.2,7.2,39,166
2025-02-18,motokar,HONDA,CIVIC,blue,petrol,W.P. Kuala Lumpur,2014,COMPACT,1.8,4,M5,x,8.5,6.6,7.6,37,175
2025-02-18,motokar,HONDA,CIVIC,white,petrol,Perak,2014,COMPACT,1.8,4,AV,x,7.9,6.0,7.0,40,161
2025-02-18,motokar,HONDA,CIVIC,white,petrol,Perak,2014,COMPACT,1.8,4,AV7,x,8.1,6.2,7.2,39,166
2025-02-18,motokar,HONDA,CIVIC,white,petrol,Perak,2014,COMPACT,1.8,4,M5,x,8.5,6.6,7.6,37,175
2025-02-18,motokar,HONDA,CIVIC,white,hybrid_petrol,Rakan Niaga,2014,COMPACT,1.8,4,AV,x,7.9,6.0,7.0,40,161
2025-02-18,motokar,HONDA,CIVIC,white,hybrid_petrol,Rakan Niaga,2014,COMPACT,1.8,4,AV7,x,8.1,6.2,7.2,39,166
2025-02-18,motokar,HONDA,CIVIC,white,hybrid_petrol,Rakan Niaga,2014,COMPACT,1.8,4,M5,x,8.5,6.6,7.6,37,175
2025-02-18,window_van,HONDA,ODYSSEY,black,petrol,Rakan Niaga,2014,MINIVAN,3.5,6,A6,x,12.3,8.5,10.6,27,244
2025-02-18,jip,MAZDA,CX-5,blue,petrol,Rakan Niaga,2014,SUV - SMALL,2.0,4,AS6,x,8.9,7.3,8.2,34,189
2025-02-18,jip,MAZDA,CX-5,blue,petrol,Rakan Niaga,2014,SUV - SMALL,2.0,4,M6,x,9.0,6.8,8.0,35,184
2025-02-18,jip,MAZDA,CX-5,blue,petrol,Rakan Niaga,2014,SUV - SMALL,2.5,4,AS6,x,9.6,7.4,8.6,33,198
2025-02-18,jip,MAZDA,CX-5,black,petrol,Rakan Niaga,2014,SUV - SMALL,2.0,4,AS6,x,8.9,7.3,8.2,34,189
2025-02-18,jip,MAZDA,CX-5,black,petrol,Rakan Niaga,2014,SUV - SMALL,2.0,4,M6,x,9.0,6.8,8.0,35,184
2025-02-18,jip,MAZDA,CX-5,black,petrol,Rakan Niaga,2014,SUV - SMALL,2.5,4,AS6,x,9.6,7.4,8.6,33,198
2025-02-18,jip,MAZDA,CX-5,grey,petrol,Rakan Niaga,2014,SUV - SMALL,2.0,4,AS6,x,8.9,7.3,8.2,34,189
2025-02-18,jip,MAZDA,CX-5,grey,petrol,Rakan Niaga,2014,SUV - SMALL,2.0,4,M6,x,9.0,6.8,8.0,35,184
2025-02-18,jip,MAZDA,CX-5,grey,petrol,Rakan Niaga,2014,SUV - SMALL,2.5,4,AS6,x,9.6,7.4,8.6,33,198
2025-02-18,jip,MAZDA,CX-5,gold,petrol,Rakan Niaga,2014,SUV - SMALL,2.0,4,AS6,x,8.9,7.3,8.2,34,189
2025-02-18,jip,MAZDA,CX-5,gold,petrol,Rakan Niaga,2014,SUV - SMALL,2.0,4,M6,x,9.0,6.8,8.0,35,184
2025-02-18,jip,MAZDA,CX-5,gold,petrol,Rakan Niaga,2014,SUV - SMALL,2.5,4,AS6,x,9.6,7.4,8.6,33,198
2025-02-18,jip,MAZDA,CX-5,black,petrol,Sarawak,2014,SUV - SMALL,2.0,4,AS6,x,8.9,7.3,8.2,34,189
2025-02-18,jip,MAZDA,CX-5,black,petrol,Sarawak,2014,SUV - SMALL,2.0,4,M6,x,9.0,6.8,8.0,35,184
2025-02-18,jip,MAZDA,CX-5,black,petrol,Sarawak,2014,SUV - SMALL,2.5,4,AS6,x,9.6,7.4,8.6,33,198
2025-02-18,jip,MAZDA,CX-5,red,petrol,Rakan Niaga,2014,SUV - SMALL,2.0,4,AS6,x,8.9,7.3,8.2,34,189
2025-02-18,jip,MAZDA,CX-5,red,petrol,Rakan Niaga,2014,SUV - SMALL,2.0,4,M6,x,9.0,6.8,8.0,35,184
2025-02-18,jip,MAZDA,CX-5,red,petrol,Rakan Niaga,2014,SUV - SMALL,2.5,4,AS6,x,9.6,7.4,8.6,33,198
2025-02-18,motokar,MAZDA,MX-5,white,petrol,Rakan Niaga,2014,TWO-SEATER,2.0,4,AS6,z,11.5,8.5,10.2,28,235
2025-02-18,motokar,MAZDA,MX-5,white,petrol,Rakan Niaga,2014,TWO-SEATER,2.0,4,M5,z,10.5,8.5,9.6,29,221
2025-02-18,motokar,MAZDA,MX-5,white,petrol,Rakan Niaga,2014,TWO-SEATER,2.0,4,M6,z,11.1,8.4,9.9,29,228
2025-02-18,motokar,NISSAN,GT-R,black,petrol,W.P. Kuala Lumpur,2014,SUBCOMPACT,3.8,6,AM6,z,14.5,10.9,12.9,22,297
2025-02-18,motokar,PORSCHE,911 CARRERA,grey,petrol,W.P. Kuala Lumpur,2014,MINICOMPACT,3.4,6,AM7,z,11.6,8.3,10.1,28,232
2025-02-18,motokar,PORSCHE,911 CARRERA,grey,petrol,W.P. Kuala Lumpur,2014,MINICOMPACT,3.4,6,M7,z,12.5,8.6,10.7,26,246
2025-02-18,jip,PORSCHE,CAYENNE,white,petrol,Johor,2014,SUV - STANDARD,3.6,6,A8,z,13.6,10.1,12.0,24,276
2025-02-18,jip,PORSCHE,CAYENNE,white,petrol,Johor,2014,SUV - STANDARD,3.6,6,M6,z,15.8,10.9,13.6,21,313
2025-02-18,jip,PORSCHE,CAYENNE,grey,petrol,Rakan Niaga,2014,SUV - STANDARD,3.6,6,A8,z,13.6,10.1,12.0,24,276
2025-02-18,jip,PORSCHE,CAYENNE,grey,petrol,Rakan Niaga,2014,SUV - STANDARD,3.6,6,M6,z,15.8,10.9,13.6,21,313
2025-02-18,motokar,SUBARU,BRZ,blue,petrol,W.P. Kuala Lumpur,2014,MINICOMPACT,2.0,4,AS6,z,9.6,7.1,8.5,33,196
2025-02-18,motokar,SUBARU,BRZ,blue,petrol,W.P. Kuala Lumpur,2014,MINICOMPACT,2.0,4,M6,z,11.0,7.9,9.6,29,221
2025-02-18,motokar,TOYOTA,YARIS,red,petrol,Rakan Niaga,2014,COMPACT,1.5,4,A4,x,7.9,6.6,7.3,39,168
2025-02-18,motokar,TOYOTA,YARIS,red,petrol,Rakan Niaga,2014,COMPACT,1.5,4,M5,x,7.8,6.3,7.1,40,163
2025-02-18,motokar,TOYOTA,YARIS,silver,petrol,Rakan Niaga,2014,COMPACT,1.5,4,A4,x,7.9,6.6,7.3,39,168
2025-02-18,motokar,TOYOTA,YARIS,silver,petrol,Rakan Niaga,2014,COMPACT,1.5,4,M5,x,7.8,6.3,7.1,40,163
2025-02-18,motokar,TOYOTA,YARIS,white,petrol,Rakan Niaga,2014,COMPACT,1.5,4,A4,x,7.9,6.6,7.3,39,168
2025-02-18,motokar,TOYOTA,YARIS,white,petrol,Rakan Niaga,2014,COMPACT,1.5,4,M5,x,7.8,6.3,7.1,40,163
2025-02-18,jip,VOLKSWAGEN,TIGUAN,black,petrol,Rakan Niaga,2014,SUV - SMALL,2.0,4,A6,z,11.7,9.5,10.7,26,246
2025-02-18,jip,VOLKSWAGEN,TIGUAN,black,petrol,Rakan Niaga,2014,SUV - SMALL,2.0,4,M6,z,13.6,9.2,11.6,24,267
2025-02-18,jip,VOLKSWAGEN,TIGUAN,grey,petrol,Kedah,2014,SUV - SMALL,2.0,4,A6,z,11.7,9.5,10.7,26,246
2025-02-18,jip,VOLKSWAGEN,TIGUAN,grey,petrol,Kedah,2014,SUV - SMALL,2.0,4,M6,z,13.6,9.2,11.6,24,267
2025-02-18,jip,VOLKSWAGEN,TIGUAN,grey,petrol,Rakan Niaga,2014,SUV - SMALL,2.0,4,A6,z,11.7,9.5,10.7,26,246
2025-02-18,jip,VOLKSWAGEN,TIGUAN,grey,petrol,Rakan Niaga,2014,SUV - SMALL,2.0,4,M6,z,13.6,9.2,11.6,24,267
2025-02-19,jip,HONDA,CR-V,silver,petrol,Rakan Niaga,2014,SUV - SMALL,2.4,4,A5,x,10.3,7.6,9.1,31,209
2025-02-19,jip,HONDA,CR-V,blue,petrol,Selangor,2014,SUV - SMALL,2.4,4,A5,x,10.3,7.6,9.1,31,209
2025-02-19,jip,HONDA,CR-V,white,petrol,Rakan Niaga,2014,SUV - SMALL,2.4,4,A5,x,10.3,7.6,9.1,31,209
2025-02-19,jip,HONDA,CR-V,red,petrol,Rakan Niaga,2014,SUV - SMALL,2.4,4,A5,x,10.3,7.6,9.1,31,209
2025-02-19,jip,HONDA,CR-V,grey,petrol,Rakan Niaga,2014,SUV - SMALL,2.4,4,A5,x,10.3,7.6,9.1,31,209
2025-02-19,jip,HONDA,CR-V,blue,petrol,Terengganu,2014,SUV - SMALL,2.4,4,A5,x,10.3,7.6,9.1,31,209
2025-02-19,jip,HONDA,CR-V,blue,petrol,Rakan Niaga,2014,SUV - SMALL,2.4,4,A5,x,10.3,7.6,9.1,31,209
2025-02-19,jip,HONDA,CR-V,blue,hybrid_petrol,Rakan Niaga,2014,SUV - SMALL,2.4,4,A5,x,10.3,7.6,9.1,31,209
2025-02-19,jip,HONDA,CR-V,silver,hybrid_petrol,W.P. Kuala Lumpur,2014,SUV - SMALL,2.4,4,A5,x,10.3,7.6,9.1,31,209
2025-02-19,jip,HONDA,CR-V,blue,hybrid_petrol,W.P. Kuala Lumpur,2014,SUV - SMALL,2.4,4,A5,x,10.3,7.6,9.1,31,209
2025-02-19,jip,HONDA,CR-V,grey,petrol,Johor,2014,SUV - SMALL,2.4,4,A5,x,10.3,7.6,9.1,31,209
2025-02-19,jip,HONDA,CR-V,white,hybrid_petrol,Rakan Niaga,2014,SUV - SMALL,2.4,4,A5,x,10.3,7.6,9.1,31,209
2025-02-19,jip,HONDA,CR-V,grey,hybrid_petrol,W.P. Kuala Lumpur,2014,SUV - SMALL,2.4,4,A5,x,10.3,7.6,9.1,31,209
2025-02-19,motokar,HONDA,CIVIC,black,petrol,W.P. Kuala Lumpur,2014,COMPACT,1.8,4,AV,x,7.9,6.0,7.0,40,161
2025-02-19,motokar,HONDA,CIVIC,black,petrol,W.P. Kuala Lumpur,2014,COMPACT,1.8,4,AV7,x,8.1,6.2,7.2,39,166
2025-02-19,motokar,HONDA,CIVIC,black,petrol,W.P. Kuala Lumpur,2014,COMPACT,1.8,4,M5,x,8.5,6.6,7.6,37,175
2025-02-19,motokar,HONDA,CIVIC,blue,petrol,Rakan Niaga,2014,COMPACT,1.8,4,AV,x,7.9,6.0,7.0,40,161
2025-02-19,motokar,HONDA,CIVIC,blue,petrol,Rakan Niaga,2014,COMPACT,1.8,4,AV7,x,8.1,6.2,7.2,39,166
2025-02-19,motokar,HONDA,CIVIC,blue,petrol,Rakan Niaga,2014,COMPACT,1.8,4,M5,x,8.5,6.6,7.6,37,175
2025-02-19,motokar,HONDA,CIVIC,white,petrol,Rakan Niaga,2014,COMPACT,1.8,4,AV,x,7.9,6.0,7.0,40,161
2025-02-19,motokar,HONDA,CIVIC,white,petrol,Rakan Niaga,2014,COMPACT,1.8,4,AV7,x,8.1,6.2,7.2,39,166
2025-02-19,motokar,HONDA,CIVIC,white,petrol,Rakan Niaga,2014,COMPACT,1.8,4,M5,x,8.5,6.6,7.6,37,175
2025-02-19,motokar,HONDA,CIVIC,red,petrol,W.P. Kuala Lumpur,2014,COMPACT,1.8,4,AV,x,7.9,6.0,7.0,40,161
2025-02-19,motokar,HONDA,CIVIC,red,petrol,W.P. Kuala Lumpur,2014,COMPACT,1.8,4,AV7,x,8.1,6.2,7.2,39,166
2025-02-19,motokar,HONDA,CIVIC,red,petrol,W.P. Kuala Lumpur,2014,COMPACT,1.8,4,M5,x,8.5,6.6,7.6,37,175
2025-02-19,motokar,HONDA,CIVIC,red,petrol,Rakan Niaga,2014,COMPACT,1.8,4,AV,x,7.9,6.0,7.0,40,161
2025-02-19,motokar,HONDA,CIVIC,red,petrol,Rakan Niaga,2014,COMPACT,1.8,4,AV7,x,8.1,6.2,7.2,39,166
2025-02-19,motokar,HONDA,CIVIC,red,petrol,Rakan Niaga,2014,COMPACT,1.8,4,M5,x,8.5,6.6,7.6,37,175
2025-02-19,motokar,HONDA,CIVIC,black,petrol,Rakan Niaga,2014,COMPACT,1.8,4,AV,x,7.9,6.0,7.0,40,161
2025-02-19,motokar,HONDA,CIVIC,black,petrol,Rakan Niaga,2014,COMPACT,1.8,4,AV7,x,8.1,6.2,7.2,39,166
2025-02-19,motokar,HONDA,CIVIC,black,petrol,Rakan Niaga,2014,COMPACT,1.8,4,M5,x,8.5,6.6,7.6,37,175
2025-02-19,motokar,HONDA,CIVIC,grey,petrol,Rakan Niaga,2014,COMPACT,1.8,4,AV,x,7.9,6.0,7.0,40,161
2025-02-19,motokar,HONDA,CIVIC,grey,petrol,Rakan Niaga,2014,COMPACT,1.8,4,AV7,x,8.1,6.2,7.2,39,166
2025-02-19,motokar,HONDA,CIVIC,grey,petrol,Rakan Niaga,2014,COMPACT,1.8,4,M5,x,8.5,6.6,7.6,37,175
2025-02-19,motokar,HONDA,CIVIC,blue,hybrid_petrol,Rakan Niaga,2014,COMPACT,1.8,4,AV,x,7.9,6.0,7.0,40,161
2025-02-19,motokar,HONDA,CIVIC,blue,hybrid_petrol,Rakan Niaga,2014,COMPACT,1.8,4,AV7,x,8.1,6.2,7.2,39,166
2025-02-19,motokar,HONDA,CIVIC,blue,hybrid_petrol,Rakan Niaga,2014,COMPACT,1.8,4,M5,x,8.5,6.6,7.6,37,175
2025-02-19,motokar,HONDA,CIVIC,blue,petrol,Selangor,2014,COMPACT,1.8,4,AV,x,7.9,6.0,7.0,40,161
2025-02-19,motokar,HONDA,CIVIC,blue,petrol,Selangor,2014,COMPACT,1.8,4,AV7,x,8.1,6.2,7.2,39,166
2025-02-19,motokar,HONDA,CIVIC,blue,petrol,Selangor,2014,COMPACT,1.8,4,M5,x,8.5,6.6,7.6,37,175
2025-02-19,motokar,HONDA,CIVIC,blue,petrol,Pulau Pinang,2014,COMPACT,1.8,4,AV,x,7.9,6.0,7.0,40,161
2025-02-19,motokar,HONDA,CIVIC,blue,petrol,Pulau Pinang,2014,COMPACT,1.8,4,AV7,x,8.1,6.2,7.2,39,166
2025-02-19,motokar,HONDA,CIVIC,blue,petrol,Pulau Pinang,2014,COMPACT,1.8,4,M5,x,8.5,6.6,7.6,37,175
2025-02-19,motokar,HONDA,CIVIC,white,petrol,W.P. Kuala Lumpur,2014,COMPACT,1.8,4,AV,x,7.9,6.0,7.0,40,161
2025-02-19,motokar,HONDA,CIVIC,white,petrol,W.P. Kuala Lumpur,2014,COMPACT,1.8,4,AV7,x,8.1,6.2,7.2,39,166
2025-02-19,motokar,HONDA,CIVIC,white,petrol,W.P. Kuala Lumpur,2014,COMPACT,1.8,4,M5,x,8.5,6.6,7.6,37,175
2025-02-19,motokar,HONDA,CIVIC,white,petrol,Kedah,2014,COMPACT,1.8,4,AV,x,7.9,6.0,7.0,40,161
2025-02-19,motokar,HONDA,CIVIC,white,petrol,Kedah,2014,COMPACT,1.8,4,AV7,x,8.1,6.2,7.2,39,166
2025-02-19,motokar,HONDA,CIVIC,white,petrol,Kedah,2014,COMPACT,1.8,4,M5,x,8.5,6.6,7.6,37,175
2025-02-19,window_van,HONDA,ODYSSEY,black,petrol,Rakan Niaga,2014,MINIVAN,3.5,6,A6,x,12.3,8.5,10.6,27,244
2025-02-19,jip,HYUNDAI,SANTA FE,white,hybrid_petrol,Rakan Niaga,2014,SUV - SMALL,3.3,6,A6,x,13.0,9.1,11.2,25,258
2025-02-19,jip,KIA,SPORTAGE,blue,petrol,Rakan Niaga,2014,SUV - SMALL,2.4,4,A6,x,11.4,8.3,10.0,28,230
2025-02-19,jip,KIA,SPORTAGE,blue,petrol,Rakan Niaga,2014,SUV - SMALL,2.4,4,M6,x,12.9,9.3,11.3,25,260
2025-02-19,jip,MAZDA,CX-5,blue,petrol,Rakan Niaga,2014,SUV - SMALL,2.0,4,AS6,x,8.9,7.3,8.2,34,189
2025-02-19,jip,MAZDA,CX-5,blue,petrol,Rakan Niaga,2014,SUV - SMALL,2.0,4,M6,x,9.0,6.8,8.0,35,184
2025-02-19,jip,MAZDA,CX-5,blue,petrol,Rakan Niaga,2014,SUV - SMALL,2.5,4,AS6,x,9.6,7.4,8.6,33,198
2025-02-19,jip,MAZDA,CX-5,gold,petrol,Rakan Niaga,2014,SUV - SMALL,2.0,4,AS6,x,8.9,7.3,8.2,34,189
2025-02-19,jip,MAZDA,CX-5,gold,petrol,Rakan Niaga,2014,SUV - SMALL,2.0,4,M6,x,9.0,6.8,8.0,35,184
2025-02-19,jip,MAZDA,CX-5,gold,petrol,Rakan Niaga,2014,SUV - SMALL,2.5,4,AS6,x,9.6,7.4,8.6,33,198
2025-02-19,jip,MAZDA,CX-5,red,petrol,Rakan Niaga,2014,SUV - SMALL,2.0,4,AS6,x,8.9,7.3,8.2,34,189
2025-02-19,jip,MAZDA,CX-5,red,petrol,Rakan Niaga,2014,SUV - SMALL,2.0,4,M6,x,9.0,6.8,8.0,35,184
2025-02-19,jip,MAZDA,CX-5,red,petrol,Rakan Niaga,2014,SUV - SMALL,2.5,4,AS6,x,9.6,7.4,8.6,33,198
2025-02-19,jip,MAZDA,CX-5,gold,petrol,Pahang,2014,SUV - SMALL,2.0,4,AS6,x,8.9,7.3,8.2,34,189
2025-02-19,jip,MAZDA,CX-5,gold,petrol,Pahang,2014,SUV - SMALL,2.0,4,M6,x,9.0,6.8,8.0,35,184
2025-02-19,jip,MAZDA,CX-5,gold,petrol,Pahang,2014,SUV - SMALL,2.5,4,AS6,x,9.6,7.4,8.6,33,198
2025-02-19,jip,MAZDA,CX-5,grey,petrol,Rakan Niaga,2014,SUV - SMALL,2.0,4,AS6,x,8.9,7.3,8.2,34,189
2025-02-19,jip,MAZDA,CX-5,grey,petrol,Rakan Niaga,2014,SUV - SMALL,2.0,4,M6,x,9.0,6.8,8.0,35,184
2025-02-19,jip,MAZDA,CX-5,grey,petrol,Rakan Niaga,2014,SUV - SMALL,2.5,4,AS6,x,9.6,7.4,8.6,33,198
2025-02-19,motokar,MAZDA,MX-5,maroon,petrol,Rakan Niaga,2014,TWO-SEATER,2.0,4,AS6,z,11.5,8.5,10.2,28,235
2025-02-19,motokar,MAZDA,MX-5,maroon,petrol,Rakan Niaga,2014,TWO-SEATER,2.0,4,M5,z,10.5,8.5,9.6,29,221
2025-02-19,motokar,MAZDA,MX-5,maroon,petrol,Rakan Niaga,2014,TWO-SEATER,2.0,4,M6,z,11.1,8.4,9.9,29,228
2025-02-19,motokar,MAZDA,MX-5,black,petrol,W.P. Kuala Lumpur,2014,TWO-SEATER,2.0,4,AS6,z,11.5,8.5,10.2,28,235
2025-02-19,motokar,MAZDA,MX-5,black,petrol,W.P. Kuala Lumpur,2014,TWO-SEATER,2.0,4,M5,z,10.5,8.5,9.6,29,221
2025-02-19,motokar,MAZDA,MX-5,black,petrol,W.P. Kuala Lumpur,2014,TWO-SEATER,2.0,4,M6,z,11.1,8.4,9.9,29,228
2025-02-19,jip,PORSCHE,CAYENNE,grey,petrol,Rakan Niaga,2014,SUV - STANDARD,3.6,6,A8,z,13.6,10.1,12.0,24,276
2025-02-19,jip,PORSCHE,CAYENNE,grey,petrol,Rakan Niaga,2014,SUV - STANDARD,3.6,6,M6,z,15.8,10.9,13.6,21,313
2025-02-19,motokar,TOYOTA,YARIS,red,petrol,Rakan Niaga,2014,COMPACT,1.5,4,A4,x,7.9,6.6,7.3,39,168
2025-02-19,motokar,TOYOTA,YARIS,red,petrol,Rakan Niaga,2014,COMPACT,1.5,4,M5,x,7.8,6.3,7.1,40,163
2025-02-19,motokar,TOYOTA,YARIS,silver,petrol,Rakan Niaga,2014,COMPACT,1.5,4,A4,x,7.9,6.6,7.3,39,168
2025-02-19,motokar,TOYOTA,YARIS,silver,petrol,Rakan Niaga,2014,COMPACT,1.5,4,M5,x,7.8,6.3,7.1,40,163
2025-02-19,motokar,TOYOTA,YARIS,white,petrol,Rakan Niaga,2014,COMPACT,1.5,4,A4,x,7.9,6.6,7.3,39,168
2025-02-19,motokar,TOYOTA,YARIS,white,petrol,Rakan Niaga,2014,COMPACT,1.5,4,M5,x,7.8,6.3,7.1,40,163
2025-02-19,jip,VOLKSWAGEN,TIGUAN,black,petrol,Rakan Niaga,2014,SUV - SMALL,2.0,4,A6,z,11.7,9.5,10.7,26,246
2025-02-19,jip,VOLKSWAGEN,TIGUAN,black,petrol,Rakan Niaga,2014,SUV - SMALL,2.0,4,M6,z,13.6,9.2,11.6,24,267
2025-02-19,jip,VOLKSWAGEN,TIGUAN,white,petrol,Rakan Niaga,2014,SUV - SMALL,2.0,4,A6,z,11.7,9.5,10.7,26,246
2025-02-19,jip,VOLKSWAGEN,TIGUAN,white,petrol,Rakan Niaga,2014,SUV - SMALL,2.0,4,M6,z,13.6,9.2,11.6,24,267
2025-02-19,jip,VOLKSWAGEN,TIGUAN,silver,petrol,Rakan Niaga,2014,SUV - SMALL,2.0,4,A6,z,11.7,9.5,10.7,26,246
2025-02-19,jip,VOLKSWAGEN,TIGUAN,silver,petrol,Rakan Niaga,2014,SUV - SMALL,2.0,4,M6,z,13.6,9.2,11.6,24,267
2025-02-20,jip,HONDA,CR-V,grey,hybrid_petrol,Johor,2014,SUV - SMALL,2.4,4,A5,x,10.3,7.6,9.1,31,209
2025-02-20,jip,HONDA,CR-V,blue,hybrid_petrol,Rakan Niaga,2014,SUV - SMALL,2.4,4,A5,x,10.3,7.6,9.1,31,209
2025-02-20,jip,HONDA,CR-V,white,petrol,Rakan Niaga,2014,SUV - SMALL,2.4,4,A5,x,10.3,7.6,9.1,31,209
2025-02-20,jip,HONDA,CR-V,blue,petrol,Rakan Niaga,2014,SUV - SMALL,2.4,4,A5,x,10.3,7.6,9.1,31,209
2025-02-20,jip,HONDA,CR-V,grey,hybrid_petrol,Pulau Pinang,2014,SUV - SMALL,2.4,4,A5,x,10.3,7.6,9.1,31,209
2025-02-20,jip,HONDA,CR-V,blue,petrol,Pulau Pinang,2014,SUV - SMALL,2.4,4,A5,x,10.3,7.6,9.1,31,209
2025-02-20,jip,HONDA,CR-V,grey,hybrid_petrol,Rakan Niaga,2014,SUV - SMALL,2.4,4,A5,x,10.3,7.6,9.1,31,209
2025-02-20,jip,HONDA,CR-V,grey,petrol,Rakan Niaga,2014,SUV - SMALL,2.4,4,A5,x,10.3,7.6,9.1,31,209
2025-02-20,jip,HONDA,CR-V,red,hybrid_petrol,Rakan Niaga,2014,SUV - SMALL,2.4,4,A5,x,10.3,7.6,9.1,31,209
2025-02-20,jip,HONDA,CR-V,white,hybrid_petrol,Rakan Niaga,2014,SUV - SMALL,2.4,4,A5,x,10.3,7.6,9.1,31,209
2025-02-20,jip,HONDA,CR-V,silver,petrol,Rakan Niaga,2014,SUV - SMALL,2.4,4,A5,x,10.3,7.6,9.1,31,209
2025-02-20,jip,HONDA,CR-V,red,petrol,Rakan Niaga,2014,SUV - SMALL,2.4,4,A5,x,10.3,7.6,9.1,31,209
2025-02-20,motokar,HONDA,CIVIC,red,petrol,W.P. Kuala Lumpur,2014,COMPACT,1.8,4,AV,x,7.9,6.0,7.0,40,161
2025-02-20,motokar,HONDA,CIVIC,red,petrol,W.P. Kuala Lumpur,2014,COMPACT,1.8,4,AV7,x,8.1,6.2,7.2,39,166
2025-02-20,motokar,HONDA,CIVIC,red,petrol,W.P. Kuala Lumpur,2014,COMPACT,1.8,4,M5,x,8.5,6.6,7.6,37,175
2025-02-20,motokar,HONDA,CIVIC,black,petrol,Rakan Niaga,2014,COMPACT,1.8,4,AV,x,7.9,6.0,7.0,40,161
2025-02-20,motokar,HONDA,CIVIC,black,petrol,Rakan Niaga,2014,COMPACT,1.8,4,AV7,x,8.1,6.2,7.2,39,166
2025-02-20,motokar,HONDA,CIVIC,black,petrol,Rakan Niaga,2014,COMPACT,1.8,4,M5,x,8.5,6.6,7.6,37,175
2025-02-20,motokar,HONDA,CIVIC,blue,petrol,W.P. Kuala Lumpur,2014,COMPACT,1.8,4,AV,x,7.9,6.0,7.0,40,161
2025-02-20,motokar,HONDA,CIVIC,blue,petrol,W.P. Kuala Lumpur,2014,COMPACT,1.8,4,AV7,x,8.1,6.2,7.2,39,166
2025-02-20,motokar,HONDA,CIVIC,blue,petrol,W.P. Kuala Lumpur,2014,COMPACT,1.8,4,M5,x,8.5,6.6,7.6,37,175
2025-02-20,motokar,HONDA,CIVIC,blue,hybrid_petrol,Rakan Niaga,2014,COMPACT,1.8,4,AV,x,7.9,6.0,7.0,40,161
2025-02-20,motokar,HONDA,CIVIC,blue,hybrid_petrol,Rakan Niaga,2014,COMPACT,1.8,4,AV7,x,8.1,6.2,7.2,39,166
2025-02-20,motokar,HONDA,CIVIC,blue,hybrid_petrol,Rakan Niaga,2014,COMPACT,1.8,4,M5,x,8.5,6.6,7.6,37,175
2025-02-20,motokar,HONDA,CIVIC,black,petrol,W.P. Kuala Lumpur,2014,COMPACT,1.8,4,AV,x,7.9,6.0,7.0,40,161
2025-02-20,motokar,HONDA,CIVIC,black,petrol,W.P. Kuala Lumpur,2014,COMPACT,1.8,4,AV7,x,8.1,6.2,7.2,39,166
2025-02-20,motokar,HONDA,CIVIC,black,petrol,W.P. Kuala Lumpur,2014,COMPACT,1.8,4,M5,x,8.5,6.6,7.6,37,175
2025-02-20,motokar,HONDA,CIVIC,blue,hybrid_petrol,Johor,2014,COMPACT,1.8,4,AV,x,7.9,6.0,7.0,40,161
2025-02-20,motokar,HONDA,CIVIC,blue,hybrid_petrol,Johor,2014,COMPACT,1.8,4,AV7,x,8.1,6.2,7.2,39,166
2025-02-20,motokar,HONDA,CIVIC,blue,hybrid_petrol,Johor,2014,COMPACT,1.8,4,M5,x,8.5,6.6,7.6,37,175
2025-02-20,motokar,HONDA,CIVIC,red,petrol,Rakan Niaga,2014,COMPACT,1.8,4,AV,x,7.9,6.0,7.0,40,161
2025-02-20,motokar,HONDA,CIVIC,red,petrol,Rakan Niaga,2014,COMPACT,1.8,4,AV7,x,8.1,6.2,7.2,39,166
2025-02-20,motokar,HONDA,CIVIC,red,petrol,Rakan Niaga,2014,COMPACT,1.8,4,M5,x,8.5,6.6,7.6,37,175
2025-02-20,motokar,HONDA,CIVIC,grey,petrol,Rakan Niaga,2014,COMPACT,1.8,4,AV,x,7.9,6.0,7.0,40,161
2025-02-20,motokar,HONDA,CIVIC,grey,petrol,Rakan Niaga,2014,COMPACT,1.8,4,AV7,x,8.1,6.2,7.2,39,166
2025-02-20,motokar,HONDA,CIVIC,grey,petrol,Rakan Niaga,2014,COMPACT,1.8,4,M5,x,8.5,6.6,7.6,37,175
2025-02-20,motokar,HONDA,CIVIC,blue,petrol,Rakan Niaga,2014,COMPACT,1.8,4,AV,x,7.9,6.0,7.0,40,161
2025-02-20,motokar,HONDA,CIVIC,blue,petrol,Rakan Niaga,2014,COMPACT,1.8,4,AV7,x,8.1,6.2,7.2,39,166
2025-02-20,motokar,HONDA,CIVIC,blue,petrol,Rakan Niaga,2014,COMPACT,1.8,4,M5,x,8.5,6.6,7.6,37,175
2025-02-20,motokar,HONDA,CIVIC,black,petrol,Selangor,2014,COMPACT,1.8,4,AV,x,7.9,6.0,7.0,40,161
2025-02-20,motokar,HONDA,CIVIC,black,petrol,Selangor,2014,COMPACT,1.8,4,AV7,x,8.1,6.2,7.2,39,166
2025-02-20,motokar,HONDA,CIVIC,black,petrol,Selangor,2014,COMPACT,1.8,4,M5,x,8.5,6.6,7.6,37,175
2025-02-20,motokar,HONDA,CIVIC,white,petrol,Rakan Niaga,2014,COMPACT,1.8,4,AV,x,7.9,6.0,7.0,40,161
2025-02-20,motokar,HONDA,CIVIC,white,petrol,Rakan Niaga,2014,COMPACT,1.8,4,AV7,x,8.1,6.2,7.2,39,166
2025-02-20,motokar,HONDA,CIVIC,white,petrol,Rakan Niaga,2014,COMPACT,1.8,4,M5,x,8.5,6.6,7.6,37,175
2025-02-20,motokar,HONDA,CIVIC,white,hybrid_petrol,Rakan Niaga,2014,COMPACT,1.8,4,AV,x,7.9,6.0,7.0,40,161
2025-02-20,motokar,HONDA,CIVIC,white,hybrid_petrol,Rakan Niaga,2014,COMPACT,1.8,4,AV7,x,8.1,6.2,7.2,39,166
2025-02-20,motokar,HONDA,CIVIC,white,hybrid_petrol,Rakan Niaga,2014,COMPACT,1.8,4,M5,x,8.5,6.6,7.6,37,175
2025-02-20,motokar,HONDA,CIVIC,white,petrol,Sarawak,2014,COMPACT,1.8,4,AV,x,7.9,6.0,7.0,40,161
2025-02-20,motokar,HONDA,CIVIC,white,petrol,Sarawak,2014,COMPACT,1.8,4,AV7,x,8.1,6.2,7.2,39,166
2025-02-20,motokar,HONDA,CIVIC,white,petrol,Sarawak,2014,COMPACT,1.8,4,M5,x,8.5,6.6,7.6,37,175
2025-02-20,motokar,HONDA,CIVIC,white,petrol,Johor,2014,COMPACT,1.8,4,AV,x,7.9,6.0,7.0,40,161
2025-02-20,motokar,HONDA,CIVIC,white,petrol,Johor,2014,COMPACT,1.8,4,AV7,x,8.1,6.2,7.2,39,166
2025-02-20,motokar,HONDA,CIVIC,white,petrol,Johor,2014,COMPACT,1.8,4,M5,x,8.5,6.6,7.6,37,175
2025-02-20,motokar,HONDA,CIVIC,white,petrol,Selangor,2014,COMPACT,1.8,4,AV,x,7.9,6.0,7.0,40,161
2025-02-20,motokar,HONDA,CIVIC,white,petrol,Selangor,2014,COMPACT,1.8,4,AV7,x,8.1,6.2,7.2,39,166
2025-02-20,motokar,HONDA,CIVIC,white,petrol,Selangor,2014,COMPACT,1.8,4,M5,x,8.5,6.6,7.6,37,175
2025-02-20,motokar,HONDA,CIVIC,blue,petrol,Selangor,2014,COMPACT,1.8,4,AV,x,7.9,6.0,7.0,40,161
2025-02-20,motokar,HONDA,CIVIC,blue,petrol,Selangor,2014,COMPACT,1.8,4,AV7,x,8.1,6.2,7.2,39,166
2025-02-20,motokar,HONDA,CIVIC,blue,petrol,Selangor,2014,COMPACT,1.8,4,M5,x,8.5,6.6,7.6,37,175
2025-02-20,jip,HYUNDAI,SANTA FE,grey,hybrid_petrol,Rakan Niaga,2014,SUV - SMALL,3.3,6,A6,x,13.0,9.1,11.2,25,258
2025-02-20,jip,HYUNDAI,SANTA FE,black,hybrid_petrol,Rakan Niaga,2014,SUV - SMALL,3.3,6,A6,x,13.0,9.1,11.2,25,258
2025-02-20,jip,KIA,SPORTAGE,blue,petrol,W.P. Kuala Lumpur,2014,SUV - SMALL,2.4,4,A6,x,11.4,8.3,10.0,28,230
2025-02-20,jip,KIA,SPORTAGE,blue,petrol,W.P. Kuala Lumpur,2014,SUV - SMALL,2.4,4,M6,x,12.9,9.3,11.3,25,260
2025-02-20,jip,KIA,SPORTAGE,white,petrol,Rakan Niaga,2014,SUV - SMALL,2.4,4,A6,x,11.4,8.3,10.0,28,230
2025-02-20,jip,KIA,SPORTAGE,white,petrol,Rakan Niaga,2014,SUV - SMALL,2.4,4,M6,x,12.9,9.3,11.3,25,260
2025-02-20,jip,MAZDA,CX-5,blue,petrol,Selangor,2014,SUV - SMALL,2.0,4,AS6,x,8.9,7.3,8.2,34,189
2025-02-20,jip,MAZDA,CX-5,blue,petrol,Selangor,2014,SUV - SMALL,2.0,4,M6,x,9.0,6.8,8.0,35,184
2025-02-20,jip,MAZDA,CX-5,blue,petrol,Selangor,2014,SUV - SMALL,2.5,4,AS6,x,9.6,7.4,8.6,33,198
2025-02-20,jip,MAZDA,CX-5,gold,petrol,Rakan Niaga,2014,SUV - SMALL,2.0,4,AS6,x,8.9,7.3,8.2,34,189
2025-02-20,jip,MAZDA,CX-5,gold,petrol,Rakan Niaga,2014,SUV - SMALL,2.0,4,M6,x,9.0,6.8,8.0,35,184
2025-02-20,jip,MAZDA,CX-5,gold,petrol,Rakan Niaga,2014,SUV - SMALL,2.5,4,AS6,x,9.6,7.4,8.6,33,198
2025-02-20,jip,MAZDA,CX-5,grey,petrol,Rakan Niaga,2014,SUV - SMALL,2.0,4,AS6,x,8.9,7.3,8.2,34,189
2025-02-20,jip,MAZDA,CX-5,grey,petrol,Rakan Niaga,2014,SUV - SMALL,2.0,4,M6,x,9.0,6.8,8.0,35,184
2025-02-20,jip,MAZDA,CX-5,grey,petrol,Rakan Niaga,2014,SUV - SMALL,2.5,4,AS6,x,9.6,7.4,8.6,33,198
2025-02-20,jip,MAZDA,CX-5,blue,petrol,Rakan Niaga,2014,SUV - SMALL,2.0,4,AS6,x,8.9,7.3,8.2,34,189
2025-02-20,jip,MAZDA,CX-5,blue,petrol,Rakan Niaga,2014,SUV - SMALL,2.0,4,M6,x,9.0,6.8,8.0,35,184
2025-02-20,jip,MAZDA,CX-5,blue,petrol,Rakan Niaga,2014,SUV - SMALL,2.5,4,AS6,x,9.6,7.4,8.6,33,198
2025-02-20,jip,MAZDA,CX-5,white,petrol,Johor,2014,SUV - SMALL,2.0,4,AS6,x,8.9,7.3,8.2,34,189
2025-02-20,jip,MAZDA,CX-5,white,petrol,Johor,2014,SUV - SMALL,2.0,4,M6,x,9.0,6.8,8.0,35,184
2025-02-20,jip,MAZDA,CX-5,white,petrol,Johor,2014,SUV - SMALL,2.5,4,AS6,x,9.6,7.4,8.6,33,198
2025-02-20,jip,MAZDA,CX-5,grey,petrol,Selangor,2014,SUV - SMALL,2.0,4,AS6,x,8.9,7.3,8.2,34,189
2025-02-20,jip,MAZDA,CX-5,grey,petrol,Selangor,2014,SUV - SMALL,2.0,4,M6,x,9.0,6.8,8.0,35,184
2025-02-20,jip,MAZDA,CX-5,grey,petrol,Selangor,2014,SUV - SMALL,2.5,4,AS6,x,9.6,7.4,8.6,33,198
2025-02-20,jip,MAZDA,CX-5,black,petrol,Rakan Niaga,2014,SUV - SMALL,2.0,4,AS6,x,8.9,7.3,8.2,34,189
2025-02-20,jip,MAZDA,CX-5,black,petrol,Rakan Niaga,2014,SUV - SMALL,2.0,4,M6,x,9.0,6.8,8.0,35,184
2025-02-20,jip,MAZDA,CX-5,black,petrol,Rakan Niaga,2014,SUV - SMALL,2.5,4,AS6,x,9.6,7.4,8.6,33,198
2025-02-20,jip,MAZDA,CX-5,red,petrol,Rakan Niaga,2014,SUV - SMALL,2.0,4,AS6,x,8.9,7.3,8.2,34,189
2025-02-20,jip,MAZDA,CX-5,red,petrol,Rakan Niaga,2014,SUV - SMALL,2.0,4,M6,x,9.0,6.8,8.0,35,184
2025-02-20,jip,MAZDA,CX-5,red,petrol,Rakan Niaga,2014,SUV - SMALL,2.5,4,AS6,x,9.6,7.4,8.6,33,198
2025-02-20,jip,MAZDA,CX-5,white,petrol,Rakan Niaga,2014,SUV - SMALL,2.0,4,AS6,x,8.9,7.3,8.2,34,189
2025-02-20,jip,MAZDA,CX-5,white,petrol,Rakan Niaga,2014,SUV - SMALL,2.0,4,M6,x,9.0,6.8,8.0,35,184
2025-02-20,jip,MAZDA,CX-5,white,petrol,Rakan Niaga,2014,SUV - SMALL,2.5,4,AS6,x,9.6,7.4,8.6,33,198
2025-02-20,jip,PORSCHE,CAYENNE,red,petrol,W.P. Kuala Lumpur,2014,SUV - STANDARD,3.6,6,A8,z,13.6,10.1,12.0,24,276
2025-02-20,jip,PORSCHE,CAYENNE,red,petrol,W.P. Kuala Lumpur,2014,SUV - STANDARD,3.6,6,M6,z,15.8,10.9,13.6,21,313
2025-02-20,jip,PORSCHE,CAYENNE,black,petrol,Rakan Niaga,2014,SUV - STANDARD,3.6,6,A8,z,13.6,10.1,12.0,24,276
2025-02-20,jip,PORSCHE,CAYENNE,black,petrol,Rakan Niaga,2014,SUV - STANDARD,3.6,6,M6,z,15.8,10.9,13.6,21,313
2025-02-20,motokar,TOYOTA,YARIS,white,petrol,Rakan Niaga,2014,COMPACT,1.5,4,A4,x,7.9,6.6,7.3,39,168
2025-02-20,motokar,TOYOTA,YARIS,white,petrol,Rakan Niaga,2014,COMPACT,1.5,4,M5,x,7.8,6.3,7.1,40,163
2025-02-20,motokar,TOYOTA,YARIS,white,petrol,Sarawak,2014,COMPACT,1.5,4,A4,x,7.9,6.6,7.3,39,168
2025-02-20,motokar,TOYOTA,YARIS,white,petrol,Sarawak,2014,COMPACT,1.5,4,M5,x,7.8,6.3,7.1,40,163
2025-02-20,motokar,TOYOTA,YARIS,silver,petrol,Rakan Niaga,2014,COMPACT,1.5,4,A4,x,7.9,6.6,7.3,39,168
2025-02-20,motokar,TOYOTA,YARIS,silver,petrol,Rakan Niaga,2014,COMPACT,1.5,4,M5,x,7.8,6.3,7.1,40,163
2025-02-20,motokar,TOYOTA,YARIS,white,petrol,Selangor,2014,COMPACT,1.5,4,A4,x,7.9,6.6,7.3,39,168
2025-02-20,motokar,TOYOTA,YARIS,white,petrol,Selangor,2014,COMPACT,1.5,4,M5,x,7.8,6.3,7.1,40,163
2025-02-20,motokar,TOYOTA,YARIS,red,petrol,Rakan Niaga,2014,COMPACT,1.5,4,A4,x,7.9,6.6,7.3,39,168
2025-02-20,motokar,TOYOTA,YARIS,red,petrol,Rakan Niaga,2014,COMPACT,1.5,4,M5,x,7.8,6.3,7.1,40,163
2025-02-20,motokar,TOYOTA,YARIS,silver,petrol,W.P. Kuala Lumpur,2014,COMPACT,1.5,4,A4,x,7.9,6.6,7.3,39,168
2025-02-20,motokar,TOYOTA,YARIS,silver,petrol,W.P. Kuala Lumpur,2014,COMPACT,1.5,4,M5,x,7.8,6.3,7.1,40,163
2025-02-20,motokar,TOYOTA,YARIS,red,petrol,Kedah,2014,COMPACT,1.5,4,A4,x,7.9,6.6,7.3,39,168
2025-02-20,motokar,TOYOTA,YARIS,red,petrol,Kedah,2014,COMPACT,1.5,4,M5,x,7.8,6.3,7.1,40,163
2025-02-20,motokar,TOYOTA,YARIS,red,petrol,W.P. Kuala Lumpur,2014,COMPACT,1.5,4,A4,x,7.9,6.6,7.3,39,168
2025-02-20,motokar,TOYOTA,YARIS,red,petrol,W.P. Kuala Lumpur,2014,COMPACT,1.5,4,M5,x,7.8,6.3,7.1,40,163
2025-02-20,jip,VOLKSWAGEN,TIGUAN,grey,petrol,Rakan Niaga,2014,SUV - SMALL,2.0,4,A6,z,11.7,9.5,10.7,26,246
2025-02-20,jip,VOLKSWAGEN,TIGUAN,grey,petrol,Rakan Niaga,2014,SUV - SMALL,2.0,4,M6,z,13.6,9.2,11.6,24,267
2025-02-20,jip,VOLKSWAGEN,TIGUAN,blue,petrol,Rakan Niaga,2014,SUV - SMALL,2.0,4,A6,z,11.7,9.5,10.7,26,246
2025-02-20,jip,VOLKSWAGEN,TIGUAN,blue,petrol,Rakan Niaga,2014,SUV - SMALL,2.0,4,M6,z,13.6,9.2,11.6,24,267
2025-02-20,jip,VOLKSWAGEN,TIGUAN,black,petrol,Rakan Niaga,2014,SUV - SMALL,2.0,4,A6,z,11.7,9.5,10.7,26,246
2025-02-20,jip,VOLKSWAGEN,TIGUAN,black,petrol,Rakan Niaga,2014,SUV - SMALL,2.0,4,M6,z,13.6,9.2,11.6,24,267
2025-02-21,jip,HONDA,CR-V,blue,petrol,Rakan Niaga,2014,SUV - SMALL,2.4,4,A5,x,10.3,7.6,9.1,31,209
2025-02-21,jip,HONDA,CR-V,red,petrol,Rakan Niaga,2014,SUV - SMALL,2.4,4,A5,x,10.3,7.6,9.1,31,209
2025-02-21,jip,HONDA,CR-V,grey,petrol,Perak,2014,SUV - SMALL,2.4,4,A5,x,10.3,7.6,9.1,31,209
2025-02-21,jip,HONDA,CR-V,grey,petrol,Rakan Niaga,2014,SUV - SMALL,2.4,4,A5,x,10.3,7.6,9.1,31,209
2025-02-21,jip,HONDA,CR-V,grey,petrol,W.P. Kuala Lumpur,2014,SUV - SMALL,2.4,4,A5,x,10.3,7.6,9.1,31,209
2025-02-21,jip,HONDA,CR-V,grey,hybrid_petrol,Rakan Niaga,2014,SUV - SMALL,2.4,4,A5,x,10.3,7.6,9.1,31,209
2025-02-21,jip,HONDA,CR-V,blue,hybrid_petrol,Rakan Niaga,2014,SUV - SMALL,2.4,4,A5,x,10.3,7.6,9.1,31,209
2025-02-21,jip,HONDA,CR-V,white,petrol,Selangor,2014,SUV - SMALL,2.4,4,A5,x,10.3,7.6,9.1,31,209
2025-02-21,jip,HONDA,CR-V,blue,petrol,Perak,2014,SUV - SMALL,2.4,4,A5,x,10.3,7.6,9.1,31,209
2025-02-21,jip,HONDA,CR-V,white,hybrid_petrol,Rakan Niaga,2014,SUV - SMALL,2.4,4,A5,x,10.3,7.6,9.1,31,209
2025-02-21,jip,HONDA,CR-V,grey,petrol,Melaka,2014,SUV - SMALL,2.4,4,A5,x,10.3,7.6,9.1,31,209
2025-02-21,jip,HONDA,CR-V,blue,petrol,W.P. Kuala Lumpur,2014,SUV - SMALL,2.4,4,A5,x,10.3,7.6,9.1,31,209
2025-02-21,jip,HONDA,CR-V,silver,hybrid_petrol,Rakan Niaga,2014,SUV - SMALL,2.4,4,A5,x,10.3,7.6,9.1,31,209
2025-02-21,jip,HONDA,CR-V,white,petrol,Rakan Niaga,2014,SUV - SMALL,2.4,4,A5,x,10.3,7.6,9.1,31,209
2025-02-21,jip,HONDA,CR-V,silver,petrol,Rakan Niaga,2014,SUV - SMALL,2.4,4,A5,x,10.3,7.6,9.1,31,209
2025-02-21,motokar,HONDA,CIVIC,black,petrol,Rakan Niaga,2014,COMPACT,1.8,4,AV,x,7.9,6.0,7.0,40,161
2025-02-21,motokar,HONDA,CIVIC,black,petrol,Rakan Niaga,2014,COMPACT,1.8,4,AV7,x,8.1,6.2,7.2,39,166
2025-02-21,motokar,HONDA,CIVIC,black,petrol,Rakan Niaga,2014,COMPACT,1.8,4,M5,x,8.5,6.6,7.6,37,175
2025-02-21,motokar,HONDA,CIVIC,red,petrol,Rakan Niaga,2014,COMPACT,1.8,4,AV,x,7.9,6.0,7.0,40,161
2025-02-21,motokar,HONDA,CIVIC,red,petrol,Rakan Niaga,2014,COMPACT,1.8,4,AV7,x,8.1,6.2,7.2,39,166
2025-02-21,motokar,HONDA,CIVIC,red,petrol,Rakan Niaga,2014,COMPACT,1.8,4,M5,x,8.5,6.6,7.6,37,175
2025-02-21,motokar,HONDA,CIVIC,white,petrol,Selangor,2014,COMPACT,1.8,4,AV,x,7.9,6.0,7.0,40,161
2025-02-21,motokar,HONDA,CIVIC,white,petrol,Selangor,2014,COMPACT,1.8,4,AV7,x,8.1,6.2,7.2,39,166
2025-02-21,motokar,HONDA,CIVIC,white,petrol,Selangor,2014,COMPACT,1.8,4,M5,x,8.5,6.6,7.6,37,175
2025-02-21,motokar,HONDA,CIVIC,blue,petrol,Rakan Niaga,2014,COMPACT,1.8,4,AV,x,7.9,6.0,7.0,40,161
2025-02-21,motokar,HONDA,CIVIC,blue,petrol,Rakan Niaga,2014,COMPACT,1.8,4,AV7,x,8.1,6.2,7.2,39,166
2025-02-21,motokar,HONDA,CIVIC,blue,petrol,Rakan Niaga,2014,COMPACT,1.8,4,M5,x,8.5,6.6,7.6,37,175
2025-02-21,motokar,HONDA,CIVIC,grey,petrol,Rakan Niaga,2014,COMPACT,1.8,4,AV,x,7.9,6.0,7.0,40,161
2025-02-21,motokar,HONDA,CIVIC,grey,petrol,Rakan Niaga,2014,COMPACT,1.8,4,AV7,x,8.1,6.2,7.2,39,166
2025-02-21,motokar,HONDA,CIVIC,grey,petrol,Rakan Niaga,2014,COMPACT,1.8,4,M5,x,8.5,6.6,7.6,37,175
2025-02-21,motokar,HONDA,CIVIC,white,petrol,Rakan Niaga,2014,COMPACT,1.8,4,AV,x,7.9,6.0,7.0,40,161
2025-02-21,motokar,HONDA,CIVIC,white,petrol,Rakan Niaga,2014,COMPACT,1.8,4,AV7,x,8.1,6.2,7.2,39,166
2025-02-21,motokar,HONDA,CIVIC,white,petrol,Rakan Niaga,2014,COMPACT,1.8,4,M5,x,8.5,6.6,7.6,37,175
2025-02-21,motokar,HONDA,CIVIC,blue,hybrid_petrol,Sarawak,2014,COMPACT,1.8,4,AV,x,7.9,6.0,7.0,40,161
2025-02-21,motokar,HONDA,CIVIC,blue,hybrid_petrol,Sarawak,2014,COMPACT,1.8,4,AV7,x,8.1,6.2,7.2,39,166
2025-02-21,motokar,HONDA,CIVIC,blue,hybrid_petrol,Sarawak,2014,COMPACT,1.8,4,M5,x,8.5,6.6,7.6,37,175
2025-02-21,motokar,HONDA,CIVIC,red,hybrid_petrol,Rakan Niaga,2014,COMPACT,1.8,4,AV,x,7.9,6.0,7.0,40,161
2025-02-21,motokar,HONDA,CIVIC,red,hybrid_petrol,Rakan Niaga,2014,COMPACT,1.8,4,AV7,x,8.1,6.2,7.2,39,166
2025-02-21,motokar,HONDA,CIVIC,red,hybrid_petrol,Rakan Niaga,2014,COMPACT,1.8,4,M5,x,8.5,6.6,7.6,37,175
2025-02-21,motokar,HONDA,CIVIC,red,petrol,W.P. Kuala Lumpur,2014,COMPACT,1.8,4,AV,x,7.9,6.0,7.0,40,161
2025-02-21,motokar,HONDA,CIVIC,red,petrol,W.P. Kuala Lumpur,2014,COMPACT,1.8,4,AV7,x,8.1,6.2,7.2,39,166
2025-02-21,motokar,HONDA,CIVIC,red,petrol,W.P. Kuala Lumpur,2014,COMPACT,1.8,4,M5,x,8.5,6.6,7.6,37,175
2025-02-21,motokar,HONDA,CIVIC,grey,hybrid_petrol,Rakan Niaga,2014,COMPACT,1.8,4,AV,x,7.9,6.0,7.0,40,161
2025-02-21,motokar,HONDA,CIVIC,grey,hybrid_petrol,Rakan Niaga,2014,COMPACT,1.8,4,AV7,x,8.1,6.2,7.2,39,166
2025-02-21,motokar,HONDA,CIVIC,grey,hybrid_petrol,Rakan Niaga,2014,COMPACT,1.8,4,M5,x,8.5,6.6,7.6,37,175
2025-02-21,motokar,HONDA,CIVIC,white,petrol,W.P. Kuala Lumpur,2014,COMPACT,1.8,4,AV,x,7.9,6.0,7.0,40,161
2025-02-21,motokar,HONDA,CIVIC,white,petrol,W.P. Kuala Lumpur,2014,COMPACT,1.8,4,AV7,x,8.1,6.2,7.2,39,166
2025-02-21,motokar,HONDA,CIVIC,white,petrol,W.P. Kuala Lumpur,2014,COMPACT,1.8,4,M5,x,8.5,6.6,7.6,37,175
2025-02-21,motokar,HONDA,CIVIC,white,petrol,Johor,2014,COMPACT,1.8,4,AV,x,7.9,6.0,7.0,40,161
2025-02-21,motokar,HONDA,CIVIC,white,petrol,Johor,2014,COMPACT,1.8,4,AV7,x,8.1,6.2,7.2,39,166
2025-02-21,motokar,HONDA,CIVIC,white,petrol,Johor,2014,COMPACT,1.8,4,M5,x,8.5,6.6,7.6,37,175
2025-02-21,motokar,HONDA,CIVIC,black,petrol,Pulau Pinang,2014,COMPACT,1.8,4,AV,x,7.9,6.0,7.0,40,161
2025-02-21,motokar,HONDA,CIVIC,black,petrol,Pulau Pinang,2014,COMPACT,1.8,4,AV7,x,8.1,6.2,7.2,39,166
2025-02-21,motokar,HONDA,CIVIC,black,petrol,Pulau Pinang,2014,COMPACT,1.8,4,M5,x,8.5,6.6,7.6,37,175
2025-02-21,motokar,HONDA,CIVIC,blue,petrol,Johor,2014,COMPACT,1.8,4,AV,x,7.9,6.0,7.0,40,161
2025-02-21,motokar,HONDA,CIVIC,blue,petrol,Johor,2014,COMPACT,1.8,4,AV7,x,8.1,6.2,7.2,39,166
2025-02-21,motokar,HONDA,CIVIC,blue,petrol,Johor,2014,COMPACT,1.8,4,M5,x,8.5,6.6,7.6,37,175
2025-02-21,motokar,HONDA,CIVIC,grey,petrol,Selangor,2014,COMPACT,1.8,4,AV,x,7.9,6.0,7.0,40,161
2025-02-21,motokar,HONDA,CIVIC,grey,petrol,Selangor,2014,COMPACT,1.8,4,AV7,x,8.1,6.2,7.2,39,166
2025-02-21,motokar,HONDA,CIVIC,grey,petrol,Selangor,2014,COMPACT,1.8,4,M5,x,8.5,6.6,7.6,37,175
2025-02-21,motokar,HONDA,CIVIC,grey,petrol,W.P. Kuala Lumpur,2014,COMPACT,1.8,4,AV,x,7.9,6.0,7.0,40,161
2025-02-21,motokar,HONDA,CIVIC,grey,petrol,W.P. Kuala Lumpur,2014,COMPACT,1.8,4,AV7,x,8.1,6.2,7.2,39,166
2025-02-21,motokar,HONDA,CIVIC,grey,petrol,W.P. Kuala Lumpur,2014,COMPACT,1.8,4,M5,x,8.5,6.6,7.6,37,175
2025-02-21,window_van,HONDA,ODYSSEY,white,petrol,Rakan Niaga,2014,MINIVAN,3.5,6,A6,x,12.3,8.5,10.6,27,244
2025-02-21,jip,HYUNDAI,SANTA FE,black,hybrid_petrol,Rakan Niaga,2014,SUV - SMALL,3.3,6,A6,x,13.0,9.1,11.2,25,258
2025-02-21,jip,KIA,SPORTAGE,black,petrol,Rakan Niaga,2014,SUV - SMALL,2.4,4,A6,x,11.4,8.3,10.0,28,230
2025-02-21,jip,KIA,SPORTAGE,black,petrol,Rakan Niaga,2014,SUV - SMALL,2.4,4,M6,x,12.9,9.3,11.3,25,260
2025-02-21,jip,KIA,SPORTAGE,blue,petrol,Rakan Niaga,2014,SUV - SMALL,2.4,4,A6,x,11.4,8.3,10.0,28,230
2025-02-21,jip,KIA,SPORTAGE,blue,petrol,Rakan Niaga,2014,SUV - SMALL,2.4,4,M6,x,12.9,9.3,11.3,25,260
2025-02-21,jip,LAND ROVER,RANGE ROVER EVOQUE,grey,petrol,W.P. Kuala Lumpur,2014,SUV - SMALL,2.0,4,AS9,z,11.3,7.9,9.8,29,225
2025-02-21,jip,MAZDA,CX-5,red,petrol,Rakan Niaga,2014,SUV - SMALL,2.0,4,AS6,x,8.9,7.3,8.2,34,189
2025-02-21,jip,MAZDA,CX-5,red,petrol,Rakan Niaga,2014,SUV - SMALL,2.0,4,M6,x,9.0,6.8,8.0,35,184
2025-02-21,jip,MAZDA,CX-5,red,petrol,Rakan Niaga,2014,SUV - SMALL,2.5,4,AS6,x,9.6,7.4,8.6,33,198
2025-02-21,jip,MAZDA,CX-5,grey,petrol,Rakan Niaga,2014,SUV - SMALL,2.0,4,AS6,x,8.9,7.3,8.2,34,189
2025-02-21,jip,MAZDA,CX-5,grey,petrol,Rakan Niaga,2014,SUV - SMALL,2.0,4,M6,x,9.0,6.8,8.0,35,184
2025-02-21,jip,MAZDA,CX-5,grey,petrol,Rakan Niaga,2014,SUV - SMALL,2.5,4,AS6,x,9.6,7.4,8.6,33,198
2025-02-21,jip,MAZDA,CX-5,gold,petrol,Johor,2014,SUV - SMALL,2.0,4,AS6,x,8.9,7.3,8.2,34,189
2025-02-21,jip,MAZDA,CX-5,gold,petrol,Johor,2014,SUV - SMALL,2.0,4,M6,x,9.0,6.8,8.0,35,184
2025-02-21,jip,MAZDA,CX-5,gold,petrol,Johor,2014,SUV - SMALL,2.5,4,AS6,x,9.6,7.4,8.6,33,198
2025-02-21,jip,MAZDA,CX-5,blue,petrol,Rakan Niaga,2014,SUV - SMALL,2.0,4,AS6,x,8.9,7.3,8.2,34,189
2025-02-21,jip,MAZDA,CX-5,blue,petrol,Rakan Niaga,2014,SUV - SMALL,2.0,4,M6,x,9.0,6.8,8.0,35,184
2025-02-21,jip,MAZDA,CX-5,blue,petrol,Rakan Niaga,2014,SUV - SMALL,2.5,4,AS6,x,9.6,7.4,8.6,33,198
2025-02-21,jip,MAZDA,CX-5,white,petrol,Rakan Niaga,2014,SUV - SMALL,2.0,4,AS6,x,8.9,7.3,8.2,34,189
2025-02-21,jip,MAZDA,CX-5,white,petrol,Rakan Niaga,2014,SUV - SMALL,2.0,4,M6,x,9.0,6.8,8.0,35,184
2025-02-21,jip,MAZDA,CX-5,white,petrol,Rakan Niaga,2014,SUV - SMALL,2.5,4,AS6,x,9.6,7.4,8.6,33,198
2025-02-21,jip,MAZDA,CX-5,grey,petrol,W.P. Kuala Lumpur,2014,SUV - SMALL,2.0,4,AS6,x,8.9,7.3,8.2,34,189
2025-02-21,jip,MAZDA,CX-5,grey,petrol,W.P. Kuala Lumpur,2014,SUV - SMALL,2.0,4,M6,x,9.0,6.8,8.0,35,184
2025-02-21,jip,MAZDA,CX-5,grey,petrol,W.P. Kuala Lumpur,2014,SUV - SMALL,2.5,4,AS6,x,9.6,7.4,8.6,33,198
2025-02-21,jip,MAZDA,CX-5,gold,petrol,Rakan Niaga,2014,SUV - SMALL,2.0,4,AS6,x,8.9,7.3,8.2,34,189
2025-02-21,jip,MAZDA,CX-5,gold,petrol,Rakan Niaga,2014,SUV - SMALL,2.0,4,M6,x,9.0,6.8,8.0,35,184
2025-02-21,jip,MAZDA,CX-5,gold,petrol,Rakan Niaga,2014,SUV - SMALL,2.5,4,AS6,x,9.6,7.4,8.6,33,198
2025-02-21,jip,MAZDA,CX-5,grey,petrol,Selangor,2014,SUV - SMALL,2.0,4,AS6,x,8.9,7.3,8.2,34,189
2025-02-21,jip,MAZDA,CX-5,grey,petrol,Selangor,2014,SUV - SMALL,2.0,4,M6,x,9.0,6.8,8.0,35,184
2025-02-21,jip,MAZDA,CX-5,grey,petrol,Selangor,2014,SUV - SMALL,2.5,4,AS6,x,9.6,7.4,8.6,33,198
2025-02-21,jip,MAZDA,CX-5,blue,petrol,W.P. Kuala Lumpur,2014,SUV - SMALL,2.0,4,AS6,x,8.9,7.3,8.2,34,189
2025-02-21,jip,MAZDA,CX-5,blue,petrol,W.P. Kuala Lumpur,2014,SUV - SMALL,2.0,4,M6,x,9.0,6.8,8.0,35,184
2025-02-21,jip,MAZDA,CX-5,blue,petrol,W.P. Kuala Lumpur,2014,SUV - SMALL,2.5,4,AS6,x,9.6,7.4,8.6,33,198
2025-02-21,jip,MAZDA,CX-5,red,petrol,W.P. Kuala Lumpur,2014,SUV - SMALL,2.0,4,AS6,x,8.9,7.3,8.2,34,189
2025-02-21,jip,MAZDA,CX-5,red,petrol,W.P. Kuala Lumpur,2014,SUV - SMALL,2.0,4,M6,x,9.0,6.8,8.0,35,184
2025-02-21,jip,MAZDA,CX-5,red,petrol,W.P. Kuala Lumpur,2014,SUV - SMALL,2.5,4,AS6,x,9.6,7.4,8.6,33,198
2025-02-21,jip,MAZDA,CX-9,blue,petrol,W.P. Kuala Lumpur,2014,SUV - SMALL,3.7,6,AS6,x,14.2,10.0,12.3,23,283
2025-02-21,motokar,MAZDA,MX-5,red,petrol,Sarawak,2014,TWO-SEATER,2.0,4,AS6,z,11.5,8.5,10.2,28,235
2025-02-21,motokar,MAZDA,MX-5,red,petrol,Sarawak,2014,TWO-SEATER,2.0,4,M5,z,10.5,8.5,9.6,29,221
2025-02-21,motokar,MAZDA,MX-5,red,petrol,Sarawak,2014,TWO-SEATER,2.0,4,M6,z,11.1,8.4,9.9,29,228
2025-02-21,motokar,MAZDA,MX-5,red,petrol,Rakan Niaga,2014,TWO-SEATER,2.0,4,AS6,z,11.5,8.5,10.2,28,235
2025-02-21,motokar,MAZDA,MX-5,red,petrol,Rakan Niaga,2014,TWO-SEATER,2.0,4,M5,z,10.5,8.5,9.6,29,221
2025-02-21,motokar,MAZDA,MX-5,red,petrol,Rakan Niaga,2014,TWO-SEATER,2.0,4,M6,z,11.1,8.4,9.9,29,228
2025-02-21,motokar,MAZDA,MX-5,white,petrol,Rakan Niaga,2014,TWO-SEATER,2.0,4,AS6,z,11.5,8.5,10.2,28,235
2025-02-21,motokar,MAZDA,MX-5,white,petrol,Rakan Niaga,2014,TWO-SEATER,2.0,4,M5,z,10.5,8.5,9.6,29,221
2025-02-21,motokar,MAZDA,MX-5,white,petrol,Rakan Niaga,2014,TWO-SEATER,2.0,4,M6,z,11.1,8.4,9.9,29,228
2025-02-21,motokar,PORSCHE,911 CARRERA,silver,petrol,Selangor,2014,MINICOMPACT,3.4,6,AM7,z,11.6,8.3,10.1,28,232
2025-02-21,motokar,PORSCHE,911 CARRERA,silver,petrol,Selangor,2014,MINICOMPACT,3.4,6,M7,z,12.5,8.6,10.7,26,246
2025-02-21,jip,PORSCHE,CAYENNE,white,petrol,Pulau Pinang,2014,SUV - STANDARD,3.6,6,A8,z,13.6,10.1,12.0,24,276
2025-02-21,jip,PORSCHE,CAYENNE,white,petrol,Pulau Pinang,2014,SUV - STANDARD,3.6,6,M6,z,15.8,10.9,13.6,21,313
2025-02-21,jip,PORSCHE,CAYENNE,grey,petrol,Johor,2014,SUV - STANDARD,3.6,6,A8,z,13.6,10.1,12.0,24,276
2025-02-21,jip,PORSCHE,CAYENNE,grey,petrol,Johor,2014,SUV - STANDARD,3.6,6,M6,z,15.8,10.9,13.6,21,313
2025-02-21,jip,PORSCHE,CAYENNE,white,petrol,W.P. Kuala Lumpur,2014,SUV - STANDARD,3.6,6,A8,z,13.6,10.1,12.0,24,276
2025-02-21,jip,PORSCHE,CAYENNE,white,petrol,W.P. Kuala Lumpur,2014,SUV - STANDARD,3.6,6,M6,z,15.8,10.9,13.6,21,313
2025-02-21,jip,PORSCHE,CAYENNE,black,petrol,Johor,2014,SUV - STANDARD,3.6,6,A8,z,13.6,10.1,12.0,24,276
2025-02-21,jip,PORSCHE,CAYENNE,black,petrol,Johor,2014,SUV - STANDARD,3.6,6,M6,z,15.8,10.9,13.6,21,313
2025-02-21,jip,PORSCHE,CAYENNE,silver,petrol,W.P. Kuala Lumpur,2014,SUV - STANDARD,3.6,6,A8,z,13.6,10.1,12.0,24,276
2025-02-21,jip,PORSCHE,CAYENNE,silver,petrol,W.P. Kuala Lumpur,2014,SUV - STANDARD,3.6,6,M6,z,15.8,10.9,13.6,21,313
2025-02-21,motokar,SUBARU,BRZ,white,petrol,Rakan Niaga,2014,MINICOMPACT,2.0,4,AS6,z,9.6,7.1,8.5,33,196
2025-02-21,motokar,SUBARU,BRZ,white,petrol,Rakan Niaga,2014,MINICOMPACT,2.0,4,M6,z,11.0,7.9,9.6,29,221
2025-02-21,motokar,TOYOTA,CAMRY,white,petrol,Rakan Niaga,2014,MID-SIZE,2.5,4,AS6,x,9.5,6.6,8.2,34,189
2025-02-21,motokar,TOYOTA,CAMRY,white,petrol,Rakan Niaga,2014,MID-SIZE,3.5,6,AS6,x,11.1,7.8,9.6,29,221
2025-02-21,motokar,TOYOTA,CAMRY,grey,petrol,Rakan Niaga,2014,MID-SIZE,2.5,4,AS6,x,9.5,6.6,8.2,34,189
2025-02-21,motokar,TOYOTA,CAMRY,grey,petrol,Rakan Niaga,2014,MID-SIZE,3.5,6,AS6,x,11.1,7.8,9.6,29,221
2025-02-21,motokar,TOYOTA,YARIS,red,petrol,Rakan Niaga,2014,COMPACT,1.5,4,A4,x,7.9,6.6,7.3,39,168
2025-02-21,motokar,TOYOTA,YARIS,red,petrol,Rakan Niaga,2014,COMPACT,1.5,4,M5,x,7.8,6.3,7.1,40,163
2025-02-21,motokar,TOYOTA,YARIS,silver,petrol,Rakan Niaga,2014,COMPACT,1.5,4,A4,x,7.9,6.6,7.3,39,168
2025-02-21,motokar,TOYOTA,YARIS,silver,petrol,Rakan Niaga,2014,COMPACT,1.5,4,M5,x,7.8,6.3,7.1,40,163
2025-02-21,motokar,TOYOTA,YARIS,white,petrol,Rakan Niaga,2014,COMPACT,1.5,4,A4,x,7.9,6.6,7.3,39,168
2025-02-21,motokar,TOYOTA,YARIS,white,petrol,Rakan Niaga,2014,COMPACT,1.5,4,M5,x,7.8,6.3,7.1,40,163
2025-02-21,motokar,TOYOTA,YARIS,red,petrol,Perlis,2014,COMPACT,1.5,4,A4,x,7.9,6.6,7.3,39,168
2025-02-21,motokar,TOYOTA,YARIS,red,petrol,Perlis,2014,COMPACT,1.5,4,M5,x,7.8,6.3,7.1,40,163
2025-02-21,motokar,TOYOTA,YARIS,silver,petrol,W.P. Kuala Lumpur,2014,COMPACT,1.5,4,A4,x,7.9,6.6,7.3,39,168
2025-02-21,motokar,TOYOTA,YARIS,silver,petrol,W.P. Kuala Lumpur,2014,COMPACT,1.5,4,M5,x,7.8,6.3,7.1,40,163
2025-02-21,jip,VOLKSWAGEN,TIGUAN,blue,petrol,Rakan Niaga,2014,SUV - SMALL,2.0,4,A6,z,11.7,9.5,10.7,26,246
2025-02-21,jip,VOLKSWAGEN,TIGUAN,blue,petrol,Rakan Niaga,2014,SUV - SMALL,2.0,4,M6,z,13.6,9.2,11.6,24,267
2025-02-22,jip,HONDA,CR-V,blue,petrol,Rakan Niaga,2014,SUV - SMALL,2.4,4,A5,x,10.3,7.6,9.1,31,209
2025-02-22,jip,HONDA,CR-V,grey,petrol,Rakan Niaga,2014,SUV - SMALL,2.4,4,A5,x,10.3,7.6,9.1,31,209
2025-02-22,jip,HONDA,CR-V,silver,petrol,Rakan Niaga,2014,SUV - SMALL,2.4,4,A5,x,10.3,7.6,9.1,31,209
2025-02-22,jip,HONDA,CR-V,blue,hybrid_petrol,Rakan Niaga,2014,SUV - SMALL,2.4,4,A5,x,10.3,7.6,9.1,31,209
2025-02-22,motokar,HONDA,CIVIC,white,petrol,Rakan Niaga,2014,COMPACT,1.8,4,AV,x,7.9,6.0,7.0,40,161
2025-02-22,motokar,HONDA,CIVIC,white,petrol,Rakan Niaga,2014,COMPACT,1.8,4,AV7,x,8.1,6.2,7.2,39,166
2025-02-22,motokar,HONDA,CIVIC,white,petrol,Rakan Niaga,2014,COMPACT,1.8,4,M5,x,8.5,6.6,7.6,37,175
2025-02-22,motokar,HONDA,CIVIC,black,petrol,Rakan Niaga,2014,COMPACT,1.8,4,AV,x,7.9,6.0,7.0,40,161
2025-02-22,motokar,HONDA,CIVIC,black,petrol,Rakan Niaga,2014,COMPACT,1.8,4,AV7,x,8.1,6.2,7.2,39,166
2025-02-22,motokar,HONDA,CIVIC,black,petrol,Rakan Niaga,2014,COMPACT,1.8,4,M5,x,8.5,6.6,7.6,37,175
2025-02-22,motokar,HONDA,CIVIC,blue,petrol,Rakan Niaga,2014,COMPACT,1.8,4,AV,x,7.9,6.0,7.0,40,161
2025-02-22,motokar,HONDA,CIVIC,blue,petrol,Rakan Niaga,2014,COMPACT,1.8,4,AV7,x,8.1,6.2,7.2,39,166
2025-02-22,motokar,HONDA,CIVIC,blue,petrol,Rakan Niaga,2014,COMPACT,1.8,4,M5,x,8.5,6.6,7.6,37,175
2025-02-22,motokar,HONDA,CIVIC,red,petrol,Rakan Niaga,2014,COMPACT,1.8,4,AV,x,7.9,6.0,7.0,40,161
2025-02-22,motokar,HONDA,CIVIC,red,petrol,Rakan Niaga,2014,COMPACT,1.8,4,AV7,x,8.1,6.2,7.2,39,166
2025-02-22,motokar,HONDA,CIVIC,red,petrol,Rakan Niaga,2014,COMPACT,1.8,4,M5,x,8.5,6.6,7.6,37,175
2025-02-22,motokar,HONDA,CIVIC,white,hybrid_petrol,Rakan Niaga,2014,COMPACT,1.8,4,AV,x,7.9,6.0,7.0,40,161
2025-02-22,motokar,HONDA,CIVIC,white,hybrid_petrol,Rakan Niaga,2014,COMPACT,1.8,4,AV7,x,8.1,6.2,7.2,39,166
2025-02-22,motokar,HONDA,CIVIC,white,hybrid_petrol,Rakan Niaga,2014,COMPACT,1.8,4,M5,x,8.5,6.6,7.6,37,175
2025-02-22,motokar,HONDA,CIVIC,blue,hybrid_petrol,Rakan Niaga,2014,COMPACT,1.8,4,AV,x,7.9,6.0,7.0,40,161
2025-02-22,motokar,HONDA,CIVIC,blue,hybrid_petrol,Rakan Niaga,2014,COMPACT,1.8,4,AV7,x,8.1,6.2,7.2,39,166
2025-02-22,motokar,HONDA,CIVIC,blue,hybrid_petrol,Rakan Niaga,2014,COMPACT,1.8,4,M5,x,8.5,6.6,7.6,37,175
2025-02-22,jip,MAZDA,CX-5,black,petrol,Rakan Niaga,2014,SUV - SMALL,2.0,4,AS6,x,8.9,7.3,8.2,34,189
2025-02-22,jip,MAZDA,CX-5,black,petrol,Rakan Niaga,2014,SUV - SMALL,2.0,4,M6,x,9.0,6.8,8.0,35,184
2025-02-22,jip,MAZDA,CX-5,black,petrol,Rakan Niaga,2014,SUV - SMALL,2.5,4,AS6,x,9.6,7.4,8.6,33,198
2025-02-22,jip,MAZDA,CX-5,grey,petrol,Rakan Niaga,2014,SUV - SMALL,2.0,4,AS6,x,8.9,7.3,8.2,34,189
2025-02-22,jip,MAZDA,CX-5,grey,petrol,Rakan Niaga,2014,SUV - SMALL,2.0,4,M6,x,9.0,6.8,8.0,35,184
2025-02-22,jip,MAZDA,CX-5,grey,petrol,Rakan Niaga,2014,SUV - SMALL,2.5,4,AS6,x,9.6,7.4,8.6,33,198
2025-02-22,motokar,MAZDA,MX-5,grey,petrol,Rakan Niaga,2014,TWO-SEATER,2.0,4,AS6,z,11.5,8.5,10.2,28,235
2025-02-22,motokar,MAZDA,MX-5,grey,petrol,Rakan Niaga,2014,TWO-SEATER,2.0,4,M5,z,10.5,8.5,9.6,29,221
2025-02-22,motokar,MAZDA,MX-5,grey,petrol,Rakan Niaga,2014,TWO-SEATER,2.0,4,M6,z,11.1,8.4,9.9,29,228
2025-02-22,motokar,TOYOTA,YARIS,red,petrol,Rakan Niaga,2014,COMPACT,1.5,4,A4,x,7.9,6.6,7.3,39,168
2025-02-22,motokar,TOYOTA,YARIS,red,petrol,Rakan Niaga,2014,COMPACT,1.5,4,M5,x,7.8,6.3,7.1,40,163
2025-02-22,motokar,TOYOTA,YARIS,white,petrol,Rakan Niaga,2014,COMPACT,1.5,4,A4,x,7.9,6.6,7.3,39,168
2025-02-22,motokar,TOYOTA,YARIS,white,petrol,Rakan Niaga,2014,COMPACT,1.5,4,M5,x,7.8,6.3,7.1,40,163
2025-02-23,motokar,HONDA,CIVIC,white,petrol,Rakan Niaga,2014,COMPACT,1.8,4,AV,x,7.9,6.0,7.0,40,161
2025-02-23,motokar,HONDA,CIVIC,white,petrol,Rakan Niaga,2014,COMPACT,1.8,4,AV7,x,8.1,6.2,7.2,39,166
2025-02-23,motokar,HONDA,CIVIC,white,petrol,Rakan Niaga,2014,COMPACT,1.8,4,M5,x,8.5,6.6,7.6,37,175
2025-02-23,motokar,HONDA,CIVIC,black,petrol,Kelantan,2014,COMPACT,1.8,4,AV,x,7.9,6.0,7.0,40,161
2025-02-23,motokar,HONDA,CIVIC,black,petrol,Kelantan,2014,COMPACT,1.8,4,AV7,x,8.1,6.2,7.2,39,166
2025-02-23,motokar,HONDA,CIVIC,black,petrol,Kelantan,2014,COMPACT,1.8,4,M5,x,8.5,6.6,7.6,37,175
2025-02-23,motokar,HONDA,CIVIC,blue,petrol,Rakan Niaga,2014,COMPACT,1.8,4,AV,x,7.9,6.0,7.0,40,161
2025-02-23,motokar,HONDA,CIVIC,blue,petrol,Rakan Niaga,2014,COMPACT,1.8,4,AV7,x,8.1,6.2,7.2,39,166
2025-02-23,motokar,HONDA,CIVIC,blue,petrol,Rakan Niaga,2014,COMPACT,1.8,4,M5,x,8.5,6.6,7.6,37,175
2025-02-23,jip,MAZDA,CX-5,red,petrol,Rakan Niaga,2014,SUV - SMALL,2.0,4,AS6,x,8.9,7.3,8.2,34,189
2025-02-23,jip,MAZDA,CX-5,red,petrol,Rakan Niaga,2014,SUV - SMALL,2.0,4,M6,x,9.0,6.8,8.0,35,184
2025-02-23,jip,MAZDA,CX-5,red,petrol,Rakan Niaga,2014,SUV - SMALL,2.5,4,AS6,x,9.6,7.4,8.6,33,198
2025-02-23,motokar,TOYOTA,YARIS,red,petrol,Rakan Niaga,2014,COMPACT,1.5,4,A4,x,7.9,6.6,7.3,39,168
2025-02-23,motokar,TOYOTA,YARIS,red,petrol,Rakan Niaga,2014,COMPACT,1.5,4,M5,x,7.8,6.3,7.1,40,163
2025-02-24,jip,HONDA,CR-V,grey,hybrid_petrol,W.P. Kuala Lumpur,2014,SUV - SMALL,2.4,4,A5,x,10.3,7.6,9.1,31,209
2025-02-24,jip,HONDA,CR-V,blue,petrol,Rakan Niaga,2014,SUV - SMALL,2.4,4,A5,x,10.3,7.6,9.1,31,209
2025-02-24,jip,HONDA,CR-V,grey,petrol,Rakan Niaga,2014,SUV - SMALL,2.4,4,A5,x,10.3,7.6,9.1,31,209
2025-02-24,jip,HONDA,CR-V,blue,petrol,Selangor,2014,SUV - SMALL,2.4,4,A5,x,10.3,7.6,9.1,31,209
2025-02-24,jip,HONDA,CR-V,grey,petrol,Kelantan,2014,SUV - SMALL,2.4,4,A5,x,10.3,7.6,9.1,31,209
2025-02-24,jip,HONDA,CR-V,silver,hybrid_petrol,Rakan Niaga,2014,SUV - SMALL,2.4,4,A5,x,10.3,7.6,9.1,31,209
2025-02-24,jip,HONDA,CR-V,silver,petrol,Perak,2014,SUV - SMALL,2.4,4,A5,x,10.3,7.6,9.1,31,209
2025-02-24,jip,HONDA,CR-V,blue,petrol,Perak,2014,SUV - SMALL,2.4,4,A5,x,10.3,7.6,9.1,31,209
2025-02-24,jip,HONDA,CR-V,white,petrol,Rakan Niaga,2014,SUV - SMALL,2.4,4,A5,x,10.3,7.6,9.1,31,209
2025-02-24,jip,HONDA,CR-V,white,hybrid_petrol,Johor,2014,SUV - SMALL,2.4,4,A5,x,10.3,7.6,9.1,31,209
2025-02-24,jip,HONDA,CR-V,white,hybrid_petrol,Rakan Niaga,2014,SUV - SMALL,2.4,4,A5,x,10.3,7.6,9.1,31,209
2025-02-24,jip,HONDA,CR-V,blue,hybrid_petrol,Kelantan,2014,SUV - SMALL,2.4,4,A5,x,10.3,7.6,9.1,31,209
2025-02-24,jip,HONDA,CR-V,blue,hybrid_petrol,Rakan Niaga,2014,SUV - SMALL,2.4,4,A5,x,10.3,7.6,9.1,31,209
2025-02-24,jip,HONDA,CR-V,blue,petrol,Johor,2014,SUV - SMALL,2.4,4,A5,x,10.3,7.6,9.1,31,209
2025-02-24,jip,HONDA,CR-V,blue,hybrid_petrol,Pulau Pinang,2014,SUV - SMALL,2.4,4,A5,x,10.3,7.6,9.1,31,209
2025-02-24,jip,HONDA,CR-V,blue,petrol,W.P. Kuala Lumpur,2014,SUV - SMALL,2.4,4,A5,x,10.3,7.6,9.1,31,209
2025-02-24,jip,HONDA,CR-V,blue,petrol,Melaka,2014,SUV - SMALL,2.4,4,A5,x,10.3,7.6,9.1,31,209
2025-02-24,motokar,HONDA,CIVIC,white,petrol,Rakan Niaga,2014,COMPACT,1.8,4,AV,x,7.9,6.0,7.0,40,161
2025-02-24,motokar,HONDA,CIVIC,white,petrol,Rakan Niaga,2014,COMPACT,1.8,4,AV7,x,8.1,6.2,7.2,39,166
2025-02-24,motokar,HONDA,CIVIC,white,petrol,Rakan Niaga,2014,COMPACT,1.8,4,M5,x,8.5,6.6,7.6,37,175
2025-02-24,motokar,HONDA,CIVIC,blue,petrol,Rakan Niaga,2014,COMPACT,1.8,4,AV,x,7.9,6.0,7.0,40,161
2025-02-24,motokar,HONDA,CIVIC,blue,petrol,Rakan Niaga,2014,COMPACT,1.8,4,AV7,x,8.1,6.2,7.2,39,166
2025-02-24,motokar,HONDA,CIVIC,blue,petrol,Rakan Niaga,2014,COMPACT,1.8,4,M5,x,8.5,6.6,7.6,37,175
2025-02-24,motokar,HONDA,CIVIC,blue,petrol,Kedah,2014,COMPACT,1.8,4,AV,x,7.9,6.0,7.0,40,161
2025-02-24,motokar,HONDA,CIVIC,blue,petrol,Kedah,2014,COMPACT,1.8,4,AV7,x,8.1,6.2,7.2,39,166
2025-02-24,motokar,HONDA,CIVIC,blue,petrol,Kedah,2014,COMPACT,1.8,4,M5,x,8.5,6.6,7.6,37,175
2025-02-24,motokar,HONDA,CIVIC,black,petrol,Rakan Niaga,2014,COMPACT,1.8,4,AV,x,7.9,6.0,7.0,40,161
2025-02-24,motokar,HONDA,CIVIC,black,petrol,Rakan Niaga,2014,COMPACT,1.8,4,AV7,x,8.1,6.2,7.2,39,166
2025-02-24,motokar,HONDA,CIVIC,black,petrol,Rakan Niaga,2014,COMPACT,1.8,4,M5,x,8.5,6.6,7.6,37,175
2025-02-24,motokar,HONDA,CIVIC,grey,hybrid_petrol,Rakan Niaga,2014,COMPACT,1.8,4,AV,x,7.9,6.0,7.0,40,161
2025-02-24,motokar,HONDA,CIVIC,grey,hybrid_petrol,Rakan Niaga,2014,COMPACT,1.8,4,AV7,x,8.1,6.2,7.2,39,166
2025-02-24,motokar,HONDA,CIVIC,grey,hybrid_petrol,Rakan Niaga,2014,COMPACT,1.8,4,M5,x,8.5,6.6,7.6,37,175
2025-02-24,motokar,HONDA,CIVIC,blue,petrol,Johor,2014,COMPACT,1.8,4,AV,x,7.9,6.0,7.0,40,161
2025-02-24,motokar,HONDA,CIVIC,blue,petrol,Johor,2014,COMPACT,1.8,4,AV7,x,8.1,6.2,7.2,39,166
2025-02-24,motokar,HONDA,CIVIC,blue,petrol,Johor,2014,COMPACT,1.8,4,M5,x,8.5,6.6,7.6,37,175
2025-02-24,motokar,HONDA,CIVIC,white,petrol,Sarawak,2014,COMPACT,1.8,4,AV,x,7.9,6.0,7.0,40,161
2025-02-24,motokar,HONDA,CIVIC,white,petrol,Sarawak,2014,COMPACT,1.8,4,AV7,x,8.1,6.2,7.2,39,166
2025-02-24,motokar,HONDA,CIVIC,white,petrol,Sarawak,2014,COMPACT,1.8,4,M5,x,8.5,6.6,7.6,37,175
2025-02-24,motokar,HONDA,CIVIC,blue,petrol,Pulau Pinang,2014,COMPACT,1.8,4,AV,x,7.9,6.0,7.0,40,161
2025-02-24,motokar,HONDA,CIVIC,blue,petrol,Pulau Pinang,2014,COMPACT,1.8,4,AV7,x,8.1,6.2,7.2,39,166
2025-02-24,motokar,HONDA,CIVIC,blue,petrol,Pulau Pinang,2014,COMPACT,1.8,4,M5,x,8.5,6.6,7.6,37,175
2025-02-24,motokar,HONDA,CIVIC,red,petrol,Rakan Niaga,2014,COMPACT,1.8,4,AV,x,7.9,6.0,7.0,40,161
2025-02-24,motokar,HONDA,CIVIC,red,petrol,Rakan Niaga,2014,COMPACT,1.8,4,AV7,x,8.1,6.2,7.2,39,166
2025-02-24,motokar,HONDA,CIVIC,red,petrol,Rakan Niaga,2014,COMPACT,1.8,4,M5,x,8.5,6.6,7.6,37,175
2025-02-24,motokar,HONDA,CIVIC,grey,petrol,Rakan Niaga,2014,COMPACT,1.8,4,AV,x,7.9,6.0,7.0,40,161
2025-02-24,motokar,HONDA,CIVIC,grey,petrol,Rakan Niaga,2014,COMPACT,1.8,4,AV7,x,8.1,6.2,7.2,39,166
2025-02-24,motokar,HONDA,CIVIC,grey,petrol,Rakan Niaga,2014,COMPACT,1.8,4,M5,x,8.5,6.6,7.6,37,175
2025-02-24,motokar,HONDA,CIVIC,blue,hybrid_petrol,Rakan Niaga,2014,COMPACT,1.8,4,AV,x,7.9,6.0,7.0,40,161
2025-02-24,motokar,HONDA,CIVIC,blue,hybrid_petrol,Rakan Niaga,2014,COMPACT,1.8,4,AV7,x,8.1,6.2,7.2,39,166
2025-02-24,motokar,HONDA,CIVIC,blue,hybrid_petrol,Rakan Niaga,2014,COMPACT,1.8,4,M5,x,8.5,6.6,7.6,37,175
2025-02-24,motokar,HONDA,CIVIC,white,hybrid_petrol,Rakan Niaga,2014,COMPACT,1.8,4,AV,x,7.9,6.0,7.0,40,161
2025-02-24,motokar,HONDA,CIVIC,white,hybrid_petrol,Rakan Niaga,2014,COMPACT,1.8,4,AV7,x,8.1,6.2,7.2,39,166
2025-02-24,motokar,HONDA,CIVIC,white,hybrid_petrol,Rakan Niaga,2014,COMPACT,1.8,4,M5,x,8.5,6.6,7.6,37,175
2025-02-24,motokar,HONDA,CIVIC,grey,petrol,W.P. Kuala Lumpur,2014,COMPACT,1.8,4,AV,x,7.9,6.0,7.0,40,161
2025-02-24,motokar,HONDA,CIVIC,grey,petrol,W.P. Kuala Lumpur,2014,COMPACT,1.8,4,AV7,x,8.1,6.2,7.2,39,166
2025-02-24,motokar,HONDA,CIVIC,grey,petrol,W.P. Kuala Lumpur,2014,COMPACT,1.8,4,M5,x,8.5,6.6,7.6,37,175
2025-02-24,motokar,HONDA,FIT,silver,petrol,W.P. Kuala Lumpur,2014,STATION WAGON - SMALL,1.5,4,A5,x,8.3,6.5,7.5,38,172
2025-02-24,motokar,HONDA,FIT,silver,petrol,W.P. Kuala Lumpur,2014,STATION WAGON - SMALL,1.5,4,M5,x,8.3,6.9,7.7,37,177
2025-02-24,window_van,HONDA,ODYSSEY,black,petrol,Johor,2014,MINIVAN,3.5,6,A6,x,12.3,8.5,10.6,27,244
2025-02-24,window_van,HONDA,ODYSSEY,purple,petrol,Selangor,2014,MINIVAN,3.5,6,A6,x,12.3,8.5,10.6,27,244
2025-02-24,jip,MAZDA,CX-5,blue,petrol,Kedah,2014,SUV - SMALL,2.0,4,AS6,x,8.9,7.3,8.2,34,189
2025-02-24,jip,MAZDA,CX-5,blue,petrol,Kedah,2014,SUV - SMALL,2.0,4,M6,x,9.0,6.8,8.0,35,184
2025-02-24,jip,MAZDA,CX-5,blue,petrol,Kedah,2014,SUV - SMALL,2.5,4,AS6,x,9.6,7.4,8.6,33,198
2025-02-24,jip,MAZDA,CX-5,grey,petrol,Rakan Niaga,2014,SUV - SMALL,2.0,4,AS6,x,8.9,7.3,8.2,34,189
2025-02-24,jip,MAZDA,CX-5,grey,petrol,Rakan Niaga,2014,SUV - SMALL,2.0,4,M6,x,9.0,6.8,8.0,35,184
2025-02-24,jip,MAZDA,CX-5,grey,petrol,Rakan Niaga,2014,SUV - SMALL,2.5,4,AS6,x,9.6,7.4,8.6,33,198
2025-02-24,jip,MAZDA,CX-5,black,petrol,Rakan Niaga,2014,SUV - SMALL,2.0,4,AS6,x,8.9,7.3,8.2,34,189
2025-02-24,jip,MAZDA,CX-5,black,petrol,Rakan Niaga,2014,SUV - SMALL,2.0,4,M6,x,9.0,6.8,8.0,35,184
2025-02-24,jip,MAZDA,CX-5,black,petrol,Rakan Niaga,2014,SUV - SMALL,2.5,4,AS6,x,9.6,7.4,8.6,33,198
2025-02-24,jip,MAZDA,CX-5,gold,petrol,Rakan Niaga,2014,SUV - SMALL,2.0,4,AS6,x,8.9,7.3,8.2,34,189
2025-02-24,jip,MAZDA,CX-5,gold,petrol,Rakan Niaga,2014,SUV - SMALL,2.0,4,M6,x,9.0,6.8,8.0,35,184
2025-02-24,jip,MAZDA,CX-5,gold,petrol,Rakan Niaga,2014,SUV - SMALL,2.5,4,AS6,x,9.6,7.4,8.6,33,198
2025-02-24,jip,MAZDA,CX-5,white,petrol,Rakan Niaga,2014,SUV - SMALL,2.0,4,AS6,x,8.9,7.3,8.2,34,189
2025-02-24,jip,MAZDA,CX-5,white,petrol,Rakan Niaga,2014,SUV - SMALL,2.0,4,M6,x,9.0,6.8,8.0,35,184
2025-02-24,jip,MAZDA,CX-5,white,petrol,Rakan Niaga,2014,SUV - SMALL,2.5,4,AS6,x,9.6,7.4,8.6,33,198
2025-02-24,motokar,PORSCHE,911 CARRERA,blue,petrol,W.P. Kuala Lumpur,2014,MINICOMPACT,3.4,6,AM7,z,11.6,8.3,10.1,28,232
2025-02-24,motokar,PORSCHE,911 CARRERA,blue,petrol,W.P. Kuala Lumpur,2014,MINICOMPACT,3.4,6,M7,z,12.5,8.6,10.7,26,246
2025-02-24,motokar,PORSCHE,911 CARRERA,red,petrol,W.P. Kuala Lumpur,2014,MINICOMPACT,3.4,6,AM7,z,11.6,8.3,10.1,28,232
2025-02-24,motokar,PORSCHE,911 CARRERA,red,petrol,W.P. Kuala Lumpur,2014,MINICOMPACT,3.4,6,M7,z,12.5,8.6,10.7,26,246
2025-02-24,jip,PORSCHE,CAYENNE,grey,petrol,Rakan Niaga,2014,SUV - STANDARD,3.6,6,A8,z,13.6,10.1,12.0,24,276
2025-02-24,jip,PORSCHE,CAYENNE,grey,petrol,Rakan Niaga,2014,SUV - STANDARD,3.6,6,M6,z,15.8,10.9,13.6,21,313
2025-02-24,jip,PORSCHE,CAYENNE,white,petrol,W.P. Kuala Lumpur,2014,SUV - STANDARD,3.6,6,A8,z,13.6,10.1,12.0,24,276
2025-02-24,jip,PORSCHE,CAYENNE,white,petrol,W.P. Kuala Lumpur,2014,SUV - STANDARD,3.6,6,M6,z,15.8,10.9,13.6,21,313
2025-02-24,jip,PORSCHE,CAYENNE,white,petrol,Rakan Niaga,2014,SUV - STANDARD,3.6,6,A8,z,13.6,10.1,12.0,24,276
2025-02-24,jip,PORSCHE,CAYENNE,white,petrol,Rakan Niaga,2014,SUV - STANDARD,3.6,6,M6,z,15.8,10.9,13.6,21,313
2025-02-24,motokar,PORSCHE,PANAMERA,grey,petrol,Rakan Niaga,2014,FULL-SIZE,3.6,6,AM7,z,12.9,8.4,10.9,26,251
2025-02-24,motokar,TOYOTA,CAMRY,white,petrol,Rakan Niaga,2014,MID-SIZE,2.5,4,AS6,x,9.5,6.6,8.2,34,189
2025-02-24,motokar,TOYOTA,CAMRY,white,petrol,Rakan Niaga,2014,MID-SIZE,3.5,6,AS6,x,11.1,7.8,9.6,29,221
2025-02-24,motokar,TOYOTA,CAMRY,grey,petrol,Rakan Niaga,2014,MID-SIZE,2.5,4,AS6,x,9.5,6.6,8.2,34,189
2025-02-24,motokar,TOYOTA,CAMRY,grey,petrol,Rakan Niaga,2014,MID-SIZE,3.5,6,AS6,x,11.1,7.8,9.6,29,221
2025-02-24,motokar,TOYOTA,YARIS,silver,petrol,Rakan Niaga,2014,COMPACT,1.5,4,A4,x,7.9,6.6,7.3,39,168
2025-02-24,motokar,TOYOTA,YARIS,silver,petrol,Rakan Niaga,2014,COMPACT,1.5,4,M5,x,7.8,6.3,7.1,40,163
2025-02-24,motokar,TOYOTA,YARIS,white,petrol,Rakan Niaga,2014,COMPACT,1.5,4,A4,x,7.9,6.6,7.3,39,168
2025-02-24,motokar,TOYOTA,YARIS,white,petrol,Rakan Niaga,2014,COMPACT,1.5,4,M5,x,7.8,6.3,7.1,40,163
2025-02-24,motokar,TOYOTA,YARIS,red,petrol,Sabah,2014,COMPACT,1.5,4,A4,x,7.9,6.6,7.3,39,168
2025-02-24,motokar,TOYOTA,YARIS,red,petrol,Sabah,2014,COMPACT,1.5,4,M5,x,7.8,6.3,7.1,40,163
2025-02-24,motokar,TOYOTA,YARIS,red,petrol,Rakan Niaga,2014,COMPACT,1.5,4,A4,x,7.9,6.6,7.3,39,168
2025-02-24,motokar,TOYOTA,YARIS,red,petrol,Rakan Niaga,2014,COMPACT,1.5,4,M5,x,7.8,6.3,7.1,40,163
2025-02-24,motokar,TOYOTA,YARIS,white,petrol,W.P. Kuala Lumpur,2014,COMPACT,1.5,4,A4,x,7.9,6.6,7.3,39,168
2025-02-24,motokar,TOYOTA,YARIS,white,petrol,W.P. Kuala Lumpur,2014,COMPACT,1.5,4,M5,x,7.8,6.3,7.1,40,163
2025-02-24,jip,VOLKSWAGEN,TIGUAN,black,petrol,Rakan Niaga,2014,SUV - SMALL,2.0,4,A6,z,11.7,9.5,10.7,26,246
2025-02-24,jip,VOLKSWAGEN,TIGUAN,black,petrol,Rakan Niaga,2014,SUV - SMALL,2.0,4,M6,z,13.6,9.2,11.6,24,267
2025-02-24,jip,VOLVO,XC60,blue,hybrid_petrol,Rakan Niaga,2014,SUV - SMALL,3.2,6,AS6,x,13.0,8.9,11.2,25,258
2025-02-24,jip,VOLVO,XC60,black,hybrid_petrol,Rakan Niaga,2014,SUV - SMALL,3.2,6,AS6,x,13.0,8.9,11.2,25,258
2025-02-24,jip,VOLVO,XC60,white,hybrid_petrol,Rakan Niaga,2014,SUV - SMALL,3.2,6,AS6,x,13.0,8.9,11.2,25,258
2025-02-25,jip,HONDA,CR-V,blue,petrol,W.P. Kuala Lumpur,2014,SUV - SMALL,2.4,4,A5,x,10.3,7.6,9.1,31,209
2025-02-25,jip,HONDA,CR-V,white,petrol,Rakan Niaga,2014,SUV - SMALL,2.4,4,A5,x,10.3,7.6,9.1,31,209
2025-02-25,jip,HONDA,CR-V,blue,petrol,Rakan Niaga,2014,SUV - SMALL,2.4,4,A5,x,10.3,7.6,9.1,31,209
2025-02-25,jip,HONDA,CR-V,grey,hybrid_petrol,Selangor,2014,SUV - SMALL,2.4,4,A5,x,10.3,7.6,9.1,31,209
2025-02-25,jip,HONDA,CR-V,grey,petrol,Rakan Niaga,2014,SUV - SMALL,2.4,4,A5,x,10.3,7.6,9.1,31,209
2025-02-25,jip,HONDA,CR-V,white,hybrid_petrol,Rakan Niaga,2014,SUV - SMALL,2.4,4,A5,x,10.3,7.6,9.1,31,209
2025-02-25,jip,HONDA,CR-V,white,petrol,Johor,2014,SUV - SMALL,2.4,4,A5,x,10.3,7.6,9.1,31,209
2025-02-25,jip,HONDA,CR-V,silver,petrol,Negeri Sembilan,2014,SUV - SMALL,2.4,4,A5,x,10.3,7.6,9.1,31,209
2025-02-25,jip,HONDA,CR-V,red,petrol,Rakan Niaga,2014,SUV - SMALL,2.4,4,A5,x,10.3,7.6,9.1,31,209
2025-02-25,jip,HONDA,CR-V,grey,petrol,Selangor,2014,SUV - SMALL,2.4,4,A5,x,10.3,7.6,9.1,31,209
2025-02-25,jip,HONDA,CR-V,red,hybrid_petrol,Rakan Niaga,2014,SUV - SMALL,2.4,4,A5,x,10.3,7.6,9.1,31,209
2025-02-25,jip,HONDA,CR-V,blue,hybrid_petrol,Rakan Niaga,2014,SUV - SMALL,2.4,4,A5,x,10.3,7.6,9.1,31,209
2025-02-25,jip,HONDA,CR-V,blue,petrol,Selangor,2014,SUV - SMALL,2.4,4,A5,x,10.3,7.6,9.1,31,209
2025-02-25,jip,HONDA,CR-V,grey,petrol,Kelantan,2014,SUV - SMALL,2.4,4,A5,x,10.3,7.6,9.1,31,209
2025-02-25,jip,HONDA,CR-V,red,petrol,Selangor,2014,SUV - SMALL,2.4,4,A5,x,10.3,7.6,9.1,31,209
2025-02-25,jip,HONDA,CR-V,silver,petrol,Rakan Niaga,2014,SUV - SMALL,2.4,4,A5,x,10.3,7.6,9.1,31,209
2025-02-25,motokar,HONDA,CIVIC,black,petrol,Rakan Niaga,2014,COMPACT,1.8,4,AV,x,7.9,6.0,7.0,40,161
2025-02-25,motokar,HONDA,CIVIC,black,petrol,Rakan Niaga,2014,COMPACT,1.8,4,AV7,x,8.1,6.2,7.2,39,166
2025-02-25,motokar,HONDA,CIVIC,black,petrol,Rakan Niaga,2014,COMPACT,1.8,4,M5,x,8.5,6.6,7.6,37,175
2025-02-25,motokar,HONDA,CIVIC,grey,petrol,Rakan Niaga,2014,COMPACT,1.8,4,AV,x,7.9,6.0,7.0,40,161
2025-02-25,motokar,HONDA,CIVIC,grey,petrol,Rakan Niaga,2014,COMPACT,1.8,4,AV7,x,8.1,6.2,7.2,39,166
2025-02-25,motokar,HONDA,CIVIC,grey,petrol,Rakan Niaga,2014,COMPACT,1.8,4,M5,x,8.5,6.6,7.6,37,175
2025-02-25,motokar,HONDA,CIVIC,black,petrol,W.P. Kuala Lumpur,2014,COMPACT,1.8,4,AV,x,7.9,6.0,7.0,40,161
2025-02-25,motokar,HONDA,CIVIC,black,petrol,W.P. Kuala Lumpur,2014,COMPACT,1.8,4,AV7,x,8.1,6.2,7.2,39,166
2025-02-25,motokar,HONDA,CIVIC,black,petrol,W.P. Kuala Lumpur,2014,COMPACT,1.8,4,M5,x,8.5,6.6,7.6,37,175
2025-02-25,motokar,HONDA,CIVIC,blue,petrol,Rakan Niaga,2014,COMPACT,1.8,4,AV,x,7.9,6.0,7.0,40,161
2025-02-25,motokar,HONDA,CIVIC,blue,petrol,Rakan Niaga,2014,COMPACT,1.8,4,AV7,x,8.1,6.2,7.2,39,166
2025-02-25,motokar,HONDA,CIVIC,blue,petrol,Rakan Niaga,2014,COMPACT,1.8,4,M5,x,8.5,6.6,7.6,37,175
2025-02-25,motokar,HONDA,CIVIC,grey,hybrid_petrol,Rakan Niaga,2014,COMPACT,1.8,4,AV,x,7.9,6.0,7.0,40,161
2025-02-25,motokar,HONDA,CIVIC,grey,hybrid_petrol,Rakan Niaga,2014,COMPACT,1.8,4,AV7,x,8.1,6.2,7.2,39,166
2025-02-25,motokar,HONDA,CIVIC,grey,hybrid_petrol,Rakan Niaga,2014,COMPACT,1.8,4,M5,x,8.5,6.6,7.6,37,175
2025-02-25,motokar,HONDA,CIVIC,white,petrol,Johor,2014,COMPACT,1.8,4,AV,x,7.9,6.0,7.0,40,161
2025-02-25,motokar,HONDA,CIVIC,white,petrol,Johor,2014,COMPACT,1.8,4,AV7,x,8.1,6.2,7.2,39,166
2025-02-25,motokar,HONDA,CIVIC,white,petrol,Johor,2014,COMPACT,1.8,4,M5,x,8.5,6.6,7.6,37,175
2025-02-25,motokar,HONDA,CIVIC,white,petrol,Rakan Niaga,2014,COMPACT,1.8,4,AV,x,7.9,6.0,7.0,40,161
2025-02-25,motokar,HONDA,CIVIC,white,petrol,Rakan Niaga,2014,COMPACT,1.8,4,AV7,x,8.1,6.2,7.2,39,166
2025-02-25,motokar,HONDA,CIVIC,white,petrol,Rakan Niaga,2014,COMPACT,1.8,4,M5,x,8.5,6.6,7.6,37,175
2025-02-25,motokar,HONDA,CIVIC,red,petrol,Rakan Niaga,2014,COMPACT,1.8,4,AV,x,7.9,6.0,7.0,40,161
2025-02-25,motokar,HONDA,CIVIC,red,petrol,Rakan Niaga,2014,COMPACT,1.8,4,AV7,x,8.1,6.2,7.2,39,166
2025-02-25,motokar,HONDA,CIVIC,red,petrol,Rakan Niaga,2014,COMPACT,1.8,4,M5,x,8.5,6.6,7.6,37,175
2025-02-25,motokar,HONDA,CIVIC,grey,petrol,Pahang,2014,COMPACT,1.8,4,AV,x,7.9,6.0,7.0,40,161
2025-02-25,motokar,HONDA,CIVIC,grey,petrol,Pahang,2014,COMPACT,1.8,4,AV7,x,8.1,6.2,7.2,39,166
2025-02-25,motokar,HONDA,CIVIC,grey,petrol,Pahang,2014,COMPACT,1.8,4,M5,x,8.5,6.6,7.6,37,175
2025-02-25,motokar,HONDA,CIVIC,blue,hybrid_petrol,Rakan Niaga,2014,COMPACT,1.8,4,AV,x,7.9,6.0,7.0,40,161
2025-02-25,motokar,HONDA,CIVIC,blue,hybrid_petrol,Rakan Niaga,2014,COMPACT,1.8,4,AV7,x,8.1,6.2,7.2,39,166
2025-02-25,motokar,HONDA,CIVIC,blue,hybrid_petrol,Rakan Niaga,2014,COMPACT,1.8,4,M5,x,8.5,6.6,7.6,37,175
2025-02-25,motokar,HONDA,CIVIC,white,petrol,Perak,2014,COMPACT,1.8,4,AV,x,7.9,6.0,7.0,40,161
2025-02-25,motokar,HONDA,CIVIC,white,petrol,Perak,2014,COMPACT,1.8,4,AV7,x,8.1,6.2,7.2,39,166
2025-02-25,motokar,HONDA,CIVIC,white,petrol,Perak,2014,COMPACT,1.8,4,M5,x,8.5,6.6,7.6,37,175
2025-02-25,motokar,HONDA,CIVIC,blue,petrol,Kelantan,2014,COMPACT,1.8,4,AV,x,7.9,6.0,7.0,40,161
2025-02-25,motokar,HONDA,CIVIC,blue,petrol,Kelantan,2014,COMPACT,1.8,4,AV7,x,8.1,6.2,7.2,39,166
2025-02-25,motokar,HONDA,CIVIC,blue,petrol,Kelantan,2014,COMPACT,1.8,4,M5,x,8.5,6.6,7.6,37,175
2025-02-25,motokar,HONDA,CIVIC,white,hybrid_petrol,Negeri Sembilan,2014,COMPACT,1.8,4,AV,x,7.9,6.0,7.0,40,161
2025-02-25,motokar,HONDA,CIVIC,white,hybrid_petrol,Negeri Sembilan,2014,COMPACT,1.8,4,AV7,x,8.1,6.2,7.2,39,166
2025-02-25,motokar,HONDA,CIVIC,white,hybrid_petrol,Negeri Sembilan,2014,COMPACT,1.8,4,M5,x,8.5,6.6,7.6,37,175
2025-02-25,motokar,HONDA,CIVIC,white,petrol,Kelantan,2014,COMPACT,1.8,4,AV,x,7.9,6.0,7.0,40,161
2025-02-25,motokar,HONDA,CIVIC,white,petrol,Kelantan,2014,COMPACT,1.8,4,AV7,x,8.1,6.2,7.2,39,166
2025-02-25,motokar,HONDA,CIVIC,white,petrol,Kelantan,2014,COMPACT,1.8,4,M5,x,8.5,6.6,7.6,37,175
2025-02-25,motokar,HONDA,CIVIC,white,petrol,Pahang,2014,COMPACT,1.8,4,AV,x,7.9,6.0,7.0,40,161
2025-02-25,motokar,HONDA,CIVIC,white,petrol,Pahang,2014,COMPACT,1.8,4,AV7,x,8.1,6.2,7.2,39,166
2025-02-25,motokar,HONDA,CIVIC,white,petrol,Pahang,2014,COMPACT,1.8,4,M5,x,8.5,6.6,7.6,37,175
2025-02-25,motokar,HONDA,CIVIC,white,hybrid_petrol,Rakan Niaga,2014,COMPACT,1.8,4,AV,x,7.9,6.0,7.0,40,161
2025-02-25,motokar,HONDA,CIVIC,white,hybrid_petrol,Rakan Niaga,2014,COMPACT,1.8,4,AV7,x,8.1,6.2,7.2,39,166
2025-02-25,motokar,HONDA,CIVIC,white,hybrid_petrol,Rakan Niaga,2014,COMPACT,1.8,4,M5,x,8.5,6.6,7.6,37,175
2025-02-25,motokar,HONDA,CIVIC,blue,hybrid_petrol,Pulau Pinang,2014,COMPACT,1.8,4,AV,x,7.9,6.0,7.0,40,161
2025-02-25,motokar,HONDA,CIVIC,blue,hybrid_petrol,Pulau Pinang,2014,COMPACT,1.8,4,AV7,x,8.1,6.2,7.2,39,166
2025-02-25,motokar,HONDA,CIVIC,blue,hybrid_petrol,Pulau Pinang,2014,COMPACT,1.8,4,M5,x,8.5,6.6,7.6,37,175
2025-02-25,motokar,HONDA,CIVIC,grey,petrol,Melaka,2014,COMPACT,1.8,4,AV,x,7.9,6.0,7.0,40,161
2025-02-25,motokar,HONDA,CIVIC,grey,petrol,Melaka,2014,COMPACT,1.8,4,AV7,x,8.1,6.2,7.2,39,166
2025-02-25,motokar,HONDA,CIVIC,grey,petrol,Melaka,2014,COMPACT,1.8,4,M5,x,8.5,6.6,7.6,37,175
2025-02-25,motokar,HONDA,CIVIC,white,petrol,W.P. Kuala Lumpur,2014,COMPACT,1.8,4,AV,x,7.9,6.0,7.0,40,161
2025-02-25,motokar,HONDA,CIVIC,white,petrol,W.P. Kuala Lumpur,2014,COMPACT,1.8,4,AV7,x,8.1,6.2,7.2,39,166
2025-02-25,motokar,HONDA,CIVIC,white,petrol,W.P. Kuala Lumpur,2014,COMPACT,1.8,4,M5,x,8.5,6.6,7.6,37,175
2025-02-25,jip,KIA,SPORTAGE,blue,petrol,Rakan Niaga,2014,SUV - SMALL,2.4,4,A6,x,11.4,8.3,10.0,28,230
2025-02-25,jip,KIA,SPORTAGE,blue,petrol,Rakan Niaga,2014,SUV - SMALL,2.4,4,M6,x,12.9,9.3,11.3,25,260
2025-02-25,jip,KIA,SPORTAGE,white,petrol,Rakan Niaga,2014,SUV - SMALL,2.4,4,A6,x,11.4,8.3,10.0,28,230
2025-02-25,jip,KIA,SPORTAGE,white,petrol,Rakan Niaga,2014,SUV - SMALL,2.4,4,M6,x,12.9,9.3,11.3,25,260
2025-02-25,jip,LAND ROVER,RANGE ROVER EVOQUE,grey,petrol,W.P. Kuala Lumpur,2014,SUV - SMALL,2.0,4,AS9,z,11.3,7.9,9.8,29,225
2025-02-25,jip,MAZDA,CX-5,grey,petrol,Selangor,2014,SUV - SMALL,2.0,4,AS6,x,8.9,7.3,8.2,34,189
2025-02-25,jip,MAZDA,CX-5,grey,petrol,Selangor,2014,SUV - SMALL,2.0,4,M6,x,9.0,6.8,8.0,35,184
2025-02-25,jip,MAZDA,CX-5,grey,petrol,Selangor,2014,SUV - SMALL,2.5,4,AS6,x,9.6,7.4,8.6,33,198
2025-02-25,jip,MAZDA,CX-5,red,petrol,Rakan Niaga,2014,SUV - SMALL,2.0,4,AS6,x,8.9,7.3,8.2,34,189
2025-02-25,jip,MAZDA,CX-5,red,petrol,Rakan Niaga,2014,SUV - SMALL,2.0,4,M6,x,9.0,6.8,8.0,35,184
2025-02-25,jip,MAZDA,CX-5,red,petrol,Rakan Niaga,2014,SUV - SMALL,2.5,4,AS6,x,9.6,7.4,8.6,33,198
2025-02-25,jip,MAZDA,CX-5,grey,petrol,W.P. Kuala Lumpur,2014,SUV - SMALL,2.0,4,AS6,x,8.9,7.3,8.2,34,189
2025-02-25,jip,MAZDA,CX-5,grey,petrol,W.P. Kuala Lumpur,2014,SUV - SMALL,2.0,4,M6,x,9.0,6.8,8.0,35,184
2025-02-25,jip,MAZDA,CX-5,grey,petrol,W.P. Kuala Lumpur,2014,SUV - SMALL,2.5,4,AS6,x,9.6,7.4,8.6,33,198
2025-02-25,jip,MAZDA,CX-5,gold,petrol,Rakan Niaga,2014,SUV - SMALL,2.0,4,AS6,x,8.9,7.3,8.2,34,189
2025-02-25,jip,MAZDA,CX-5,gold,petrol,Rakan Niaga,2014,SUV - SMALL,2.0,4,M6,x,9.0,6.8,8.0,35,184
2025-02-25,jip,MAZDA,CX-5,gold,petrol,Rakan Niaga,2014,SUV - SMALL,2.5,4,AS6,x,9.6,7.4,8.6,33,198
2025-02-25,jip,MAZDA,CX-5,grey,petrol,Rakan Niaga,2014,SUV - SMALL,2.0,4,AS6,x,8.9,7.3,8.2,34,189
2025-02-25,jip,MAZDA,CX-5,grey,petrol,Rakan Niaga,2014,SUV - SMALL,2.0,4,M6,x,9.0,6.8,8.0,35,184
2025-02-25,jip,MAZDA,CX-5,grey,petrol,Rakan Niaga,2014,SUV - SMALL,2.5,4,AS6,x,9.6,7.4,8.6,33,198
2025-02-25,jip,MAZDA,CX-5,blue,petrol,Rakan Niaga,2014,SUV - SMALL,2.0,4,AS6,x,8.9,7.3,8.2,34,189
2025-02-25,jip,MAZDA,CX-5,blue,petrol,Rakan Niaga,2014,SUV - SMALL,2.0,4,M6,x,9.0,6.8,8.0,35,184
2025-02-25,jip,MAZDA,CX-5,blue,petrol,Rakan Niaga,2014,SUV - SMALL,2.5,4,AS6,x,9.6,7.4,8.6,33,198
2025-02-25,jip,MAZDA,CX-5,black,petrol,Rakan Niaga,2014,SUV - SMALL,2.0,4,AS6,x,8.9,7.3,8.2,34,189
2025-02-25,jip,MAZDA,CX-5,black,petrol,Rakan Niaga,2014,SUV - SMALL,2.0,4,M6,x,9.0,6.8,8.0,35,184
2025-02-25,jip,MAZDA,CX-5,black,petrol,Rakan Niaga,2014,SUV - SMALL,2.5,4,AS6,x,9.6,7.4,8.6,33,198
2025-02-25,motokar,MAZDA,MX-5,grey,petrol,Rakan Niaga,2014,TWO-SEATER,2.0,4,AS6,z,11.5,8.5,10.2,28,235
2025-02-25,motokar,MAZDA,MX-5,grey,petrol,Rakan Niaga,2014,TWO-SEATER,2.0,4,M5,z,10.5,8.5,9.6,29,221
2025-02-25,motokar,MAZDA,MX-5,grey,petrol,Rakan Niaga,2014,TWO-SEATER,2.0,4,M6,z,11.1,8.4,9.9,29,228
2025-02-25,motokar,PORSCHE,911 CARRERA,grey,petrol,W.P. Kuala Lumpur,2014,MINICOMPACT,3.4,6,AM7,z,11.6,8.3,10.1,28,232
2025-02-25,motokar,PORSCHE,911 CARRERA,grey,petrol,W.P. Kuala Lumpur,2014,MINICOMPACT,3.4,6,M7,z,12.5,8.6,10.7,26,246
2025-02-25,motokar,PORSCHE,911 CARRERA,silver,petrol,W.P. Kuala Lumpur,2014,MINICOMPACT,3.4,6,AM7,z,11.6,8.3,10.1,28,232
2025-02-25,motokar,PORSCHE,911 CARRERA,silver,petrol,W.P. Kuala Lumpur,2014,MINICOMPACT,3.4,6,M7,z,12.5,8.6,10.7,26,246
2025-02-25,jip,PORSCHE,CAYENNE,white,hybrid_petrol,Johor,2014,SUV - STANDARD,3.6,6,A8,z,13.6,10.1,12.0,24,276
2025-02-25,jip,PORSCHE,CAYENNE,white,hybrid_petrol,Johor,2014,SUV - STANDARD,3.6,6,M6,z,15.8,10.9,13.6,21,313
2025-02-25,jip,PORSCHE,CAYENNE,silver,hybrid_petrol,Johor,2014,SUV - STANDARD,3.6,6,A8,z,13.6,10.1,12.0,24,276
2025-02-25,jip,PORSCHE,CAYENNE,silver,hybrid_petrol,Johor,2014,SUV - STANDARD,3.6,6,M6,z,15.8,10.9,13.6,21,313
2025-02-25,jip,PORSCHE,CAYENNE,grey,petrol,W.P. Kuala Lumpur,2014,SUV - STANDARD,3.6,6,A8,z,13.6,10.1,12.0,24,276
2025-02-25,jip,PORSCHE,CAYENNE,grey,petrol,W.P. Kuala Lumpur,2014,SUV - STANDARD,3.6,6,M6,z,15.8,10.9,13.6,21,313
2025-02-25,jip,PORSCHE,CAYENNE,black,petrol,Johor,2014,SUV - STANDARD,3.6,6,A8,z,13.6,10.1,12.0,24,276
2025-02-25,jip,PORSCHE,CAYENNE,black,petrol,Johor,2014,SUV - STANDARD,3.6,6,M6,z,15.8,10.9,13.6,21,313
2025-02-25,jip,PORSCHE,CAYENNE,black,petrol,W.P. Kuala Lumpur,2014,SUV - STANDARD,3.6,6,A8,z,13.6,10.1,12.0,24,276
2025-02-25,jip,PORSCHE,CAYENNE,black,petrol,W.P. Kuala Lumpur,2014,SUV - STANDARD,3.6,6,M6,z,15.8,10.9,13.6,21,313
2025-02-25,motokar,TOYOTA,CAMRY,white,petrol,Rakan Niaga,2014,MID-SIZE,2.5,4,AS6,x,9.5,6.6,8.2,34,189
2025-02-25,motokar,TOYOTA,CAMRY,white,petrol,Rakan Niaga,2014,MID-SIZE,3.5,6,AS6,x,11.1,7.8,9.6,29,221
2025-02-25,motokar,TOYOTA,CAMRY,black,petrol,Selangor,2014,MID-SIZE,2.5,4,AS6,x,9.5,6.6,8.2,34,189
2025-02-25,motokar,TOYOTA,CAMRY,black,petrol,Selangor,2014,MID-SIZE,3.5,6,AS6,x,11.1,7.8,9.6,29,221
2025-02-25,motokar,TOYOTA,COROLLA,red,petrol,Rakan Niaga,2014,MID-SIZE,1.8,4,A4,x,8.6,6.5,7.7,37,177
2025-02-25,motokar,TOYOTA,COROLLA,red,petrol,Rakan Niaga,2014,MID-SIZE,1.8,4,AV7,x,8.1,6.3,7.3,39,168
2025-02-25,motokar,TOYOTA,COROLLA,red,petrol,Rakan Niaga,2014,MID-SIZE,1.8,4,AV,x,8.0,5.9,7.1,40,163
2025-02-25,motokar,TOYOTA,COROLLA,red,petrol,Rakan Niaga,2014,MID-SIZE,1.8,4,M6,x,8.3,6.3,7.4,38,170
2025-02-25,motokar,TOYOTA,YARIS,white,petrol,Sabah,2014,COMPACT,1.5,4,A4,x,7.9,6.6,7.3,39,168
2025-02-25,motokar,TOYOTA,YARIS,white,petrol,Sabah,2014,COMPACT,1.5,4,M5,x,7.8,6.3,7.1,40,163
2025-02-25,motokar,TOYOTA,YARIS,white,petrol,Rakan Niaga,2014,COMPACT,1.5,4,A4,x,7.9,6.6,7.3,39,168
2025-02-25,motokar,TOYOTA,YARIS,white,petrol,Rakan Niaga,2014,COMPACT,1.5,4,M5,x,7.8,6.3,7.1,40,163
2025-02-25,motokar,TOYOTA,YARIS,red,petrol,Rakan Niaga,2014,COMPACT,1.5,4,A4,x,7.9,6.6,7.3,39,168
2025-02-25,motokar,TOYOTA,YARIS,red,petrol,Rakan Niaga,2014,COMPACT,1.5,4,M5,x,7.8,6.3,7.1,40,163
2025-02-25,motokar,TOYOTA,YARIS,red,petrol,Sabah,2014,COMPACT,1.5,4,A4,x,7.9,6.6,7.3,39,168
2025-02-25,motokar,TOYOTA,YARIS,red,petrol,Sabah,2014,COMPACT,1.5,4,M5,x,7.8,6.3,7.1,40,163
2025-02-25,motokar,TOYOTA,YARIS,silver,petrol,Rakan Niaga,2014,COMPACT,1.5,4,A4,x,7.9,6.6,7.3,39,168
2025-02-25,motokar,TOYOTA,YARIS,silver,petrol,Rakan Niaga,2014,COMPACT,1.5,4,M5,x,7.8,6.3,7.1,40,163
2025-02-25,motokar,TOYOTA,YARIS,red,petrol,W.P. Kuala Lumpur,2014,COMPACT,1.5,4,A4,x,7.9,6.6,7.3,39,168
2025-02-25,motokar,TOYOTA,YARIS,red,petrol,W.P. Kuala Lumpur,2014,COMPACT,1.5,4,M5,x,7.8,6.3,7.1,40,163
2025-02-25,motokar,TOYOTA,YARIS,silver,petrol,Sabah,2014,COMPACT,1.5,4,A4,x,7.9,6.6,7.3,39,168
2025-02-25,motokar,TOYOTA,YARIS,silver,petrol,Sabah,2014,COMPACT,1.5,4,M5,x,7.8,6.3,7.1,40,163
2025-02-25,motokar,TOYOTA,YARIS,white,petrol,W.P. Kuala Lumpur,2014,COMPACT,1.5,4,A4,x,7.9,6.6,7.3,39,168
2025-02-25,motokar,TOYOTA,YARIS,white,petrol,W.P. Kuala Lumpur,2014,COMPACT,1.5,4,M5,x,7.8,6.3,7.1,40,163
2025-02-25,jip,VOLKSWAGEN,TIGUAN,blue,petrol,Rakan Niaga,2014,SUV - SMALL,2.0,4,A6,z,11.7,9.5,10.7,26,246
2025-02-25,jip,VOLKSWAGEN,TIGUAN,blue,petrol,Rakan Niaga,2014,SUV - SMALL,2.0,4,M6,z,13.6,9.2,11.6,24,267
2025-02-25,jip,VOLKSWAGEN,TIGUAN,white,petrol,Rakan Niaga,2014,SUV - SMALL,2.0,4,A6,z,11.7,9.5,10.7,26,246
2025-02-25,jip,VOLKSWAGEN,TIGUAN,white,petrol,Rakan Niaga,2014,SUV - SMALL,2.0,4,M6,z,13.6,9.2,11.6,24,267
2025-02-25,jip,VOLKSWAGEN,TIGUAN,silver,petrol,Rakan Niaga,2014,SUV - SMALL,2.0,4,A6,z,11.7,9.5,10.7,26,246
2025-02-25,jip,VOLKSWAGEN,TIGUAN,silver,petrol,Rakan Niaga,2014,SUV - SMALL,2.0,4,M6,z,13.6,9.2,11.6,24,267
2025-02-25,jip,VOLVO,XC60,gold,hybrid_petrol,W.P. Kuala Lumpur,2014,SUV - SMALL,3.2,6,AS6,x,13.0,8.9,11.2,25,258
2025-02-26,jip,AUDI,Q5,white,diesel,Rakan Niaga,2014,SUV - SMALL,2.0,4,AS8,z,12.0,8.5,10.4,27,239
2025-02-26,jip,AUDI,Q5,white,diesel,Rakan Niaga,2014,SUV - SMALL,3.0,6,AS8,z,12.9,9.2,11.2,25,258
2025-02-26,motokar,CHEVROLET,CORVETTE,blue,petrol,W.P. Kuala Lumpur,2014,TWO-SEATER,6.2,8,AS6,z,14.9,8.5,12.0,24,276
2025-02-26,motokar,CHEVROLET,CORVETTE,blue,petrol,W.P. Kuala Lumpur,2014,TWO-SEATER,6.2,8,M7,z,13.7,8.2,11.2,25,258
2025-02-26,motokar,FORD,MUSTANG,black,petrol,Selangor,2014,SUBCOMPACT,3.7,6,A6,x,12.1,7.8,10.2,28,235
2025-02-26,motokar,FORD,MUSTANG,black,petrol,Selangor,2014,SUBCOMPACT,3.7,6,M6,x,12.7,8.1,10.6,27,244
2025-02-26,motokar,FORD,MUSTANG,black,petrol,Selangor,2014,SUBCOMPACT,5.0,8,A6,x,13.3,9.3,11.5,25,264
2025-02-26,motokar,FORD,MUSTANG,black,petrol,Selangor,2014,SUBCOMPACT,5.0,8,M6,x,15.4,9.4,12.7,22,292
2025-02-26,motokar,FORD,MUSTANG,black,petrol,Selangor,2014,SUBCOMPACT,5.8,8,M6,z,15.9,9.9,13.2,21,304
2025-02-26,jip,HONDA,CR-V,blue,petrol,Pulau Pinang,2014,SUV - SMALL,2.4,4,A5,x,10.3,7.6,9.1,31,209
2025-02-26,jip,HONDA,CR-V,blue,petrol,Melaka,2014,SUV - SMALL,2.4,4,A5,x,10.3,7.6,9.1,31,209
2025-02-26,jip,HONDA,CR-V,blue,petrol,Rakan Niaga,2014,SUV - SMALL,2.4,4,A5,x,10.3,7.6,9.1,31,209
2025-02-26,jip,HONDA,CR-V,silver,petrol,Selangor,2014,SUV - SMALL,2.4,4,A5,x,10.3,7.6,9.1,31,209
2025-02-26,jip,HONDA,CR-V,grey,petrol,Rakan Niaga,2014,SUV - SMALL,2.4,4,A5,x,10.3,7.6,9.1,31,209
2025-02-26,jip,HONDA,CR-V,grey,hybrid_petrol,Rakan Niaga,2014,SUV - SMALL,2.4,4,A5,x,10.3,7.6,9.1,31,209
2025-02-26,jip,HONDA,CR-V,blue,hybrid_petrol,Negeri Sembilan,2014,SUV - SMALL,2.4,4,A5,x,10.3,7.6,9.1,31,209
2025-02-26,jip,HONDA,CR-V,white,petrol,Kedah,2014,SUV - SMALL,2.4,4,A5,x,10.3,7.6,9.1,31,209
2025-02-26,jip,HONDA,CR-V,white,petrol,Rakan Niaga,2014,SUV - SMALL,2.4,4,A5,x,10.3,7.6,9.1,31,209
2025-02-26,jip,HONDA,CR-V,blue,hybrid_petrol,Rakan Niaga,2014,SUV - SMALL,2.4,4,A5,x,10.3,7.6,9.1,31,209
2025-02-26,jip,HONDA,CR-V,white,hybrid_petrol,Rakan Niaga,2014,SUV - SMALL,2.4,4,A5,x,10.3,7.6,9.1,31,209
2025-02-26,jip,HONDA,CR-V,silver,petrol,Perlis,2014,SUV - SMALL,2.4,4,A5,x,10.3,7.6,9.1,31,209
2025-02-26,jip,HONDA,CR-V,red,petrol,Kelantan,2014,SUV - SMALL,2.4,4,A5,x,10.3,7.6,9.1,31,209
2025-02-26,jip,HONDA,CR-V,silver,hybrid_petrol,Rakan Niaga,2014,SUV - SMALL,2.4,4,A5,x,10.3,7.6,9.1,31,209
2025-02-26,jip,HONDA,CR-V,blue,petrol,Selangor,2014,SUV - SMALL,2.4,4,A5,x,10.3,7.6,9.1,31,209
2025-02-26,jip,HONDA,CR-V,silver,petrol,Rakan Niaga,2014,SUV - SMALL,2.4,4,A5,x,10.3,7.6,9.1,31,209
2025-02-26,jip,HONDA,CR-V,red,petrol,Rakan Niaga,2014,SUV - SMALL,2.4,4,A5,x,10.3,7.6,9.1,31,209
2025-02-26,jip,HONDA,CR-V,blue,petrol,W.P. Kuala Lumpur,2014,SUV - SMALL,2.4,4,A5,x,10.3,7.6,9.1,31,209
2025-02-26,jip,HONDA,CR-V,white,hybrid_petrol,Negeri Sembilan,2014,SUV - SMALL,2.4,4,A5,x,10.3,7.6,9.1,31,209
2025-02-26,jip,HONDA,CR-V,silver,hybrid_petrol,Selangor,2014,SUV - SMALL,2.4,4,A5,x,10.3,7.6,9.1,31,209
2025-02-26,jip,HONDA,CR-V,red,hybrid_petrol,Rakan Niaga,2014,SUV - SMALL,2.4,4,A5,x,10.3,7.6,9.1,31,209
2025-02-26,jip,HONDA,CR-V,grey,hybrid_petrol,Selangor,2014,SUV - SMALL,2.4,4,A5,x,10.3,7.6,9.1,31,209
2025-02-26,jip,HONDA,CR-V,blue,petrol,Johor,2014,SUV - SMALL,2.4,4,A5,x,10.3,7.6,9.1,31,209
2025-02-26,motokar,HONDA,CIVIC,blue,petrol,Rakan Niaga,2014,COMPACT,1.8,4,AV,x,7.9,6.0,7.0,40,161
2025-02-26,motokar,HONDA,CIVIC,blue,petrol,Rakan Niaga,2014,COMPACT,1.8,4,AV7,x,8.1,6.2,7.2,39,166
2025-02-26,motokar,HONDA,CIVIC,blue,petrol,Rakan Niaga,2014,COMPACT,1.8,4,M5,x,8.5,6.6,7.6,37,175
2025-02-26,motokar,HONDA,CIVIC,white,petrol,Perlis,2014,COMPACT,1.8,4,AV,x,7.9,6.0,7.0,40,161
2025-02-26,motokar,HONDA,CIVIC,white,petrol,Perlis,2014,COMPACT,1.8,4,AV7,x,8.1,6.2,7.2,39,166
2025-02-26,motokar,HONDA,CIVIC,white,petrol,Perlis,2014,COMPACT,1.8,4,M5,x,8.5,6.6,7.6,37,175
2025-02-26,motokar,HONDA,CIVIC,red,petrol,Rakan Niaga,2014,COMPACT,1.8,4,AV,x,7.9,6.0,7.0,40,161
2025-02-26,motokar,HONDA,CIVIC,red,petrol,Rakan Niaga,2014,COMPACT,1.8,4,AV7,x,8.1,6.2,7.2,39,166
2025-02-26,motokar,HONDA,CIVIC,red,petrol,Rakan Niaga,2014,COMPACT,1.8,4,M5,x,8.5,6.6,7.6,37,175
2025-02-26,motokar,HONDA,CIVIC,white,petrol,Rakan Niaga,2014,COMPACT,1.8,4,AV,x,7.9,6.0,7.0,40,161
2025-02-26,motokar,HONDA,CIVIC,white,petrol,Rakan Niaga,2014,COMPACT,1.8,4,AV7,x,8.1,6.2,7.2,39,166
2025-02-26,motokar,HONDA,CIVIC,white,petrol,Rakan Niaga,2014,COMPACT,1.8,4,M5,x,8.5,6.6,7.6,37,175
2025-02-26,motokar,HONDA,CIVIC,black,petrol,Rakan Niaga,2014,COMPACT,1.8,4,AV,x,7.9,6.0,7.0,40,161
2025-02-26,motokar,HONDA,CIVIC,black,petrol,Rakan Niaga,2014,COMPACT,1.8,4,AV7,x,8.1,6.2,7.2,39,166
2025-02-26,motokar,HONDA,CIVIC,black,petrol,Rakan Niaga,2014,COMPACT,1.8,4,M5,x,8.5,6.6,7.6,37,175
2025-02-26,motokar,HONDA,CIVIC,grey,hybrid_petrol,Rakan Niaga,2014,COMPACT,1.8,4,AV,x,7.9,6.0,7.0,40,161
2025-02-26,motokar,HONDA,CIVIC,grey,hybrid_petrol,Rakan Niaga,2014,COMPACT,1.8,4,AV7,x,8.1,6.2,7.2,39,166
2025-02-26,motokar,HONDA,CIVIC,grey,hybrid_petrol,Rakan Niaga,2014,COMPACT,1.8,4,M5,x,8.5,6.6,7.6,37,175
2025-02-26,motokar,HONDA,CIVIC,white,petrol,Selangor,2014,COMPACT,1.8,4,AV,x,7.9,6.0,7.0,40,161
2025-02-26,motokar,HONDA,CIVIC,white,petrol,Selangor,2014,COMPACT,1.8,4,AV7,x,8.1,6.2,7.2,39,166
2025-02-26,motokar,HONDA,CIVIC,white,petrol,Selangor,2014,COMPACT,1.8,4,M5,x,8.5,6.6,7.6,37,175
2025-02-26,motokar,HONDA,CIVIC,blue,petrol,W.P. Kuala Lumpur,2014,COMPACT,1.8,4,AV,x,7.9,6.0,7.0,40,161
2025-02-26,motokar,HONDA,CIVIC,blue,petrol,W.P. Kuala Lumpur,2014,COMPACT,1.8,4,AV7,x,8.1,6.2,7.2,39,166
2025-02-26,motokar,HONDA,CIVIC,blue,petrol,W.P. Kuala Lumpur,2014,COMPACT,1.8,4,M5,x,8.5,6.6,7.6,37,175
2025-02-26,motokar,HONDA,CIVIC,grey,petrol,Rakan Niaga,2014,COMPACT,1.8,4,AV,x,7.9,6.0,7.0,40,161
2025-02-26,motokar,HONDA,CIVIC,grey,petrol,Rakan Niaga,2014,COMPACT,1.8,4,AV7,x,8.1,6.2,7.2,39,166
2025-02-26,motokar,HONDA,CIVIC,grey,petrol,Rakan Niaga,2014,COMPACT,1.8,4,M5,x,8.5,6.6,7.6,37,175
2025-02-26,motokar,HONDA,CIVIC,blue,petrol,Johor,2014,COMPACT,1.8,4,AV,x,7.9,6.0,7.0,40,161
2025-02-26,motokar,HONDA,CIVIC,blue,petrol,Johor,2014,COMPACT,1.8,4,AV7,x,8.1,6.2,7.2,39,166
2025-02-26,motokar,HONDA,CIVIC,blue,petrol,Johor,2014,COMPACT,1.8,4,M5,x,8.5,6.6,7.6,37,175
2025-02-26,motokar,HONDA,CIVIC,white,petrol,Kedah,2014,COMPACT,1.8,4,AV,x,7.9,6.0,7.0,40,161
2025-02-26,motokar,HONDA,CIVIC,white,petrol,Kedah,2014,COMPACT,1.8,4,AV7,x,8.1,6.2,7.2,39,166
2025-02-26,motokar,HONDA,CIVIC,white,petrol,Kedah,2014,COMPACT,1.8,4,M5,x,8.5,6.6,7.6,37,175
2025-02-26,motokar,HONDA,CIVIC,black,petrol,W.P. Kuala Lumpur,2014,COMPACT,1.8,4,AV,x,7.9,6.0,7.0,40,161
2025-02-26,motokar,HONDA,CIVIC,black,petrol,W.P. Kuala Lumpur,2014,COMPACT,1.8,4,AV7,x,8.1,6.2,7.2,39,166
2025-02-26,motokar,HONDA,CIVIC,black,petrol,W.P. Kuala Lumpur,2014,COMPACT,1.8,4,M5,x,8.5,6.6,7.6,37,175
2025-02-26,motokar,HONDA,CIVIC,red,petrol,W.P. Kuala Lumpur,2014,COMPACT,1.8,4,AV,x,7.9,6.0,7.0,40,161
2025-02-26,motokar,HONDA,CIVIC,red,petrol,W.P. Kuala Lumpur,2014,COMPACT,1.8,4,AV7,x,8.1,6.2,7.2,39,166
2025-02-26,motokar,HONDA,CIVIC,red,petrol,W.P. Kuala Lumpur,2014,COMPACT,1.8,4,M5,x,8.5,6.6,7.6,37,175
2025-02-26,motokar,HONDA,CIVIC,white,petrol,Sarawak,2014,COMPACT,1.8,4,AV,x,7.9,6.0,7.0,40,161
2025-02-26,motokar,HONDA,CIVIC,white,petrol,Sarawak,2014,COMPACT,1.8,4,AV7,x,8.1,6.2,7.2,39,166
2025-02-26,motokar,HONDA,CIVIC,white,petrol,Sarawak,2014,COMPACT,1.8,4,M5,x,8.5,6.6,7.6,37,175
2025-02-26,motokar,HONDA,CIVIC,blue,petrol,Selangor,2014,COMPACT,1.8,4,AV,x,7.9,6.0,7.0,40,161
2025-02-26,motokar,HONDA,CIVIC,blue,petrol,Selangor,2014,COMPACT,1.8,4,AV7,x,8.1,6.2,7.2,39,166
2025-02-26,motokar,HONDA,CIVIC,blue,petrol,Selangor,2014,COMPACT,1.8,4,M5,x,8.5,6.6,7.6,37,175
2025-02-26,motokar,HONDA,CIVIC,white,petrol,Johor,2014,COMPACT,1.8,4,AV,x,7.9,6.0,7.0,40,161
2025-02-26,motokar,HONDA,CIVIC,white,petrol,Johor,2014,COMPACT,1.8,4,AV7,x,8.1,6.2,7.2,39,166
2025-02-26,motokar,HONDA,CIVIC,white,petrol,Johor,2014,COMPACT,1.8,4,M5,x,8.5,6.6,7.6,37,175
2025-02-26,motokar,HONDA,CIVIC,black,petrol,Kelantan,2014,COMPACT,1.8,4,AV,x,7.9,6.0,7.0,40,161
2025-02-26,motokar,HONDA,CIVIC,black,petrol,Kelantan,2014,COMPACT,1.8,4,AV7,x,8.1,6.2,7.2,39,166
2025-02-26,motokar,HONDA,CIVIC,black,petrol,Kelantan,2014,COMPACT,1.8,4,M5,x,8.5,6.6,7.6,37,175
2025-02-26,motokar,HONDA,CIVIC,blue,hybrid_petrol,Rakan Niaga,2014,COMPACT,1.8,4,AV,x,7.9,6.0,7.0,40,161
2025-02-26,motokar,HONDA,CIVIC,blue,hybrid_petrol,Rakan Niaga,2014,COMPACT,1.8,4,AV7,x,8.1,6.2,7.2,39,166
2025-02-26,motokar,HONDA,CIVIC,blue,hybrid_petrol,Rakan Niaga,2014,COMPACT,1.8,4,M5,x,8.5,6.6,7.6,37,175
2025-02-26,motokar,HONDA,CIVIC,white,hybrid_petrol,Rakan Niaga,2014,COMPACT,1.8,4,AV,x,7.9,6.0,7.0,40,161
2025-02-26,motokar,HONDA,CIVIC,white,hybrid_petrol,Rakan Niaga,2014,COMPACT,1.8,4,AV7,x,8.1,6.2,7.2,39,166
2025-02-26,motokar,HONDA,CIVIC,white,hybrid_petrol,Rakan Niaga,2014,COMPACT,1.8,4,M5,x,8.5,6.6,7.6,37,175
2025-02-26,motokar,HONDA,CIVIC,white,petrol,Kelantan,2014,COMPACT,1.8,4,AV,x,7.9,6.0,7.0,40,161
2025-02-26,motokar,HONDA,CIVIC,white,petrol,Kelantan,2014,COMPACT,1.8,4,AV7,x,8.1,6.2,7.2,39,166
2025-02-26,motokar,HONDA,CIVIC,white,petrol,Kelantan,2014,COMPACT,1.8,4,M5,x,8.5,6.6,7.6,37,175
2025-02-26,motokar,HONDA,CIVIC,grey,petrol,W.P. Kuala Lumpur,2014,COMPACT,1.8,4,AV,x,7.9,6.0,7.0,40,161
2025-02-26,motokar,HONDA,CIVIC,grey,petrol,W.P. Kuala Lumpur,2014,COMPACT,1.8,4,AV7,x,8.1,6.2,7.2,39,166
2025-02-26,motokar,HONDA,CIVIC,grey,petrol,W.P. Kuala Lumpur,2014,COMPACT,1.8,4,M5,x,8.5,6.6,7.6,37,175
2025-02-26,motokar,HONDA,CIVIC,white,petrol,W.P. Kuala Lumpur,2014,COMPACT,1.8,4,AV,x,7.9,6.0,7.0,40,161
2025-02-26,motokar,HONDA,CIVIC,white,petrol,W.P. Kuala Lumpur,2014,COMPACT,1.8,4,AV7,x,8.1,6.2,7.2,39,166
2025-02-26,motokar,HONDA,CIVIC,white,petrol,W.P. Kuala Lumpur,2014,COMPACT,1.8,4,M5,x,8.5,6.6,7.6,37,175
2025-02-26,motokar,HONDA,CIVIC,grey,petrol,Johor,2014,COMPACT,1.8,4,AV,x,7.9,6.0,7.0,40,161
2025-02-26,motokar,HONDA,CIVIC,grey,petrol,Johor,2014,COMPACT,1.8,4,AV7,x,8.1,6.2,7.2,39,166
2025-02-26,motokar,HONDA,CIVIC,grey,petrol,Johor,2014,COMPACT,1.8,4,M5,x,8.5,6.6,7.6,37,175
2025-02-26,motokar,HONDA,CIVIC,blue,petrol,Sarawak,2014,COMPACT,1.8,4,AV,x,7.9,6.0,7.0,40,161
2025-02-26,motokar,HONDA,CIVIC,blue,petrol,Sarawak,2014,COMPACT,1.8,4,AV7,x,8.1,6.2,7.2,39,166
2025-02-26,motokar,HONDA,CIVIC,blue,petrol,Sarawak,2014,COMPACT,1.8,4,M5,x,8.5,6.6,7.6,37,175
2025-02-26,motokar,HONDA,CIVIC,red,petrol,Perak,2014,COMPACT,1.8,4,AV,x,7.9,6.0,7.0,40,161
2025-02-26,motokar,HONDA,CIVIC,red,petrol,Perak,2014,COMPACT,1.8,4,AV7,x,8.1,6.2,7.2,39,166
2025-02-26,motokar,HONDA,CIVIC,red,petrol,Perak,2014,COMPACT,1.8,4,M5,x,8.5,6.6,7.6,37,175
2025-02-26,window_van,HONDA,ODYSSEY,black,petrol,W.P. Kuala Lumpur,2014,MINIVAN,3.5,6,A6,x,12.3,8.5,10.6,27,244
2025-02-26,window_van,HONDA,ODYSSEY,black,petrol,Rakan Niaga,2014,MINIVAN,3.5,6,A6,x,12.3,8.5,10.6,27,244
2025-02-26,jip,MAZDA,CX-5,red,petrol,Rakan Niaga,2014,SUV - SMALL,2.0,4,AS6,x,8.9,7.3,8.2,34,189
2025-02-26,jip,MAZDA,CX-5,red,petrol,Rakan Niaga,2014,SUV - SMALL,2.0,4,M6,x,9.0,6.8,8.0,35,184
2025-02-26,jip,MAZDA,CX-5,red,petrol,Rakan Niaga,2014,SUV - SMALL,2.5,4,AS6,x,9.6,7.4,8.6,33,198
2025-02-26,jip,MAZDA,CX-5,black,petrol,Rakan Niaga,2014,SUV - SMALL,2.0,4,AS6,x,8.9,7.3,8.2,34,189
2025-02-26,jip,MAZDA,CX-5,black,petrol,Rakan Niaga,2014,SUV - SMALL,2.0,4,M6,x,9.0,6.8,8.0,35,184
2025-02-26,jip,MAZDA,CX-5,black,petrol,Rakan Niaga,2014,SUV - SMALL,2.5,4,AS6,x,9.6,7.4,8.6,33,198
2025-02-26,jip,MAZDA,CX-5,grey,petrol,Rakan Niaga,2014,SUV - SMALL,2.0,4,AS6,x,8.9,7.3,8.2,34,189
2025-02-26,jip,MAZDA,CX-5,grey,petrol,Rakan Niaga,2014,SUV - SMALL,2.0,4,M6,x,9.0,6.8,8.0,35,184
2025-02-26,jip,MAZDA,CX-5,grey,petrol,Rakan Niaga,2014,SUV - SMALL,2.5,4,AS6,x,9.6,7.4,8.6,33,198
2025-02-26,jip,MAZDA,CX-5,blue,petrol,Rakan Niaga,2014,SUV - SMALL,2.0,4,AS6,x,8.9,7.3,8.2,34,189
2025-02-26,jip,MAZDA,CX-5,blue,petrol,Rakan Niaga,2014,SUV - SMALL,2.0,4,M6,x,9.0,6.8,8.0,35,184
2025-02-26,jip,MAZDA,CX-5,blue,petrol,Rakan Niaga,2014,SUV - SMALL,2.5,4,AS6,x,9.6,7.4,8.6,33,198
2025-02-26,motokar,MAZDA,MX-5,silver,petrol,W.P. Kuala Lumpur,2014,TWO-SEATER,2.0,4,AS6,z,11.5,8.5,10.2,28,235
2025-02-26,motokar,MAZDA,MX-5,silver,petrol,W.P. Kuala Lumpur,2014,TWO-SEATER,2.0,4,M5,z,10.5,8.5,9.6,29,221
2025-02-26,motokar,MAZDA,MX-5,silver,petrol,W.P. Kuala Lumpur,2014,TWO-SEATER,2.0,4,M6,z,11.1,8.4,9.9,29,228
2025-02-26,motokar,MAZDA,MX-5,white,petrol,W.P. Kuala Lumpur,2014,TWO-SEATER,2.0,4,AS6,z,11.5,8.5,10.2,28,235
2025-02-26,motokar,MAZDA,MX-5,white,petrol,W.P. Kuala Lumpur,2014,TWO-SEATER,2.0,4,M5,z,10.5,8.5,9.6,29,221
2025-02-26,motokar,MAZDA,MX-5,white,petrol,W.P. Kuala Lumpur,2014,TWO-SEATER,2.0,4,M6,z,11.1,8.4,9.9,29,228
2025-02-26,motokar,NISSAN,GT-R,blue,petrol,Selangor,2014,SUBCOMPACT,3.8,6,AM6,z,14.5,10.9,12.9,22,297
2025-02-26,motokar,PORSCHE,911 CARRERA,blue,petrol,W.P. Kuala Lumpur,2014,MINICOMPACT,3.4,6,AM7,z,11.6,8.3,10.1,28,232
2025-02-26,motokar,PORSCHE,911 CARRERA,blue,petrol,W.P. Kuala Lumpur,2014,MINICOMPACT,3.4,6,M7,z,12.5,8.6,10.7,26,246
2025-02-26,jip,PORSCHE,CAYENNE,white,petrol,W.P. Kuala Lumpur,2014,SUV - STANDARD,3.6,6,A8,z,13.6,10.1,12.0,24,276
2025-02-26,jip,PORSCHE,CAYENNE,white,petrol,W.P. Kuala Lumpur,2014,SUV - STANDARD,3.6,6,M6,z,15.8,10.9,13.6,21,313
2025-02-26,jip,PORSCHE,CAYENNE,black,petrol,W.P. Kuala Lumpur,2014,SUV - STANDARD,3.6,6,A8,z,13.6,10.1,12.0,24,276
2025-02-26,jip,PORSCHE,CAYENNE,black,petrol,W.P. Kuala Lumpur,2014,SUV - STANDARD,3.6,6,M6,z,15.8,10.9,13.6,21,313
2025-02-26,jip,PORSCHE,CAYENNE,white,hybrid_petrol,W.P. Kuala Lumpur,2014,SUV - STANDARD,3.6,6,A8,z,13.6,10.1,12.0,24,276
2025-02-26,jip,PORSCHE,CAYENNE,white,hybrid_petrol,W.P. Kuala Lumpur,2014,SUV - STANDARD,3.6,6,M6,z,15.8,10.9,13.6,21,313
2025-02-26,jip,PORSCHE,CAYENNE,white,petrol,Selangor,2014,SUV - STANDARD,3.6,6,A8,z,13.6,10.1,12.0,24,276
2025-02-26,jip,PORSCHE,CAYENNE,white,petrol,Selangor,2014,SUV - STANDARD,3.6,6,M6,z,15.8,10.9,13.6,21,313
2025-02-26,jip,PORSCHE,CAYENNE,grey,petrol,Rakan Niaga,2014,SUV - STANDARD,3.6,6,A8,z,13.6,10.1,12.0,24,276
2025-02-26,jip,PORSCHE,CAYENNE,grey,petrol,Rakan Niaga,2014,SUV - STANDARD,3.6,6,M6,z,15.8,10.9,13.6,21,313
2025-02-26,jip,PORSCHE,CAYENNE,black,petrol,Rakan Niaga,2014,SUV - STANDARD,3.6,6,A8,z,13.6,10.1,12.0,24,276
2025-02-26,jip,PORSCHE,CAYENNE,black,petrol,Rakan Niaga,2014,SUV - STANDARD,3.6,6,M6,z,15.8,10.9,13.6,21,313
2025-02-26,motokar,TOYOTA,CAMRY,black,petrol,Rakan Niaga,2014,MID-SIZE,2.5,4,AS6,x,9.5,6.6,8.2,34,189
2025-02-26,motokar,TOYOTA,CAMRY,black,petrol,Rakan Niaga,2014,MID-SIZE,3.5,6,AS6,x,11.1,7.8,9.6,29,221
2025-02-26,motokar,TOYOTA,CAMRY,black,petrol,Pulau Pinang,2014,MID-SIZE,2.5,4,AS6,x,9.5,6.6,8.2,34,189
2025-02-26,motokar,TOYOTA,CAMRY,black,petrol,Pulau Pinang,2014,MID-SIZE,3.5,6,AS6,x,11.1,7.8,9.6,29,221
2025-02-26,motokar,TOYOTA,COROLLA,black,petrol,Rakan Niaga,2014,MID-SIZE,1.8,4,A4,x,8.6,6.5,7.7,37,177
2025-02-26,motokar,TOYOTA,COROLLA,black,petrol,Rakan Niaga,2014,MID-SIZE,1.8,4,AV7,x,8.1,6.3,7.3,39,168
2025-02-26,motokar,TOYOTA,COROLLA,black,petrol,Rakan Niaga,2014,MID-SIZE,1.8,4,AV,x,8.0,5.9,7.1,40,163
2025-02-26,motokar,TOYOTA,COROLLA,black,petrol,Rakan Niaga,2014,MID-SIZE,1.8,4,M6,x,8.3,6.3,7.4,38,170
2025-02-26,motokar,TOYOTA,YARIS,red,petrol,Rakan Niaga,2014,COMPACT,1.5,4,A4,x,7.9,6.6,7.3,39,168
2025-02-26,motokar,TOYOTA,YARIS,red,petrol,Rakan Niaga,2014,COMPACT,1.5,4,M5,x,7.8,6.3,7.1,40,163
2025-02-26,motokar,TOYOTA,YARIS,white,petrol,Rakan Niaga,2014,COMPACT,1.5,4,A4,x,7.9,6.6,7.3,39,168
2025-02-26,motokar,TOYOTA,YARIS,white,petrol,Rakan Niaga,2014,COMPACT,1.5,4,M5,x,7.8,6.3,7.1,40,163
2025-02-26,motokar,TOYOTA,YARIS,silver,petrol,Rakan Niaga,2014,COMPACT,1.5,4,A4,x,7.9,6.6,7.3,39,168
2025-02-26,motokar,TOYOTA,YARIS,silver,petrol,Rakan Niaga,2014,COMPACT,1.5,4,M5,x,7.8,6.3,7.1,40,163
2025-02-26,motokar,TOYOTA,YARIS,white,petrol,W.P. Kuala Lumpur,2014,COMPACT,1.5,4,A4,x,7.9,6.6,7.3,39,168
2025-02-26,motokar,TOYOTA,YARIS,white,petrol,W.P. Kuala Lumpur,2014,COMPACT,1.5,4,M5,x,7.8,6.3,7.1,40,163
2025-02-26,motokar,TOYOTA,YARIS,red,petrol,Sarawak,2014,COMPACT,1.5,4,A4,x,7.9,6.6,7.3,39,168
2025-02-26,motokar,TOYOTA,YARIS,red,petrol,Sarawak,2014,COMPACT,1.5,4,M5,x,7.8,6.3,7.1,40,163
2025-02-26,jip,VOLKSWAGEN,TIGUAN,grey,petrol,Rakan Niaga,2014,SUV - SMALL,2.0,4,A6,z,11.7,9.5,10.7,26,246
2025-02-26,jip,VOLKSWAGEN,TIGUAN,grey,petrol,Rakan Niaga,2014,SUV - SMALL,2.0,4,M6,z,13.6,9.2,11.6,24,267
2025-02-26,jip,VOLKSWAGEN,TIGUAN,black,petrol,Rakan Niaga,2014,SUV - SMALL,2.0,4,A6,z,11.7,9.5,10.7,26,246
2025-02-26,jip,VOLKSWAGEN,TIGUAN,black,petrol,Rakan Niaga,2014,SUV - SMALL,2.0,4,M6,z,13.6,9.2,11.6,24,267
2025-02-26,jip,VOLKSWAGEN,TIGUAN,grey,petrol,Johor,2014,SUV - SMALL,2.0,4,A6,z,11.7,9.5,10.7,26,246
2025-02-26,jip,VOLKSWAGEN,TIGUAN,grey,petrol,Johor,2014,SUV - SMALL,2.0,4,M6,z,13.6,9.2,11.6,24,267
2025-02-26,jip,VOLKSWAGEN,TIGUAN,black,petrol,W.P. Kuala Lumpur,2014,SUV - SMALL,2.0,4,A6,z,11.7,9.5,10.7,26,246
2025-02-26,jip,VOLKSWAGEN,TIGUAN,black,petrol,W.P. Kuala Lumpur,2014,SUV - SMALL,2.0,4,M6,z,13.6,9.2,11.6,24,267
2025-02-26,jip,VOLKSWAGEN,TOUAREG,grey,petrol,Rakan Niaga,2014,SUV - STANDARD,3.6,6,AS8,z,13.8,10.3,12.2,23,281
2025-02-26,jip,VOLVO,XC60,gold,hybrid_petrol,Rakan Niaga,2014,SUV - SMALL,3.2,6,AS6,x,13.0,8.9,11.2,25,258
2025-02-26,jip,VOLVO,XC60,white,hybrid_petrol,Rakan Niaga,2014,SUV - SMALL,3.2,6,AS6,x,13.0,8.9,11.2,25,258
2025-02-27,jip,HONDA,CR-V,blue,petrol,Rakan Niaga,2014,SUV - SMALL,2.4,4,A5,x,10.3,7.6,9.1,31,209
2025-02-27,jip,HONDA,CR-V,white,hybrid_petrol,Rakan Niaga,2014,SUV - SMALL,2.4,4,A5,x,10.3,7.6,9.1,31,209
2025-02-27,jip,HONDA,CR-V,silver,petrol,Perak,2014,SUV - SMALL,2.4,4,A5,x,10.3,7.6,9.1,31,209
2025-02-27,jip,HONDA,CR-V,grey,hybrid_petrol,Johor,2014,SUV - SMALL,2.4,4,A5,x,10.3,7.6,9.1,31,209
2025-02-27,jip,HONDA,CR-V,grey,petrol,Rakan Niaga,2014,SUV - SMALL,2.4,4,A5,x,10.3,7.6,9.1,31,209
2025-02-27,jip,HONDA,CR-V,silver,petrol,Rakan Niaga,2014,SUV - SMALL,2.4,4,A5,x,10.3,7.6,9.1,31,209
2025-02-27,jip,HONDA,CR-V,grey,petrol,Johor,2014,SUV - SMALL,2.4,4,A5,x,10.3,7.6,9.1,31,209
2025-02-27,jip,HONDA,CR-V,blue,petrol,Kedah,2014,SUV - SMALL,2.4,4,A5,x,10.3,7.6,9.1,31,209
2025-02-27,jip,HONDA,CR-V,red,petrol,Rakan Niaga,2014,SUV - SMALL,2.4,4,A5,x,10.3,7.6,9.1,31,209
2025-02-27,jip,HONDA,CR-V,blue,hybrid_petrol,Terengganu,2014,SUV - SMALL,2.4,4,A5,x,10.3,7.6,9.1,31,209
2025-02-27,jip,HONDA,CR-V,grey,hybrid_petrol,Negeri Sembilan,2014,SUV - SMALL,2.4,4,A5,x,10.3,7.6,9.1,31,209
2025-02-27,jip,HONDA,CR-V,red,petrol,Pulau Pinang,2014,SUV - SMALL,2.4,4,A5,x,10.3,7.6,9.1,31,209
2025-02-27,jip,HONDA,CR-V,white,petrol,Rakan Niaga,2014,SUV - SMALL,2.4,4,A5,x,10.3,7.6,9.1,31,209
2025-02-27,jip,HONDA,CR-V,blue,hybrid_petrol,Johor,2014,SUV - SMALL,2.4,4,A5,x,10.3,7.6,9.1,31,209
2025-02-27,jip,HONDA,CR-V,red,petrol,Selangor,2014,SUV - SMALL,2.4,4,A5,x,10.3,7.6,9.1,31,209
2025-02-27,jip,HONDA,CR-V,blue,petrol,W.P. Kuala Lumpur,2014,SUV - SMALL,2.4,4,A5,x,10.3,7.6,9.1,31,209
2025-02-27,jip,HONDA,CR-V,silver,hybrid_petrol,Rakan Niaga,2014,SUV - SMALL,2.4,4,A5,x,10.3,7.6,9.1,31,209
2025-02-27,jip,HONDA,CR-V,blue,petrol,Pahang,2014,SUV - SMALL,2.4,4,A5,x,10.3,7.6,9.1,31,209
2025-02-27,jip,HONDA,CR-V,white,hybrid_petrol,Perlis,2014,SUV - SMALL,2.4,4,A5,x,10.3,7.6,9.1,31,209
2025-02-27,jip,HONDA,CR-V,grey,hybrid_petrol,Rakan Niaga,2014,SUV - SMALL,2.4,4,A5,x,10.3,7.6,9.1,31,209
2025-02-27,jip,HONDA,CR-V,grey,petrol,W.P. Kuala Lumpur,2014,SUV - SMALL,2.4,4,A5,x,10.3,7.6,9.1,31,209
2025-02-27,jip,HONDA,CR-V,blue,hybrid_petrol,Rakan Niaga,2014,SUV - SMALL,2.4,4,A5,x,10.3,7.6,9.1,31,209
2025-02-27,jip,HONDA,CR-V,white,hybrid_petrol,W.P. Kuala Lumpur,2014,SUV - SMALL,2.4,4,A5,x,10.3,7.6,9.1,31,209
2025-02-27,jip,HONDA,CR-V,white,hybrid_petrol,Pahang,2014,SUV - SMALL,2.4,4,A5,x,10.3,7.6,9.1,31,209
2025-02-27,jip,HONDA,CR-V,white,petrol,Pulau Pinang,2014,SUV - SMALL,2.4,4,A5,x,10.3,7.6,9.1,31,209
2025-02-27,jip,HONDA,CR-V,blue,petrol,Johor,2014,SUV - SMALL,2.4,4,A5,x,10.3,7.6,9.1,31,209
2025-02-27,jip,HONDA,CR-V,blue,petrol,Kelantan,2014,SUV - SMALL,2.4,4,A5,x,10.3,7.6,9.1,31,209
2025-02-27,motokar,HONDA,CIVIC,white,petrol,Rakan Niaga,2014,COMPACT,1.8,4,AV,x,7.9,6.0,7.0,40,161
2025-02-27,motokar,HONDA,CIVIC,white,petrol,Rakan Niaga,2014,COMPACT,1.8,4,AV7,x,8.1,6.2,7.2,39,166
2025-02-27,motokar,HONDA,CIVIC,white,petrol,Rakan Niaga,2014,COMPACT,1.8,4,M5,x,8.5,6.6,7.6,37,175
2025-02-27,motokar,HONDA,CIVIC,black,petrol,Rakan Niaga,2014,COMPACT,1.8,4,AV,x,7.9,6.0,7.0,40,161
2025-02-27,motokar,HONDA,CIVIC,black,petrol,Rakan Niaga,2014,COMPACT,1.8,4,AV7,x,8.1,6.2,7.2,39,166
2025-02-27,motokar,HONDA,CIVIC,black,petrol,Rakan Niaga,2014,COMPACT,1.8,4,M5,x,8.5,6.6,7.6,37,175
2025-02-27,motokar,HONDA,CIVIC,red,petrol,Rakan Niaga,2014,COMPACT,1.8,4,AV,x,7.9,6.0,7.0,40,161
2025-02-27,motokar,HONDA,CIVIC,red,petrol,Rakan Niaga,2014,COMPACT,1.8,4,AV7,x,8.1,6.2,7.2,39,166
2025-02-27,motokar,HONDA,CIVIC,red,petrol,Rakan Niaga,2014,COMPACT,1.8,4,M5,x,8.5,6.6,7.6,37,175
2025-02-27,motokar,HONDA,CIVIC,white,petrol,Johor,2014,COMPACT,1.8,4,AV,x,7.9,6.0,7.0,40,161
2025-02-27,motokar,HONDA,CIVIC,white,petrol,Johor,2014,COMPACT,1.8,4,AV7,x,8.1,6.2,7.2,39,166
2025-02-27,motokar,HONDA,CIVIC,white,petrol,Johor,2014,COMPACT,1.8,4,M5,x,8.5,6.6,7.6,37,175
2025-02-27,motokar,HONDA,CIVIC,white,petrol,W.P. Kuala Lumpur,2014,COMPACT,1.8,4,AV,x,7.9,6.0,7.0,40,161
2025-02-27,motokar,HONDA,CIVIC,white,petrol,W.P. Kuala Lumpur,2014,COMPACT,1.8,4,AV7,x,8.1,6.2,7.2,39,166
2025-02-27,motokar,HONDA,CIVIC,white,petrol,W.P. Kuala Lumpur,2014,COMPACT,1.8,4,M5,x,8.5,6.6,7.6,37,175
2025-02-27,motokar,HONDA,CIVIC,blue,petrol,Pulau Pinang,2014,COMPACT,1.8,4,AV,x,7.9,6.0,7.0,40,161
2025-02-27,motokar,HONDA,CIVIC,blue,petrol,Pulau Pinang,2014,COMPACT,1.8,4,AV7,x,8.1,6.2,7.2,39,166
2025-02-27,motokar,HONDA,CIVIC,blue,petrol,Pulau Pinang,2014,COMPACT,1.8,4,M5,x,8.5,6.6,7.6,37,175
2025-02-27,motokar,HONDA,CIVIC,grey,hybrid_petrol,Perak,2014,COMPACT,1.8,4,AV,x,7.9,6.0,7.0,40,161
2025-02-27,motokar,HONDA,CIVIC,grey,hybrid_petrol,Perak,2014,COMPACT,1.8,4,AV7,x,8.1,6.2,7.2,39,166
2025-02-27,motokar,HONDA,CIVIC,grey,hybrid_petrol,Perak,2014,COMPACT,1.8,4,M5,x,8.5,6.6,7.6,37,175
2025-02-27,motokar,HONDA,CIVIC,black,petrol,Perak,2014,COMPACT,1.8,4,AV,x,7.9,6.0,7.0,40,161
2025-02-27,motokar,HONDA,CIVIC,black,petrol,Perak,2014,COMPACT,1.8,4,AV7,x,8.1,6.2,7.2,39,166
2025-02-27,motokar,HONDA,CIVIC,black,petrol,Perak,2014,COMPACT,1.8,4,M5,x,8.5,6.6,7.6,37,175
2025-02-27,motokar,HONDA,CIVIC,blue,petrol,Johor,2014,COMPACT,1.8,4,AV,x,7.9,6.0,7.0,40,161
2025-02-27,motokar,HONDA,CIVIC,blue,petrol,Johor,2014,COMPACT,1.8,4,AV7,x,8.1,6.2,7.2,39,166
2025-02-27,motokar,HONDA,CIVIC,blue,petrol,Johor,2014,COMPACT,1.8,4,M5,x,8.5,6.6,7.6,37,175
2025-02-27,motokar,HONDA,CIVIC,grey,petrol,Rakan Niaga,2014,COMPACT,1.8,4,AV,x,7.9,6.0,7.0,40,161
2025-02-27,motokar,HONDA,CIVIC,grey,petrol,Rakan Niaga,2014,COMPACT,1.8,4,AV7,x,8.1,6.2,7.2,39,166
2025-02-27,motokar,HONDA,CIVIC,grey,petrol,Rakan Niaga,2014,COMPACT,1.8,4,M5,x,8.5,6.6,7.6,37,175
2025-02-27,motokar,HONDA,CIVIC,white,petrol,Melaka,2014,COMPACT,1.8,4,AV,x,7.9,6.0,7.0,40,161
2025-02-27,motokar,HONDA,CIVIC,white,petrol,Melaka,2014,COMPACT,1.8,4,AV7,x,8.1,6.2,7.2,39,166
2025-02-27,motokar,HONDA,CIVIC,white,petrol,Melaka,2014,COMPACT,1.8,4,M5,x,8.5,6.6,7.6,37,175
2025-02-27,motokar,HONDA,CIVIC,black,petrol,Pulau Pinang,2014,COMPACT,1.8,4,AV,x,7.9,6.0,7.0,40,161
2025-02-27,motokar,HONDA,CIVIC,black,petrol,Pulau Pinang,2014,COMPACT,1.8,4,AV7,x,8.1,6.2,7.2,39,166
2025-02-27,motokar,HONDA,CIVIC,black,petrol,Pulau Pinang,2014,COMPACT,1.8,4,M5,x,8.5,6.6,7.6,37,175
2025-02-27,motokar,HONDA,CIVIC,blue,petrol,Rakan Niaga,2014,COMPACT,1.8,4,AV,x,7.9,6.0,7.0,40,161
2025-02-27,motokar,HONDA,CIVIC,blue,petrol,Rakan Niaga,2014,COMPACT,1.8,4,AV7,x,8.1,6.2,7.2,39,166
2025-02-27,motokar,HONDA,CIVIC,blue,petrol,Rakan Niaga,2014,COMPACT,1.8,4,M5,x,8.5,6.6,7.6,37,175
2025-02-27,motokar,HONDA,CIVIC,blue,hybrid_petrol,Selangor,2014,COMPACT,1.8,4,AV,x,7.9,6.0,7.0,40,161
2025-02-27,motokar,HONDA,CIVIC,blue,hybrid_petrol,Selangor,2014,COMPACT,1.8,4,AV7,x,8.1,6.2,7.2,39,166
2025-02-27,motokar,HONDA,CIVIC,blue,hybrid_petrol,Selangor,2014,COMPACT,1.8,4,M5,x,8.5,6.6,7.6,37,175
2025-02-27,motokar,HONDA,CIVIC,blue,petrol,W.P. Kuala Lumpur,2014,COMPACT,1.8,4,AV,x,7.9,6.0,7.0,40,161
2025-02-27,motokar,HONDA,CIVIC,blue,petrol,W.P. Kuala Lumpur,2014,COMPACT,1.8,4,AV7,x,8.1,6.2,7.2,39,166
2025-02-27,motokar,HONDA,CIVIC,blue,petrol,W.P. Kuala Lumpur,2014,COMPACT,1.8,4,M5,x,8.5,6.6,7.6,37,175
2025-02-27,motokar,HONDA,CIVIC,blue,petrol,Selangor,2014,COMPACT,1.8,4,AV,x,7.9,6.0,7.0,40,161
2025-02-27,motokar,HONDA,CIVIC,blue,petrol,Selangor,2014,COMPACT,1.8,4,AV7,x,8.1,6.2,7.2,39,166
2025-02-27,motokar,HONDA,CIVIC,blue,petrol,Selangor,2014,COMPACT,1.8,4,M5,x,8.5,6.6,7.6,37,175
2025-02-27,motokar,HONDA,CIVIC,grey,petrol,Johor,2014,COMPACT,1.8,4,AV,x,7.9,6.0,7.0,40,161
2025-02-27,motokar,HONDA,CIVIC,grey,petrol,Johor,2014,COMPACT,1.8,4,AV7,x,8.1,6.2,7.2,39,166
2025-02-27,motokar,HONDA,CIVIC,grey,petrol,Johor,2014,COMPACT,1.8,4,M5,x,8.5,6.6,7.6,37,175
2025-02-27,motokar,HONDA,CIVIC,white,petrol,Pahang,2014,COMPACT,1.8,4,AV,x,7.9,6.0,7.0,40,161
2025-02-27,motokar,HONDA,CIVIC,white,petrol,Pahang,2014,COMPACT,1.8,4,AV7,x,8.1,6.2,7.2,39,166
2025-02-27,motokar,HONDA,CIVIC,white,petrol,Pahang,2014,COMPACT,1.8,4,M5,x,8.5,6.6,7.6,37,175
2025-02-27,motokar,HONDA,CIVIC,black,petrol,W.P. Kuala Lumpur,2014,COMPACT,1.8,4,AV,x,7.9,6.0,7.0,40,161
2025-02-27,motokar,HONDA,CIVIC,black,petrol,W.P. Kuala Lumpur,2014,COMPACT,1.8,4,AV7,x,8.1,6.2,7.2,39,166
2025-02-27,motokar,HONDA,CIVIC,black,petrol,W.P. Kuala Lumpur,2014,COMPACT,1.8,4,M5,x,8.5,6.6,7.6,37,175
2025-02-27,motokar,HONDA,CIVIC,white,petrol,Kedah,2014,COMPACT,1.8,4,AV,x,7.9,6.0,7.0,40,161
2025-02-27,motokar,HONDA,CIVIC,white,petrol,Kedah,2014,COMPACT,1.8,4,AV7,x,8.1,6.2,7.2,39,166
2025-02-27,motokar,HONDA,CIVIC,white,petrol,Kedah,2014,COMPACT,1.8,4,M5,x,8.5,6.6,7.6,37,175
2025-02-27,motokar,HONDA,CIVIC,white,petrol,Kelantan,2014,COMPACT,1.8,4,AV,x,7.9,6.0,7.0,40,161
2025-02-27,motokar,HONDA,CIVIC,white,petrol,Kelantan,2014,COMPACT,1.8,4,AV7,x,8.1,6.2,7.2,39,166
2025-02-27,motokar,HONDA,CIVIC,white,petrol,Kelantan,2014,COMPACT,1.8,4,M5,x,8.5,6.6,7.6,37,175
2025-02-27,motokar,HONDA,CIVIC,white,hybrid_petrol,Kelantan,2014,COMPACT,1.8,4,AV,x,7.9,6.0,7.0,40,161
2025-02-27,motokar,HONDA,CIVIC,white,hybrid_petrol,Kelantan,2014,COMPACT,1.8,4,AV7,x,8.1,6.2,7.2,39,166
2025-02-27,motokar,HONDA,CIVIC,white,hybrid_petrol,Kelantan,2014,COMPACT,1.8,4,M5,x,8.5,6.6,7.6,37,175
2025-02-27,motokar,HONDA,CIVIC,white,hybrid_petrol,Rakan Niaga,2014,COMPACT,1.8,4,AV,x,7.9,6.0,7.0,40,161
2025-02-27,motokar,HONDA,CIVIC,white,hybrid_petrol,Rakan Niaga,2014,COMPACT,1.8,4,AV7,x,8.1,6.2,7.2,39,166
2025-02-27,motokar,HONDA,CIVIC,white,hybrid_petrol,Rakan Niaga,2014,COMPACT,1.8,4,M5,x,8.5,6.6,7.6,37,175
2025-02-27,motokar,HONDA,CIVIC,white,petrol,Pulau Pinang,2014,COMPACT,1.8,4,AV,x,7.9,6.0,7.0,40,161
2025-02-27,motokar,HONDA,CIVIC,white,petrol,Pulau Pinang,2014,COMPACT,1.8,4,AV7,x,8.1,6.2,7.2,39,166
2025-02-27,motokar,HONDA,CIVIC,white,petrol,Pulau Pinang,2014,COMPACT,1.8,4,M5,x,8.5,6.6,7.6,37,175
2025-02-27,motokar,HONDA,CIVIC,blue,hybrid_petrol,Rakan Niaga,2014,COMPACT,1.8,4,AV,x,7.9,6.0,7.0,40,161
2025-02-27,motokar,HONDA,CIVIC,blue,hybrid_petrol,Rakan Niaga,2014,COMPACT,1.8,4,AV7,x,8.1,6.2,7.2,39,166
2025-02-27,motokar,HONDA,CIVIC,blue,hybrid_petrol,Rakan Niaga,2014,COMPACT,1.8,4,M5,x,8.5,6.6,7.6,37,175
2025-02-27,motokar,HONDA,CIVIC,red,petrol,Selangor,2014,COMPACT,1.8,4,AV,x,7.9,6.0,7.0,40,161
2025-02-27,motokar,HONDA,CIVIC,red,petrol,Selangor,2014,COMPACT,1.8,4,AV7,x,8.1,6.2,7.2,39,166
2025-02-27,motokar,HONDA,CIVIC,red,petrol,Selangor,2014,COMPACT,1.8,4,M5,x,8.5,6.6,7.6,37,175
2025-02-27,window_van,HONDA,ODYSSEY,black,petrol,Kedah,2014,MINIVAN,3.5,6,A6,x,12.3,8.5,10.6,27,244
2025-02-27,window_van,HONDA,ODYSSEY,blue,petrol,W.P. Kuala Lumpur,2014,MINIVAN,3.5,6,A6,x,12.3,8.5,10.6,27,244
2025-02-27,jip,HYUNDAI,SANTA FE,black,hybrid_petrol,Selangor,2014,SUV - SMALL,3.3,6,A6,x,13.0,9.1,11.2,25,258
2025-02-27,jip,HYUNDAI,SANTA FE,black,hybrid_petrol,Rakan Niaga,2014,SUV - SMALL,3.3,6,A6,x,13.0,9.1,11.2,25,258
2025-02-27,jip,MAZDA,CX-5,blue,petrol,Rakan Niaga,2014,SUV - SMALL,2.0,4,AS6,x,8.9,7.3,8.2,34,189
2025-02-27,jip,MAZDA,CX-5,blue,petrol,Rakan Niaga,2014,SUV - SMALL,2.0,4,M6,x,9.0,6.8,8.0,35,184
2025-02-27,jip,MAZDA,CX-5,blue,petrol,Rakan Niaga,2014,SUV - SMALL,2.5,4,AS6,x,9.6,7.4,8.6,33,198
2025-02-27,jip,MAZDA,CX-5,white,petrol,Selangor,2014,SUV - SMALL,2.0,4,AS6,x,8.9,7.3,8.2,34,189
2025-02-27,jip,MAZDA,CX-5,white,petrol,Selangor,2014,SUV - SMALL,2.0,4,M6,x,9.0,6.8,8.0,35,184
2025-02-27,jip,MAZDA,CX-5,white,petrol,Selangor,2014,SUV - SMALL,2.5,4,AS6,x,9.6,7.4,8.6,33,198
2025-02-27,jip,MAZDA,CX-5,grey,petrol,Rakan Niaga,2014,SUV - SMALL,2.0,4,AS6,x,8.9,7.3,8.2,34,189
2025-02-27,jip,MAZDA,CX-5,grey,petrol,Rakan Niaga,2014,SUV - SMALL,2.0,4,M6,x,9.0,6.8,8.0,35,184
2025-02-27,jip,MAZDA,CX-5,grey,petrol,Rakan Niaga,2014,SUV - SMALL,2.5,4,AS6,x,9.6,7.4,8.6,33,198
2025-02-27,jip,MAZDA,CX-5,black,petrol,Rakan Niaga,2014,SUV - SMALL,2.0,4,AS6,x,8.9,7.3,8.2,34,189
2025-02-27,jip,MAZDA,CX-5,black,petrol,Rakan Niaga,2014,SUV - SMALL,2.0,4,M6,x,9.0,6.8,8.0,35,184
2025-02-27,jip,MAZDA,CX-5,black,petrol,Rakan Niaga,2014,SUV - SMALL,2.5,4,AS6,x,9.6,7.4,8.6,33,198
2025-02-27,jip,MAZDA,CX-5,red,petrol,Rakan Niaga,2014,SUV - SMALL,2.0,4,AS6,x,8.9,7.3,8.2,34,189
2025-02-27,jip,MAZDA,CX-5,red,petrol,Rakan Niaga,2014,SUV - SMALL,2.0,4,M6,x,9.0,6.8,8.0,35,184
2025-02-27,jip,MAZDA,CX-5,red,petrol,Rakan Niaga,2014,SUV - SMALL,2.5,4,AS6,x,9.6,7.4,8.6,33,198
2025-02-27,jip,MAZDA,CX-5,gold,petrol,Rakan Niaga,2014,SUV - SMALL,2.0,4,AS6,x,8.9,7.3,8.2,34,189
2025-02-27,jip,MAZDA,CX-5,gold,petrol,Rakan Niaga,2014,SUV - SMALL,2.0,4,M6,x,9.0,6.8,8.0,35,184
2025-02-27,jip,MAZDA,CX-5,gold,petrol,Rakan Niaga,2014,SUV - SMALL,2.5,4,AS6,x,9.6,7.4,8.6,33,198
2025-02-27,jip,MAZDA,CX-5,blue,petrol,Kelantan,2014,SUV - SMALL,2.0,4,AS6,x,8.9,7.3,8.2,34,189
2025-02-27,jip,MAZDA,CX-5,blue,petrol,Kelantan,2014,SUV - SMALL,2.0,4,M6,x,9.0,6.8,8.0,35,184
2025-02-27,jip,MAZDA,CX-5,blue,petrol,Kelantan,2014,SUV - SMALL,2.5,4,AS6,x,9.6,7.4,8.6,33,198
2025-02-27,jip,MAZDA,CX-5,red,petrol,Selangor,2014,SUV - SMALL,2.0,4,AS6,x,8.9,7.3,8.2,34,189
2025-02-27,jip,MAZDA,CX-5,red,petrol,Selangor,2014,SUV - SMALL,2.0,4,M6,x,9.0,6.8,8.0,35,184
2025-02-27,jip,MAZDA,CX-5,red,petrol,Selangor,2014,SUV - SMALL,2.5,4,AS6,x,9.6,7.4,8.6,33,198
2025-02-27,motokar,PORSCHE,911 CARRERA,grey,petrol,Johor,2014,MINICOMPACT,3.4,6,AM7,z,11.6,8.3,10.1,28,232
2025-02-27,motokar,PORSCHE,911 CARRERA,grey,petrol,Johor,2014,MINICOMPACT,3.4,6,M7,z,12.5,8.6,10.7,26,246
2025-02-27,jip,PORSCHE,CAYENNE,white,petrol,Rakan Niaga,2014,SUV - STANDARD,3.6,6,A8,z,13.6,10.1,12.0,24,276
2025-02-27,jip,PORSCHE,CAYENNE,white,petrol,Rakan Niaga,2014,SUV - STANDARD,3.6,6,M6,z,15.8,10.9,13.6,21,313
2025-02-27,jip,PORSCHE,CAYENNE,black,petrol,Kelantan,2014,SUV - STANDARD,3.6,6,A8,z,13.6,10.1,12.0,24,276
2025-02-27,jip,PORSCHE,CAYENNE,black,petrol,Kelantan,2014,SUV - STANDARD,3.6,6,M6,z,15.8,10.9,13.6,21,313
2025-02-27,jip,PORSCHE,CAYENNE,grey,petrol,Rakan Niaga,2014,SUV - STANDARD,3.6,6,A8,z,13.6,10.1,12.0,24,276
2025-02-27,jip,PORSCHE,CAYENNE,grey,petrol,Rakan Niaga,2014,SUV - STANDARD,3.6,6,M6,z,15.8,10.9,13.6,21,313
2025-02-27,jip,PORSCHE,CAYENNE,grey,petrol,W.P. Kuala Lumpur,2014,SUV - STANDARD,3.6,6,A8,z,13.6,10.1,12.0,24,276
2025-02-27,jip,PORSCHE,CAYENNE,grey,petrol,W.P. Kuala Lumpur,2014,SUV - STANDARD,3.6,6,M6,z,15.8,10.9,13.6,21,313
2025-02-27,motokar,PORSCHE,PANAMERA,black,petrol,Selangor,2014,FULL-SIZE,3.6,6,AM7,z,12.9,8.4,10.9,26,251
2025-02-27,motokar,SUBARU,BRZ,silver,petrol,Selangor,2014,MINICOMPACT,2.0,4,AS6,z,9.6,7.1,8.5,33,196
2025-02-27,motokar,SUBARU,BRZ,silver,petrol,Selangor,2014,MINICOMPACT,2.0,4,M6,z,11.0,7.9,9.6,29,221
2025-02-27,motokar,SUBARU,BRZ,blue,petrol,W.P. Kuala Lumpur,2014,MINICOMPACT,2.0,4,AS6,z,9.6,7.1,8.5,33,196
2025-02-27,motokar,SUBARU,BRZ,blue,petrol,W.P. Kuala Lumpur,2014,MINICOMPACT,2.0,4,M6,z,11.0,7.9,9.6,29,221
2025-02-27,motokar,TOYOTA,CAMRY,silver,petrol,Rakan Niaga,2014,MID-SIZE,2.5,4,AS6,x,9.5,6.6,8.2,34,189
2025-02-27,motokar,TOYOTA,CAMRY,silver,petrol,Rakan Niaga,2014,MID-SIZE,3.5,6,AS6,x,11.1,7.8,9.6,29,221
2025-02-27,motokar,TOYOTA,CAMRY,black,petrol,Rakan Niaga,2014,MID-SIZE,2.5,4,AS6,x,9.5,6.6,8.2,34,189
2025-02-27,motokar,TOYOTA,CAMRY,black,petrol,Rakan Niaga,2014,MID-SIZE,3.5,6,AS6,x,11.1,7.8,9.6,29,221
2025-02-27,motokar,TOYOTA,CAMRY,grey,petrol,Rakan Niaga,2014,MID-SIZE,2.5,4,AS6,x,9.5,6.6,8.2,34,189
2025-02-27,motokar,TOYOTA,CAMRY,grey,petrol,Rakan Niaga,2014,MID-SIZE,3.5,6,AS6,x,11.1,7.8,9.6,29,221
2025-02-27,motokar,TOYOTA,YARIS,silver,petrol,Rakan Niaga,2014,COMPACT,1.5,4,A4,x,7.9,6.6,7.3,39,168
2025-02-27,motokar,TOYOTA,YARIS,silver,petrol,Rakan Niaga,2014,COMPACT,1.5,4,M5,x,7.8,6.3,7.1,40,163
2025-02-27,motokar,TOYOTA,YARIS,red,petrol,Rakan Niaga,2014,COMPACT,1.5,4,A4,x,7.9,6.6,7.3,39,168
2025-02-27,motokar,TOYOTA,YARIS,red,petrol,Rakan Niaga,2014,COMPACT,1.5,4,M5,x,7.8,6.3,7.1,40,163
2025-02-27,motokar,TOYOTA,YARIS,red,petrol,Negeri Sembilan,2014,COMPACT,1.5,4,A4,x,7.9,6.6,7.3,39,168
2025-02-27,motokar,TOYOTA,YARIS,red,petrol,Negeri Sembilan,2014,COMPACT,1.5,4,M5,x,7.8,6.3,7.1,40,163
2025-02-27,motokar,TOYOTA,YARIS,white,petrol,Rakan Niaga,2014,COMPACT,1.5,4,A4,x,7.9,6.6,7.3,39,168
2025-02-27,motokar,TOYOTA,YARIS,white,petrol,Rakan Niaga,2014,COMPACT,1.5,4,M5,x,7.8,6.3,7.1,40,163
2025-02-27,motokar,TOYOTA,YARIS,silver,petrol,Selangor,2014,COMPACT,1.5,4,A4,x,7.9,6.6,7.3,39,168
2025-02-27,motokar,TOYOTA,YARIS,silver,petrol,Selangor,2014,COMPACT,1.5,4,M5,x,7.8,6.3,7.1,40,163
2025-02-27,motokar,TOYOTA,YARIS,silver,petrol,Sarawak,2014,COMPACT,1.5,4,A4,x,7.9,6.6,7.3,39,168
2025-02-27,motokar,TOYOTA,YARIS,silver,petrol,Sarawak,2014,COMPACT,1.5,4,M5,x,7.8,6.3,7.1,40,163
2025-02-27,motokar,TOYOTA,YARIS,silver,petrol,Melaka,2014,COMPACT,1.5,4,A4,x,7.9,6.6,7.3,39,168
2025-02-27,motokar,TOYOTA,YARIS,silver,petrol,Melaka,2014,COMPACT,1.5,4,M5,x,7.8,6.3,7.1,40,163
2025-02-27,motokar,TOYOTA,YARIS,white,petrol,Sarawak,2014,COMPACT,1.5,4,A4,x,7.9,6.6,7.3,39,168
2025-02-27,motokar,TOYOTA,YARIS,white,petrol,Sarawak,2014,COMPACT,1.5,4,M5,x,7.8,6.3,7.1,40,163
2025-02-27,motokar,TOYOTA,YARIS,red,petrol,Kedah,2014,COMPACT,1.5,4,A4,x,7.9,6.6,7.3,39,168
2025-02-27,motokar,TOYOTA,YARIS,red,petrol,Kedah,2014,COMPACT,1.5,4,M5,x,7.8,6.3,7.1,40,163
2025-02-27,jip,VOLKSWAGEN,TIGUAN,black,petrol,Rakan Niaga,2014,SUV - SMALL,2.0,4,A6,z,11.7,9.5,10.7,26,246
2025-02-27,jip,VOLKSWAGEN,TIGUAN,black,petrol,Rakan Niaga,2014,SUV - SMALL,2.0,4,M6,z,13.6,9.2,11.6,24,267
2025-02-27,jip,VOLKSWAGEN,TIGUAN,silver,petrol,Johor,2014,SUV - SMALL,2.0,4,A6,z,11.7,9.5,10.7,26,246
2025-02-27,jip,VOLKSWAGEN,TIGUAN,silver,petrol,Johor,2014,SUV - SMALL,2.0,4,M6,z,13.6,9.2,11.6,24,267
2025-02-27,jip,VOLKSWAGEN,TIGUAN,grey,petrol,Rakan Niaga,2014,SUV - SMALL,2.0,4,A6,z,11.7,9.5,10.7,26,246
2025-02-27,jip,VOLKSWAGEN,TIGUAN,grey,petrol,Rakan Niaga,2014,SUV - SMALL,2.0,4,M6,z,13.6,9.2,11.6,24,267
2025-02-27,jip,VOLKSWAGEN,TIGUAN,white,petrol,Rakan Niaga,2014,SUV - SMALL,2.0,4,A6,z,11.7,9.5,10.7,26,246
2025-02-27,jip,VOLKSWAGEN,TIGUAN,white,petrol,Rakan Niaga,2014,SUV - SMALL,2.0,4,M6,z,13.6,9.2,11.6,24,267
2025-02-27,jip,VOLKSWAGEN,TOUAREG,grey,petrol,Rakan Niaga,2014,SUV - STANDARD,3.6,6,AS8,z,13.8,10.3,12.2,23,281
2025-02-27,jip,VOLVO,XC60,beige,hybrid_petrol,W.P. Kuala Lumpur,2014,SUV - SMALL,3.2,6,AS6,x,13.0,8.9,11.2,25,258
2025-02-28,motokar,AUDI,RS7,black,petrol,Pulau Pinang,2014,MID-SIZE,4.0,8,AS8,z,15.3,9.3,12.6,22,290
2025-02-28,jip,HONDA,CR-V,grey,petrol,Rakan Niaga,2014,SUV - SMALL,2.4,4,A5,x,10.3,7.6,9.1,31,209
2025-02-28,jip,HONDA,CR-V,white,petrol,Rakan Niaga,2014,SUV - SMALL,2.4,4,A5,x,10.3,7.6,9.1,31,209
2025-02-28,jip,HONDA,CR-V,blue,hybrid_petrol,Rakan Niaga,2014,SUV - SMALL,2.4,4,A5,x,10.3,7.6,9.1,31,209
2025-02-28,jip,HONDA,CR-V,blue,petrol,Rakan Niaga,2014,SUV - SMALL,2.4,4,A5,x,10.3,7.6,9.1,31,209
2025-02-28,jip,HONDA,CR-V,grey,hybrid_petrol,Rakan Niaga,2014,SUV - SMALL,2.4,4,A5,x,10.3,7.6,9.1,31,209
2025-02-28,jip,HONDA,CR-V,silver,petrol,Rakan Niaga,2014,SUV - SMALL,2.4,4,A5,x,10.3,7.6,9.1,31,209
2025-02-28,jip,HONDA,CR-V,grey,hybrid_petrol,Sabah,2014,SUV - SMALL,2.4,4,A5,x,10.3,7.6,9.1,31,209
2025-02-28,jip,HONDA,CR-V,silver,hybrid_petrol,Rakan Niaga,2014,SUV - SMALL,2.4,4,A5,x,10.3,7.6,9.1,31,209
2025-02-28,jip,HONDA,CR-V,blue,petrol,Selangor,2014,SUV - SMALL,2.4,4,A5,x,10.3,7.6,9.1,31,209
2025-02-28,jip,HONDA,CR-V,grey,petrol,Selangor,2014,SUV - SMALL,2.4,4,A5,x,10.3,7.6,9.1,31,209
2025-02-28,jip,HONDA,CR-V,blue,hybrid_petrol,Sabah,2014,SUV - SMALL,2.4,4,A5,x,10.3,7.6,9.1,31,209
2025-02-28,jip,HONDA,CR-V,grey,hybrid_petrol,Pulau Pinang,2014,SUV - SMALL,2.4,4,A5,x,10.3,7.6,9.1,31,209
2025-02-28,jip,HONDA,CR-V,white,petrol,Selangor,2014,SUV - SMALL,2.4,4,A5,x,10.3,7.6,9.1,31,209
2025-02-28,jip,HONDA,CR-V,white,hybrid_petrol,Selangor,2014,SUV - SMALL,2.4,4,A5,x,10.3,7.6,9.1,31,209
2025-02-28,jip,HONDA,CR-V,blue,petrol,Johor,2014,SUV - SMALL,2.4,4,A5,x,10.3,7.6,9.1,31,209
2025-02-28,jip,HONDA,CR-V,grey,petrol,Pulau Pinang,2014,SUV - SMALL,2.4,4,A5,x,10.3,7.6,9.1,31,209
2025-02-28,jip,HONDA,CR-V,red,hybrid_petrol,Rakan Niaga,2014,SUV - SMALL,2.4,4,A5,x,10.3,7.6,9.1,31,209
2025-02-28,jip,HONDA,CR-V,red,petrol,Rakan Niaga,2014,SUV - SMALL,2.4,4,A5,x,10.3,7.6,9.1,31,209
2025-02-28,jip,HONDA,CR-V,white,hybrid_petrol,Rakan Niaga,2014,SUV - SMALL,2.4,4,A5,x,10.3,7.6,9.1,31,209
2025-02-28,jip,HONDA,CR-V,white,hybrid_petrol,Sarawak,2014,SUV - SMALL,2.4,4,A5,x,10.3,7.6,9.1,31,209
2025-02-28,jip,HONDA,CR-V,blue,petrol,W.P. Kuala Lumpur,2014,SUV - SMALL,2.4,4,A5,x,10.3,7.6,9.1,31,209
2025-02-28,jip,HONDA,CR-V,silver,petrol,Johor,2014,SUV - SMALL,2.4,4,A5,x,10.3,7.6,9.1,31,209
2025-02-28,jip,HONDA,CR-V,white,petrol,Perlis,2014,SUV - SMALL,2.4,4,A5,x,10.3,7.6,9.1,31,209
2025-02-28,jip,HONDA,CR-V,silver,petrol,W.P. Kuala Lumpur,2014,SUV - SMALL,2.4,4,A5,x,10.3,7.6,9.1,31,209
2025-02-28,jip,HONDA,CR-V,blue,petrol,Pahang,2014,SUV - SMALL,2.4,4,A5,x,10.3,7.6,9.1,31,209
2025-02-28,jip,HONDA,CR-V,silver,hybrid_petrol,Johor,2014,SUV - SMALL,2.4,4,A5,x,10.3,7.6,9.1,31,209
2025-02-28,jip,HONDA,CR-V,blue,hybrid_petrol,W.P. Kuala Lumpur,2014,SUV - SMALL,2.4,4,A5,x,10.3,7.6,9.1,31,209
2025-02-28,jip,HONDA,CR-V,white,petrol,Johor,2014,SUV - SMALL,2.4,4,A5,x,10.3,7.6,9.1,31,209
2025-02-28,jip,HONDA,CR-V,grey,petrol,Melaka,2014,SUV - SMALL,2.4,4,A5,x,10.3,7.6,9.1,31,209
2025-02-28,jip,HONDA,CR-V,grey,hybrid_petrol,W.P. Kuala Lumpur,2014,SUV - SMALL,2.4,4,A5,x,10.3,7.6,9.1,31,209
2025-02-28,motokar,HONDA,CIVIC,blue,hybrid_petrol,Rakan Niaga,2014,COMPACT,1.8,4,AV,x,7.9,6.0,7.0,40,161
2025-02-28,motokar,HONDA,CIVIC,blue,hybrid_petrol,Rakan Niaga,2014,COMPACT,1.8,4,AV7,x,8.1,6.2,7.2,39,166
2025-02-28,motokar,HONDA,CIVIC,blue,hybrid_petrol,Rakan Niaga,2014,COMPACT,1.8,4,M5,x,8.5,6.6,7.6,37,175
2025-02-28,motokar,HONDA,CIVIC,blue,petrol,Rakan Niaga,2014,COMPACT,1.8,4,AV,x,7.9,6.0,7.0,40,161
2025-02-28,motokar,HONDA,CIVIC,blue,petrol,Rakan Niaga,2014,COMPACT,1.8,4,AV7,x,8.1,6.2,7.2,39,166
2025-02-28,motokar,HONDA,CIVIC,blue,petrol,Rakan Niaga,2014,COMPACT,1.8,4,M5,x,8.5,6.6,7.6,37,175
2025-02-28,motokar,HONDA,CIVIC,grey,petrol,Pulau Pinang,2014,COMPACT,1.8,4,AV,x,7.9,6.0,7.0,40,161
2025-02-28,motokar,HONDA,CIVIC,grey,petrol,Pulau Pinang,2014,COMPACT,1.8,4,AV7,x,8.1,6.2,7.2,39,166
2025-02-28,motokar,HONDA,CIVIC,grey,petrol,Pulau Pinang,2014,COMPACT,1.8,4,M5,x,8.5,6.6,7.6,37,175
2025-02-28,motokar,HONDA,CIVIC,white,petrol,Rakan Niaga,2014,COMPACT,1.8,4,AV,x,7.9,6.0,7.0,40,161
2025-02-28,motokar,HONDA,CIVIC,white,petrol,Rakan Niaga,2014,COMPACT,1.8,4,AV7,x,8.1,6.2,7.2,39,166
2025-02-28,motokar,HONDA,CIVIC,white,petrol,Rakan Niaga,2014,COMPACT,1.8,4,M5,x,8.5,6.6,7.6,37,175
2025-02-28,motokar,HONDA,CIVIC,white,petrol,Johor,2014,COMPACT,1.8,4,AV,x,7.9,6.0,7.0,40,161
2025-02-28,motokar,HONDA,CIVIC,white,petrol,Johor,2014,COMPACT,1.8,4,AV7,x,8.1,6.2,7.2,39,166
2025-02-28,motokar,HONDA,CIVIC,white,petrol,Johor,2014,COMPACT,1.8,4,M5,x,8.5,6.6,7.6,37,175
2025-02-28,motokar,HONDA,CIVIC,blue,petrol,Johor,2014,COMPACT,1.8,4,AV,x,7.9,6.0,7.0,40,161
2025-02-28,motokar,HONDA,CIVIC,blue,petrol,Johor,2014,COMPACT,1.8,4,AV7,x,8.1,6.2,7.2,39,166
2025-02-28,motokar,HONDA,CIVIC,blue,petrol,Johor,2014,COMPACT,1.8,4,M5,x,8.5,6.6,7.6,37,175
2025-02-28,motokar,HONDA,CIVIC,white,petrol,W.P. Kuala Lumpur,2014,COMPACT,1.8,4,AV,x,7.9,6.0,7.0,40,161
2025-02-28,motokar,HONDA,CIVIC,white,petrol,W.P. Kuala Lumpur,2014,COMPACT,1.8,4,AV7,x,8.1,6.2,7.2,39,166
2025-02-28,motokar,HONDA,CIVIC,white,petrol,W.P. Kuala Lumpur,2014,COMPACT,1.8,4,M5,x,8.5,6.6,7.6,37,175
2025-02-28,motokar,HONDA,CIVIC,white,hybrid_petrol,Rakan Niaga,2014,COMPACT,1.8,4,AV,x,7.9,6.0,7.0,40,161
2025-02-28,motokar,HONDA,CIVIC,white,hybrid_petrol,Rakan Niaga,2014,COMPACT,1.8,4,AV7,x,8.1,6.2,7.2,39,166
2025-02-28,motokar,HONDA,CIVIC,white,hybrid_petrol,Rakan Niaga,2014,COMPACT,1.8,4,M5,x,8.5,6.6,7.6,37,175
2025-02-28,motokar,HONDA,CIVIC,red,petrol,Rakan Niaga,2014,COMPACT,1.8,4,AV,x,7.9,6.0,7.0,40,161
2025-02-28,motokar,HONDA,CIVIC,red,petrol,Rakan Niaga,2014,COMPACT,1.8,4,AV7,x,8.1,6.2,7.2,39,166
2025-02-28,motokar,HONDA,CIVIC,red,petrol,Rakan Niaga,2014,COMPACT,1.8,4,M5,x,8.5,6.6,7.6,37,175
2025-02-28,motokar,HONDA,CIVIC,grey,petrol,Rakan Niaga,2014,COMPACT,1.8,4,AV,x,7.9,6.0,7.0,40,161
2025-02-28,motokar,HONDA,CIVIC,grey,petrol,Rakan Niaga,2014,COMPACT,1.8,4,AV7,x,8.1,6.2,7.2,39,166
2025-02-28,motokar,HONDA,CIVIC,grey,petrol,Rakan Niaga,2014,COMPACT,1.8,4,M5,x,8.5,6.6,7.6,37,175
2025-02-28,motokar,HONDA,CIVIC,red,petrol,W.P. Kuala Lumpur,2014,COMPACT,1.8,4,AV,x,7.9,6.0,7.0,40,161
2025-02-28,motokar,HONDA,CIVIC,red,petrol,W.P. Kuala Lumpur,2014,COMPACT,1.8,4,AV7,x,8.1,6.2,7.2,39,166
2025-02-28,motokar,HONDA,CIVIC,red,petrol,W.P. Kuala Lumpur,2014,COMPACT,1.8,4,M5,x,8.5,6.6,7.6,37,175
2025-02-28,motokar,HONDA,CIVIC,black,petrol,Rakan Niaga,2014,COMPACT,1.8,4,AV,x,7.9,6.0,7.0,40,161
2025-02-28,motokar,HONDA,CIVIC,black,petrol,Rakan Niaga,2014,COMPACT,1.8,4,AV7,x,8.1,6.2,7.2,39,166
2025-02-28,motokar,HONDA,CIVIC,black,petrol,Rakan Niaga,2014,COMPACT,1.8,4,M5,x,8.5,6.6,7.6,37,175
2025-02-28,motokar,HONDA,CIVIC,white,petrol,Selangor,2014,COMPACT,1.8,4,AV,x,7.9,6.0,7.0,40,161
2025-02-28,motokar,HONDA,CIVIC,white,petrol,Selangor,2014,COMPACT,1.8,4,AV7,x,8.1,6.2,7.2,39,166
2025-02-28,motokar,HONDA,CIVIC,white,petrol,Selangor,2014,COMPACT,1.8,4,M5,x,8.5,6.6,7.6,37,175
2025-02-28,motokar,HONDA,CIVIC,black,petrol,Negeri Sembilan,2014,COMPACT,1.8,4,AV,x,7.9,6.0,7.0,40,161
2025-02-28,motokar,HONDA,CIVIC,black,petrol,Negeri Sembilan,2014,COMPACT,1.8,4,AV7,x,8.1,6.2,7.2,39,166
2025-02-28,motokar,HONDA,CIVIC,black,petrol,Negeri Sembilan,2014,COMPACT,1.8,4,M5,x,8.5,6.6,7.6,37,175
2025-02-28,motokar,HONDA,CIVIC,white,petrol,Pahang,2014,COMPACT,1.8,4,AV,x,7.9,6.0,7.0,40,161
2025-02-28,motokar,HONDA,CIVIC,white,petrol,Pahang,2014,COMPACT,1.8,4,AV7,x,8.1,6.2,7.2,39,166
2025-02-28,motokar,HONDA,CIVIC,white,petrol,Pahang,2014,COMPACT,1.8,4,M5,x,8.5,6.6,7.6,37,175
2025-02-28,motokar,HONDA,CIVIC,black,petrol,W.P. Kuala Lumpur,2014,COMPACT,1.8,4,AV,x,7.9,6.0,7.0,40,161
2025-02-28,motokar,HONDA,CIVIC,black,petrol,W.P. Kuala Lumpur,2014,COMPACT,1.8,4,AV7,x,8.1,6.2,7.2,39,166
2025-02-28,motokar,HONDA,CIVIC,black,petrol,W.P. Kuala Lumpur,2014,COMPACT,1.8,4,M5,x,8.5,6.6,7.6,37,175
2025-02-28,motokar,HONDA,CIVIC,white,petrol,Sarawak,2014,COMPACT,1.8,4,AV,x,7.9,6.0,7.0,40,161
2025-02-28,motokar,HONDA,CIVIC,white,petrol,Sarawak,2014,COMPACT,1.8,4,AV7,x,8.1,6.2,7.2,39,166
2025-02-28,motokar,HONDA,CIVIC,white,petrol,Sarawak,2014,COMPACT,1.8,4,M5,x,8.5,6.6,7.6,37,175
2025-02-28,motokar,HONDA,CIVIC,white,petrol,Sabah,2014,COMPACT,1.8,4,AV,x,7.9,6.0,7.0,40,161
2025-02-28,motokar,HONDA,CIVIC,white,petrol,Sabah,2014,COMPACT,1.8,4,AV7,x,8.1,6.2,7.2,39,166
2025-02-28,motokar,HONDA,CIVIC,white,petrol,Sabah,2014,COMPACT,1.8,4,M5,x,8.5,6.6,7.6,37,175
2025-02-28,motokar,HONDA,CIVIC,blue,petrol,W.P. Kuala Lumpur,2014,COMPACT,1.8,4,AV,x,7.9,6.0,7.0,40,161
2025-02-28,motokar,HONDA,CIVIC,blue,petrol,W.P. Kuala Lumpur,2014,COMPACT,1.8,4,AV7,x,8.1,6.2,7.2,39,166
2025-02-28,motokar,HONDA,CIVIC,blue,petrol,W.P. Kuala Lumpur,2014,COMPACT,1.8,4,M5,x,8.5,6.6,7.6,37,175
2025-02-28,motokar,HONDA,CIVIC,red,hybrid_petrol,Selangor,2014,COMPACT,1.8,4,AV,x,7.9,6.0,7.0,40,161
2025-02-28,motokar,HONDA,CIVIC,red,hybrid_petrol,Selangor,2014,COMPACT,1.8,4,AV7,x,8.1,6.2,7.2,39,166
2025-02-28,motokar,HONDA,CIVIC,red,hybrid_petrol,Selangor,2014,COMPACT,1.8,4,M5,x,8.5,6.6,7.6,37,175
2025-02-28,motokar,HONDA,CIVIC,white,petrol,Perak,2014,COMPACT,1.8,4,AV,x,7.9,6.0,7.0,40,161
2025-02-28,motokar,HONDA,CIVIC,white,petrol,Perak,2014,COMPACT,1.8,4,AV7,x,8.1,6.2,7.2,39,166
2025-02-28,motokar,HONDA,CIVIC,white,petrol,Perak,2014,COMPACT,1.8,4,M5,x,8.5,6.6,7.6,37,175
2025-02-28,motokar,HONDA,CIVIC,blue,petrol,Negeri Sembilan,2014,COMPACT,1.8,4,AV,x,7.9,6.0,7.0,40,161
2025-02-28,motokar,HONDA,CIVIC,blue,petrol,Negeri Sembilan,2014,COMPACT,1.8,4,AV7,x,8.1,6.2,7.2,39,166
2025-02-28,motokar,HONDA,CIVIC,blue,petrol,Negeri Sembilan,2014,COMPACT,1.8,4,M5,x,8.5,6.6,7.6,37,175
2025-02-28,motokar,HONDA,CIVIC,red,petrol,Sarawak,2014,COMPACT,1.8,4,AV,x,7.9,6.0,7.0,40,161
2025-02-28,motokar,HONDA,CIVIC,red,petrol,Sarawak,2014,COMPACT,1.8,4,AV7,x,8.1,6.2,7.2,39,166
2025-02-28,motokar,HONDA,CIVIC,red,petrol,Sarawak,2014,COMPACT,1.8,4,M5,x,8.5,6.6,7.6,37,175
2025-02-28,motokar,HONDA,CIVIC,red,petrol,Selangor,2014,COMPACT,1.8,4,AV,x,7.9,6.0,7.0,40,161
2025-02-28,motokar,HONDA,CIVIC,red,petrol,Selangor,2014,COMPACT,1.8,4,AV7,x,8.1,6.2,7.2,39,166
2025-02-28,motokar,HONDA,CIVIC,red,petrol,Selangor,2014,COMPACT,1.8,4,M5,x,8.5,6.6,7.6,37,175
2025-02-28,motokar,HONDA,CIVIC,grey,petrol,W.P. Kuala Lumpur,2014,COMPACT,1.8,4,AV,x,7.9,6.0,7.0,40,161
2025-02-28,motokar,HONDA,CIVIC,grey,petrol,W.P. Kuala Lumpur,2014,COMPACT,1.8,4,AV7,x,8.1,6.2,7.2,39,166
2025-02-28,motokar,HONDA,CIVIC,grey,petrol,W.P. Kuala Lumpur,2014,COMPACT,1.8,4,M5,x,8.5,6.6,7.6,37,175
2025-02-28,motokar,HONDA,CIVIC,black,petrol,Selangor,2014,COMPACT,1.8,4,AV,x,7.9,6.0,7.0,40,161
2025-02-28,motokar,HONDA,CIVIC,black,petrol,Selangor,2014,COMPACT,1.8,4,AV7,x,8.1,6.2,7.2,39,166
2025-02-28,motokar,HONDA,CIVIC,black,petrol,Selangor,2014,COMPACT,1.8,4,M5,x,8.5,6.6,7.6,37,175
2025-02-28,motokar,HONDA,CIVIC,grey,hybrid_petrol,Rakan Niaga,2014,COMPACT,1.8,4,AV,x,7.9,6.0,7.0,40,161
2025-02-28,motokar,HONDA,CIVIC,grey,hybrid_petrol,Rakan Niaga,2014,COMPACT,1.8,4,AV7,x,8.1,6.2,7.2,39,166
2025-02-28,motokar,HONDA,CIVIC,grey,hybrid_petrol,Rakan Niaga,2014,COMPACT,1.8,4,M5,x,8.5,6.6,7.6,37,175
2025-02-28,window_van,HONDA,ODYSSEY,white,petrol,W.P. Kuala Lumpur,2014,MINIVAN,3.5,6,A6,x,12.3,8.5,10.6,27,244
2025-02-28,window_van,HONDA,ODYSSEY,silver,petrol,Rakan Niaga,2014,MINIVAN,3.5,6,A6,x,12.3,8.5,10.6,27,244
2025-02-28,jip,HYUNDAI,SANTA FE,blue,hybrid_petrol,Rakan Niaga,2014,SUV - SMALL,3.3,6,A6,x,13.0,9.1,11.2,25,258
2025-02-28,jip,LAND ROVER,RANGE ROVER EVOQUE,grey,petrol,W.P. Kuala Lumpur,2014,SUV - SMALL,2.0,4,AS9,z,11.3,7.9,9.8,29,225
2025-02-28,jip,MAZDA,CX-5,black,petrol,Rakan Niaga,2014,SUV - SMALL,2.0,4,AS6,x,8.9,7.3,8.2,34,189
2025-02-28,jip,MAZDA,CX-5,black,petrol,Rakan Niaga,2014,SUV - SMALL,2.0,4,M6,x,9.0,6.8,8.0,35,184
2025-02-28,jip,MAZDA,CX-5,black,petrol,Rakan Niaga,2014,SUV - SMALL,2.5,4,AS6,x,9.6,7.4,8.6,33,198
2025-02-28,jip,MAZDA,CX-5,red,petrol,Rakan Niaga,2014,SUV - SMALL,2.0,4,AS6,x,8.9,7.3,8.2,34,189
2025-02-28,jip,MAZDA,CX-5,red,petrol,Rakan Niaga,2014,SUV - SMALL,2.0,4,M6,x,9.0,6.8,8.0,35,184
2025-02-28,jip,MAZDA,CX-5,red,petrol,Rakan Niaga,2014,SUV - SMALL,2.5,4,AS6,x,9.6,7.4,8.6,33,198
2025-02-28,jip,MAZDA,CX-5,white,petrol,Rakan Niaga,2014,SUV - SMALL,2.0,4,AS6,x,8.9,7.3,8.2,34,189
2025-02-28,jip,MAZDA,CX-5,white,petrol,Rakan Niaga,2014,SUV - SMALL,2.0,4,M6,x,9.0,6.8,8.0,35,184
2025-02-28,jip,MAZDA,CX-5,white,petrol,Rakan Niaga,2014,SUV - SMALL,2.5,4,AS6,x,9.6,7.4,8.6,33,198
2025-02-28,jip,MAZDA,CX-5,blue,petrol,W.P. Kuala Lumpur,2014,SUV - SMALL,2.0,4,AS6,x,8.9,7.3,8.2,34,189
2025-02-28,jip,MAZDA,CX-5,blue,petrol,W.P. Kuala Lumpur,2014,SUV - SMALL,2.0,4,M6,x,9.0,6.8,8.0,35,184
2025-02-28,jip,MAZDA,CX-5,blue,petrol,W.P. Kuala Lumpur,2014,SUV - SMALL,2.5,4,AS6,x,9.6,7.4,8.6,33,198
2025-02-28,jip,MAZDA,CX-5,gold,petrol,Rakan Niaga,2014,SUV - SMALL,2.0,4,AS6,x,8.9,7.3,8.2,34,189
2025-02-28,jip,MAZDA,CX-5,gold,petrol,Rakan Niaga,2014,SUV - SMALL,2.0,4,M6,x,9.0,6.8,8.0,35,184
2025-02-28,jip,MAZDA,CX-5,gold,petrol,Rakan Niaga,2014,SUV - SMALL,2.5,4,AS6,x,9.6,7.4,8.6,33,198
2025-02-28,jip,MAZDA,CX-5,blue,petrol,Rakan Niaga,2014,SUV - SMALL,2.0,4,AS6,x,8.9,7.3,8.2,34,189
2025-02-28,jip,MAZDA,CX-5,blue,petrol,Rakan Niaga,2014,SUV - SMALL,2.0,4,M6,x,9.0,6.8,8.0,35,184
2025-02-28,jip,MAZDA,CX-5,blue,petrol,Rakan Niaga,2014,SUV - SMALL,2.5,4,AS6,x,9.6,7.4,8.6,33,198
2025-02-28,jip,MAZDA,CX-5,grey,petrol,Rakan Niaga,2014,SUV - SMALL,2.0,4,AS6,x,8.9,7.3,8.2,34,189
2025-02-28,jip,MAZDA,CX-5,grey,petrol,Rakan Niaga,2014,SUV - SMALL,2.0,4,M6,x,9.0,6.8,8.0,35,184
2025-02-28,jip,MAZDA,CX-5,grey,petrol,Rakan Niaga,2014,SUV - SMALL,2.5,4,AS6,x,9.6,7.4,8.6,33,198
2025-02-28,jip,MAZDA,CX-5,gold,diesel,Rakan Niaga,2014,SUV - SMALL,2.0,4,AS6,x,8.9,7.3,8.2,34,189
2025-02-28,jip,MAZDA,CX-5,gold,diesel,Rakan Niaga,2014,SUV - SMALL,2.0,4,M6,x,9.0,6.8,8.0,35,184
2025-02-28,jip,MAZDA,CX-5,gold,diesel,Rakan Niaga,2014,SUV - SMALL,2.5,4,AS6,x,9.6,7.4,8.6,33,198
2025-02-28,jip,MAZDA,CX-5,red,diesel,Rakan Niaga,2014,SUV - SMALL,2.0,4,AS6,x,8.9,7.3,8.2,34,189
2025-02-28,jip,MAZDA,CX-5,red,diesel,Rakan Niaga,2014,SUV - SMALL,2.0,4,M6,x,9.0,6.8,8.0,35,184
2025-02-28,jip,MAZDA,CX-5,red,diesel,Rakan Niaga,2014,SUV - SMALL,2.5,4,AS6,x,9.6,7.4,8.6,33,198
2025-02-28,jip,MAZDA,CX-5,black,petrol,Selangor,2014,SUV - SMALL,2.0,4,AS6,x,8.9,7.3,8.2,34,189
2025-02-28,jip,MAZDA,CX-5,black,petrol,Selangor,2014,SUV - SMALL,2.0,4,M6,x,9.0,6.8,8.0,35,184
2025-02-28,jip,MAZDA,CX-5,black,petrol,Selangor,2014,SUV - SMALL,2.5,4,AS6,x,9.6,7.4,8.6,33,198
2025-02-28,jip,MAZDA,CX-5,red,petrol,Selangor,2014,SUV - SMALL,2.0,4,AS6,x,8.9,7.3,8.2,34,189
2025-02-28,jip,MAZDA,CX-5,red,petrol,Selangor,2014,SUV - SMALL,2.0,4,M6,x,9.0,6.8,8.0,35,184
2025-02-28,jip,MAZDA,CX-5,red,petrol,Selangor,2014,SUV - SMALL,2.5,4,AS6,x,9.6,7.4,8.6,33,198
2025-02-28,motokar,MAZDA,MX-5,white,petrol,W.P. Kuala Lumpur,2014,TWO-SEATER,2.0,4,AS6,z,11.5,8.5,10.2,28,235
2025-02-28,motokar,MAZDA,MX-5,white,petrol,W.P. Kuala Lumpur,2014,TWO-SEATER,2.0,4,M5,z,10.5,8.5,9.6,29,221
2025-02-28,motokar,MAZDA,MX-5,white,petrol,W.P. Kuala Lumpur,2014,TWO-SEATER,2.0,4,M6,z,11.1,8.4,9.9,29,228
2025-02-28,motokar,MAZDA,MX-5,grey,petrol,Pulau Pinang,2014,TWO-SEATER,2.0,4,AS6,z,11.5,8.5,10.2,28,235
2025-02-28,motokar,MAZDA,MX-5,grey,petrol,Pulau Pinang,2014,TWO-SEATER,2.0,4,M5,z,10.5,8.5,9.6,29,221
2025-02-28,motokar,MAZDA,MX-5,grey,petrol,Pulau Pinang,2014,TWO-SEATER,2.0,4,M6,z,11.1,8.4,9.9,29,228
2025-02-28,motokar,MAZDA,MX-5,red,petrol,Rakan Niaga,2014,TWO-SEATER,2.0,4,AS6,z,11.5,8.5,10.2,28,235
2025-02-28,motokar,MAZDA,MX-5,red,petrol,Rakan Niaga,2014,TWO-SEATER,2.0,4,M5,z,10.5,8.5,9.6,29,221
2025-02-28,motokar,MAZDA,MX-5,red,petrol,Rakan Niaga,2014,TWO-SEATER,2.0,4,M6,z,11.1,8.4,9.9,29,228
2025-02-28,motokar,NISSAN,GT-R,silver,petrol,W.P. Kuala Lumpur,2014,SUBCOMPACT,3.8,6,AM6,z,14.5,10.9,12.9,22,297
2025-02-28,motokar,PORSCHE,911 TURBO,silver,petrol,Selangor,2014,MINICOMPACT,3.8,6,AM7,z,13.7,9.6,11.9,24,274
2025-02-28,jip,PORSCHE,CAYENNE,grey,petrol,W.P. Kuala Lumpur,2014,SUV - STANDARD,3.6,6,A8,z,13.6,10.1,12.0,24,276
2025-02-28,jip,PORSCHE,CAYENNE,grey,petrol,W.P. Kuala Lumpur,2014,SUV - STANDARD,3.6,6,M6,z,15.8,10.9,13.6,21,313
2025-02-28,jip,PORSCHE,CAYENNE,white,petrol,W.P. Kuala Lumpur,2014,SUV - STANDARD,3.6,6,A8,z,13.6,10.1,12.0,24,276
2025-02-28,jip,PORSCHE,CAYENNE,white,petrol,W.P. Kuala Lumpur,2014,SUV - STANDARD,3.6,6,M6,z,15.8,10.9,13.6,21,313
2025-02-28,jip,PORSCHE,CAYENNE,grey,petrol,Selangor,2014,SUV - STANDARD,3.6,6,A8,z,13.6,10.1,12.0,24,276
2025-02-28,jip,PORSCHE,CAYENNE,grey,petrol,Selangor,2014,SUV - STANDARD,3.6,6,M6,z,15.8,10.9,13.6,21,313
2025-02-28,jip,PORSCHE,CAYENNE,white,petrol,Rakan Niaga,2014,SUV - STANDARD,3.6,6,A8,z,13.6,10.1,12.0,24,276
2025-02-28,jip,PORSCHE,CAYENNE,white,petrol,Rakan Niaga,2014,SUV - STANDARD,3.6,6,M6,z,15.8,10.9,13.6,21,313
2025-02-28,motokar,SUBARU,BRZ,grey,petrol,Selangor,2014,MINICOMPACT,2.0,4,AS6,z,9.6,7.1,8.5,33,196
2025-02-28,motokar,SUBARU,BRZ,grey,petrol,Selangor,2014,MINICOMPACT,2.0,4,M6,z,11.0,7.9,9.6,29,221
2025-02-28,motokar,TOYOTA,CAMRY,black,petrol,Rakan Niaga,2014,MID-SIZE,2.5,4,AS6,x,9.5,6.6,8.2,34,189
2025-02-28,motokar,TOYOTA,CAMRY,black,petrol,Rakan Niaga,2014,MID-SIZE,3.5,6,AS6,x,11.1,7.8,9.6,29,221
2025-02-28,motokar,TOYOTA,CAMRY,grey,petrol,Rakan Niaga,2014,MID-SIZE,2.5,4,AS6,x,9.5,6.6,8.2,34,189
2025-02-28,motokar,TOYOTA,CAMRY,grey,petrol,Rakan Niaga,2014,MID-SIZE,3.5,6,AS6,x,11.1,7.8,9.6,29,221
2025-02-28,motokar,TOYOTA,YARIS,red,petrol,Rakan Niaga,2014,COMPACT,1.5,4,A4,x,7.9,6.6,7.3,39,168
2025-02-28,motokar,TOYOTA,YARIS,red,petrol,Rakan Niaga,2014,COMPACT,1.5,4,M5,x,7.8,6.3,7.1,40,163
2025-02-28,motokar,TOYOTA,YARIS,white,petrol,Rakan Niaga,2014,COMPACT,1.5,4,A4,x,7.9,6.6,7.3,39,168
2025-02-28,motokar,TOYOTA,YARIS,white,petrol,Rakan Niaga,2014,COMPACT,1.5,4,M5,x,7.8,6.3,7.1,40,163
2025-02-28,motokar,TOYOTA,YARIS,white,petrol,Selangor,2014,COMPACT,1.5,4,A4,x,7.9,6.6,7.3,39,168
2025-02-28,motokar,TOYOTA,YARIS,white,petrol,Selangor,2014,COMPACT,1.5,4,M5,x,7.8,6.3,7.1,40,163
2025-02-28,motokar,TOYOTA,YARIS,silver,petrol,Rakan Niaga,2014,COMPACT,1.5,4,A4,x,7.9,6.6,7.3,39,168
2025-02-28,motokar,TOYOTA,YARIS,silver,petrol,Rakan Niaga,2014,COMPACT,1.5,4,M5,x,7.8,6.3,7.1,40,163
2025-02-28,motokar,TOYOTA,YARIS,grey,petrol,Rakan Niaga,2014,COMPACT,1.5,4,A4,x,7.9,6.6,7.3,39,168
2025-02-28,motokar,TOYOTA,YARIS,grey,petrol,Rakan Niaga,2014,COMPACT,1.5,4,M5,x,7.8,6.3,7.1,40,163
2025-02-28,motokar,TOYOTA,YARIS,red,petrol,Selangor,2014,COMPACT,1.5,4,A4,x,7.9,6.6,7.3,39,168
2025-02-28,motokar,TOYOTA,YARIS,red,petrol,Selangor,2014,COMPACT,1.5,4,M5,x,7.8,6.3,7.1,40,163
2025-02-28,motokar,TOYOTA,YARIS,red,petrol,W.P. Kuala Lumpur,2014,COMPACT,1.5,4,A4,x,7.9,6.6,7.3,39,168
2025-02-28,motokar,TOYOTA,YARIS,red,petrol,W.P. Kuala Lumpur,2014,COMPACT,1.5,4,M5,x,7.8,6.3,7.1,40,163
2025-02-28,jip,VOLKSWAGEN,TIGUAN,blue,petrol,Rakan Niaga,2014,SUV - SMALL,2.0,4,A6,z,11.7,9.5,10.7,26,246
2025-02-28,jip,VOLKSWAGEN,TIGUAN,blue,petrol,Rakan Niaga,2014,SUV - SMALL,2.0,4,M6,z,13.6,9.2,11.6,24,267
2025-02-28,jip,VOLKSWAGEN,TIGUAN,white,petrol,Rakan Niaga,2014,SUV - SMALL,2.0,4,A6,z,11.7,9.5,10.7,26,246
2025-02-28,jip,VOLKSWAGEN,TIGUAN,white,petrol,Rakan Niaga,2014,SUV - SMALL,2.0,4,M6,z,13.6,9.2,11.6,24,267
2025-02-28,jip,VOLKSWAGEN,TIGUAN,silver,petrol,Rakan Niaga,2014,SUV - SMALL,2.0,4,A6,z,11.7,9.5,10.7,26,246
2025-02-28,jip,VOLKSWAGEN,TIGUAN,silver,petrol,Rakan Niaga,2014,SUV - SMALL,2.0,4,M6,z,13.6,9.2,11.6,24,267
2025-02-28,jip,VOLKSWAGEN,TIGUAN,grey,petrol,Rakan Niaga,2014,SUV - SMALL,2.0,4,A6,z,11.7,9.5,10.7,26,246
2025-02-28,jip,VOLKSWAGEN,TIGUAN,grey,petrol,Rakan Niaga,2014,SUV - SMALL,2.0,4,M6,z,13.6,9.2,11.6,24,267
2025-02-28,jip,VOLKSWAGEN,TIGUAN,grey,petrol,Perak,2014,SUV - SMALL,2.0,4,A6,z,11.7,9.5,10.7,26,246
2025-02-28,jip,VOLKSWAGEN,TIGUAN,grey,petrol,Perak,2014,SUV - SMALL,2.0,4,M6,z,13.6,9.2,11.6,24,267
2025-02-28,jip,VOLKSWAGEN,TIGUAN,black,petrol,Rakan Niaga,2014,SUV - SMALL,2.0,4,A6,z,11.7,9.5,10.7,26,246
2025-02-28,jip,VOLKSWAGEN,TIGUAN,black,petrol,Rakan Niaga,2014,SUV - SMALL,2.0,4,M6,z,13.6,9.2,11.6,24,267
2025-02-28,jip,VOLKSWAGEN,TIGUAN,blue,petrol,Johor,2014,SUV - SMALL,2.0,4,A6,z,11.7,9.5,10.7,26,246
2025-02-28,jip,VOLKSWAGEN,TIGUAN,blue,petrol,Johor,2014,SUV - SMALL,2.0,4,M6,z,13.6,9.2,11.6,24,267
2025-02-28,jip,VOLKSWAGEN,TOUAREG,silver,petrol,W.P. Kuala Lumpur,2014,SUV - STANDARD,3.6,6,AS8,z,13.8,10.3,12.2,23,281
2025-02-28,jip,VOLVO,XC60,white,hybrid_petrol,Rakan Niaga,2014,SUV - SMALL,3.2,6,AS6,x,13.0,8.9,11.2,25,258
2025-02-28,jip,VOLVO,XC60,black,hybrid_petrol,Rakan Niaga,2014,SUV - SMALL,3.2,6,AS6,x,13.0,8.9,11.2,25,258
2025-02-28,jip,VOLVO,XC60,white,hybrid_petrol,W.P. Kuala Lumpur,2014,SUV - SMALL,3.2,6,AS6,x,13.0,8.9,11.2,25,258
2025-02-28,jip,VOLVO,XC60,black,hybrid_petrol,Selangor,2014,SUV - SMALL,3.2,6,AS6,x,13.0,8.9,11.2,25,258
2025-02-28,jip,VOLVO,XC60,grey,hybrid_petrol,Rakan Niaga,2014,SUV - SMALL,3.2,6,AS6,x,13.0,8.9,11.2,25,258
2025-02-28,jip,VOLVO,XC60,blue,hybrid_petrol,Rakan Niaga,2014,SUV - SMALL,3.2,6,AS6,x,13.0,8.9,11.2,25,258
2025-02-28,jip,VOLVO,XC60,beige,hybrid_petrol,Rakan Niaga,2014,SUV - SMALL,3.2,6,AS6,x,13.0,8.9,11.2,25,258
2025-03-01,motokar,TOYOTA,YARIS,red,petrol,Rakan Niaga,2014,COMPACT,1.5,4,A4,x,7.9,6.6,7.3,39,168
2025-03-01,motokar,TOYOTA,YARIS,red,petrol,Rakan Niaga,2014,COMPACT,1.5,4,M5,x,7.8,6.3,7.1,40,163
2025-03-02,motokar,HONDA,CIVIC,blue,petrol,Terengganu,2014,COMPACT,1.8,4,AV,x,7.9,6.0,7.0,40,161
2025-03-02,motokar,HONDA,CIVIC,blue,petrol,Terengganu,2014,COMPACT,1.8,4,AV7,x,8.1,6.2,7.2,39,166
2025-03-02,motokar,HONDA,CIVIC,blue,petrol,Terengganu,2014,COMPACT,1.8,4,M5,x,8.5,6.6,7.6,37,175
2025-03-03,motokar,FORD,MUSTANG,red,petrol,Pulau Pinang,2014,SUBCOMPACT,3.7,6,A6,x,12.1,7.8,10.2,28,235
2025-03-03,motokar,FORD,MUSTANG,red,petrol,Pulau Pinang,2014,SUBCOMPACT,3.7,6,M6,x,12.7,8.1,10.6,27,244
2025-03-03,motokar,FORD,MUSTANG,red,petrol,Pulau Pinang,2014,SUBCOMPACT,5.0,8,A6,x,13.3,9.3,11.5,25,264
2025-03-03,motokar,FORD,MUSTANG,red,petrol,Pulau Pinang,2014,SUBCOMPACT,5.0,8,M6,x,15.4,9.4,12.7,22,292
2025-03-03,motokar,FORD,MUSTANG,red,petrol,Pulau Pinang,2014,SUBCOMPACT,5.8,8,M6,z,15.9,9.9,13.2,21,304
2025-03-03,motokar,HONDA,CIVIC,blue,petrol,Rakan Niaga,2014,COMPACT,1.8,4,AV,x,7.9,6.0,7.0,40,161
2025-03-03,motokar,HONDA,CIVIC,blue,petrol,Rakan Niaga,2014,COMPACT,1.8,4,AV7,x,8.1,6.2,7.2,39,166
2025-03-03,motokar,HONDA,CIVIC,blue,petrol,Rakan Niaga,2014,COMPACT,1.8,4,M5,x,8.5,6.6,7.6,37,175
2025-03-03,motokar,HONDA,CIVIC,blue,petrol,Terengganu,2014,COMPACT,1.8,4,AV,x,7.9,6.0,7.0,40,161
2025-03-03,motokar,HONDA,CIVIC,blue,petrol,Terengganu,2014,COMPACT,1.8,4,AV7,x,8.1,6.2,7.2,39,166
2025-03-03,motokar,HONDA,CIVIC,blue,petrol,Terengganu,2014,COMPACT,1.8,4,M5,x,8.5,6.6,7.6,37,175
2025-03-03,motokar,HONDA,CIVIC,white,petrol,Kedah,2014,COMPACT,1.8,4,AV,x,7.9,6.0,7.0,40,161
2025-03-03,motokar,HONDA,CIVIC,white,petrol,Kedah,2014,COMPACT,1.8,4,AV7,x,8.1,6.2,7.2,39,166
2025-03-03,motokar,HONDA,CIVIC,white,petrol,Kedah,2014,COMPACT,1.8,4,M5,x,8.5,6.6,7.6,37,175
2025-03-03,jip,KIA,SPORTAGE,grey,petrol,Rakan Niaga,2014,SUV - SMALL,2.4,4,A6,x,11.4,8.3,10.0,28,230
2025-03-03,jip,KIA,SPORTAGE,grey,petrol,Rakan Niaga,2014,SUV - SMALL,2.4,4,M6,x,12.9,9.3,11.3,25,260
2025-03-03,jip,MAZDA,CX-5,gold,petrol,Rakan Niaga,2014,SUV - SMALL,2.0,4,AS6,x,8.9,7.3,8.2,34,189
2025-03-03,jip,MAZDA,CX-5,gold,petrol,Rakan Niaga,2014,SUV - SMALL,2.0,4,M6,x,9.0,6.8,8.0,35,184
2025-03-03,jip,MAZDA,CX-5,gold,petrol,Rakan Niaga,2014,SUV - SMALL,2.5,4,AS6,x,9.6,7.4,8.6,33,198
2025-03-03,jip,MAZDA,CX-5,black,petrol,Rakan Niaga,2014,SUV - SMALL,2.0,4,AS6,x,8.9,7.3,8.2,34,189
2025-03-03,jip,MAZDA,CX-5,black,petrol,Rakan Niaga,2014,SUV - SMALL,2.0,4,M6,x,9.0,6.8,8.0,35,184
2025-03-03,jip,MAZDA,CX-5,black,petrol,Rakan Niaga,2014,SUV - SMALL,2.5,4,AS6,x,9.6,7.4,8.6,33,198
2025-03-03,jip,MAZDA,CX-5,grey,petrol,Rakan Niaga,2014,SUV - SMALL,2.0,4,AS6,x,8.9,7.3,8.2,34,189
2025-03-03,jip,MAZDA,CX-5,grey,petrol,Rakan Niaga,2014,SUV - SMALL,2.0,4,M6,x,9.0,6.8,8.0,35,184
2025-03-03,jip,MAZDA,CX-5,grey,petrol,Rakan Niaga,2014,SUV - SMALL,2.5,4,AS6,x,9.6,7.4,8.6,33,198
2025-03-03,jip,PORSCHE,CAYENNE,black,petrol,Sarawak,2014,SUV - STANDARD,3.6,6,A8,z,13.6,10.1,12.0,24,276
2025-03-03,jip,PORSCHE,CAYENNE,black,petrol,Sarawak,2014,SUV - STANDARD,3.6,6,M6,z,15.8,10.9,13.6,21,313
2025-03-03,motokar,PORSCHE,PANAMERA,white,petrol,W.P. Kuala Lumpur,2014,FULL-SIZE,3.6,6,AM7,z,12.9,8.4,10.9,26,251
2025-03-03,motokar,SUBARU,BRZ,blue,petrol,Rakan Niaga,2014,MINICOMPACT,2.0,4,AS6,z,9.6,7.1,8.5,33,196
2025-03-03,motokar,SUBARU,BRZ,blue,petrol,Rakan Niaga,2014,MINICOMPACT,2.0,4,M6,z,11.0,7.9,9.6,29,221
2025-03-03,motokar,TOYOTA,YARIS,white,petrol,Rakan Niaga,2014,COMPACT,1.5,4,A4,x,7.9,6.6,7.3,39,168
2025-03-03,motokar,TOYOTA,YARIS,white,petrol,Rakan Niaga,2014,COMPACT,1.5,4,M5,x,7.8,6.3,7.1,40,163
2025-03-03,motokar,TOYOTA,YARIS,red,petrol,Rakan Niaga,2014,COMPACT,1.5,4,A4,x,7.9,6.6,7.3,39,168
2025-03-03,motokar,TOYOTA,YARIS,red,petrol,Rakan Niaga,2014,COMPACT,1.5,4,M5,x,7.8,6.3,7.1,40,163
2025-03-04,jip,HONDA,CR-V,blue,hybrid_petrol,Rakan Niaga,2014,SUV - SMALL,2.4,4,A5,x,10.3,7.6,9.1,31,209
2025-03-04,jip,HONDA,CR-V,blue,petrol,Rakan Niaga,2014,SUV - SMALL,2.4,4,A5,x,10.3,7.6,9.1,31,209
2025-03-04,jip,HONDA,CR-V,blue,petrol,Pulau Pinang,2014,SUV - SMALL,2.4,4,A5,x,10.3,7.6,9.1,31,209
2025-03-04,jip,HONDA,CR-V,white,petrol,Rakan Niaga,2014,SUV - SMALL,2.4,4,A5,x,10.3,7.6,9.1,31,209
2025-03-04,jip,HONDA,CR-V,grey,petrol,Rakan Niaga,2014,SUV - SMALL,2.4,4,A5,x,10.3,7.6,9.1,31,209
2025-03-04,motokar,HONDA,CIVIC,white,petrol,W.P. Kuala Lumpur,2014,COMPACT,1.8,4,AV,x,7.9,6.0,7.0,40,161
2025-03-04,motokar,HONDA,CIVIC,white,petrol,W.P. Kuala Lumpur,2014,COMPACT,1.8,4,AV7,x,8.1,6.2,7.2,39,166
2025-03-04,motokar,HONDA,CIVIC,white,petrol,W.P. Kuala Lumpur,2014,COMPACT,1.8,4,M5,x,8.5,6.6,7.6,37,175
2025-03-04,motokar,HONDA,CIVIC,grey,petrol,Rakan Niaga,2014,COMPACT,1.8,4,AV,x,7.9,6.0,7.0,40,161
2025-03-04,motokar,HONDA,CIVIC,grey,petrol,Rakan Niaga,2014,COMPACT,1.8,4,AV7,x,8.1,6.2,7.2,39,166
2025-03-04,motokar,HONDA,CIVIC,grey,petrol,Rakan Niaga,2014,COMPACT,1.8,4,M5,x,8.5,6.6,7.6,37,175
2025-03-04,motokar,HONDA,CIVIC,white,petrol,Rakan Niaga,2014,COMPACT,1.8,4,AV,x,7.9,6.0,7.0,40,161
2025-03-04,motokar,HONDA,CIVIC,white,petrol,Rakan Niaga,2014,COMPACT,1.8,4,AV7,x,8.1,6.2,7.2,39,166
2025-03-04,motokar,HONDA,CIVIC,white,petrol,Rakan Niaga,2014,COMPACT,1.8,4,M5,x,8.5,6.6,7.6,37,175
2025-03-04,motokar,HONDA,CIVIC,black,petrol,Rakan Niaga,2014,COMPACT,1.8,4,AV,x,7.9,6.0,7.0,40,161
2025-03-04,motokar,HONDA,CIVIC,black,petrol,Rakan Niaga,2014,COMPACT,1.8,4,AV7,x,8.1,6.2,7.2,39,166
2025-03-04,motokar,HONDA,CIVIC,black,petrol,Rakan Niaga,2014,COMPACT,1.8,4,M5,x,8.5,6.6,7.6,37,175
2025-03-04,motokar,HONDA,CIVIC,red,petrol,Rakan Niaga,2014,COMPACT,1.8,4,AV,x,7.9,6.0,7.0,40,161
2025-03-04,motokar,HONDA,CIVIC,red,petrol,Rakan Niaga,2014,COMPACT,1.8,4,AV7,x,8.1,6.2,7.2,39,166
2025-03-04,motokar,HONDA,CIVIC,red,petrol,Rakan Niaga,2014,COMPACT,1.8,4,M5,x,8.5,6.6,7.6,37,175
2025-03-04,motokar,HONDA,CIVIC,blue,petrol,Rakan Niaga,2014,COMPACT,1.8,4,AV,x,7.9,6.0,7.0,40,161
2025-03-04,motokar,HONDA,CIVIC,blue,petrol,Rakan Niaga,2014,COMPACT,1.8,4,AV7,x,8.1,6.2,7.2,39,166
2025-03-04,motokar,HONDA,CIVIC,blue,petrol,Rakan Niaga,2014,COMPACT,1.8,4,M5,x,8.5,6.6,7.6,37,175
2025-03-04,jip,MAZDA,CX-5,blue,petrol,Rakan Niaga,2014,SUV - SMALL,2.0,4,AS6,x,8.9,7.3,8.2,34,189
2025-03-04,jip,MAZDA,CX-5,blue,petrol,Rakan Niaga,2014,SUV - SMALL,2.0,4,M6,x,9.0,6.8,8.0,35,184
2025-03-04,jip,MAZDA,CX-5,blue,petrol,Rakan Niaga,2014,SUV - SMALL,2.5,4,AS6,x,9.6,7.4,8.6,33,198
2025-03-04,jip,MAZDA,CX-5,gold,petrol,Rakan Niaga,2014,SUV - SMALL,2.0,4,AS6,x,8.9,7.3,8.2,34,189
2025-03-04,jip,MAZDA,CX-5,gold,petrol,Rakan Niaga,2014,SUV - SMALL,2.0,4,M6,x,9.0,6.8,8.0,35,184
2025-03-04,jip,MAZDA,CX-5,gold,petrol,Rakan Niaga,2014,SUV - SMALL,2.5,4,AS6,x,9.6,7.4,8.6,33,198
2025-03-04,jip,MAZDA,CX-5,white,petrol,Rakan Niaga,2014,SUV - SMALL,2.0,4,AS6,x,8.9,7.3,8.2,34,189
2025-03-04,jip,MAZDA,CX-5,white,petrol,Rakan Niaga,2014,SUV - SMALL,2.0,4,M6,x,9.0,6.8,8.0,35,184
2025-03-04,jip,MAZDA,CX-5,white,petrol,Rakan Niaga,2014,SUV - SMALL,2.5,4,AS6,x,9.6,7.4,8.6,33,198
2025-03-04,jip,MAZDA,CX-5,red,petrol,Rakan Niaga,2014,SUV - SMALL,2.0,4,AS6,x,8.9,7.3,8.2,34,189
2025-03-04,jip,MAZDA,CX-5,red,petrol,Rakan Niaga,2014,SUV - SMALL,2.0,4,M6,x,9.0,6.8,8.0,35,184
2025-03-04,jip,MAZDA,CX-5,red,petrol,Rakan Niaga,2014,SUV - SMALL,2.5,4,AS6,x,9.6,7.4,8.6,33,198
2025-03-04,motokar,MAZDA,MX-5,red,petrol,Rakan Niaga,2014,TWO-SEATER,2.0,4,AS6,z,11.5,8.5,10.2,28,235
2025-03-04,motokar,MAZDA,MX-5,red,petrol,Rakan Niaga,2014,TWO-SEATER,2.0,4,M5,z,10.5,8.5,9.6,29,221
2025-03-04,motokar,MAZDA,MX-5,red,petrol,Rakan Niaga,2014,TWO-SEATER,2.0,4,M6,z,11.1,8.4,9.9,29,228
2025-03-04,motokar,MAZDA,MX-5,white,petrol,Perak,2014,TWO-SEATER,2.0,4,AS6,z,11.5,8.5,10.2,28,235
2025-03-04,motokar,MAZDA,MX-5,white,petrol,Perak,2014,TWO-SEATER,2.0,4,M5,z,10.5,8.5,9.6,29,221
2025-03-04,motokar,MAZDA,MX-5,white,petrol,Perak,2014,TWO-SEATER,2.0,4,M6,z,11.1,8.4,9.9,29,228
2025-03-04,motokar,PORSCHE,911 GT3,grey,petrol,Selangor,2014,TWO-SEATER,3.8,6,AM7,z,16.0,11.5,14.0,20,322
2025-03-04,window_van,TOYOTA,SIENNA,black,petrol,W.P. Kuala Lumpur,2014,MINIVAN,3.5,6,AS6,x,12.9,9.4,11.3,25,260
2025-03-04,motokar,TOYOTA,YARIS,white,petrol,Rakan Niaga,2014,COMPACT,1.5,4,A4,x,7.9,6.6,7.3,39,168
2025-03-04,motokar,TOYOTA,YARIS,white,petrol,Rakan Niaga,2014,COMPACT,1.5,4,M5,x,7.8,6.3,7.1,40,163
2025-03-04,motokar,TOYOTA,YARIS,red,petrol,Rakan Niaga,2014,COMPACT,1.5,4,A4,x,7.9,6.6,7.3,39,168
2025-03-04,motokar,TOYOTA,YARIS,red,petrol,Rakan Niaga,2014,COMPACT,1.5,4,M5,x,7.8,6.3,7.1,40,163
2025-03-04,motokar,TOYOTA,YARIS,silver,petrol,Rakan Niaga,2014,COMPACT,1.5,4,A4,x,7.9,6.6,7.3,39,168
2025-03-04,motokar,TOYOTA,YARIS,silver,petrol,Rakan Niaga,2014,COMPACT,1.5,4,M5,x,7.8,6.3,7.1,40,163
2025-03-04,motokar,TOYOTA,YARIS,white,petrol,Sabah,2014,COMPACT,1.5,4,A4,x,7.9,6.6,7.3,39,168
2025-03-04,motokar,TOYOTA,YARIS,white,petrol,Sabah,2014,COMPACT,1.5,4,M5,x,7.8,6.3,7.1,40,163
2025-03-04,jip,VOLKSWAGEN,TIGUAN,white,petrol,Rakan Niaga,2014,SUV - SMALL,2.0,4,A6,z,11.7,9.5,10.7,26,246
2025-03-04,jip,VOLKSWAGEN,TIGUAN,white,petrol,Rakan Niaga,2014,SUV - SMALL,2.0,4,M6,z,13.6,9.2,11.6,24,267
2025-03-04,jip,VOLVO,XC60,white,hybrid_petrol,Rakan Niaga,2014,SUV - SMALL,3.2,6,AS6,x,13.0,8.9,11.2,25,258
2025-03-04,jip,VOLVO,XC60,blue,hybrid_petrol,Rakan Niaga,2014,SUV - SMALL,3.2,6,AS6,x,13.0,8.9,11.2,25,258
2025-03-05,jip,HONDA,CR-V,blue,petrol,Rakan Niaga,2014,SUV - SMALL,2.4,4,A5,x,10.3,7.6,9.1,31,209
2025-03-05,jip,HONDA,CR-V,grey,petrol,Rakan Niaga,2014,SUV - SMALL,2.4,4,A5,x,10.3,7.6,9.1,31,209
2025-03-05,motokar,HONDA,CIVIC,red,petrol,Rakan Niaga,2014,COMPACT,1.8,4,AV,x,7.9,6.0,7.0,40,161
2025-03-05,motokar,HONDA,CIVIC,red,petrol,Rakan Niaga,2014,COMPACT,1.8,4,AV7,x,8.1,6.2,7.2,39,166
2025-03-05,motokar,HONDA,CIVIC,red,petrol,Rakan Niaga,2014,COMPACT,1.8,4,M5,x,8.5,6.6,7.6,37,175
2025-03-05,motokar,HONDA,CIVIC,white,petrol,Rakan Niaga,2014,COMPACT,1.8,4,AV,x,7.9,6.0,7.0,40,161
2025-03-05,motokar,HONDA,CIVIC,white,petrol,Rakan Niaga,2014,COMPACT,1.8,4,AV7,x,8.1,6.2,7.2,39,166
2025-03-05,motokar,HONDA,CIVIC,white,petrol,Rakan Niaga,2014,COMPACT,1.8,4,M5,x,8.5,6.6,7.6,37,175
2025-03-05,motokar,HONDA,CIVIC,blue,petrol,Selangor,2014,COMPACT,1.8,4,AV,x,7.9,6.0,7.0,40,161
2025-03-05,motokar,HONDA,CIVIC,blue,petrol,Selangor,2014,COMPACT,1.8,4,AV7,x,8.1,6.2,7.2,39,166
2025-03-05,motokar,HONDA,CIVIC,blue,petrol,Selangor,2014,COMPACT,1.8,4,M5,x,8.5,6.6,7.6,37,175
2025-03-05,motokar,HONDA,CIVIC,grey,petrol,Rakan Niaga,2014,COMPACT,1.8,4,AV,x,7.9,6.0,7.0,40,161
2025-03-05,motokar,HONDA,CIVIC,grey,petrol,Rakan Niaga,2014,COMPACT,1.8,4,AV7,x,8.1,6.2,7.2,39,166
2025-03-05,motokar,HONDA,CIVIC,grey,petrol,Rakan Niaga,2014,COMPACT,1.8,4,M5,x,8.5,6.6,7.6,37,175
2025-03-05,motokar,HONDA,CIVIC,white,petrol,Selangor,2014,COMPACT,1.8,4,AV,x,7.9,6.0,7.0,40,161
2025-03-05,motokar,HONDA,CIVIC,white,petrol,Selangor,2014,COMPACT,1.8,4,AV7,x,8.1,6.2,7.2,39,166
2025-03-05,motokar,HONDA,CIVIC,white,petrol,Selangor,2014,COMPACT,1.8,4,M5,x,8.5,6.6,7.6,37,175
2025-03-05,motokar,HONDA,CIVIC,blue,petrol,Melaka,2014,COMPACT,1.8,4,AV,x,7.9,6.0,7.0,40,161
2025-03-05,motokar,HONDA,CIVIC,blue,petrol,Melaka,2014,COMPACT,1.8,4,AV7,x,8.1,6.2,7.2,39,166
2025-03-05,motokar,HONDA,CIVIC,blue,petrol,Melaka,2014,COMPACT,1.8,4,M5,x,8.5,6.6,7.6,37,175
2025-03-05,motokar,HONDA,CIVIC,black,petrol,Johor,2014,COMPACT,1.8,4,AV,x,7.9,6.0,7.0,40,161
2025-03-05,motokar,HONDA,CIVIC,black,petrol,Johor,2014,COMPACT,1.8,4,AV7,x,8.1,6.2,7.2,39,166
2025-03-05,motokar,HONDA,CIVIC,black,petrol,Johor,2014,COMPACT,1.8,4,M5,x,8.5,6.6,7.6,37,175
2025-03-05,motokar,HONDA,CIVIC,white,petrol,Johor,2014,COMPACT,1.8,4,AV,x,7.9,6.0,7.0,40,161
2025-03-05,motokar,HONDA,CIVIC,white,petrol,Johor,2014,COMPACT,1.8,4,AV7,x,8.1,6.2,7.2,39,166
2025-03-05,motokar,HONDA,CIVIC,white,petrol,Johor,2014,COMPACT,1.8,4,M5,x,8.5,6.6,7.6,37,175
2025-03-05,motokar,HONDA,FIT,white,petrol,Rakan Niaga,2014,STATION WAGON - SMALL,1.5,4,A5,x,8.3,6.5,7.5,38,172
2025-03-05,motokar,HONDA,FIT,white,petrol,Rakan Niaga,2014,STATION WAGON - SMALL,1.5,4,M5,x,8.3,6.9,7.7,37,177
2025-03-05,jip,MAZDA,CX-5,grey,petrol,Rakan Niaga,2014,SUV - SMALL,2.0,4,AS6,x,8.9,7.3,8.2,34,189
2025-03-05,jip,MAZDA,CX-5,grey,petrol,Rakan Niaga,2014,SUV - SMALL,2.0,4,M6,x,9.0,6.8,8.0,35,184
2025-03-05,jip,MAZDA,CX-5,grey,petrol,Rakan Niaga,2014,SUV - SMALL,2.5,4,AS6,x,9.6,7.4,8.6,33,198
2025-03-05,jip,MAZDA,CX-5,blue,petrol,Rakan Niaga,2014,SUV - SMALL,2.0,4,AS6,x,8.9,7.3,8.2,34,189
2025-03-05,jip,MAZDA,CX-5,blue,petrol,Rakan Niaga,2014,SUV - SMALL,2.0,4,M6,x,9.0,6.8,8.0,35,184
2025-03-05,jip,MAZDA,CX-5,blue,petrol,Rakan Niaga,2014,SUV - SMALL,2.5,4,AS6,x,9.6,7.4,8.6,33,198
2025-03-05,jip,MAZDA,CX-5,white,petrol,Rakan Niaga,2014,SUV - SMALL,2.0,4,AS6,x,8.9,7.3,8.2,34,189
2025-03-05,jip,MAZDA,CX-5,white,petrol,Rakan Niaga,2014,SUV - SMALL,2.0,4,M6,x,9.0,6.8,8.0,35,184
2025-03-05,jip,MAZDA,CX-5,white,petrol,Rakan Niaga,2014,SUV - SMALL,2.5,4,AS6,x,9.6,7.4,8.6,33,198
2025-03-05,jip,MAZDA,CX-5,black,petrol,W.P. Kuala Lumpur,2014,SUV - SMALL,2.0,4,AS6,x,8.9,7.3,8.2,34,189
2025-03-05,jip,MAZDA,CX-5,black,petrol,W.P. Kuala Lumpur,2014,SUV - SMALL,2.0,4,M6,x,9.0,6.8,8.0,35,184
2025-03-05,jip,MAZDA,CX-5,black,petrol,W.P. Kuala Lumpur,2014,SUV - SMALL,2.5,4,AS6,x,9.6,7.4,8.6,33,198
2025-03-05,jip,MAZDA,CX-5,black,petrol,Rakan Niaga,2014,SUV - SMALL,2.0,4,AS6,x,8.9,7.3,8.2,34,189
2025-03-05,jip,MAZDA,CX-5,black,petrol,Rakan Niaga,2014,SUV - SMALL,2.0,4,M6,x,9.0,6.8,8.0,35,184
2025-03-05,jip,MAZDA,CX-5,black,petrol,Rakan Niaga,2014,SUV - SMALL,2.5,4,AS6,x,9.6,7.4,8.6,33,198
2025-03-05,motokar,MAZDA,MX-5,red,petrol,Johor,2014,TWO-SEATER,2.0,4,AS6,z,11.5,8.5,10.2,28,235
2025-03-05,motokar,MAZDA,MX-5,red,petrol,Johor,2014,TWO-SEATER,2.0,4,M5,z,10.5,8.5,9.6,29,221
2025-03-05,motokar,MAZDA,MX-5,red,petrol,Johor,2014,TWO-SEATER,2.0,4,M6,z,11.1,8.4,9.9,29,228
2025-03-05,motokar,PORSCHE,911 CARRERA,grey,petrol,Rakan Niaga,2014,MINICOMPACT,3.4,6,AM7,z,11.6,8.3,10.1,28,232
2025-03-05,motokar,PORSCHE,911 CARRERA,grey,petrol,Rakan Niaga,2014,MINICOMPACT,3.4,6,M7,z,12.5,8.6,10.7,26,246
2025-03-05,jip,PORSCHE,CAYENNE,white,petrol,Rakan Niaga,2014,SUV - STANDARD,3.6,6,A8,z,13.6,10.1,12.0,24,276
2025-03-05,jip,PORSCHE,CAYENNE,white,petrol,Rakan Niaga,2014,SUV - STANDARD,3.6,6,M6,z,15.8,10.9,13.6,21,313
2025-03-05,jip,PORSCHE,CAYENNE,black,petrol,Rakan Niaga,2014,SUV - STANDARD,3.6,6,A8,z,13.6,10.1,12.0,24,276
2025-03-05,jip,PORSCHE,CAYENNE,black,petrol,Rakan Niaga,2014,SUV - STANDARD,3.6,6,M6,z,15.8,10.9,13.6,21,313
2025-03-05,jip,PORSCHE,CAYENNE,white,petrol,Pulau Pinang,2014,SUV - STANDARD,3.6,6,A8,z,13.6,10.1,12.0,24,276
2025-03-05,jip,PORSCHE,CAYENNE,white,petrol,Pulau Pinang,2014,SUV - STANDARD,3.6,6,M6,z,15.8,10.9,13.6,21,313
2025-03-05,motokar,PORSCHE,PANAMERA,grey,petrol,W.P. Kuala Lumpur,2014,FULL-SIZE,3.6,6,AM7,z,12.9,8.4,10.9,26,251
2025-03-05,motokar,TOYOTA,COROLLA,black,petrol,W.P. Kuala Lumpur,2014,MID-SIZE,1.8,4,A4,x,8.6,6.5,7.7,37,177
2025-03-05,motokar,TOYOTA,COROLLA,black,petrol,W.P. Kuala Lumpur,2014,MID-SIZE,1.8,4,AV7,x,8.1,6.3,7.3,39,168
2025-03-05,motokar,TOYOTA,COROLLA,black,petrol,W.P. Kuala Lumpur,2014,MID-SIZE,1.8,4,AV,x,8.0,5.9,7.1,40,163
2025-03-05,motokar,TOYOTA,COROLLA,black,petrol,W.P. Kuala Lumpur,2014,MID-SIZE,1.8,4,M6,x,8.3,6.3,7.4,38,170
2025-03-05,motokar,TOYOTA,YARIS,red,petrol,Rakan Niaga,2014,COMPACT,1.5,4,A4,x,7.9,6.6,7.3,39,168
2025-03-05,motokar,TOYOTA,YARIS,red,petrol,Rakan Niaga,2014,COMPACT,1.5,4,M5,x,7.8,6.3,7.1,40,163
2025-03-05,motokar,TOYOTA,YARIS,white,petrol,Rakan Niaga,2014,COMPACT,1.5,4,A4,x,7.9,6.6,7.3,39,168
2025-03-05,motokar,TOYOTA,YARIS,white,petrol,Rakan Niaga,2014,COMPACT,1.5,4,M5,x,7.8,6.3,7.1,40,163
2025-03-05,motokar,TOYOTA,YARIS,white,petrol,W.P. Kuala Lumpur,2014,COMPACT,1.5,4,A4,x,7.9,6.6,7.3,39,168
2025-03-05,motokar,TOYOTA,YARIS,white,petrol,W.P. Kuala Lumpur,2014,COMPACT,1.5,4,M5,x,7.8,6.3,7.1,40,163
2025-03-05,motokar,TOYOTA,YARIS,silver,petrol,Rakan Niaga,2014,COMPACT,1.5,4,A4,x,7.9,6.6,7.3,39,168
2025-03-05,motokar,TOYOTA,YARIS,silver,petrol,Rakan Niaga,2014,COMPACT,1.5,4,M5,x,7.8,6.3,7.1,40,163
2025-03-06,motokar,AUDI,A4,silver,petrol,Johor,2014,COMPACT,2.0,4,AV8,z,9.9,7.4,8.8,32,202
2025-03-06,motokar,AUDI,A4,black,petrol,Pahang,2014,COMPACT,2.0,4,AV8,z,9.9,7.4,8.8,32,202
2025-03-06,motokar,FORD,FOCUS,silver,petrol,Johor,2014,COMPACT,2.0,4,M6,x,10.2,7.4,8.9,32,205
2025-03-06,jip,HONDA,CR-V,blue,petrol,Rakan Niaga,2014,SUV - SMALL,2.4,4,A5,x,10.3,7.6,9.1,31,209
2025-03-06,jip,HONDA,CR-V,blue,hybrid_petrol,Rakan Niaga,2014,SUV - SMALL,2.4,4,A5,x,10.3,7.6,9.1,31,209
2025-03-06,jip,HONDA,CR-V,grey,petrol,Rakan Niaga,2014,SUV - SMALL,2.4,4,A5,x,10.3,7.6,9.1,31,209
2025-03-06,jip,HONDA,CR-V,red,hybrid_petrol,Selangor,2014,SUV - SMALL,2.4,4,A5,x,10.3,7.6,9.1,31,209
2025-03-06,jip,HONDA,CR-V,grey,hybrid_petrol,Rakan Niaga,2014,SUV - SMALL,2.4,4,A5,x,10.3,7.6,9.1,31,209
2025-03-06,motokar,HONDA,CIVIC,red,petrol,Rakan Niaga,2014,COMPACT,1.8,4,AV,x,7.9,6.0,7.0,40,161
2025-03-06,motokar,HONDA,CIVIC,red,petrol,Rakan Niaga,2014,COMPACT,1.8,4,AV7,x,8.1,6.2,7.2,39,166
2025-03-06,motokar,HONDA,CIVIC,red,petrol,Rakan Niaga,2014,COMPACT,1.8,4,M5,x,8.5,6.6,7.6,37,175
2025-03-06,motokar,HONDA,CIVIC,black,petrol,Johor,2014,COMPACT,1.8,4,AV,x,7.9,6.0,7.0,40,161
2025-03-06,motokar,HONDA,CIVIC,black,petrol,Johor,2014,COMPACT,1.8,4,AV7,x,8.1,6.2,7.2,39,166
2025-03-06,motokar,HONDA,CIVIC,black,petrol,Johor,2014,COMPACT,1.8,4,M5,x,8.5,6.6,7.6,37,175
2025-03-06,motokar,HONDA,CIVIC,white,petrol,W.P. Kuala Lumpur,2014,COMPACT,1.8,4,AV,x,7.9,6.0,7.0,40,161
2025-03-06,motokar,HONDA,CIVIC,white,petrol,W.P. Kuala Lumpur,2014,COMPACT,1.8,4,AV7,x,8.1,6.2,7.2,39,166
2025-03-06,motokar,HONDA,CIVIC,white,petrol,W.P. Kuala Lumpur,2014,COMPACT,1.8,4,M5,x,8.5,6.6,7.6,37,175
2025-03-06,motokar,HONDA,CIVIC,grey,petrol,W.P. Kuala Lumpur,2014,COMPACT,1.8,4,AV,x,7.9,6.0,7.0,40,161
2025-03-06,motokar,HONDA,CIVIC,grey,petrol,W.P. Kuala Lumpur,2014,COMPACT,1.8,4,AV7,x,8.1,6.2,7.2,39,166
2025-03-06,motokar,HONDA,CIVIC,grey,petrol,W.P. Kuala Lumpur,2014,COMPACT,1.8,4,M5,x,8.5,6.6,7.6,37,175
2025-03-06,motokar,HONDA,CIVIC,blue,petrol,Selangor,2014,COMPACT,1.8,4,AV,x,7.9,6.0,7.0,40,161
2025-03-06,motokar,HONDA,CIVIC,blue,petrol,Selangor,2014,COMPACT,1.8,4,AV7,x,8.1,6.2,7.2,39,166
2025-03-06,motokar,HONDA,CIVIC,blue,petrol,Selangor,2014,COMPACT,1.8,4,M5,x,8.5,6.6,7.6,37,175
2025-03-06,motokar,HONDA,CIVIC,white,petrol,Rakan Niaga,2014,COMPACT,1.8,4,AV,x,7.9,6.0,7.0,40,161
2025-03-06,motokar,HONDA,CIVIC,white,petrol,Rakan Niaga,2014,COMPACT,1.8,4,AV7,x,8.1,6.2,7.2,39,166
2025-03-06,motokar,HONDA,CIVIC,white,petrol,Rakan Niaga,2014,COMPACT,1.8,4,M5,x,8.5,6.6,7.6,37,175
2025-03-06,motokar,HONDA,CIVIC,yellow,petrol,Johor,2014,COMPACT,1.8,4,AV,x,7.9,6.0,7.0,40,161
2025-03-06,motokar,HONDA,CIVIC,yellow,petrol,Johor,2014,COMPACT,1.8,4,AV7,x,8.1,6.2,7.2,39,166
2025-03-06,motokar,HONDA,CIVIC,yellow,petrol,Johor,2014,COMPACT,1.8,4,M5,x,8.5,6.6,7.6,37,175
2025-03-06,motokar,HONDA,CIVIC,white,petrol,Johor,2014,COMPACT,1.8,4,AV,x,7.9,6.0,7.0,40,161
2025-03-06,motokar,HONDA,CIVIC,white,petrol,Johor,2014,COMPACT,1.8,4,AV7,x,8.1,6.2,7.2,39,166
2025-03-06,motokar,HONDA,CIVIC,white,petrol,Johor,2014,COMPACT,1.8,4,M5,x,8.5,6.6,7.6,37,175
2025-03-06,motokar,HONDA,CIVIC,grey,petrol,Rakan Niaga,2014,COMPACT,1.8,4,AV,x,7.9,6.0,7.0,40,161
2025-03-06,motokar,HONDA,CIVIC,grey,petrol,Rakan Niaga,2014,COMPACT,1.8,4,AV7,x,8.1,6.2,7.2,39,166
2025-03-06,motokar,HONDA,CIVIC,grey,petrol,Rakan Niaga,2014,COMPACT,1.8,4,M5,x,8.5,6.6,7.6,37,175
2025-03-06,motokar,HONDA,CIVIC,white,petrol,Selangor,2014,COMPACT,1.8,4,AV,x,7.9,6.0,7.0,40,161
2025-03-06,motokar,HONDA,CIVIC,white,petrol,Selangor,2014,COMPACT,1.8,4,AV7,x,8.1,6.2,7.2,39,166
2025-03-06,motokar,HONDA,CIVIC,white,petrol,Selangor,2014,COMPACT,1.8,4,M5,x,8.5,6.6,7.6,37,175
2025-03-06,motokar,HONDA,CIVIC,black,petrol,Pahang,2014,COMPACT,1.8,4,AV,x,7.9,6.0,7.0,40,161
2025-03-06,motokar,HONDA,CIVIC,black,petrol,Pahang,2014,COMPACT,1.8,4,AV7,x,8.1,6.2,7.2,39,166
2025-03-06,motokar,HONDA,CIVIC,black,petrol,Pahang,2014,COMPACT,1.8,4,M5,x,8.5,6.6,7.6,37,175
2025-03-06,motokar,HONDA,CIVIC,red,petrol,W.P. Kuala Lumpur,2014,COMPACT,1.8,4,AV,x,7.9,6.0,7.0,40,161
2025-03-06,motokar,HONDA,CIVIC,red,petrol,W.P. Kuala Lumpur,2014,COMPACT,1.8,4,AV7,x,8.1,6.2,7.2,39,166
2025-03-06,motokar,HONDA,CIVIC,red,petrol,W.P. Kuala Lumpur,2014,COMPACT,1.8,4,M5,x,8.5,6.6,7.6,37,175
2025-03-06,motokar,HONDA,CIVIC,blue,petrol,Rakan Niaga,2014,COMPACT,1.8,4,AV,x,7.9,6.0,7.0,40,161
2025-03-06,motokar,HONDA,CIVIC,blue,petrol,Rakan Niaga,2014,COMPACT,1.8,4,AV7,x,8.1,6.2,7.2,39,166
2025-03-06,motokar,HONDA,CIVIC,blue,petrol,Rakan Niaga,2014,COMPACT,1.8,4,M5,x,8.5,6.6,7.6,37,175
2025-03-06,motokar_pelbagai_utiliti,HONDA,ODYSSEY,silver,petrol,Johor,2014,MINIVAN,3.5,6,A6,x,12.3,8.5,10.6,27,244
2025-03-06,motokar_pelbagai_utiliti,HONDA,ODYSSEY,white,petrol,Johor,2014,MINIVAN,3.5,6,A6,x,12.3,8.5,10.6,27,244
2025-03-06,motokar_pelbagai_utiliti,HONDA,ODYSSEY,black,petrol,Johor,2014,MINIVAN,3.5,6,A6,x,12.3,8.5,10.6,27,244
2025-03-06,jip,MAZDA,CX-5,gold,petrol,Rakan Niaga,2014,SUV - SMALL,2.0,4,AS6,x,8.9,7.3,8.2,34,189
2025-03-06,jip,MAZDA,CX-5,gold,petrol,Rakan Niaga,2014,SUV - SMALL,2.0,4,M6,x,9.0,6.8,8.0,35,184
2025-03-06,jip,MAZDA,CX-5,gold,petrol,Rakan Niaga,2014,SUV - SMALL,2.5,4,AS6,x,9.6,7.4,8.6,33,198
2025-03-06,jip,MAZDA,CX-5,blue,petrol,Rakan Niaga,2014,SUV - SMALL,2.0,4,AS6,x,8.9,7.3,8.2,34,189
2025-03-06,jip,MAZDA,CX-5,blue,petrol,Rakan Niaga,2014,SUV - SMALL,2.0,4,M6,x,9.0,6.8,8.0,35,184
2025-03-06,jip,MAZDA,CX-5,blue,petrol,Rakan Niaga,2014,SUV - SMALL,2.5,4,AS6,x,9.6,7.4,8.6,33,198
2025-03-06,jip,MAZDA,CX-5,red,petrol,Rakan Niaga,2014,SUV - SMALL,2.0,4,AS6,x,8.9,7.3,8.2,34,189
2025-03-06,jip,MAZDA,CX-5,red,petrol,Rakan Niaga,2014,SUV - SMALL,2.0,4,M6,x,9.0,6.8,8.0,35,184
2025-03-06,jip,MAZDA,CX-5,red,petrol,Rakan Niaga,2014,SUV - SMALL,2.5,4,AS6,x,9.6,7.4,8.6,33,198
2025-03-06,jip,MAZDA,CX-5,grey,petrol,Rakan Niaga,2014,SUV - SMALL,2.0,4,AS6,x,8.9,7.3,8.2,34,189
2025-03-06,jip,MAZDA,CX-5,grey,petrol,Rakan Niaga,2014,SUV - SMALL,2.0,4,M6,x,9.0,6.8,8.0,35,184
2025-03-06,jip,MAZDA,CX-5,grey,petrol,Rakan Niaga,2014,SUV - SMALL,2.5,4,AS6,x,9.6,7.4,8.6,33,198
2025-03-06,motokar,MAZDA,MX-5,red,petrol,W.P. Kuala Lumpur,2014,TWO-SEATER,2.0,4,AS6,z,11.5,8.5,10.2,28,235
2025-03-06,motokar,MAZDA,MX-5,red,petrol,W.P. Kuala Lumpur,2014,TWO-SEATER,2.0,4,M5,z,10.5,8.5,9.6,29,221
2025-03-06,motokar,MAZDA,MX-5,red,petrol,W.P. Kuala Lumpur,2014,TWO-SEATER,2.0,4,M6,z,11.1,8.4,9.9,29,228
2025-03-06,motokar,PORSCHE,911 CARRERA,green,petrol,Terengganu,2014,MINICOMPACT,3.4,6,AM7,z,11.6,8.3,10.1,28,232
2025-03-06,motokar,PORSCHE,911 CARRERA,green,petrol,Terengganu,2014,MINICOMPACT,3.4,6,M7,z,12.5,8.6,10.7,26,246
2025-03-06,jip,PORSCHE,CAYENNE,black,petrol,Pulau Pinang,2014,SUV - STANDARD,3.6,6,A8,z,13.6,10.1,12.0,24,276
2025-03-06,jip,PORSCHE,CAYENNE,black,petrol,Pulau Pinang,2014,SUV - STANDARD,3.6,6,M6,z,15.8,10.9,13.6,21,313
2025-03-06,jip,PORSCHE,CAYENNE,white,petrol,Rakan Niaga,2014,SUV - STANDARD,3.6,6,A8,z,13.6,10.1,12.0,24,276
2025-03-06,jip,PORSCHE,CAYENNE,white,petrol,Rakan Niaga,2014,SUV - STANDARD,3.6,6,M6,z,15.8,10.9,13.6,21,313
2025-03-06,jip,PORSCHE,CAYENNE,black,petrol,Perak,2014,SUV - STANDARD,3.6,6,A8,z,13.6,10.1,12.0,24,276
2025-03-06,jip,PORSCHE,CAYENNE,black,petrol,Perak,2014,SUV - STANDARD,3.6,6,M6,z,15.8,10.9,13.6,21,313
2025-03-06,motokar,PORSCHE,PANAMERA,grey,petrol,W.P. Kuala Lumpur,2014,FULL-SIZE,3.6,6,AM7,z,12.9,8.4,10.9,26,251
2025-03-06,motokar,TOYOTA,COROLLA,white,petrol,Rakan Niaga,2014,MID-SIZE,1.8,4,A4,x,8.6,6.5,7.7,37,177
2025-03-06,motokar,TOYOTA,COROLLA,white,petrol,Rakan Niaga,2014,MID-SIZE,1.8,4,AV7,x,8.1,6.3,7.3,39,168
2025-03-06,motokar,TOYOTA,COROLLA,white,petrol,Rakan Niaga,2014,MID-SIZE,1.8,4,AV,x,8.0,5.9,7.1,40,163
2025-03-06,motokar,TOYOTA,COROLLA,white,petrol,Rakan Niaga,2014,MID-SIZE,1.8,4,M6,x,8.3,6.3,7.4,38,170
2025-03-06,motokar,TOYOTA,YARIS,white,petrol,Rakan Niaga,2014,COMPACT,1.5,4,A4,x,7.9,6.6,7.3,39,168
2025-03-06,motokar,TOYOTA,YARIS,white,petrol,Rakan Niaga,2014,COMPACT,1.5,4,M5,x,7.8,6.3,7.1,40,163
2025-03-06,motokar,TOYOTA,YARIS,red,petrol,Selangor,2014,COMPACT,1.5,4,A4,x,7.9,6.6,7.3,39,168
2025-03-06,motokar,TOYOTA,YARIS,red,petrol,Selangor,2014,COMPACT,1.5,4,M5,x,7.8,6.3,7.1,40,163
2025-03-06,motokar,TOYOTA,YARIS,silver,petrol,Rakan Niaga,2014,COMPACT,1.5,4,A4,x,7.9,6.6,7.3,39,168
2025-03-06,motokar,TOYOTA,YARIS,silver,petrol,Rakan Niaga,2014,COMPACT,1.5,4,M5,x,7.8,6.3,7.1,40,163
2025-03-06,motokar,TOYOTA,YARIS,red,petrol,Rakan Niaga,2014,COMPACT,1.5,4,A4,x,7.9,6.6,7.3,39,168
2025-03-06,motokar,TOYOTA,YARIS,red,petrol,Rakan Niaga,2014,COMPACT,1.5,4,M5,x,7.8,6.3,7.1,40,163
2025-03-06,motokar,TOYOTA,YARIS,silver,petrol,Kedah,2014,COMPACT,1.5,4,A4,x,7.9,6.6,7.3,39,168
2025-03-06,motokar,TOYOTA,YARIS,silver,petrol,Kedah,2014,COMPACT,1.5,4,M5,x,7.8,6.3,7.1,40,163
2025-03-06,motokar,TOYOTA,YARIS,red,petrol,W.P. Kuala Lumpur,2014,COMPACT,1.5,4,A4,x,7.9,6.6,7.3,39,168
2025-03-06,motokar,TOYOTA,YARIS,red,petrol,W.P. Kuala Lumpur,2014,COMPACT,1.5,4,M5,x,7.8,6.3,7.1,40,163
2025-03-06,motokar,TOYOTA,YARIS,white,petrol,Johor,2014,COMPACT,1.5,4,A4,x,7.9,6.6,7.3,39,168
2025-03-06,motokar,TOYOTA,YARIS,white,petrol,Johor,2014,COMPACT,1.5,4,M5,x,7.8,6.3,7.1,40,163
2025-03-06,jip,VOLKSWAGEN,TIGUAN,white,petrol,Rakan Niaga,2014,SUV - SMALL,2.0,4,A6,z,11.7,9.5,10.7,26,246
2025-03-06,jip,VOLKSWAGEN,TIGUAN,white,petrol,Rakan Niaga,2014,SUV - SMALL,2.0,4,M6,z,13.6,9.2,11.6,24,267
2025-03-06,jip,VOLKSWAGEN,TIGUAN,blue,petrol,Johor,2014,SUV - SMALL,2.0,4,A6,z,11.7,9.5,10.7,26,246
2025-03-06,jip,VOLKSWAGEN,TIGUAN,blue,petrol,Johor,2014,SUV - SMALL,2.0,4,M6,z,13.6,9.2,11.6,24,267
2025-03-06,jip,VOLKSWAGEN,TIGUAN,black,petrol,Rakan Niaga,2014,SUV - SMALL,2.0,4,A6,z,11.7,9.5,10.7,26,246
2025-03-06,jip,VOLKSWAGEN,TIGUAN,black,petrol,Rakan Niaga,2014,SUV - SMALL,2.0,4,M6,z,13.6,9.2,11.6,24,267
2025-03-07,jip,HONDA,CR-V,grey,petrol,Rakan Niaga,2014,SUV - SMALL,2.4,4,A5,x,10.3,7.6,9.1,31,209
2025-03-07,jip,HONDA,CR-V,silver,petrol,Rakan Niaga,2014,SUV - SMALL,2.4,4,A5,x,10.3,7.6,9.1,31,209
2025-03-07,jip,HONDA,CR-V,blue,petrol,Rakan Niaga,2014,SUV - SMALL,2.4,4,A5,x,10.3,7.6,9.1,31,209
2025-03-07,jip,HONDA,CR-V,blue,hybrid_petrol,Rakan Niaga,2014,SUV - SMALL,2.4,4,A5,x,10.3,7.6,9.1,31,209
2025-03-07,jip,HONDA,CR-V,red,petrol,Rakan Niaga,2014,SUV - SMALL,2.4,4,A5,x,10.3,7.6,9.1,31,209
2025-03-07,jip,HONDA,CR-V,white,petrol,Sarawak,2014,SUV - SMALL,2.4,4,A5,x,10.3,7.6,9.1,31,209
2025-03-07,jip,HONDA,CR-V,grey,hybrid_petrol,Rakan Niaga,2014,SUV - SMALL,2.4,4,A5,x,10.3,7.6,9.1,31,209
2025-03-07,jip,HONDA,CR-V,white,petrol,Rakan Niaga,2014,SUV - SMALL,2.4,4,A5,x,10.3,7.6,9.1,31,209
2025-03-07,motokar,HONDA,CIVIC,black,petrol,Selangor,2014,COMPACT,1.8,4,AV,x,7.9,6.0,7.0,40,161
2025-03-07,motokar,HONDA,CIVIC,black,petrol,Selangor,2014,COMPACT,1.8,4,AV7,x,8.1,6.2,7.2,39,166
2025-03-07,motokar,HONDA,CIVIC,black,petrol,Selangor,2014,COMPACT,1.8,4,M5,x,8.5,6.6,7.6,37,175
2025-03-07,motokar,HONDA,CIVIC,blue,hybrid_petrol,Rakan Niaga,2014,COMPACT,1.8,4,AV,x,7.9,6.0,7.0,40,161
2025-03-07,motokar,HONDA,CIVIC,blue,hybrid_petrol,Rakan Niaga,2014,COMPACT,1.8,4,AV7,x,8.1,6.2,7.2,39,166
2025-03-07,motokar,HONDA,CIVIC,blue,hybrid_petrol,Rakan Niaga,2014,COMPACT,1.8,4,M5,x,8.5,6.6,7.6,37,175
2025-03-07,motokar,HONDA,CIVIC,blue,petrol,W.P. Kuala Lumpur,2014,COMPACT,1.8,4,AV,x,7.9,6.0,7.0,40,161
2025-03-07,motokar,HONDA,CIVIC,blue,petrol,W.P. Kuala Lumpur,2014,COMPACT,1.8,4,AV7,x,8.1,6.2,7.2,39,166
2025-03-07,motokar,HONDA,CIVIC,blue,petrol,W.P. Kuala Lumpur,2014,COMPACT,1.8,4,M5,x,8.5,6.6,7.6,37,175
2025-03-07,motokar,HONDA,CIVIC,white,petrol,W.P. Kuala Lumpur,2014,COMPACT,1.8,4,AV,x,7.9,6.0,7.0,40,161
2025-03-07,motokar,HONDA,CIVIC,white,petrol,W.P. Kuala Lumpur,2014,COMPACT,1.8,4,AV7,x,8.1,6.2,7.2,39,166
2025-03-07,motokar,HONDA,CIVIC,white,petrol,W.P. Kuala Lumpur,2014,COMPACT,1.8,4,M5,x,8.5,6.6,7.6,37,175
2025-03-07,motokar,HONDA,CIVIC,grey,petrol,Pulau Pinang,2014,COMPACT,1.8,4,AV,x,7.9,6.0,7.0,40,161
2025-03-07,motokar,HONDA,CIVIC,grey,petrol,Pulau Pinang,2014,COMPACT,1.8,4,AV7,x,8.1,6.2,7.2,39,166
2025-03-07,motokar,HONDA,CIVIC,grey,petrol,Pulau Pinang,2014,COMPACT,1.8,4,M5,x,8.5,6.6,7.6,37,175
2025-03-07,motokar,HONDA,CIVIC,red,petrol,Rakan Niaga,2014,COMPACT,1.8,4,AV,x,7.9,6.0,7.0,40,161
2025-03-07,motokar,HONDA,CIVIC,red,petrol,Rakan Niaga,2014,COMPACT,1.8,4,AV7,x,8.1,6.2,7.2,39,166
2025-03-07,motokar,HONDA,CIVIC,red,petrol,Rakan Niaga,2014,COMPACT,1.8,4,M5,x,8.5,6.6,7.6,37,175
2025-03-07,motokar,HONDA,CIVIC,blue,petrol,Rakan Niaga,2014,COMPACT,1.8,4,AV,x,7.9,6.0,7.0,40,161
2025-03-07,motokar,HONDA,CIVIC,blue,petrol,Rakan Niaga,2014,COMPACT,1.8,4,AV7,x,8.1,6.2,7.2,39,166
2025-03-07,motokar,HONDA,CIVIC,blue,petrol,Rakan Niaga,2014,COMPACT,1.8,4,M5,x,8.5,6.6,7.6,37,175
2025-03-07,motokar,HONDA,CIVIC,white,petrol,Rakan Niaga,2014,COMPACT,1.8,4,AV,x,7.9,6.0,7.0,40,161
2025-03-07,motokar,HONDA,CIVIC,white,petrol,Rakan Niaga,2014,COMPACT,1.8,4,AV7,x,8.1,6.2,7.2,39,166
2025-03-07,motokar,HONDA,CIVIC,white,petrol,Rakan Niaga,2014,COMPACT,1.8,4,M5,x,8.5,6.6,7.6,37,175
2025-03-07,motokar,HONDA,CIVIC,red,petrol,W.P. Kuala Lumpur,2014,COMPACT,1.8,4,AV,x,7.9,6.0,7.0,40,161
2025-03-07,motokar,HONDA,CIVIC,red,petrol,W.P. Kuala Lumpur,2014,COMPACT,1.8,4,AV7,x,8.1,6.2,7.2,39,166
2025-03-07,motokar,HONDA,CIVIC,red,petrol,W.P. Kuala Lumpur,2014,COMPACT,1.8,4,M5,x,8.5,6.6,7.6,37,175
2025-03-07,motokar,HONDA,CIVIC,black,petrol,Rakan Niaga,2014,COMPACT,1.8,4,AV,x,7.9,6.0,7.0,40,161
2025-03-07,motokar,HONDA,CIVIC,black,petrol,Rakan Niaga,2014,COMPACT,1.8,4,AV7,x,8.1,6.2,7.2,39,166
2025-03-07,motokar,HONDA,CIVIC,black,petrol,Rakan Niaga,2014,COMPACT,1.8,4,M5,x,8.5,6.6,7.6,37,175
2025-03-07,motokar,HONDA,CIVIC,grey,petrol,Rakan Niaga,2014,COMPACT,1.8,4,AV,x,7.9,6.0,7.0,40,161
2025-03-07,motokar,HONDA,CIVIC,grey,petrol,Rakan Niaga,2014,COMPACT,1.8,4,AV7,x,8.1,6.2,7.2,39,166
2025-03-07,motokar,HONDA,CIVIC,grey,petrol,Rakan Niaga,2014,COMPACT,1.8,4,M5,x,8.5,6.6,7.6,37,175
2025-03-07,window_van,HONDA,ODYSSEY,black,petrol,W.P. Kuala Lumpur,2014,MINIVAN,3.5,6,A6,x,12.3,8.5,10.6,27,244
2025-03-07,window_van,HONDA,ODYSSEY,white,petrol,Rakan Niaga,2014,MINIVAN,3.5,6,A6,x,12.3,8.5,10.6,27,244
2025-03-07,jip,KIA,SORENTO,white,petrol,Johor,2014,SUV - SMALL,2.4,4,A6,x,11.8,8.5,10.3,27,237
2025-03-07,jip,KIA,SORENTO,white,petrol,Johor,2014,SUV - SMALL,3.3,6,A6,x,12.9,9.5,11.4,25,262
2025-03-07,jip,KIA,SPORTAGE,grey,petrol,Rakan Niaga,2014,SUV - SMALL,2.4,4,A6,x,11.4,8.3,10.0,28,230
2025-03-07,jip,KIA,SPORTAGE,grey,petrol,Rakan Niaga,2014,SUV - SMALL,2.4,4,M6,x,12.9,9.3,11.3,25,260
2025-03-07,jip,KIA,SPORTAGE,black,petrol,Rakan Niaga,2014,SUV - SMALL,2.4,4,A6,x,11.4,8.3,10.0,28,230
2025-03-07,jip,KIA,SPORTAGE,black,petrol,Rakan Niaga,2014,SUV - SMALL,2.4,4,M6,x,12.9,9.3,11.3,25,260
2025-03-07,jip,MAZDA,CX-5,red,petrol,Rakan Niaga,2014,SUV - SMALL,2.0,4,AS6,x,8.9,7.3,8.2,34,189
2025-03-07,jip,MAZDA,CX-5,red,petrol,Rakan Niaga,2014,SUV - SMALL,2.0,4,M6,x,9.0,6.8,8.0,35,184
2025-03-07,jip,MAZDA,CX-5,red,petrol,Rakan Niaga,2014,SUV - SMALL,2.5,4,AS6,x,9.6,7.4,8.6,33,198
2025-03-07,jip,MAZDA,CX-5,blue,petrol,Rakan Niaga,2014,SUV - SMALL,2.0,4,AS6,x,8.9,7.3,8.2,34,189
2025-03-07,jip,MAZDA,CX-5,blue,petrol,Rakan Niaga,2014,SUV - SMALL,2.0,4,M6,x,9.0,6.8,8.0,35,184
2025-03-07,jip,MAZDA,CX-5,blue,petrol,Rakan Niaga,2014,SUV - SMALL,2.5,4,AS6,x,9.6,7.4,8.6,33,198
2025-03-07,jip,MAZDA,CX-5,black,petrol,Rakan Niaga,2014,SUV - SMALL,2.0,4,AS6,x,8.9,7.3,8.2,34,189
2025-03-07,jip,MAZDA,CX-5,black,petrol,Rakan Niaga,2014,SUV - SMALL,2.0,4,M6,x,9.0,6.8,8.0,35,184
2025-03-07,jip,MAZDA,CX-5,black,petrol,Rakan Niaga,2014,SUV - SMALL,2.5,4,AS6,x,9.6,7.4,8.6,33,198
2025-03-07,jip,MAZDA,CX-5,gold,petrol,Rakan Niaga,2014,SUV - SMALL,2.0,4,AS6,x,8.9,7.3,8.2,34,189
2025-03-07,jip,MAZDA,CX-5,gold,petrol,Rakan Niaga,2014,SUV - SMALL,2.0,4,M6,x,9.0,6.8,8.0,35,184
2025-03-07,jip,MAZDA,CX-5,gold,petrol,Rakan Niaga,2014,SUV - SMALL,2.5,4,AS6,x,9.6,7.4,8.6,33,198
2025-03-07,jip,MAZDA,CX-5,white,petrol,W.P. Kuala Lumpur,2014,SUV - SMALL,2.0,4,AS6,x,8.9,7.3,8.2,34,189
2025-03-07,jip,MAZDA,CX-5,white,petrol,W.P. Kuala Lumpur,2014,SUV - SMALL,2.0,4,M6,x,9.0,6.8,8.0,35,184
2025-03-07,jip,MAZDA,CX-5,white,petrol,W.P. Kuala Lumpur,2014,SUV - SMALL,2.5,4,AS6,x,9.6,7.4,8.6,33,198
2025-03-07,jip,MAZDA,CX-5,white,petrol,Rakan Niaga,2014,SUV - SMALL,2.0,4,AS6,x,8.9,7.3,8.2,34,189
2025-03-07,jip,MAZDA,CX-5,white,petrol,Rakan Niaga,2014,SUV - SMALL,2.0,4,M6,x,9.0,6.8,8.0,35,184
2025-03-07,jip,MAZDA,CX-5,white,petrol,Rakan Niaga,2014,SUV - SMALL,2.5,4,AS6,x,9.6,7.4,8.6,33,198
2025-03-07,jip,MAZDA,CX-5,grey,petrol,Rakan Niaga,2014,SUV - SMALL,2.0,4,AS6,x,8.9,7.3,8.2,34,189
2025-03-07,jip,MAZDA,CX-5,grey,petrol,Rakan Niaga,2014,SUV - SMALL,2.0,4,M6,x,9.0,6.8,8.0,35,184
2025-03-07,jip,MAZDA,CX-5,grey,petrol,Rakan Niaga,2014,SUV - SMALL,2.5,4,AS6,x,9.6,7.4,8.6,33,198
2025-03-07,motokar,MAZDA,MX-5,maroon,petrol,W.P. Kuala Lumpur,2014,TWO-SEATER,2.0,4,AS6,z,11.5,8.5,10.2,28,235
2025-03-07,motokar,MAZDA,MX-5,maroon,petrol,W.P. Kuala Lumpur,2014,TWO-SEATER,2.0,4,M5,z,10.5,8.5,9.6,29,221
2025-03-07,motokar,MAZDA,MX-5,maroon,petrol,W.P. Kuala Lumpur,2014,TWO-SEATER,2.0,4,M6,z,11.1,8.4,9.9,29,228
2025-03-07,motokar,PORSCHE,911 CARRERA,white,petrol,Rakan Niaga,2014,MINICOMPACT,3.4,6,AM7,z,11.6,8.3,10.1,28,232
2025-03-07,motokar,PORSCHE,911 CARRERA,white,petrol,Rakan Niaga,2014,MINICOMPACT,3.4,6,M7,z,12.5,8.6,10.7,26,246
2025-03-07,motokar,PORSCHE,911 TURBO,grey,petrol,W.P. Kuala Lumpur,2014,MINICOMPACT,3.8,6,AM7,z,13.7,9.6,11.9,24,274
2025-03-07,motokar,TOYOTA,CAMRY,black,hybrid_petrol,Rakan Niaga,2014,MID-SIZE,2.5,4,AS6,x,9.5,6.6,8.2,34,189
2025-03-07,motokar,TOYOTA,CAMRY,black,hybrid_petrol,Rakan Niaga,2014,MID-SIZE,3.5,6,AS6,x,11.1,7.8,9.6,29,221
2025-03-07,motokar,TOYOTA,COROLLA,black,petrol,Rakan Niaga,2014,MID-SIZE,1.8,4,A4,x,8.6,6.5,7.7,37,177
2025-03-07,motokar,TOYOTA,COROLLA,black,petrol,Rakan Niaga,2014,MID-SIZE,1.8,4,AV7,x,8.1,6.3,7.3,39,168
2025-03-07,motokar,TOYOTA,COROLLA,black,petrol,Rakan Niaga,2014,MID-SIZE,1.8,4,AV,x,8.0,5.9,7.1,40,163
2025-03-07,motokar,TOYOTA,COROLLA,black,petrol,Rakan Niaga,2014,MID-SIZE,1.8,4,M6,x,8.3,6.3,7.4,38,170
2025-03-07,motokar,TOYOTA,YARIS,red,petrol,Rakan Niaga,2014,COMPACT,1.5,4,A4,x,7.9,6.6,7.3,39,168
2025-03-07,motokar,TOYOTA,YARIS,red,petrol,Rakan Niaga,2014,COMPACT,1.5,4,M5,x,7.8,6.3,7.1,40,163
2025-03-07,motokar,TOYOTA,YARIS,white,petrol,Rakan Niaga,2014,COMPACT,1.5,4,A4,x,7.9,6.6,7.3,39,168
2025-03-07,motokar,TOYOTA,YARIS,white,petrol,Rakan Niaga,2014,COMPACT,1.5,4,M5,x,7.8,6.3,7.1,40,163
2025-03-07,motokar,TOYOTA,YARIS,silver,petrol,Rakan Niaga,2014,COMPACT,1.5,4,A4,x,7.9,6.6,7.3,39,168
2025-03-07,motokar,TOYOTA,YARIS,silver,petrol,Rakan Niaga,2014,COMPACT,1.5,4,M5,x,7.8,6.3,7.1,40,163
2025-03-07,motokar,TOYOTA,YARIS,white,petrol,Perak,2014,COMPACT,1.5,4,A4,x,7.9,6.6,7.3,39,168
2025-03-07,motokar,TOYOTA,YARIS,white,petrol,Perak,2014,COMPACT,1.5,4,M5,x,7.8,6.3,7.1,40,163
2025-03-07,motokar,TOYOTA,YARIS,silver,petrol,W.P. Kuala Lumpur,2014,COMPACT,1.5,4,A4,x,7.9,6.6,7.3,39,168
2025-03-07,motokar,TOYOTA,YARIS,silver,petrol,W.P. Kuala Lumpur,2014,COMPACT,1.5,4,M5,x,7.8,6.3,7.1,40,163
2025-03-07,motokar,TOYOTA,YARIS,silver,petrol,Sabah,2014,COMPACT,1.5,4,A4,x,7.9,6.6,7.3,39,168
2025-03-07,motokar,TOYOTA,YARIS,silver,petrol,Sabah,2014,COMPACT,1.5,4,M5,x,7.8,6.3,7.1,40,163
2025-03-07,jip,VOLKSWAGEN,TIGUAN,grey,petrol,Rakan Niaga,2014,SUV - SMALL,2.0,4,A6,z,11.7,9.5,10.7,26,246
2025-03-07,jip,VOLKSWAGEN,TIGUAN,grey,petrol,Rakan Niaga,2014,SUV - SMALL,2.0,4,M6,z,13.6,9.2,11.6,24,267
2025-03-07,jip,VOLKSWAGEN,TIGUAN,blue,petrol,Rakan Niaga,2014,SUV - SMALL,2.0,4,A6,z,11.7,9.5,10.7,26,246
2025-03-07,jip,VOLKSWAGEN,TIGUAN,blue,petrol,Rakan Niaga,2014,SUV - SMALL,2.0,4,M6,z,13.6,9.2,11.6,24,267
2025-03-07,jip,VOLKSWAGEN,TIGUAN,white,petrol,Rakan Niaga,2014,SUV - SMALL,2.0,4,A6,z,11.7,9.5,10.7,26,246
2025-03-07,jip,VOLKSWAGEN,TIGUAN,white,petrol,Rakan Niaga,2014,SUV - SMALL,2.0,4,M6,z,13.6,9.2,11.6,24,267
2025-03-07,jip,VOLVO,XC60,grey,hybrid_petrol,Rakan Niaga,2014,SUV - SMALL,3.2,6,AS6,x,13.0,8.9,11.2,25,258
2025-03-07,jip,VOLVO,XC60,white,hybrid_petrol,Rakan Niaga,2014,SUV - SMALL,3.2,6,AS6,x,13.0,8.9,11.2,25,258
2025-03-08,motokar,HONDA,CIVIC,blue,petrol,Rakan Niaga,2014,COMPACT,1.8,4,AV,x,7.9,6.0,7.0,40,161
2025-03-08,motokar,HONDA,CIVIC,blue,petrol,Rakan Niaga,2014,COMPACT,1.8,4,AV7,x,8.1,6.2,7.2,39,166
2025-03-08,motokar,HONDA,CIVIC,blue,petrol,Rakan Niaga,2014,COMPACT,1.8,4,M5,x,8.5,6.6,7.6,37,175
2025-03-08,motokar,HONDA,CIVIC,red,hybrid_petrol,Rakan Niaga,2014,COMPACT,1.8,4,AV,x,7.9,6.0,7.0,40,161
2025-03-08,motokar,HONDA,CIVIC,red,hybrid_petrol,Rakan Niaga,2014,COMPACT,1.8,4,AV7,x,8.1,6.2,7.2,39,166
2025-03-08,motokar,HONDA,CIVIC,red,hybrid_petrol,Rakan Niaga,2014,COMPACT,1.8,4,M5,x,8.5,6.6,7.6,37,175
2025-03-08,motokar,HONDA,CIVIC,white,petrol,Rakan Niaga,2014,COMPACT,1.8,4,AV,x,7.9,6.0,7.0,40,161
2025-03-08,motokar,HONDA,CIVIC,white,petrol,Rakan Niaga,2014,COMPACT,1.8,4,AV7,x,8.1,6.2,7.2,39,166
2025-03-08,motokar,HONDA,CIVIC,white,petrol,Rakan Niaga,2014,COMPACT,1.8,4,M5,x,8.5,6.6,7.6,37,175
2025-03-08,window_van,HONDA,ODYSSEY,white,petrol,Rakan Niaga,2014,MINIVAN,3.5,6,A6,x,12.3,8.5,10.6,27,244
2025-03-08,jip,HYUNDAI,SANTA FE,white,hybrid_petrol,Rakan Niaga,2014,SUV - SMALL,3.3,6,A6,x,13.0,9.1,11.2,25,258
2025-03-08,motokar,TOYOTA,YARIS,silver,petrol,Rakan Niaga,2014,COMPACT,1.5,4,A4,x,7.9,6.6,7.3,39,168
2025-03-08,motokar,TOYOTA,YARIS,silver,petrol,Rakan Niaga,2014,COMPACT,1.5,4,M5,x,7.8,6.3,7.1,40,163
2025-03-08,motokar,TOYOTA,YARIS,white,petrol,Rakan Niaga,2014,COMPACT,1.5,4,A4,x,7.9,6.6,7.3,39,168
2025-03-08,motokar,TOYOTA,YARIS,white,petrol,Rakan Niaga,2014,COMPACT,1.5,4,M5,x,7.8,6.3,7.1,40,163
2025-03-09,jip,HONDA,CR-V,grey,petrol,Rakan Niaga,2014,SUV - SMALL,2.4,4,A5,x,10.3,7.6,9.1,31,209
2025-03-09,motokar,HONDA,CIVIC,white,petrol,Kedah,2014,COMPACT,1.8,4,AV,x,7.9,6.0,7.0,40,161
2025-03-09,motokar,HONDA,CIVIC,white,petrol,Kedah,2014,COMPACT,1.8,4,AV7,x,8.1,6.2,7.2,39,166
2025-03-09,motokar,HONDA,CIVIC,white,petrol,Kedah,2014,COMPACT,1.8,4,M5,x,8.5,6.6,7.6,37,175
2025-03-09,motokar,HONDA,CIVIC,white,petrol,Rakan Niaga,2014,COMPACT,1.8,4,AV,x,7.9,6.0,7.0,40,161
2025-03-09,motokar,HONDA,CIVIC,white,petrol,Rakan Niaga,2014,COMPACT,1.8,4,AV7,x,8.1,6.2,7.2,39,166
2025-03-09,motokar,HONDA,CIVIC,white,petrol,Rakan Niaga,2014,COMPACT,1.8,4,M5,x,8.5,6.6,7.6,37,175
2025-03-09,motokar,HONDA,CIVIC,red,petrol,Rakan Niaga,2014,COMPACT,1.8,4,AV,x,7.9,6.0,7.0,40,161
2025-03-09,motokar,HONDA,CIVIC,red,petrol,Rakan Niaga,2014,COMPACT,1.8,4,AV7,x,8.1,6.2,7.2,39,166
2025-03-09,motokar,HONDA,CIVIC,red,petrol,Rakan Niaga,2014,COMPACT,1.8,4,M5,x,8.5,6.6,7.6,37,175
2025-03-09,jip,MAZDA,CX-5,grey,petrol,Rakan Niaga,2014,SUV - SMALL,2.0,4,AS6,x,8.9,7.3,8.2,34,189
2025-03-09,jip,MAZDA,CX-5,grey,petrol,Rakan Niaga,2014,SUV - SMALL,2.0,4,M6,x,9.0,6.8,8.0,35,184
2025-03-09,jip,MAZDA,CX-5,grey,petrol,Rakan Niaga,2014,SUV - SMALL,2.5,4,AS6,x,9.6,7.4,8.6,33,198
2025-03-09,motokar,TOYOTA,YARIS,white,petrol,Rakan Niaga,2014,COMPACT,1.5,4,A4,x,7.9,6.6,7.3,39,168
2025-03-09,motokar,TOYOTA,YARIS,white,petrol,Rakan Niaga,2014,COMPACT,1.5,4,M5,x,7.8,6.3,7.1,40,163
2025-03-10,jip,HONDA,CR-V,grey,petrol,Rakan Niaga,2014,SUV - SMALL,2.4,4,A5,x,10.3,7.6,9.1,31,209
2025-03-10,jip,HONDA,CR-V,white,petrol,Johor,2014,SUV - SMALL,2.4,4,A5,x,10.3,7.6,9.1,31,209
2025-03-10,jip,HONDA,CR-V,silver,hybrid_petrol,Rakan Niaga,2014,SUV - SMALL,2.4,4,A5,x,10.3,7.6,9.1,31,209
2025-03-10,jip,HONDA,CR-V,blue,petrol,Rakan Niaga,2014,SUV - SMALL,2.4,4,A5,x,10.3,7.6,9.1,31,209
2025-03-10,jip,HONDA,CR-V,red,petrol,Rakan Niaga,2014,SUV - SMALL,2.4,4,A5,x,10.3,7.6,9.1,31,209
2025-03-10,jip,HONDA,CR-V,white,petrol,Rakan Niaga,2014,SUV - SMALL,2.4,4,A5,x,10.3,7.6,9.1,31,209
2025-03-10,jip,HONDA,CR-V,white,petrol,Kelantan,2014,SUV - SMALL,2.4,4,A5,x,10.3,7.6,9.1,31,209
2025-03-10,jip,HONDA,CR-V,blue,hybrid_petrol,Rakan Niaga,2014,SUV - SMALL,2.4,4,A5,x,10.3,7.6,9.1,31,209
2025-03-10,jip,HONDA,CR-V,grey,petrol,Selangor,2014,SUV - SMALL,2.4,4,A5,x,10.3,7.6,9.1,31,209
2025-03-10,jip,HONDA,CR-V,white,hybrid_petrol,Rakan Niaga,2014,SUV - SMALL,2.4,4,A5,x,10.3,7.6,9.1,31,209
2025-03-10,motokar,HONDA,CIVIC,black,petrol,Rakan Niaga,2014,COMPACT,1.8,4,AV,x,7.9,6.0,7.0,40,161
2025-03-10,motokar,HONDA,CIVIC,black,petrol,Rakan Niaga,2014,COMPACT,1.8,4,AV7,x,8.1,6.2,7.2,39,166
2025-03-10,motokar,HONDA,CIVIC,black,petrol,Rakan Niaga,2014,COMPACT,1.8,4,M5,x,8.5,6.6,7.6,37,175
2025-03-10,motokar,HONDA,CIVIC,white,petrol,Rakan Niaga,2014,COMPACT,1.8,4,AV,x,7.9,6.0,7.0,40,161
2025-03-10,motokar,HONDA,CIVIC,white,petrol,Rakan Niaga,2014,COMPACT,1.8,4,AV7,x,8.1,6.2,7.2,39,166
2025-03-10,motokar,HONDA,CIVIC,white,petrol,Rakan Niaga,2014,COMPACT,1.8,4,M5,x,8.5,6.6,7.6,37,175
2025-03-10,motokar,HONDA,CIVIC,white,petrol,Johor,2014,COMPACT,1.8,4,AV,x,7.9,6.0,7.0,40,161
2025-03-10,motokar,HONDA,CIVIC,white,petrol,Johor,2014,COMPACT,1.8,4,AV7,x,8.1,6.2,7.2,39,166
2025-03-10,motokar,HONDA,CIVIC,white,petrol,Johor,2014,COMPACT,1.8,4,M5,x,8.5,6.6,7.6,37,175
2025-03-10,motokar,HONDA,CIVIC,red,petrol,Rakan Niaga,2014,COMPACT,1.8,4,AV,x,7.9,6.0,7.0,40,161
2025-03-10,motokar,HONDA,CIVIC,red,petrol,Rakan Niaga,2014,COMPACT,1.8,4,AV7,x,8.1,6.2,7.2,39,166
2025-03-10,motokar,HONDA,CIVIC,red,petrol,Rakan Niaga,2014,COMPACT,1.8,4,M5,x,8.5,6.6,7.6,37,175
2025-03-10,motokar,HONDA,CIVIC,blue,petrol,Rakan Niaga,2014,COMPACT,1.8,4,AV,x,7.9,6.0,7.0,40,161
2025-03-10,motokar,HONDA,CIVIC,blue,petrol,Rakan Niaga,2014,COMPACT,1.8,4,AV7,x,8.1,6.2,7.2,39,166
2025-03-10,motokar,HONDA,CIVIC,blue,petrol,Rakan Niaga,2014,COMPACT,1.8,4,M5,x,8.5,6.6,7.6,37,175
2025-03-10,motokar,HONDA,CIVIC,blue,petrol,W.P. Kuala Lumpur,2014,COMPACT,1.8,4,AV,x,7.9,6.0,7.0,40,161
2025-03-10,motokar,HONDA,CIVIC,blue,petrol,W.P. Kuala Lumpur,2014,COMPACT,1.8,4,AV7,x,8.1,6.2,7.2,39,166
2025-03-10,motokar,HONDA,CIVIC,blue,petrol,W.P. Kuala Lumpur,2014,COMPACT,1.8,4,M5,x,8.5,6.6,7.6,37,175
2025-03-10,motokar,HONDA,CIVIC,black,petrol,W.P. Kuala Lumpur,2014,COMPACT,1.8,4,AV,x,7.9,6.0,7.0,40,161
2025-03-10,motokar,HONDA,CIVIC,black,petrol,W.P. Kuala Lumpur,2014,COMPACT,1.8,4,AV7,x,8.1,6.2,7.2,39,166
2025-03-10,motokar,HONDA,CIVIC,black,petrol,W.P. Kuala Lumpur,2014,COMPACT,1.8,4,M5,x,8.5,6.6,7.6,37,175
2025-03-10,motokar,HONDA,CIVIC,grey,petrol,Rakan Niaga,2014,COMPACT,1.8,4,AV,x,7.9,6.0,7.0,40,161
2025-03-10,motokar,HONDA,CIVIC,grey,petrol,Rakan Niaga,2014,COMPACT,1.8,4,AV7,x,8.1,6.2,7.2,39,166
2025-03-10,motokar,HONDA,CIVIC,grey,petrol,Rakan Niaga,2014,COMPACT,1.8,4,M5,x,8.5,6.6,7.6,37,175
2025-03-10,motokar,HONDA,CIVIC,white,petrol,Kedah,2014,COMPACT,1.8,4,AV,x,7.9,6.0,7.0,40,161
2025-03-10,motokar,HONDA,CIVIC,white,petrol,Kedah,2014,COMPACT,1.8,4,AV7,x,8.1,6.2,7.2,39,166
2025-03-10,motokar,HONDA,CIVIC,white,petrol,Kedah,2014,COMPACT,1.8,4,M5,x,8.5,6.6,7.6,37,175
2025-03-10,motokar,HONDA,CIVIC,red,petrol,W.P. Kuala Lumpur,2014,COMPACT,1.8,4,AV,x,7.9,6.0,7.0,40,161
2025-03-10,motokar,HONDA,CIVIC,red,petrol,W.P. Kuala Lumpur,2014,COMPACT,1.8,4,AV7,x,8.1,6.2,7.2,39,166
2025-03-10,motokar,HONDA,CIVIC,red,petrol,W.P. Kuala Lumpur,2014,COMPACT,1.8,4,M5,x,8.5,6.6,7.6,37,175
2025-03-10,motokar,HONDA,CIVIC,blue,hybrid_petrol,Rakan Niaga,2014,COMPACT,1.8,4,AV,x,7.9,6.0,7.0,40,161
2025-03-10,motokar,HONDA,CIVIC,blue,hybrid_petrol,Rakan Niaga,2014,COMPACT,1.8,4,AV7,x,8.1,6.2,7.2,39,166
2025-03-10,motokar,HONDA,CIVIC,blue,hybrid_petrol,Rakan Niaga,2014,COMPACT,1.8,4,M5,x,8.5,6.6,7.6,37,175
2025-03-10,motokar,HONDA,CIVIC,blue,petrol,Melaka,2014,COMPACT,1.8,4,AV,x,7.9,6.0,7.0,40,161
2025-03-10,motokar,HONDA,CIVIC,blue,petrol,Melaka,2014,COMPACT,1.8,4,AV7,x,8.1,6.2,7.2,39,166
2025-03-10,motokar,HONDA,CIVIC,blue,petrol,Melaka,2014,COMPACT,1.8,4,M5,x,8.5,6.6,7.6,37,175
2025-03-10,window_van,HONDA,ODYSSEY,white,petrol,W.P. Kuala Lumpur,2014,MINIVAN,3.5,6,A6,x,12.3,8.5,10.6,27,244
2025-03-10,jip,HYUNDAI,SANTA FE,black,hybrid_petrol,W.P. Kuala Lumpur,2014,SUV - SMALL,3.3,6,A6,x,13.0,9.1,11.2,25,258
2025-03-10,jip,KIA,SPORTAGE,white,petrol,Rakan Niaga,2014,SUV - SMALL,2.4,4,A6,x,11.4,8.3,10.0,28,230
2025-03-10,jip,KIA,SPORTAGE,white,petrol,Rakan Niaga,2014,SUV - SMALL,2.4,4,M6,x,12.9,9.3,11.3,25,260
2025-03-10,jip,KIA,SPORTAGE,black,petrol,Rakan Niaga,2014,SUV - SMALL,2.4,4,A6,x,11.4,8.3,10.0,28,230
2025-03-10,jip,KIA,SPORTAGE,black,petrol,Rakan Niaga,2014,SUV - SMALL,2.4,4,M6,x,12.9,9.3,11.3,25,260
2025-03-10,jip,KIA,SPORTAGE,blue,petrol,Rakan Niaga,2014,SUV - SMALL,2.4,4,A6,x,11.4,8.3,10.0,28,230
2025-03-10,jip,KIA,SPORTAGE,blue,petrol,Rakan Niaga,2014,SUV - SMALL,2.4,4,M6,x,12.9,9.3,11.3,25,260
2025-03-10,jip,KIA,SPORTAGE,grey,petrol,Kedah,2014,SUV - SMALL,2.4,4,A6,x,11.4,8.3,10.0,28,230
2025-03-10,jip,KIA,SPORTAGE,grey,petrol,Kedah,2014,SUV - SMALL,2.4,4,M6,x,12.9,9.3,11.3,25,260
2025-03-10,jip,KIA,SPORTAGE,grey,petrol,Rakan Niaga,2014,SUV - SMALL,2.4,4,A6,x,11.4,8.3,10.0,28,230
2025-03-10,jip,KIA,SPORTAGE,grey,petrol,Rakan Niaga,2014,SUV - SMALL,2.4,4,M6,x,12.9,9.3,11.3,25,260
2025-03-10,jip,MAZDA,CX-5,grey,petrol,Rakan Niaga,2014,SUV - SMALL,2.0,4,AS6,x,8.9,7.3,8.2,34,189
2025-03-10,jip,MAZDA,CX-5,grey,petrol,Rakan Niaga,2014,SUV - SMALL,2.0,4,M6,x,9.0,6.8,8.0,35,184
2025-03-10,jip,MAZDA,CX-5,grey,petrol,Rakan Niaga,2014,SUV - SMALL,2.5,4,AS6,x,9.6,7.4,8.6,33,198
2025-03-10,jip,MAZDA,CX-5,blue,petrol,Rakan Niaga,2014,SUV - SMALL,2.0,4,AS6,x,8.9,7.3,8.2,34,189
2025-03-10,jip,MAZDA,CX-5,blue,petrol,Rakan Niaga,2014,SUV - SMALL,2.0,4,M6,x,9.0,6.8,8.0,35,184
2025-03-10,jip,MAZDA,CX-5,blue,petrol,Rakan Niaga,2014,SUV - SMALL,2.5,4,AS6,x,9.6,7.4,8.6,33,198
2025-03-10,jip,MAZDA,CX-5,red,petrol,Rakan Niaga,2014,SUV - SMALL,2.0,4,AS6,x,8.9,7.3,8.2,34,189
2025-03-10,jip,MAZDA,CX-5,red,petrol,Rakan Niaga,2014,SUV - SMALL,2.0,4,M6,x,9.0,6.8,8.0,35,184
2025-03-10,jip,MAZDA,CX-5,red,petrol,Rakan Niaga,2014,SUV - SMALL,2.5,4,AS6,x,9.6,7.4,8.6,33,198
2025-03-10,jip,MAZDA,CX-5,white,petrol,Rakan Niaga,2014,SUV - SMALL,2.0,4,AS6,x,8.9,7.3,8.2,34,189
2025-03-10,jip,MAZDA,CX-5,white,petrol,Rakan Niaga,2014,SUV - SMALL,2.0,4,M6,x,9.0,6.8,8.0,35,184
2025-03-10,jip,MAZDA,CX-5,white,petrol,Rakan Niaga,2014,SUV - SMALL,2.5,4,AS6,x,9.6,7.4,8.6,33,198
2025-03-10,jip,MAZDA,CX-5,gold,petrol,Rakan Niaga,2014,SUV - SMALL,2.0,4,AS6,x,8.9,7.3,8.2,34,189
2025-03-10,jip,MAZDA,CX-5,gold,petrol,Rakan Niaga,2014,SUV - SMALL,2.0,4,M6,x,9.0,6.8,8.0,35,184
2025-03-10,jip,MAZDA,CX-5,gold,petrol,Rakan Niaga,2014,SUV - SMALL,2.5,4,AS6,x,9.6,7.4,8.6,33,198
2025-03-10,motokar,MAZDA,MX-5,black,petrol,Johor,2014,TWO-SEATER,2.0,4,AS6,z,11.5,8.5,10.2,28,235
2025-03-10,motokar,MAZDA,MX-5,black,petrol,Johor,2014,TWO-SEATER,2.0,4,M5,z,10.5,8.5,9.6,29,221
2025-03-10,motokar,MAZDA,MX-5,black,petrol,Johor,2014,TWO-SEATER,2.0,4,M6,z,11.1,8.4,9.9,29,228
2025-03-10,motokar,MAZDA,MX-5,black,petrol,W.P. Kuala Lumpur,2014,TWO-SEATER,2.0,4,AS6,z,11.5,8.5,10.2,28,235
2025-03-10,motokar,MAZDA,MX-5,black,petrol,W.P. Kuala Lumpur,2014,TWO-SEATER,2.0,4,M5,z,10.5,8.5,9.6,29,221
2025-03-10,motokar,MAZDA,MX-5,black,petrol,W.P. Kuala Lumpur,2014,TWO-SEATER,2.0,4,M6,z,11.1,8.4,9.9,29,228
2025-03-10,jip,PORSCHE,CAYENNE,white,petrol,W.P. Kuala Lumpur,2014,SUV - STANDARD,3.6,6,A8,z,13.6,10.1,12.0,24,276
2025-03-10,jip,PORSCHE,CAYENNE,white,petrol,W.P. Kuala Lumpur,2014,SUV - STANDARD,3.6,6,M6,z,15.8,10.9,13.6,21,313
2025-03-10,motokar,PORSCHE,PANAMERA,red,petrol,W.P. Kuala Lumpur,2014,FULL-SIZE,3.6,6,AM7,z,12.9,8.4,10.9,26,251
2025-03-10,motokar,TOYOTA,YARIS,white,petrol,Rakan Niaga,2014,COMPACT,1.5,4,A4,x,7.9,6.6,7.3,39,168
2025-03-10,motokar,TOYOTA,YARIS,white,petrol,Rakan Niaga,2014,COMPACT,1.5,4,M5,x,7.8,6.3,7.1,40,163
2025-03-10,motokar,TOYOTA,YARIS,red,petrol,Rakan Niaga,2014,COMPACT,1.5,4,A4,x,7.9,6.6,7.3,39,168
2025-03-10,motokar,TOYOTA,YARIS,red,petrol,Rakan Niaga,2014,COMPACT,1.5,4,M5,x,7.8,6.3,7.1,40,163
2025-03-10,motokar,TOYOTA,YARIS,silver,petrol,Rakan Niaga,2014,COMPACT,1.5,4,A4,x,7.9,6.6,7.3,39,168
2025-03-10,motokar,TOYOTA,YARIS,silver,petrol,Rakan Niaga,2014,COMPACT,1.5,4,M5,x,7.8,6.3,7.1,40,163
2025-03-10,motokar,TOYOTA,YARIS,red,petrol,Kelantan,2014,COMPACT,1.5,4,A4,x,7.9,6.6,7.3,39,168
2025-03-10,motokar,TOYOTA,YARIS,red,petrol,Kelantan,2014,COMPACT,1.5,4,M5,x,7.8,6.3,7.1,40,163
2025-03-10,jip,VOLKSWAGEN,TIGUAN,blue,petrol,Rakan Niaga,2014,SUV - SMALL,2.0,4,A6,z,11.7,9.5,10.7,26,246
2025-03-10,jip,VOLKSWAGEN,TIGUAN,blue,petrol,Rakan Niaga,2014,SUV - SMALL,2.0,4,M6,z,13.6,9.2,11.6,24,267
2025-03-10,jip,VOLKSWAGEN,TIGUAN,white,petrol,Rakan Niaga,2014,SUV - SMALL,2.0,4,A6,z,11.7,9.5,10.7,26,246
2025-03-10,jip,VOLKSWAGEN,TIGUAN,white,petrol,Rakan Niaga,2014,SUV - SMALL,2.0,4,M6,z,13.6,9.2,11.6,24,267
2025-03-11,motokar,FORD,MUSTANG,silver,petrol,Perak,2014,SUBCOMPACT,3.7,6,A6,x,12.1,7.8,10.2,28,235
2025-03-11,motokar,FORD,MUSTANG,silver,petrol,Perak,2014,SUBCOMPACT,3.7,6,M6,x,12.7,8.1,10.6,27,244
2025-03-11,motokar,FORD,MUSTANG,silver,petrol,Perak,2014,SUBCOMPACT,5.0,8,A6,x,13.3,9.3,11.5,25,264
2025-03-11,motokar,FORD,MUSTANG,silver,petrol,Perak,2014,SUBCOMPACT,5.0,8,M6,x,15.4,9.4,12.7,22,292
2025-03-11,motokar,FORD,MUSTANG,silver,petrol,Perak,2014,SUBCOMPACT,5.8,8,M6,z,15.9,9.9,13.2,21,304
2025-03-11,jip,HONDA,CR-V,blue,petrol,Rakan Niaga,2014,SUV - SMALL,2.4,4,A5,x,10.3,7.6,9.1,31,209
2025-03-11,jip,HONDA,CR-V,white,hybrid_petrol,Rakan Niaga,2014,SUV - SMALL,2.4,4,A5,x,10.3,7.6,9.1,31,209
2025-03-11,jip,HONDA,CR-V,blue,hybrid_petrol,Rakan Niaga,2014,SUV - SMALL,2.4,4,A5,x,10.3,7.6,9.1,31,209
2025-03-11,jip,HONDA,CR-V,grey,petrol,Rakan Niaga,2014,SUV - SMALL,2.4,4,A5,x,10.3,7.6,9.1,31,209
2025-03-11,jip,HONDA,CR-V,grey,hybrid_petrol,Rakan Niaga,2014,SUV - SMALL,2.4,4,A5,x,10.3,7.6,9.1,31,209
2025-03-11,jip,HONDA,CR-V,grey,hybrid_petrol,Johor,2014,SUV - SMALL,2.4,4,A5,x,10.3,7.6,9.1,31,209
2025-03-11,jip,HONDA,CR-V,blue,petrol,Selangor,2014,SUV - SMALL,2.4,4,A5,x,10.3,7.6,9.1,31,209
2025-03-11,jip,HONDA,CR-V,red,petrol,Kelantan,2014,SUV - SMALL,2.4,4,A5,x,10.3,7.6,9.1,31,209
2025-03-11,jip,HONDA,CR-V,white,petrol,Rakan Niaga,2014,SUV - SMALL,2.4,4,A5,x,10.3,7.6,9.1,31,209
2025-03-11,jip,HONDA,CR-V,silver,petrol,Rakan Niaga,2014,SUV - SMALL,2.4,4,A5,x,10.3,7.6,9.1,31,209
2025-03-11,jip,HONDA,CR-V,blue,petrol,Kedah,2014,SUV - SMALL,2.4,4,A5,x,10.3,7.6,9.1,31,209
2025-03-11,motokar,HONDA,CIVIC,grey,petrol,Rakan Niaga,2014,COMPACT,1.8,4,AV,x,7.9,6.0,7.0,40,161
2025-03-11,motokar,HONDA,CIVIC,grey,petrol,Rakan Niaga,2014,COMPACT,1.8,4,AV7,x,8.1,6.2,7.2,39,166
2025-03-11,motokar,HONDA,CIVIC,grey,petrol,Rakan Niaga,2014,COMPACT,1.8,4,M5,x,8.5,6.6,7.6,37,175
2025-03-11,motokar,HONDA,CIVIC,black,petrol,Rakan Niaga,2014,COMPACT,1.8,4,AV,x,7.9,6.0,7.0,40,161
2025-03-11,motokar,HONDA,CIVIC,black,petrol,Rakan Niaga,2014,COMPACT,1.8,4,AV7,x,8.1,6.2,7.2,39,166
2025-03-11,motokar,HONDA,CIVIC,black,petrol,Rakan Niaga,2014,COMPACT,1.8,4,M5,x,8.5,6.6,7.6,37,175
2025-03-11,motokar,HONDA,CIVIC,white,petrol,Pulau Pinang,2014,COMPACT,1.8,4,AV,x,7.9,6.0,7.0,40,161
2025-03-11,motokar,HONDA,CIVIC,white,petrol,Pulau Pinang,2014,COMPACT,1.8,4,AV7,x,8.1,6.2,7.2,39,166
2025-03-11,motokar,HONDA,CIVIC,white,petrol,Pulau Pinang,2014,COMPACT,1.8,4,M5,x,8.5,6.6,7.6,37,175
2025-03-11,motokar,HONDA,CIVIC,blue,petrol,Rakan Niaga,2014,COMPACT,1.8,4,AV,x,7.9,6.0,7.0,40,161
2025-03-11,motokar,HONDA,CIVIC,blue,petrol,Rakan Niaga,2014,COMPACT,1.8,4,AV7,x,8.1,6.2,7.2,39,166
2025-03-11,motokar,HONDA,CIVIC,blue,petrol,Rakan Niaga,2014,COMPACT,1.8,4,M5,x,8.5,6.6,7.6,37,175
2025-03-11,motokar,HONDA,CIVIC,white,petrol,Rakan Niaga,2014,COMPACT,1.8,4,AV,x,7.9,6.0,7.0,40,161
2025-03-11,motokar,HONDA,CIVIC,white,petrol,Rakan Niaga,2014,COMPACT,1.8,4,AV7,x,8.1,6.2,7.2,39,166
2025-03-11,motokar,HONDA,CIVIC,white,petrol,Rakan Niaga,2014,COMPACT,1.8,4,M5,x,8.5,6.6,7.6,37,175
2025-03-11,motokar,HONDA,CIVIC,white,petrol,Selangor,2014,COMPACT,1.8,4,AV,x,7.9,6.0,7.0,40,161
2025-03-11,motokar,HONDA,CIVIC,white,petrol,Selangor,2014,COMPACT,1.8,4,AV7,x,8.1,6.2,7.2,39,166
2025-03-11,motokar,HONDA,CIVIC,white,petrol,Selangor,2014,COMPACT,1.8,4,M5,x,8.5,6.6,7.6,37,175
2025-03-11,motokar,HONDA,CIVIC,red,petrol,Rakan Niaga,2014,COMPACT,1.8,4,AV,x,7.9,6.0,7.0,40,161
2025-03-11,motokar,HONDA,CIVIC,red,petrol,Rakan Niaga,2014,COMPACT,1.8,4,AV7,x,8.1,6.2,7.2,39,166
2025-03-11,motokar,HONDA,CIVIC,red,petrol,Rakan Niaga,2014,COMPACT,1.8,4,M5,x,8.5,6.6,7.6,37,175
2025-03-11,motokar,HONDA,CIVIC,white,petrol,W.P. Kuala Lumpur,2014,COMPACT,1.8,4,AV,x,7.9,6.0,7.0,40,161
2025-03-11,motokar,HONDA,CIVIC,white,petrol,W.P. Kuala Lumpur,2014,COMPACT,1.8,4,AV7,x,8.1,6.2,7.2,39,166
2025-03-11,motokar,HONDA,CIVIC,white,petrol,W.P. Kuala Lumpur,2014,COMPACT,1.8,4,M5,x,8.5,6.6,7.6,37,175
2025-03-11,motokar,HONDA,CIVIC,blue,hybrid_petrol,Rakan Niaga,2014,COMPACT,1.8,4,AV,x,7.9,6.0,7.0,40,161
2025-03-11,motokar,HONDA,CIVIC,blue,hybrid_petrol,Rakan Niaga,2014,COMPACT,1.8,4,AV7,x,8.1,6.2,7.2,39,166
2025-03-11,motokar,HONDA,CIVIC,blue,hybrid_petrol,Rakan Niaga,2014,COMPACT,1.8,4,M5,x,8.5,6.6,7.6,37,175
2025-03-11,window_van,HONDA,ODYSSEY,black,petrol,Rakan Niaga,2014,MINIVAN,3.5,6,A6,x,12.3,8.5,10.6,27,244
2025-03-11,jip,HONDA,ODYSSEY,blue,petrol,Rakan Niaga,2014,MINIVAN,3.5,6,A6,x,12.3,8.5,10.6,27,244
2025-03-11,jip,HYUNDAI,SANTA FE,white,hybrid_petrol,Rakan Niaga,2014,SUV - SMALL,3.3,6,A6,x,13.0,9.1,11.2,25,258
2025-03-11,jip,KIA,SPORTAGE,blue,petrol,Rakan Niaga,2014,SUV - SMALL,2.4,4,A6,x,11.4,8.3,10.0,28,230
2025-03-11,jip,KIA,SPORTAGE,blue,petrol,Rakan Niaga,2014,SUV - SMALL,2.4,4,M6,x,12.9,9.3,11.3,25,260
2025-03-11,jip,MAZDA,CX-5,grey,petrol,Rakan Niaga,2014,SUV - SMALL,2.0,4,AS6,x,8.9,7.3,8.2,34,189
2025-03-11,jip,MAZDA,CX-5,grey,petrol,Rakan Niaga,2014,SUV - SMALL,2.0,4,M6,x,9.0,6.8,8.0,35,184
2025-03-11,jip,MAZDA,CX-5,grey,petrol,Rakan Niaga,2014,SUV - SMALL,2.5,4,AS6,x,9.6,7.4,8.6,33,198
2025-03-11,jip,MAZDA,CX-5,black,petrol,W.P. Kuala Lumpur,2014,SUV - SMALL,2.0,4,AS6,x,8.9,7.3,8.2,34,189
2025-03-11,jip,MAZDA,CX-5,black,petrol,W.P. Kuala Lumpur,2014,SUV - SMALL,2.0,4,M6,x,9.0,6.8,8.0,35,184
2025-03-11,jip,MAZDA,CX-5,black,petrol,W.P. Kuala Lumpur,2014,SUV - SMALL,2.5,4,AS6,x,9.6,7.4,8.6,33,198
2025-03-11,jip,MAZDA,CX-5,grey,petrol,W.P. Kuala Lumpur,2014,SUV - SMALL,2.0,4,AS6,x,8.9,7.3,8.2,34,189
2025-03-11,jip,MAZDA,CX-5,grey,petrol,W.P. Kuala Lumpur,2014,SUV - SMALL,2.0,4,M6,x,9.0,6.8,8.0,35,184
2025-03-11,jip,MAZDA,CX-5,grey,petrol,W.P. Kuala Lumpur,2014,SUV - SMALL,2.5,4,AS6,x,9.6,7.4,8.6,33,198
2025-03-11,jip,MAZDA,CX-5,gold,petrol,Rakan Niaga,2014,SUV - SMALL,2.0,4,AS6,x,8.9,7.3,8.2,34,189
2025-03-11,jip,MAZDA,CX-5,gold,petrol,Rakan Niaga,2014,SUV - SMALL,2.0,4,M6,x,9.0,6.8,8.0,35,184
2025-03-11,jip,MAZDA,CX-5,gold,petrol,Rakan Niaga,2014,SUV - SMALL,2.5,4,AS6,x,9.6,7.4,8.6,33,198
2025-03-11,jip,MAZDA,CX-5,white,petrol,Rakan Niaga,2014,SUV - SMALL,2.0,4,AS6,x,8.9,7.3,8.2,34,189
2025-03-11,jip,MAZDA,CX-5,white,petrol,Rakan Niaga,2014,SUV - SMALL,2.0,4,M6,x,9.0,6.8,8.0,35,184
2025-03-11,jip,MAZDA,CX-5,white,petrol,Rakan Niaga,2014,SUV - SMALL,2.5,4,AS6,x,9.6,7.4,8.6,33,198
2025-03-11,jip,MAZDA,CX-5,blue,petrol,Rakan Niaga,2014,SUV - SMALL,2.0,4,AS6,x,8.9,7.3,8.2,34,189
2025-03-11,jip,MAZDA,CX-5,blue,petrol,Rakan Niaga,2014,SUV - SMALL,2.0,4,M6,x,9.0,6.8,8.0,35,184
2025-03-11,jip,MAZDA,CX-5,blue,petrol,Rakan Niaga,2014,SUV - SMALL,2.5,4,AS6,x,9.6,7.4,8.6,33,198
2025-03-11,motokar,MAZDA,MX-5,white,petrol,Rakan Niaga,2014,TWO-SEATER,2.0,4,AS6,z,11.5,8.5,10.2,28,235
2025-03-11,motokar,MAZDA,MX-5,white,petrol,Rakan Niaga,2014,TWO-SEATER,2.0,4,M5,z,10.5,8.5,9.6,29,221
2025-03-11,motokar,MAZDA,MX-5,white,petrol,Rakan Niaga,2014,TWO-SEATER,2.0,4,M6,z,11.1,8.4,9.9,29,228
2025-03-11,motokar,PORSCHE,911 GT3,black,petrol,W.P. Kuala Lumpur,2014,TWO-SEATER,3.8,6,AM7,z,16.0,11.5,14.0,20,322
2025-03-11,jip,PORSCHE,CAYENNE,grey,petrol,Rakan Niaga,2014,SUV - STANDARD,3.6,6,A8,z,13.6,10.1,12.0,24,276
2025-03-11,jip,PORSCHE,CAYENNE,grey,petrol,Rakan Niaga,2014,SUV - STANDARD,3.6,6,M6,z,15.8,10.9,13.6,21,313
2025-03-11,jip,PORSCHE,CAYENNE,black,petrol,W.P. Kuala Lumpur,2014,SUV - STANDARD,3.6,6,A8,z,13.6,10.1,12.0,24,276
2025-03-11,jip,PORSCHE,CAYENNE,black,petrol,W.P. Kuala Lumpur,2014,SUV - STANDARD,3.6,6,M6,z,15.8,10.9,13.6,21,313
2025-03-11,jip,PORSCHE,CAYENNE,white,petrol,W.P. Kuala Lumpur,2014,SUV - STANDARD,3.6,6,A8,z,13.6,10.1,12.0,24,276
2025-03-11,jip,PORSCHE,CAYENNE,white,petrol,W.P. Kuala Lumpur,2014,SUV - STANDARD,3.6,6,M6,z,15.8,10.9,13.6,21,313
2025-03-11,motokar,TOYOTA,CAMRY,black,hybrid_petrol,W.P. Kuala Lumpur,2014,MID-SIZE,2.5,4,AS6,x,9.5,6.6,8.2,34,189
2025-03-11,motokar,TOYOTA,CAMRY,black,hybrid_petrol,W.P. Kuala Lumpur,2014,MID-SIZE,3.5,6,AS6,x,11.1,7.8,9.6,29,221
2025-03-11,motokar,TOYOTA,CAMRY,grey,petrol,Rakan Niaga,2014,MID-SIZE,2.5,4,AS6,x,9.5,6.6,8.2,34,189
2025-03-11,motokar,TOYOTA,CAMRY,grey,petrol,Rakan Niaga,2014,MID-SIZE,3.5,6,AS6,x,11.1,7.8,9.6,29,221
2025-03-11,motokar,TOYOTA,CAMRY,white,petrol,Rakan Niaga,2014,MID-SIZE,2.5,4,AS6,x,9.5,6.6,8.2,34,189
2025-03-11,motokar,TOYOTA,CAMRY,white,petrol,Rakan Niaga,2014,MID-SIZE,3.5,6,AS6,x,11.1,7.8,9.6,29,221
2025-03-11,motokar,TOYOTA,CAMRY,black,hybrid_petrol,Rakan Niaga,2014,MID-SIZE,2.5,4,AS6,x,9.5,6.6,8.2,34,189
2025-03-11,motokar,TOYOTA,CAMRY,black,hybrid_petrol,Rakan Niaga,2014,MID-SIZE,3.5,6,AS6,x,11.1,7.8,9.6,29,221
2025-03-11,motokar,TOYOTA,YARIS,white,petrol,Pahang,2014,COMPACT,1.5,4,A4,x,7.9,6.6,7.3,39,168
2025-03-11,motokar,TOYOTA,YARIS,white,petrol,Pahang,2014,COMPACT,1.5,4,M5,x,7.8,6.3,7.1,40,163
2025-03-11,motokar,TOYOTA,YARIS,white,petrol,W.P. Kuala Lumpur,2014,COMPACT,1.5,4,A4,x,7.9,6.6,7.3,39,168
2025-03-11,motokar,TOYOTA,YARIS,white,petrol,W.P. Kuala Lumpur,2014,COMPACT,1.5,4,M5,x,7.8,6.3,7.1,40,163
2025-03-11,motokar,TOYOTA,YARIS,silver,petrol,Rakan Niaga,2014,COMPACT,1.5,4,A4,x,7.9,6.6,7.3,39,168
2025-03-11,motokar,TOYOTA,YARIS,silver,petrol,Rakan Niaga,2014,COMPACT,1.5,4,M5,x,7.8,6.3,7.1,40,163
2025-03-11,motokar,TOYOTA,YARIS,white,petrol,Rakan Niaga,2014,COMPACT,1.5,4,A4,x,7.9,6.6,7.3,39,168
2025-03-11,motokar,TOYOTA,YARIS,white,petrol,Rakan Niaga,2014,COMPACT,1.5,4,M5,x,7.8,6.3,7.1,40,163
2025-03-11,motokar,TOYOTA,YARIS,white,petrol,Johor,2014,COMPACT,1.5,4,A4,x,7.9,6.6,7.3,39,168
2025-03-11,motokar,TOYOTA,YARIS,white,petrol,Johor,2014,COMPACT,1.5,4,M5,x,7.8,6.3,7.1,40,163
2025-03-11,motokar,TOYOTA,YARIS,white,petrol,Pulau Pinang,2014,COMPACT,1.5,4,A4,x,7.9,6.6,7.3,39,168
2025-03-11,motokar,TOYOTA,YARIS,white,petrol,Pulau Pinang,2014,COMPACT,1.5,4,M5,x,7.8,6.3,7.1,40,163
2025-03-11,motokar,TOYOTA,YARIS,red,petrol,Rakan Niaga,2014,COMPACT,1.5,4,A4,x,7.9,6.6,7.3,39,168
2025-03-11,motokar,TOYOTA,YARIS,red,petrol,Rakan Niaga,2014,COMPACT,1.5,4,M5,x,7.8,6.3,7.1,40,163
2025-03-11,jip,VOLKSWAGEN,TIGUAN,blue,petrol,Rakan Niaga,2014,SUV - SMALL,2.0,4,A6,z,11.7,9.5,10.7,26,246
2025-03-11,jip,VOLKSWAGEN,TIGUAN,blue,petrol,Rakan Niaga,2014,SUV - SMALL,2.0,4,M6,z,13.6,9.2,11.6,24,267
2025-03-12,jip,HONDA,CR-V,blue,hybrid_petrol,Rakan Niaga,2014,SUV - SMALL,2.4,4,A5,x,10.3,7.6,9.1,31,209
2025-03-12,jip,HONDA,CR-V,blue,petrol,Rakan Niaga,2014,SUV - SMALL,2.4,4,A5,x,10.3,7.6,9.1,31,209
2025-03-12,jip,HONDA,CR-V,grey,hybrid_petrol,Kedah,2014,SUV - SMALL,2.4,4,A5,x,10.3,7.6,9.1,31,209
2025-03-12,jip,HONDA,CR-V,grey,petrol,Rakan Niaga,2014,SUV - SMALL,2.4,4,A5,x,10.3,7.6,9.1,31,209
2025-03-12,jip,HONDA,CR-V,silver,petrol,Rakan Niaga,2014,SUV - SMALL,2.4,4,A5,x,10.3,7.6,9.1,31,209
2025-03-12,jip,HONDA,CR-V,white,petrol,Rakan Niaga,2014,SUV - SMALL,2.4,4,A5,x,10.3,7.6,9.1,31,209
2025-03-12,jip,HONDA,CR-V,white,petrol,Terengganu,2014,SUV - SMALL,2.4,4,A5,x,10.3,7.6,9.1,31,209
2025-03-12,jip,HONDA,CR-V,white,petrol,Pulau Pinang,2014,SUV - SMALL,2.4,4,A5,x,10.3,7.6,9.1,31,209
2025-03-12,motokar,HONDA,CIVIC,white,petrol,Rakan Niaga,2014,COMPACT,1.8,4,AV,x,7.9,6.0,7.0,40,161
2025-03-12,motokar,HONDA,CIVIC,white,petrol,Rakan Niaga,2014,COMPACT,1.8,4,AV7,x,8.1,6.2,7.2,39,166
2025-03-12,motokar,HONDA,CIVIC,white,petrol,Rakan Niaga,2014,COMPACT,1.8,4,M5,x,8.5,6.6,7.6,37,175
2025-03-12,motokar,HONDA,CIVIC,red,petrol,Rakan Niaga,2014,COMPACT,1.8,4,AV,x,7.9,6.0,7.0,40,161
2025-03-12,motokar,HONDA,CIVIC,red,petrol,Rakan Niaga,2014,COMPACT,1.8,4,AV7,x,8.1,6.2,7.2,39,166
2025-03-12,motokar,HONDA,CIVIC,red,petrol,Rakan Niaga,2014,COMPACT,1.8,4,M5,x,8.5,6.6,7.6,37,175
2025-03-12,motokar,HONDA,CIVIC,black,petrol,Johor,2014,COMPACT,1.8,4,AV,x,7.9,6.0,7.0,40,161
2025-03-12,motokar,HONDA,CIVIC,black,petrol,Johor,2014,COMPACT,1.8,4,AV7,x,8.1,6.2,7.2,39,166
2025-03-12,motokar,HONDA,CIVIC,black,petrol,Johor,2014,COMPACT,1.8,4,M5,x,8.5,6.6,7.6,37,175
2025-03-12,motokar,HONDA,CIVIC,blue,petrol,Rakan Niaga,2014,COMPACT,1.8,4,AV,x,7.9,6.0,7.0,40,161
2025-03-12,motokar,HONDA,CIVIC,blue,petrol,Rakan Niaga,2014,COMPACT,1.8,4,AV7,x,8.1,6.2,7.2,39,166
2025-03-12,motokar,HONDA,CIVIC,blue,petrol,Rakan Niaga,2014,COMPACT,1.8,4,M5,x,8.5,6.6,7.6,37,175
2025-03-12,motokar,HONDA,CIVIC,red,petrol,Kedah,2014,COMPACT,1.8,4,AV,x,7.9,6.0,7.0,40,161
2025-03-12,motokar,HONDA,CIVIC,red,petrol,Kedah,2014,COMPACT,1.8,4,AV7,x,8.1,6.2,7.2,39,166
2025-03-12,motokar,HONDA,CIVIC,red,petrol,Kedah,2014,COMPACT,1.8,4,M5,x,8.5,6.6,7.6,37,175
2025-03-12,motokar,HONDA,CIVIC,grey,petrol,W.P. Kuala Lumpur,2014,COMPACT,1.8,4,AV,x,7.9,6.0,7.0,40,161
2025-03-12,motokar,HONDA,CIVIC,grey,petrol,W.P. Kuala Lumpur,2014,COMPACT,1.8,4,AV7,x,8.1,6.2,7.2,39,166
2025-03-12,motokar,HONDA,CIVIC,grey,petrol,W.P. Kuala Lumpur,2014,COMPACT,1.8,4,M5,x,8.5,6.6,7.6,37,175
2025-03-12,motokar,HONDA,CIVIC,white,petrol,Selangor,2014,COMPACT,1.8,4,AV,x,7.9,6.0,7.0,40,161
2025-03-12,motokar,HONDA,CIVIC,white,petrol,Selangor,2014,COMPACT,1.8,4,AV7,x,8.1,6.2,7.2,39,166
2025-03-12,motokar,HONDA,CIVIC,white,petrol,Selangor,2014,COMPACT,1.8,4,M5,x,8.5,6.6,7.6,37,175
2025-03-12,motokar,HONDA,CIVIC,red,hybrid_petrol,Sarawak,2014,COMPACT,1.8,4,AV,x,7.9,6.0,7.0,40,161
2025-03-12,motokar,HONDA,CIVIC,red,hybrid_petrol,Sarawak,2014,COMPACT,1.8,4,AV7,x,8.1,6.2,7.2,39,166
2025-03-12,motokar,HONDA,CIVIC,red,hybrid_petrol,Sarawak,2014,COMPACT,1.8,4,M5,x,8.5,6.6,7.6,37,175
2025-03-12,motokar,HONDA,CIVIC,grey,petrol,Rakan Niaga,2014,COMPACT,1.8,4,AV,x,7.9,6.0,7.0,40,161
2025-03-12,motokar,HONDA,CIVIC,grey,petrol,Rakan Niaga,2014,COMPACT,1.8,4,AV7,x,8.1,6.2,7.2,39,166
2025-03-12,motokar,HONDA,CIVIC,grey,petrol,Rakan Niaga,2014,COMPACT,1.8,4,M5,x,8.5,6.6,7.6,37,175
2025-03-12,motokar,HONDA,CIVIC,black,petrol,Rakan Niaga,2014,COMPACT,1.8,4,AV,x,7.9,6.0,7.0,40,161
2025-03-12,motokar,HONDA,CIVIC,black,petrol,Rakan Niaga,2014,COMPACT,1.8,4,AV7,x,8.1,6.2,7.2,39,166
2025-03-12,motokar,HONDA,CIVIC,black,petrol,Rakan Niaga,2014,COMPACT,1.8,4,M5,x,8.5,6.6,7.6,37,175
2025-03-12,motokar,HONDA,CIVIC,black,petrol,Pahang,2014,COMPACT,1.8,4,AV,x,7.9,6.0,7.0,40,161
2025-03-12,motokar,HONDA,CIVIC,black,petrol,Pahang,2014,COMPACT,1.8,4,AV7,x,8.1,6.2,7.2,39,166
2025-03-12,motokar,HONDA,CIVIC,black,petrol,Pahang,2014,COMPACT,1.8,4,M5,x,8.5,6.6,7.6,37,175
2025-03-12,motokar,HONDA,CIVIC,grey,hybrid_petrol,Rakan Niaga,2014,COMPACT,1.8,4,AV,x,7.9,6.0,7.0,40,161
2025-03-12,motokar,HONDA,CIVIC,grey,hybrid_petrol,Rakan Niaga,2014,COMPACT,1.8,4,AV7,x,8.1,6.2,7.2,39,166
2025-03-12,motokar,HONDA,CIVIC,grey,hybrid_petrol,Rakan Niaga,2014,COMPACT,1.8,4,M5,x,8.5,6.6,7.6,37,175
2025-03-12,motokar,HONDA,CIVIC,white,petrol,Sarawak,2014,COMPACT,1.8,4,AV,x,7.9,6.0,7.0,40,161
2025-03-12,motokar,HONDA,CIVIC,white,petrol,Sarawak,2014,COMPACT,1.8,4,AV7,x,8.1,6.2,7.2,39,166
2025-03-12,motokar,HONDA,CIVIC,white,petrol,Sarawak,2014,COMPACT,1.8,4,M5,x,8.5,6.6,7.6,37,175
2025-03-12,motokar,HONDA,CIVIC,black,petrol,Kelantan,2014,COMPACT,1.8,4,AV,x,7.9,6.0,7.0,40,161
2025-03-12,motokar,HONDA,CIVIC,black,petrol,Kelantan,2014,COMPACT,1.8,4,AV7,x,8.1,6.2,7.2,39,166
2025-03-12,motokar,HONDA,CIVIC,black,petrol,Kelantan,2014,COMPACT,1.8,4,M5,x,8.5,6.6,7.6,37,175
2025-03-12,motokar,HONDA,CIVIC,blue,hybrid_petrol,Rakan Niaga,2014,COMPACT,1.8,4,AV,x,7.9,6.0,7.0,40,161
2025-03-12,motokar,HONDA,CIVIC,blue,hybrid_petrol,Rakan Niaga,2014,COMPACT,1.8,4,AV7,x,8.1,6.2,7.2,39,166
2025-03-12,motokar,HONDA,CIVIC,blue,hybrid_petrol,Rakan Niaga,2014,COMPACT,1.8,4,M5,x,8.5,6.6,7.6,37,175
2025-03-12,motokar,HONDA,CIVIC,red,petrol,Sarawak,2014,COMPACT,1.8,4,AV,x,7.9,6.0,7.0,40,161
2025-03-12,motokar,HONDA,CIVIC,red,petrol,Sarawak,2014,COMPACT,1.8,4,AV7,x,8.1,6.2,7.2,39,166
2025-03-12,motokar,HONDA,CIVIC,red,petrol,Sarawak,2014,COMPACT,1.8,4,M5,x,8.5,6.6,7.6,37,175
2025-03-12,motokar,HONDA,CIVIC,white,petrol,Johor,2014,COMPACT,1.8,4,AV,x,7.9,6.0,7.0,40,161
2025-03-12,motokar,HONDA,CIVIC,white,petrol,Johor,2014,COMPACT,1.8,4,AV7,x,8.1,6.2,7.2,39,166
2025-03-12,motokar,HONDA,CIVIC,white,petrol,Johor,2014,COMPACT,1.8,4,M5,x,8.5,6.6,7.6,37,175
2025-03-12,motokar,HONDA,CIVIC,grey,petrol,Johor,2014,COMPACT,1.8,4,AV,x,7.9,6.0,7.0,40,161
2025-03-12,motokar,HONDA,CIVIC,grey,petrol,Johor,2014,COMPACT,1.8,4,AV7,x,8.1,6.2,7.2,39,166
2025-03-12,motokar,HONDA,CIVIC,grey,petrol,Johor,2014,COMPACT,1.8,4,M5,x,8.5,6.6,7.6,37,175
2025-03-12,window_van,HONDA,ODYSSEY,white,petrol,W.P. Kuala Lumpur,2014,MINIVAN,3.5,6,A6,x,12.3,8.5,10.6,27,244
2025-03-12,jip,KIA,SPORTAGE,white,petrol,Selangor,2014,SUV - SMALL,2.4,4,A6,x,11.4,8.3,10.0,28,230
2025-03-12,jip,KIA,SPORTAGE,white,petrol,Selangor,2014,SUV - SMALL,2.4,4,M6,x,12.9,9.3,11.3,25,260
2025-03-12,jip,KIA,SPORTAGE,blue,petrol,Rakan Niaga,2014,SUV - SMALL,2.4,4,A6,x,11.4,8.3,10.0,28,230
2025-03-12,jip,KIA,SPORTAGE,blue,petrol,Rakan Niaga,2014,SUV - SMALL,2.4,4,M6,x,12.9,9.3,11.3,25,260
2025-03-12,jip,KIA,SPORTAGE,grey,petrol,Rakan Niaga,2014,SUV - SMALL,2.4,4,A6,x,11.4,8.3,10.0,28,230
2025-03-12,jip,KIA,SPORTAGE,grey,petrol,Rakan Niaga,2014,SUV - SMALL,2.4,4,M6,x,12.9,9.3,11.3,25,260
2025-03-12,jip,KIA,SPORTAGE,white,petrol,Kedah,2014,SUV - SMALL,2.4,4,A6,x,11.4,8.3,10.0,28,230
2025-03-12,jip,KIA,SPORTAGE,white,petrol,Kedah,2014,SUV - SMALL,2.4,4,M6,x,12.9,9.3,11.3,25,260
2025-03-12,jip,MAZDA,CX-5,gold,petrol,Rakan Niaga,2014,SUV - SMALL,2.0,4,AS6,x,8.9,7.3,8.2,34,189
2025-03-12,jip,MAZDA,CX-5,gold,petrol,Rakan Niaga,2014,SUV - SMALL,2.0,4,M6,x,9.0,6.8,8.0,35,184
2025-03-12,jip,MAZDA,CX-5,gold,petrol,Rakan Niaga,2014,SUV - SMALL,2.5,4,AS6,x,9.6,7.4,8.6,33,198
2025-03-12,jip,MAZDA,CX-5,blue,petrol,Rakan Niaga,2014,SUV - SMALL,2.0,4,AS6,x,8.9,7.3,8.2,34,189
2025-03-12,jip,MAZDA,CX-5,blue,petrol,Rakan Niaga,2014,SUV - SMALL,2.0,4,M6,x,9.0,6.8,8.0,35,184
2025-03-12,jip,MAZDA,CX-5,blue,petrol,Rakan Niaga,2014,SUV - SMALL,2.5,4,AS6,x,9.6,7.4,8.6,33,198
2025-03-12,jip,MAZDA,CX-5,gold,petrol,Sarawak,2014,SUV - SMALL,2.0,4,AS6,x,8.9,7.3,8.2,34,189
2025-03-12,jip,MAZDA,CX-5,gold,petrol,Sarawak,2014,SUV - SMALL,2.0,4,M6,x,9.0,6.8,8.0,35,184
2025-03-12,jip,MAZDA,CX-5,gold,petrol,Sarawak,2014,SUV - SMALL,2.5,4,AS6,x,9.6,7.4,8.6,33,198
2025-03-12,jip,MAZDA,CX-5,black,petrol,Rakan Niaga,2014,SUV - SMALL,2.0,4,AS6,x,8.9,7.3,8.2,34,189
2025-03-12,jip,MAZDA,CX-5,black,petrol,Rakan Niaga,2014,SUV - SMALL,2.0,4,M6,x,9.0,6.8,8.0,35,184
2025-03-12,jip,MAZDA,CX-5,black,petrol,Rakan Niaga,2014,SUV - SMALL,2.5,4,AS6,x,9.6,7.4,8.6,33,198
2025-03-12,jip,MAZDA,CX-5,grey,petrol,Rakan Niaga,2014,SUV - SMALL,2.0,4,AS6,x,8.9,7.3,8.2,34,189
2025-03-12,jip,MAZDA,CX-5,grey,petrol,Rakan Niaga,2014,SUV - SMALL,2.0,4,M6,x,9.0,6.8,8.0,35,184
2025-03-12,jip,MAZDA,CX-5,grey,petrol,Rakan Niaga,2014,SUV - SMALL,2.5,4,AS6,x,9.6,7.4,8.6,33,198
2025-03-12,jip,MAZDA,CX-5,white,petrol,Rakan Niaga,2014,SUV - SMALL,2.0,4,AS6,x,8.9,7.3,8.2,34,189
2025-03-12,jip,MAZDA,CX-5,white,petrol,Rakan Niaga,2014,SUV - SMALL,2.0,4,M6,x,9.0,6.8,8.0,35,184
2025-03-12,jip,MAZDA,CX-5,white,petrol,Rakan Niaga,2014,SUV - SMALL,2.5,4,AS6,x,9.6,7.4,8.6,33,198
2025-03-12,jip,MAZDA,CX-5,red,petrol,Rakan Niaga,2014,SUV - SMALL,2.0,4,AS6,x,8.9,7.3,8.2,34,189
2025-03-12,jip,MAZDA,CX-5,red,petrol,Rakan Niaga,2014,SUV - SMALL,2.0,4,M6,x,9.0,6.8,8.0,35,184
2025-03-12,jip,MAZDA,CX-5,red,petrol,Rakan Niaga,2014,SUV - SMALL,2.5,4,AS6,x,9.6,7.4,8.6,33,198
2025-03-12,jip,MAZDA,CX-9,black,petrol,Rakan Niaga,2014,SUV - SMALL,3.7,6,AS6,x,14.2,10.0,12.3,23,283
2025-03-12,motokar,MAZDA,MX-5,white,petrol,Rakan Niaga,2014,TWO-SEATER,2.0,4,AS6,z,11.5,8.5,10.2,28,235
2025-03-12,motokar,MAZDA,MX-5,white,petrol,Rakan Niaga,2014,TWO-SEATER,2.0,4,M5,z,10.5,8.5,9.6,29,221
2025-03-12,motokar,MAZDA,MX-5,white,petrol,Rakan Niaga,2014,TWO-SEATER,2.0,4,M6,z,11.1,8.4,9.9,29,228
2025-03-12,motokar,MITSUBISHI,LANCER,black,petrol,W.P. Kuala Lumpur,2014,COMPACT,2.0,4,AV6,x,9.2,7.0,8.2,34,189
2025-03-12,motokar,MITSUBISHI,LANCER,black,petrol,W.P. Kuala Lumpur,2014,COMPACT,2.0,4,M5,x,9.6,6.8,8.3,34,191
2025-03-12,jip,PORSCHE,CAYENNE,grey,petrol,Selangor,2014,SUV - STANDARD,3.6,6,A8,z,13.6,10.1,12.0,24,276
2025-03-12,jip,PORSCHE,CAYENNE,grey,petrol,Selangor,2014,SUV - STANDARD,3.6,6,M6,z,15.8,10.9,13.6,21,313
2025-03-12,jip,PORSCHE,CAYENNE,grey,petrol,Rakan Niaga,2014,SUV - STANDARD,3.6,6,A8,z,13.6,10.1,12.0,24,276
2025-03-12,jip,PORSCHE,CAYENNE,grey,petrol,Rakan Niaga,2014,SUV - STANDARD,3.6,6,M6,z,15.8,10.9,13.6,21,313
2025-03-12,jip,PORSCHE,CAYENNE,black,petrol,W.P. Kuala Lumpur,2014,SUV - STANDARD,3.6,6,A8,z,13.6,10.1,12.0,24,276
2025-03-12,jip,PORSCHE,CAYENNE,black,petrol,W.P. Kuala Lumpur,2014,SUV - STANDARD,3.6,6,M6,z,15.8,10.9,13.6,21,313
2025-03-12,motokar,SUBARU,BRZ,blue,petrol,W.P. Kuala Lumpur,2014,MINICOMPACT,2.0,4,AS6,z,9.6,7.1,8.5,33,196
2025-03-12,motokar,SUBARU,BRZ,blue,petrol,W.P. Kuala Lumpur,2014,MINICOMPACT,2.0,4,M6,z,11.0,7.9,9.6,29,221
2025-03-12,motokar,TOYOTA,CAMRY,grey,petrol,Rakan Niaga,2014,MID-SIZE,2.5,4,AS6,x,9.5,6.6,8.2,34,189
2025-03-12,motokar,TOYOTA,CAMRY,grey,petrol,Rakan Niaga,2014,MID-SIZE,3.5,6,AS6,x,11.1,7.8,9.6,29,221
2025-03-12,motokar,TOYOTA,YARIS,white,petrol,Rakan Niaga,2014,COMPACT,1.5,4,A4,x,7.9,6.6,7.3,39,168
2025-03-12,motokar,TOYOTA,YARIS,white,petrol,Rakan Niaga,2014,COMPACT,1.5,4,M5,x,7.8,6.3,7.1,40,163
2025-03-12,motokar,TOYOTA,YARIS,red,petrol,Rakan Niaga,2014,COMPACT,1.5,4,A4,x,7.9,6.6,7.3,39,168
2025-03-12,motokar,TOYOTA,YARIS,red,petrol,Rakan Niaga,2014,COMPACT,1.5,4,M5,x,7.8,6.3,7.1,40,163
2025-03-12,motokar,TOYOTA,YARIS,white,petrol,Kedah,2014,COMPACT,1.5,4,A4,x,7.9,6.6,7.3,39,168
2025-03-12,motokar,TOYOTA,YARIS,white,petrol,Kedah,2014,COMPACT,1.5,4,M5,x,7.8,6.3,7.1,40,163
2025-03-12,motokar,TOYOTA,YARIS,silver,petrol,Rakan Niaga,2014,COMPACT,1.5,4,A4,x,7.9,6.6,7.3,39,168
2025-03-12,motokar,TOYOTA,YARIS,silver,petrol,Rakan Niaga,2014,COMPACT,1.5,4,M5,x,7.8,6.3,7.1,40,163
2025-03-12,jip,VOLKSWAGEN,TIGUAN,blue,petrol,Rakan Niaga,2014,SUV - SMALL,2.0,4,A6,z,11.7,9.5,10.7,26,246
2025-03-12,jip,VOLKSWAGEN,TIGUAN,blue,petrol,Rakan Niaga,2014,SUV - SMALL,2.0,4,M6,z,13.6,9.2,11.6,24,267
2025-03-12,jip,VOLKSWAGEN,TIGUAN,black,petrol,Rakan Niaga,2014,SUV - SMALL,2.0,4,A6,z,11.7,9.5,10.7,26,246
2025-03-12,jip,VOLKSWAGEN,TIGUAN,black,petrol,Rakan Niaga,2014,SUV - SMALL,2.0,4,M6,z,13.6,9.2,11.6,24,267
2025-03-12,jip,VOLVO,XC60,black,hybrid_petrol,Sabah,2014,SUV - SMALL,3.2,6,AS6,x,13.0,8.9,11.2,25,258
2025-03-12,jip,VOLVO,XC60,blue,hybrid_petrol,Rakan Niaga,2014,SUV - SMALL,3.2,6,AS6,x,13.0,8.9,11.2,25,258
2025-03-13,motokar,BENTLEY,MULSANNE,black,petrol,W.P. Kuala Lumpur,2014,MID-SIZE,6.8,8,AS8,z,22.3,14.9,19.0,15,437
2025-03-13,jip,HONDA,CR-V,white,hybrid_petrol,Rakan Niaga,2014,SUV - SMALL,2.4,4,A5,x,10.3,7.6,9.1,31,209
2025-03-13,jip,HONDA,CR-V,silver,petrol,Rakan Niaga,2014,SUV - SMALL,2.4,4,A5,x,10.3,7.6,9.1,31,209
2025-03-13,jip,HONDA,CR-V,blue,petrol,Rakan Niaga,2014,SUV - SMALL,2.4,4,A5,x,10.3,7.6,9.1,31,209
2025-03-13,jip,HONDA,CR-V,grey,petrol,Rakan Niaga,2014,SUV - SMALL,2.4,4,A5,x,10.3,7.6,9.1,31,209
2025-03-13,jip,HONDA,CR-V,blue,hybrid_petrol,Melaka,2014,SUV - SMALL,2.4,4,A5,x,10.3,7.6,9.1,31,209
2025-03-13,jip,HONDA,CR-V,blue,hybrid_petrol,Pahang,2014,SUV - SMALL,2.4,4,A5,x,10.3,7.6,9.1,31,209
2025-03-13,jip,HONDA,CR-V,silver,petrol,Johor,2014,SUV - SMALL,2.4,4,A5,x,10.3,7.6,9.1,31,209
2025-03-13,jip,HONDA,CR-V,white,petrol,Rakan Niaga,2014,SUV - SMALL,2.4,4,A5,x,10.3,7.6,9.1,31,209
2025-03-13,jip,HONDA,CR-V,grey,hybrid_petrol,Rakan Niaga,2014,SUV - SMALL,2.4,4,A5,x,10.3,7.6,9.1,31,209
2025-03-13,jip,HONDA,CR-V,blue,hybrid_petrol,Rakan Niaga,2014,SUV - SMALL,2.4,4,A5,x,10.3,7.6,9.1,31,209
2025-03-13,jip,HONDA,CR-V,red,hybrid_petrol,W.P. Kuala Lumpur,2014,SUV - SMALL,2.4,4,A5,x,10.3,7.6,9.1,31,209
2025-03-13,jip,HONDA,CR-V,silver,hybrid_petrol,Rakan Niaga,2014,SUV - SMALL,2.4,4,A5,x,10.3,7.6,9.1,31,209
2025-03-13,jip,HONDA,CR-V,red,petrol,Rakan Niaga,2014,SUV - SMALL,2.4,4,A5,x,10.3,7.6,9.1,31,209
2025-03-13,motokar,HONDA,CIVIC,black,petrol,Rakan Niaga,2014,COMPACT,1.8,4,AV,x,7.9,6.0,7.0,40,161
2025-03-13,motokar,HONDA,CIVIC,black,petrol,Rakan Niaga,2014,COMPACT,1.8,4,AV7,x,8.1,6.2,7.2,39,166
2025-03-13,motokar,HONDA,CIVIC,black,petrol,Rakan Niaga,2014,COMPACT,1.8,4,M5,x,8.5,6.6,7.6,37,175
2025-03-13,motokar,HONDA,CIVIC,white,petrol,Rakan Niaga,2014,COMPACT,1.8,4,AV,x,7.9,6.0,7.0,40,161
2025-03-13,motokar,HONDA,CIVIC,white,petrol,Rakan Niaga,2014,COMPACT,1.8,4,AV7,x,8.1,6.2,7.2,39,166
2025-03-13,motokar,HONDA,CIVIC,white,petrol,Rakan Niaga,2014,COMPACT,1.8,4,M5,x,8.5,6.6,7.6,37,175
2025-03-13,motokar,HONDA,CIVIC,blue,petrol,Rakan Niaga,2014,COMPACT,1.8,4,AV,x,7.9,6.0,7.0,40,161
2025-03-13,motokar,HONDA,CIVIC,blue,petrol,Rakan Niaga,2014,COMPACT,1.8,4,AV7,x,8.1,6.2,7.2,39,166
2025-03-13,motokar,HONDA,CIVIC,blue,petrol,Rakan Niaga,2014,COMPACT,1.8,4,M5,x,8.5,6.6,7.6,37,175
2025-03-13,motokar,HONDA,CIVIC,red,petrol,Rakan Niaga,2014,COMPACT,1.8,4,AV,x,7.9,6.0,7.0,40,161
2025-03-13,motokar,HONDA,CIVIC,red,petrol,Rakan Niaga,2014,COMPACT,1.8,4,AV7,x,8.1,6.2,7.2,39,166
2025-03-13,motokar,HONDA,CIVIC,red,petrol,Rakan Niaga,2014,COMPACT,1.8,4,M5,x,8.5,6.6,7.6,37,175
2025-03-13,motokar,HONDA,CIVIC,grey,petrol,Rakan Niaga,2014,COMPACT,1.8,4,AV,x,7.9,6.0,7.0,40,161
2025-03-13,motokar,HONDA,CIVIC,grey,petrol,Rakan Niaga,2014,COMPACT,1.8,4,AV7,x,8.1,6.2,7.2,39,166
2025-03-13,motokar,HONDA,CIVIC,grey,petrol,Rakan Niaga,2014,COMPACT,1.8,4,M5,x,8.5,6.6,7.6,37,175
2025-03-13,motokar,HONDA,CIVIC,grey,petrol,W.P. Kuala Lumpur,2014,COMPACT,1.8,4,AV,x,7.9,6.0,7.0,40,161
2025-03-13,motokar,HONDA,CIVIC,grey,petrol,W.P. Kuala Lumpur,2014,COMPACT,1.8,4,AV7,x,8.1,6.2,7.2,39,166
2025-03-13,motokar,HONDA,CIVIC,grey,petrol,W.P. Kuala Lumpur,2014,COMPACT,1.8,4,M5,x,8.5,6.6,7.6,37,175
2025-03-13,motokar,HONDA,CIVIC,white,petrol,Selangor,2014,COMPACT,1.8,4,AV,x,7.9,6.0,7.0,40,161
2025-03-13,motokar,HONDA,CIVIC,white,petrol,Selangor,2014,COMPACT,1.8,4,AV7,x,8.1,6.2,7.2,39,166
2025-03-13,motokar,HONDA,CIVIC,white,petrol,Selangor,2014,COMPACT,1.8,4,M5,x,8.5,6.6,7.6,37,175
2025-03-13,motokar,HONDA,CIVIC,black,petrol,Selangor,2014,COMPACT,1.8,4,AV,x,7.9,6.0,7.0,40,161
2025-03-13,motokar,HONDA,CIVIC,black,petrol,Selangor,2014,COMPACT,1.8,4,AV7,x,8.1,6.2,7.2,39,166
2025-03-13,motokar,HONDA,CIVIC,black,petrol,Selangor,2014,COMPACT,1.8,4,M5,x,8.5,6.6,7.6,37,175
2025-03-13,motokar,HONDA,CIVIC,blue,petrol,W.P. Kuala Lumpur,2014,COMPACT,1.8,4,AV,x,7.9,6.0,7.0,40,161
2025-03-13,motokar,HONDA,CIVIC,blue,petrol,W.P. Kuala Lumpur,2014,COMPACT,1.8,4,AV7,x,8.1,6.2,7.2,39,166
2025-03-13,motokar,HONDA,CIVIC,blue,petrol,W.P. Kuala Lumpur,2014,COMPACT,1.8,4,M5,x,8.5,6.6,7.6,37,175
2025-03-13,motokar,HONDA,CIVIC,blue,hybrid_petrol,Rakan Niaga,2014,COMPACT,1.8,4,AV,x,7.9,6.0,7.0,40,161
2025-03-13,motokar,HONDA,CIVIC,blue,hybrid_petrol,Rakan Niaga,2014,COMPACT,1.8,4,AV7,x,8.1,6.2,7.2,39,166
2025-03-13,motokar,HONDA,CIVIC,blue,hybrid_petrol,Rakan Niaga,2014,COMPACT,1.8,4,M5,x,8.5,6.6,7.6,37,175
2025-03-13,motokar,HONDA,CIVIC,white,petrol,W.P. Kuala Lumpur,2014,COMPACT,1.8,4,AV,x,7.9,6.0,7.0,40,161
2025-03-13,motokar,HONDA,CIVIC,white,petrol,W.P. Kuala Lumpur,2014,COMPACT,1.8,4,AV7,x,8.1,6.2,7.2,39,166
2025-03-13,motokar,HONDA,CIVIC,white,petrol,W.P. Kuala Lumpur,2014,COMPACT,1.8,4,M5,x,8.5,6.6,7.6,37,175
2025-03-13,window_van,HONDA,ODYSSEY,black,petrol,W.P. Kuala Lumpur,2014,MINIVAN,3.5,6,A6,x,12.3,8.5,10.6,27,244
2025-03-13,jip,HYUNDAI,SANTA FE,blue,hybrid_petrol,Rakan Niaga,2014,SUV - SMALL,3.3,6,A6,x,13.0,9.1,11.2,25,258
2025-03-13,motokar,JAGUAR,XF,white,petrol,W.P. Kuala Lumpur,2014,MID-SIZE,2.0,4,AS8,z,12.3,8.2,10.5,27,242
2025-03-13,jip,KIA,SPORTAGE,white,petrol,Rakan Niaga,2014,SUV - SMALL,2.4,4,A6,x,11.4,8.3,10.0,28,230
2025-03-13,jip,KIA,SPORTAGE,white,petrol,Rakan Niaga,2014,SUV - SMALL,2.4,4,M6,x,12.9,9.3,11.3,25,260
2025-03-13,jip,MAZDA,CX-5,gold,petrol,Rakan Niaga,2014,SUV - SMALL,2.0,4,AS6,x,8.9,7.3,8.2,34,189
2025-03-13,jip,MAZDA,CX-5,gold,petrol,Rakan Niaga,2014,SUV - SMALL,2.0,4,M6,x,9.0,6.8,8.0,35,184
2025-03-13,jip,MAZDA,CX-5,gold,petrol,Rakan Niaga,2014,SUV - SMALL,2.5,4,AS6,x,9.6,7.4,8.6,33,198
2025-03-13,jip,MAZDA,CX-5,red,petrol,Rakan Niaga,2014,SUV - SMALL,2.0,4,AS6,x,8.9,7.3,8.2,34,189
2025-03-13,jip,MAZDA,CX-5,red,petrol,Rakan Niaga,2014,SUV - SMALL,2.0,4,M6,x,9.0,6.8,8.0,35,184
2025-03-13,jip,MAZDA,CX-5,red,petrol,Rakan Niaga,2014,SUV - SMALL,2.5,4,AS6,x,9.6,7.4,8.6,33,198
2025-03-13,jip,MAZDA,CX-5,blue,petrol,Rakan Niaga,2014,SUV - SMALL,2.0,4,AS6,x,8.9,7.3,8.2,34,189
2025-03-13,jip,MAZDA,CX-5,blue,petrol,Rakan Niaga,2014,SUV - SMALL,2.0,4,M6,x,9.0,6.8,8.0,35,184
2025-03-13,jip,MAZDA,CX-5,blue,petrol,Rakan Niaga,2014,SUV - SMALL,2.5,4,AS6,x,9.6,7.4,8.6,33,198
2025-03-13,jip,MAZDA,CX-5,grey,petrol,Rakan Niaga,2014,SUV - SMALL,2.0,4,AS6,x,8.9,7.3,8.2,34,189
2025-03-13,jip,MAZDA,CX-5,grey,petrol,Rakan Niaga,2014,SUV - SMALL,2.0,4,M6,x,9.0,6.8,8.0,35,184
2025-03-13,jip,MAZDA,CX-5,grey,petrol,Rakan Niaga,2014,SUV - SMALL,2.5,4,AS6,x,9.6,7.4,8.6,33,198
2025-03-13,motokar,PORSCHE,911 CARRERA,grey,petrol,W.P. Kuala Lumpur,2014,MINICOMPACT,3.4,6,AM7,z,11.6,8.3,10.1,28,232
2025-03-13,motokar,PORSCHE,911 CARRERA,grey,petrol,W.P. Kuala Lumpur,2014,MINICOMPACT,3.4,6,M7,z,12.5,8.6,10.7,26,246
2025-03-13,motokar,PORSCHE,911 GT3,gold,petrol,Johor,2014,TWO-SEATER,3.8,6,AM7,z,16.0,11.5,14.0,20,322
2025-03-13,jip,PORSCHE,CAYENNE,white,petrol,W.P. Kuala Lumpur,2014,SUV - STANDARD,3.6,6,A8,z,13.6,10.1,12.0,24,276
2025-03-13,jip,PORSCHE,CAYENNE,white,petrol,W.P. Kuala Lumpur,2014,SUV - STANDARD,3.6,6,M6,z,15.8,10.9,13.6,21,313
2025-03-13,motokar,TOYOTA,CAMRY,grey,hybrid_petrol,Perak,2014,MID-SIZE,2.5,4,AS6,x,9.5,6.6,8.2,34,189
2025-03-13,motokar,TOYOTA,CAMRY,grey,hybrid_petrol,Perak,2014,MID-SIZE,3.5,6,AS6,x,11.1,7.8,9.6,29,221
2025-03-13,motokar,TOYOTA,YARIS,white,petrol,Rakan Niaga,2014,COMPACT,1.5,4,A4,x,7.9,6.6,7.3,39,168
2025-03-13,motokar,TOYOTA,YARIS,white,petrol,Rakan Niaga,2014,COMPACT,1.5,4,M5,x,7.8,6.3,7.1,40,163
2025-03-13,motokar,TOYOTA,YARIS,red,petrol,Rakan Niaga,2014,COMPACT,1.5,4,A4,x,7.9,6.6,7.3,39,168
2025-03-13,motokar,TOYOTA,YARIS,red,petrol,Rakan Niaga,2014,COMPACT,1.5,4,M5,x,7.8,6.3,7.1,40,163
2025-03-13,motokar,TOYOTA,YARIS,silver,petrol,Rakan Niaga,2014,COMPACT,1.5,4,A4,x,7.9,6.6,7.3,39,168
2025-03-13,motokar,TOYOTA,YARIS,silver,petrol,Rakan Niaga,2014,COMPACT,1.5,4,M5,x,7.8,6.3,7.1,40,163
2025-03-13,motokar,TOYOTA,YARIS,red,petrol,Selangor,2014,COMPACT,1.5,4,A4,x,7.9,6.6,7.3,39,168
2025-03-13,motokar,TOYOTA,YARIS,red,petrol,Selangor,2014,COMPACT,1.5,4,M5,x,7.8,6.3,7.1,40,163
2025-03-13,jip,VOLKSWAGEN,TIGUAN,black,petrol,Rakan Niaga,2014,SUV - SMALL,2.0,4,A6,z,11.7,9.5,10.7,26,246
2025-03-13,jip,VOLKSWAGEN,TIGUAN,black,petrol,Rakan Niaga,2014,SUV - SMALL,2.0,4,M6,z,13.6,9.2,11.6,24,267
2025-03-13,jip,VOLKSWAGEN,TIGUAN,grey,petrol,Rakan Niaga,2014,SUV - SMALL,2.0,4,A6,z,11.7,9.5,10.7,26,246
2025-03-13,jip,VOLKSWAGEN,TIGUAN,grey,petrol,Rakan Niaga,2014,SUV - SMALL,2.0,4,M6,z,13.6,9.2,11.6,24,267
2025-03-14,jip,HONDA,CR-V,blue,petrol,Johor,2014,SUV - SMALL,2.4,4,A5,x,10.3,7.6,9.1,31,209
2025-03-14,jip,HONDA,CR-V,blue,petrol,Rakan Niaga,2014,SUV - SMALL,2.4,4,A5,x,10.3,7.6,9.1,31,209
2025-03-14,jip,HONDA,CR-V,grey,petrol,Rakan Niaga,2014,SUV - SMALL,2.4,4,A5,x,10.3,7.6,9.1,31,209
2025-03-14,jip,HONDA,CR-V,white,hybrid_petrol,Rakan Niaga,2014,SUV - SMALL,2.4,4,A5,x,10.3,7.6,9.1,31,209
2025-03-14,jip,HONDA,CR-V,blue,hybrid_petrol,Rakan Niaga,2014,SUV - SMALL,2.4,4,A5,x,10.3,7.6,9.1,31,209
2025-03-14,jip,HONDA,CR-V,red,hybrid_petrol,Rakan Niaga,2014,SUV - SMALL,2.4,4,A5,x,10.3,7.6,9.1,31,209
2025-03-14,jip,HONDA,CR-V,silver,petrol,Rakan Niaga,2014,SUV - SMALL,2.4,4,A5,x,10.3,7.6,9.1,31,209
2025-03-14,jip,HONDA,CR-V,white,hybrid_petrol,Sarawak,2014,SUV - SMALL,2.4,4,A5,x,10.3,7.6,9.1,31,209
2025-03-14,jip,HONDA,CR-V,blue,petrol,Selangor,2014,SUV - SMALL,2.4,4,A5,x,10.3,7.6,9.1,31,209
2025-03-14,jip,HONDA,CR-V,grey,petrol,Negeri Sembilan,2014,SUV - SMALL,2.4,4,A5,x,10.3,7.6,9.1,31,209
2025-03-14,jip,HONDA,CR-V,red,petrol,Rakan Niaga,2014,SUV - SMALL,2.4,4,A5,x,10.3,7.6,9.1,31,209
2025-03-14,jip,HONDA,CR-V,white,petrol,Rakan Niaga,2014,SUV - SMALL,2.4,4,A5,x,10.3,7.6,9.1,31,209
2025-03-14,jip,HONDA,CR-V,silver,hybrid_petrol,Rakan Niaga,2014,SUV - SMALL,2.4,4,A5,x,10.3,7.6,9.1,31,209
2025-03-14,jip,HONDA,CR-V,silver,petrol,W.P. Kuala Lumpur,2014,SUV - SMALL,2.4,4,A5,x,10.3,7.6,9.1,31,209
2025-03-14,jip,HONDA,CR-V,silver,hybrid_petrol,W.P. Kuala Lumpur,2014,SUV - SMALL,2.4,4,A5,x,10.3,7.6,9.1,31,209
2025-03-14,jip,HONDA,CR-V,white,hybrid_petrol,Selangor,2014,SUV - SMALL,2.4,4,A5,x,10.3,7.6,9.1,31,209
2025-03-14,jip,HONDA,CR-V,grey,petrol,Pulau Pinang,2014,SUV - SMALL,2.4,4,A5,x,10.3,7.6,9.1,31,209
2025-03-14,jip,HONDA,CR-V,silver,petrol,Sarawak,2014,SUV - SMALL,2.4,4,A5,x,10.3,7.6,9.1,31,209
2025-03-14,jip,HONDA,CR-V,grey,hybrid_petrol,Rakan Niaga,2014,SUV - SMALL,2.4,4,A5,x,10.3,7.6,9.1,31,209
2025-03-14,jip,HONDA,CR-V,grey,hybrid_petrol,W.P. Kuala Lumpur,2014,SUV - SMALL,2.4,4,A5,x,10.3,7.6,9.1,31,209
2025-03-14,jip,HONDA,CR-V,grey,petrol,Sarawak,2014,SUV - SMALL,2.4,4,A5,x,10.3,7.6,9.1,31,209
2025-03-14,jip,HONDA,CR-V,grey,petrol,W.P. Kuala Lumpur,2014,SUV - SMALL,2.4,4,A5,x,10.3,7.6,9.1,31,209
2025-03-14,jip,HONDA,CR-V,blue,petrol,Perak,2014,SUV - SMALL,2.4,4,A5,x,10.3,7.6,9.1,31,209
2025-03-14,motokar,HONDA,CIVIC,blue,petrol,Rakan Niaga,2014,COMPACT,1.8,4,AV,x,7.9,6.0,7.0,40,161
2025-03-14,motokar,HONDA,CIVIC,blue,petrol,Rakan Niaga,2014,COMPACT,1.8,4,AV7,x,8.1,6.2,7.2,39,166
2025-03-14,motokar,HONDA,CIVIC,blue,petrol,Rakan Niaga,2014,COMPACT,1.8,4,M5,x,8.5,6.6,7.6,37,175
2025-03-14,motokar,HONDA,CIVIC,black,petrol,Pulau Pinang,2014,COMPACT,1.8,4,AV,x,7.9,6.0,7.0,40,161
2025-03-14,motokar,HONDA,CIVIC,black,petrol,Pulau Pinang,2014,COMPACT,1.8,4,AV7,x,8.1,6.2,7.2,39,166
2025-03-14,motokar,HONDA,CIVIC,black,petrol,Pulau Pinang,2014,COMPACT,1.8,4,M5,x,8.5,6.6,7.6,37,175
2025-03-14,motokar,HONDA,CIVIC,blue,petrol,W.P. Kuala Lumpur,2014,COMPACT,1.8,4,AV,x,7.9,6.0,7.0,40,161
2025-03-14,motokar,HONDA,CIVIC,blue,petrol,W.P. Kuala Lumpur,2014,COMPACT,1.8,4,AV7,x,8.1,6.2,7.2,39,166
2025-03-14,motokar,HONDA,CIVIC,blue,petrol,W.P. Kuala Lumpur,2014,COMPACT,1.8,4,M5,x,8.5,6.6,7.6,37,175
2025-03-14,motokar,HONDA,CIVIC,black,petrol,Rakan Niaga,2014,COMPACT,1.8,4,AV,x,7.9,6.0,7.0,40,161
2025-03-14,motokar,HONDA,CIVIC,black,petrol,Rakan Niaga,2014,COMPACT,1.8,4,AV7,x,8.1,6.2,7.2,39,166
2025-03-14,motokar,HONDA,CIVIC,black,petrol,Rakan Niaga,2014,COMPACT,1.8,4,M5,x,8.5,6.6,7.6,37,175
2025-03-14,motokar,HONDA,CIVIC,grey,petrol,Rakan Niaga,2014,COMPACT,1.8,4,AV,x,7.9,6.0,7.0,40,161
2025-03-14,motokar,HONDA,CIVIC,grey,petrol,Rakan Niaga,2014,COMPACT,1.8,4,AV7,x,8.1,6.2,7.2,39,166
2025-03-14,motokar,HONDA,CIVIC,grey,petrol,Rakan Niaga,2014,COMPACT,1.8,4,M5,x,8.5,6.6,7.6,37,175
2025-03-14,motokar,HONDA,CIVIC,white,petrol,Melaka,2014,COMPACT,1.8,4,AV,x,7.9,6.0,7.0,40,161
2025-03-14,motokar,HONDA,CIVIC,white,petrol,Melaka,2014,COMPACT,1.8,4,AV7,x,8.1,6.2,7.2,39,166
2025-03-14,motokar,HONDA,CIVIC,white,petrol,Melaka,2014,COMPACT,1.8,4,M5,x,8.5,6.6,7.6,37,175
2025-03-14,motokar,HONDA,CIVIC,white,petrol,Rakan Niaga,2014,COMPACT,1.8,4,AV,x,7.9,6.0,7.0,40,161
2025-03-14,motokar,HONDA,CIVIC,white,petrol,Rakan Niaga,2014,COMPACT,1.8,4,AV7,x,8.1,6.2,7.2,39,166
2025-03-14,motokar,HONDA,CIVIC,white,petrol,Rakan Niaga,2014,COMPACT,1.8,4,M5,x,8.5,6.6,7.6,37,175
2025-03-14,motokar,HONDA,CIVIC,red,petrol,Rakan Niaga,2014,COMPACT,1.8,4,AV,x,7.9,6.0,7.0,40,161
2025-03-14,motokar,HONDA,CIVIC,red,petrol,Rakan Niaga,2014,COMPACT,1.8,4,AV7,x,8.1,6.2,7.2,39,166
2025-03-14,motokar,HONDA,CIVIC,red,petrol,Rakan Niaga,2014,COMPACT,1.8,4,M5,x,8.5,6.6,7.6,37,175
2025-03-14,motokar,HONDA,CIVIC,blue,petrol,Negeri Sembilan,2014,COMPACT,1.8,4,AV,x,7.9,6.0,7.0,40,161
2025-03-14,motokar,HONDA,CIVIC,blue,petrol,Negeri Sembilan,2014,COMPACT,1.8,4,AV7,x,8.1,6.2,7.2,39,166
2025-03-14,motokar,HONDA,CIVIC,blue,petrol,Negeri Sembilan,2014,COMPACT,1.8,4,M5,x,8.5,6.6,7.6,37,175
2025-03-14,motokar,HONDA,CIVIC,grey,petrol,Selangor,2014,COMPACT,1.8,4,AV,x,7.9,6.0,7.0,40,161
2025-03-14,motokar,HONDA,CIVIC,grey,petrol,Selangor,2014,COMPACT,1.8,4,AV7,x,8.1,6.2,7.2,39,166
2025-03-14,motokar,HONDA,CIVIC,grey,petrol,Selangor,2014,COMPACT,1.8,4,M5,x,8.5,6.6,7.6,37,175
2025-03-14,motokar,HONDA,CIVIC,red,petrol,Selangor,2014,COMPACT,1.8,4,AV,x,7.9,6.0,7.0,40,161
2025-03-14,motokar,HONDA,CIVIC,red,petrol,Selangor,2014,COMPACT,1.8,4,AV7,x,8.1,6.2,7.2,39,166
2025-03-14,motokar,HONDA,CIVIC,red,petrol,Selangor,2014,COMPACT,1.8,4,M5,x,8.5,6.6,7.6,37,175
2025-03-14,motokar,HONDA,CIVIC,blue,petrol,Selangor,2014,COMPACT,1.8,4,AV,x,7.9,6.0,7.0,40,161
2025-03-14,motokar,HONDA,CIVIC,blue,petrol,Selangor,2014,COMPACT,1.8,4,AV7,x,8.1,6.2,7.2,39,166
2025-03-14,motokar,HONDA,CIVIC,blue,petrol,Selangor,2014,COMPACT,1.8,4,M5,x,8.5,6.6,7.6,37,175
2025-03-14,motokar,HONDA,CIVIC,grey,petrol,W.P. Kuala Lumpur,2014,COMPACT,1.8,4,AV,x,7.9,6.0,7.0,40,161
2025-03-14,motokar,HONDA,CIVIC,grey,petrol,W.P. Kuala Lumpur,2014,COMPACT,1.8,4,AV7,x,8.1,6.2,7.2,39,166
2025-03-14,motokar,HONDA,CIVIC,grey,petrol,W.P. Kuala Lumpur,2014,COMPACT,1.8,4,M5,x,8.5,6.6,7.6,37,175
2025-03-14,motokar,HONDA,CIVIC,black,petrol,Johor,2014,COMPACT,1.8,4,AV,x,7.9,6.0,7.0,40,161
2025-03-14,motokar,HONDA,CIVIC,black,petrol,Johor,2014,COMPACT,1.8,4,AV7,x,8.1,6.2,7.2,39,166
2025-03-14,motokar,HONDA,CIVIC,black,petrol,Johor,2014,COMPACT,1.8,4,M5,x,8.5,6.6,7.6,37,175
2025-03-14,motokar,HONDA,CIVIC,red,petrol,Pulau Pinang,2014,COMPACT,1.8,4,AV,x,7.9,6.0,7.0,40,161
2025-03-14,motokar,HONDA,CIVIC,red,petrol,Pulau Pinang,2014,COMPACT,1.8,4,AV7,x,8.1,6.2,7.2,39,166
2025-03-14,motokar,HONDA,CIVIC,red,petrol,Pulau Pinang,2014,COMPACT,1.8,4,M5,x,8.5,6.6,7.6,37,175
2025-03-14,motokar,HONDA,CIVIC,white,petrol,Selangor,2014,COMPACT,1.8,4,AV,x,7.9,6.0,7.0,40,161
2025-03-14,motokar,HONDA,CIVIC,white,petrol,Selangor,2014,COMPACT,1.8,4,AV7,x,8.1,6.2,7.2,39,166
2025-03-14,motokar,HONDA,CIVIC,white,petrol,Selangor,2014,COMPACT,1.8,4,M5,x,8.5,6.6,7.6,37,175
2025-03-14,motokar,HONDA,CIVIC,blue,petrol,Johor,2014,COMPACT,1.8,4,AV,x,7.9,6.0,7.0,40,161
2025-03-14,motokar,HONDA,CIVIC,blue,petrol,Johor,2014,COMPACT,1.8,4,AV7,x,8.1,6.2,7.2,39,166
2025-03-14,motokar,HONDA,CIVIC,blue,petrol,Johor,2014,COMPACT,1.8,4,M5,x,8.5,6.6,7.6,37,175
2025-03-14,motokar,HONDA,CIVIC,red,petrol,Johor,2014,COMPACT,1.8,4,AV,x,7.9,6.0,7.0,40,161
2025-03-14,motokar,HONDA,CIVIC,red,petrol,Johor,2014,COMPACT,1.8,4,AV7,x,8.1,6.2,7.2,39,166
2025-03-14,motokar,HONDA,CIVIC,red,petrol,Johor,2014,COMPACT,1.8,4,M5,x,8.5,6.6,7.6,37,175
2025-03-14,motokar,HONDA,CIVIC,blue,hybrid_petrol,Rakan Niaga,2014,COMPACT,1.8,4,AV,x,7.9,6.0,7.0,40,161
2025-03-14,motokar,HONDA,CIVIC,blue,hybrid_petrol,Rakan Niaga,2014,COMPACT,1.8,4,AV7,x,8.1,6.2,7.2,39,166
2025-03-14,motokar,HONDA,CIVIC,blue,hybrid_petrol,Rakan Niaga,2014,COMPACT,1.8,4,M5,x,8.5,6.6,7.6,37,175
2025-03-14,motokar,HONDA,CIVIC,blue,petrol,Perlis,2014,COMPACT,1.8,4,AV,x,7.9,6.0,7.0,40,161
2025-03-14,motokar,HONDA,CIVIC,blue,petrol,Perlis,2014,COMPACT,1.8,4,AV7,x,8.1,6.2,7.2,39,166
2025-03-14,motokar,HONDA,CIVIC,blue,petrol,Perlis,2014,COMPACT,1.8,4,M5,x,8.5,6.6,7.6,37,175
2025-03-14,motokar,HONDA,CIVIC,black,petrol,Selangor,2014,COMPACT,1.8,4,AV,x,7.9,6.0,7.0,40,161
2025-03-14,motokar,HONDA,CIVIC,black,petrol,Selangor,2014,COMPACT,1.8,4,AV7,x,8.1,6.2,7.2,39,166
2025-03-14,motokar,HONDA,CIVIC,black,petrol,Selangor,2014,COMPACT,1.8,4,M5,x,8.5,6.6,7.6,37,175
2025-03-14,motokar,HONDA,CIVIC,white,petrol,Johor,2014,COMPACT,1.8,4,AV,x,7.9,6.0,7.0,40,161
2025-03-14,motokar,HONDA,CIVIC,white,petrol,Johor,2014,COMPACT,1.8,4,AV7,x,8.1,6.2,7.2,39,166
2025-03-14,motokar,HONDA,CIVIC,white,petrol,Johor,2014,COMPACT,1.8,4,M5,x,8.5,6.6,7.6,37,175
2025-03-14,jip,HYUNDAI,SANTA FE,blue,hybrid_petrol,Johor,2014,SUV - SMALL,3.3,6,A6,x,13.0,9.1,11.2,25,258
2025-03-14,jip,KIA,SPORTAGE,black,petrol,Rakan Niaga,2014,SUV - SMALL,2.4,4,A6,x,11.4,8.3,10.0,28,230
2025-03-14,jip,KIA,SPORTAGE,black,petrol,Rakan Niaga,2014,SUV - SMALL,2.4,4,M6,x,12.9,9.3,11.3,25,260
2025-03-14,jip,MAZDA,CX-5,blue,petrol,Rakan Niaga,2014,SUV - SMALL,2.0,4,AS6,x,8.9,7.3,8.2,34,189
2025-03-14,jip,MAZDA,CX-5,blue,petrol,Rakan Niaga,2014,SUV - SMALL,2.0,4,M6,x,9.0,6.8,8.0,35,184
2025-03-14,jip,MAZDA,CX-5,blue,petrol,Rakan Niaga,2014,SUV - SMALL,2.5,4,AS6,x,9.6,7.4,8.6,33,198
2025-03-14,jip,MAZDA,CX-5,gold,petrol,Rakan Niaga,2014,SUV - SMALL,2.0,4,AS6,x,8.9,7.3,8.2,34,189
2025-03-14,jip,MAZDA,CX-5,gold,petrol,Rakan Niaga,2014,SUV - SMALL,2.0,4,M6,x,9.0,6.8,8.0,35,184
2025-03-14,jip,MAZDA,CX-5,gold,petrol,Rakan Niaga,2014,SUV - SMALL,2.5,4,AS6,x,9.6,7.4,8.6,33,198
2025-03-14,jip,MAZDA,CX-5,grey,petrol,Rakan Niaga,2014,SUV - SMALL,2.0,4,AS6,x,8.9,7.3,8.2,34,189
2025-03-14,jip,MAZDA,CX-5,grey,petrol,Rakan Niaga,2014,SUV - SMALL,2.0,4,M6,x,9.0,6.8,8.0,35,184
2025-03-14,jip,MAZDA,CX-5,grey,petrol,Rakan Niaga,2014,SUV - SMALL,2.5,4,AS6,x,9.6,7.4,8.6,33,198
2025-03-14,jip,MAZDA,CX-5,grey,petrol,W.P. Kuala Lumpur,2014,SUV - SMALL,2.0,4,AS6,x,8.9,7.3,8.2,34,189
2025-03-14,jip,MAZDA,CX-5,grey,petrol,W.P. Kuala Lumpur,2014,SUV - SMALL,2.0,4,M6,x,9.0,6.8,8.0,35,184
2025-03-14,jip,MAZDA,CX-5,grey,petrol,W.P. Kuala Lumpur,2014,SUV - SMALL,2.5,4,AS6,x,9.6,7.4,8.6,33,198
2025-03-14,jip,MAZDA,CX-5,white,petrol,Pahang,2014,SUV - SMALL,2.0,4,AS6,x,8.9,7.3,8.2,34,189
2025-03-14,jip,MAZDA,CX-5,white,petrol,Pahang,2014,SUV - SMALL,2.0,4,M6,x,9.0,6.8,8.0,35,184
2025-03-14,jip,MAZDA,CX-5,white,petrol,Pahang,2014,SUV - SMALL,2.5,4,AS6,x,9.6,7.4,8.6,33,198
2025-03-14,jip,MAZDA,CX-5,red,petrol,Rakan Niaga,2014,SUV - SMALL,2.0,4,AS6,x,8.9,7.3,8.2,34,189
2025-03-14,jip,MAZDA,CX-5,red,petrol,Rakan Niaga,2014,SUV - SMALL,2.0,4,M6,x,9.0,6.8,8.0,35,184
2025-03-14,jip,MAZDA,CX-5,red,petrol,Rakan Niaga,2014,SUV - SMALL,2.5,4,AS6,x,9.6,7.4,8.6,33,198
2025-03-14,jip,MAZDA,CX-5,red,petrol,W.P. Kuala Lumpur,2014,SUV - SMALL,2.0,4,AS6,x,8.9,7.3,8.2,34,189
2025-03-14,jip,MAZDA,CX-5,red,petrol,W.P. Kuala Lumpur,2014,SUV - SMALL,2.0,4,M6,x,9.0,6.8,8.0,35,184
2025-03-14,jip,MAZDA,CX-5,red,petrol,W.P. Kuala Lumpur,2014,SUV - SMALL,2.5,4,AS6,x,9.6,7.4,8.6,33,198
2025-03-14,motokar,NISSAN,GT-R,white,petrol,W.P. Kuala Lumpur,2014,SUBCOMPACT,3.8,6,AM6,z,14.5,10.9,12.9,22,297
2025-03-14,motokar,PORSCHE,911 CARRERA,white,petrol,Rakan Niaga,2014,MINICOMPACT,3.4,6,AM7,z,11.6,8.3,10.1,28,232
2025-03-14,motokar,PORSCHE,911 CARRERA,white,petrol,Rakan Niaga,2014,MINICOMPACT,3.4,6,M7,z,12.5,8.6,10.7,26,246
2025-03-14,jip,PORSCHE,CAYENNE,black,petrol,W.P. Kuala Lumpur,2014,SUV - STANDARD,3.6,6,A8,z,13.6,10.1,12.0,24,276
2025-03-14,jip,PORSCHE,CAYENNE,black,petrol,W.P. Kuala Lumpur,2014,SUV - STANDARD,3.6,6,M6,z,15.8,10.9,13.6,21,313
2025-03-14,jip,PORSCHE,CAYENNE,grey,petrol,Rakan Niaga,2014,SUV - STANDARD,3.6,6,A8,z,13.6,10.1,12.0,24,276
2025-03-14,jip,PORSCHE,CAYENNE,grey,petrol,Rakan Niaga,2014,SUV - STANDARD,3.6,6,M6,z,15.8,10.9,13.6,21,313
2025-03-14,motokar,PORSCHE,PANAMERA,yellow,petrol,W.P. Kuala Lumpur,2014,FULL-SIZE,3.6,6,AM7,z,12.9,8.4,10.9,26,251
2025-03-14,motokar,SUBARU,BRZ,silver,petrol,Pulau Pinang,2014,MINICOMPACT,2.0,4,AS6,z,9.6,7.1,8.5,33,196
2025-03-14,motokar,SUBARU,BRZ,silver,petrol,Pulau Pinang,2014,MINICOMPACT,2.0,4,M6,z,11.0,7.9,9.6,29,221
2025-03-14,motokar,SUBARU,BRZ,blue,petrol,Rakan Niaga,2014,MINICOMPACT,2.0,4,AS6,z,9.6,7.1,8.5,33,196
2025-03-14,motokar,SUBARU,BRZ,blue,petrol,Rakan Niaga,2014,MINICOMPACT,2.0,4,M6,z,11.0,7.9,9.6,29,221
2025-03-14,motokar,TOYOTA,CAMRY,grey,petrol,Rakan Niaga,2014,MID-SIZE,2.5,4,AS6,x,9.5,6.6,8.2,34,189
2025-03-14,motokar,TOYOTA,CAMRY,grey,petrol,Rakan Niaga,2014,MID-SIZE,3.5,6,AS6,x,11.1,7.8,9.6,29,221
2025-03-14,motokar,TOYOTA,CAMRY,white,hybrid_petrol,Rakan Niaga,2014,MID-SIZE,2.5,4,AS6,x,9.5,6.6,8.2,34,189
2025-03-14,motokar,TOYOTA,CAMRY,white,hybrid_petrol,Rakan Niaga,2014,MID-SIZE,3.5,6,AS6,x,11.1,7.8,9.6,29,221
2025-03-14,motokar,TOYOTA,COROLLA,red,petrol,Rakan Niaga,2014,MID-SIZE,1.8,4,A4,x,8.6,6.5,7.7,37,177
2025-03-14,motokar,TOYOTA,COROLLA,red,petrol,Rakan Niaga,2014,MID-SIZE,1.8,4,AV7,x,8.1,6.3,7.3,39,168
2025-03-14,motokar,TOYOTA,COROLLA,red,petrol,Rakan Niaga,2014,MID-SIZE,1.8,4,AV,x,8.0,5.9,7.1,40,163
2025-03-14,motokar,TOYOTA,COROLLA,red,petrol,Rakan Niaga,2014,MID-SIZE,1.8,4,M6,x,8.3,6.3,7.4,38,170
2025-03-14,motokar,TOYOTA,COROLLA,white,petrol,Johor,2014,MID-SIZE,1.8,4,A4,x,8.6,6.5,7.7,37,177
2025-03-14,motokar,TOYOTA,COROLLA,white,petrol,Johor,2014,MID-SIZE,1.8,4,AV7,x,8.1,6.3,7.3,39,168
2025-03-14,motokar,TOYOTA,COROLLA,white,petrol,Johor,2014,MID-SIZE,1.8,4,AV,x,8.0,5.9,7.1,40,163
2025-03-14,motokar,TOYOTA,COROLLA,white,petrol,Johor,2014,MID-SIZE,1.8,4,M6,x,8.3,6.3,7.4,38,170
2025-03-14,motokar,TOYOTA,YARIS,white,petrol,Rakan Niaga,2014,COMPACT,1.5,4,A4,x,7.9,6.6,7.3,39,168
2025-03-14,motokar,TOYOTA,YARIS,white,petrol,Rakan Niaga,2014,COMPACT,1.5,4,M5,x,7.8,6.3,7.1,40,163
2025-03-14,motokar,TOYOTA,YARIS,red,petrol,Rakan Niaga,2014,COMPACT,1.5,4,A4,x,7.9,6.6,7.3,39,168
2025-03-14,motokar,TOYOTA,YARIS,red,petrol,Rakan Niaga,2014,COMPACT,1.5,4,M5,x,7.8,6.3,7.1,40,163
2025-03-14,motokar,TOYOTA,YARIS,silver,petrol,Rakan Niaga,2014,COMPACT,1.5,4,A4,x,7.9,6.6,7.3,39,168
2025-03-14,motokar,TOYOTA,YARIS,silver,petrol,Rakan Niaga,2014,COMPACT,1.5,4,M5,x,7.8,6.3,7.1,40,163
2025-03-14,motokar,TOYOTA,YARIS,white,petrol,Selangor,2014,COMPACT,1.5,4,A4,x,7.9,6.6,7.3,39,168
2025-03-14,motokar,TOYOTA,YARIS,white,petrol,Selangor,2014,COMPACT,1.5,4,M5,x,7.8,6.3,7.1,40,163
2025-03-14,motokar,TOYOTA,YARIS,silver,petrol,Pulau Pinang,2014,COMPACT,1.5,4,A4,x,7.9,6.6,7.3,39,168
2025-03-14,motokar,TOYOTA,YARIS,silver,petrol,Pulau Pinang,2014,COMPACT,1.5,4,M5,x,7.8,6.3,7.1,40,163
2025-03-14,motokar,TOYOTA,YARIS,white,petrol,Melaka,2014,COMPACT,1.5,4,A4,x,7.9,6.6,7.3,39,168
2025-03-14,motokar,TOYOTA,YARIS,white,petrol,Melaka,2014,COMPACT,1.5,4,M5,x,7.8,6.3,7.1,40,163
2025-03-14,motokar,TOYOTA,YARIS,silver,petrol,Johor,2014,COMPACT,1.5,4,A4,x,7.9,6.6,7.3,39,168
2025-03-14,motokar,TOYOTA,YARIS,silver,petrol,Johor,2014,COMPACT,1.5,4,M5,x,7.8,6.3,7.1,40,163
2025-03-14,jip,TOYOTA,YARIS,beige,petrol,W.P. Kuala Lumpur,2014,COMPACT,1.5,4,A4,x,7.9,6.6,7.3,39,168
2025-03-14,jip,TOYOTA,YARIS,beige,petrol,W.P. Kuala Lumpur,2014,COMPACT,1.5,4,M5,x,7.8,6.3,7.1,40,163
2025-03-14,jip,VOLKSWAGEN,TIGUAN,grey,petrol,Rakan Niaga,2014,SUV - SMALL,2.0,4,A6,z,11.7,9.5,10.7,26,246
2025-03-14,jip,VOLKSWAGEN,TIGUAN,grey,petrol,Rakan Niaga,2014,SUV - SMALL,2.0,4,M6,z,13.6,9.2,11.6,24,267
2025-03-14,jip,VOLKSWAGEN,TIGUAN,silver,petrol,Rakan Niaga,2014,SUV - SMALL,2.0,4,A6,z,11.7,9.5,10.7,26,246
2025-03-14,jip,VOLKSWAGEN,TIGUAN,silver,petrol,Rakan Niaga,2014,SUV - SMALL,2.0,4,M6,z,13.6,9.2,11.6,24,267
2025-03-14,jip,VOLKSWAGEN,TOUAREG,grey,petrol,Rakan Niaga,2014,SUV - STANDARD,3.6,6,AS8,z,13.8,10.3,12.2,23,281
2025-03-14,jip,VOLVO,XC60,black,hybrid_petrol,Rakan Niaga,2014,SUV - SMALL,3.2,6,AS6,x,13.0,8.9,11.2,25,258
2025-03-14,jip,VOLVO,XC60,grey,hybrid_petrol,Johor,2014,SUV - SMALL,3.2,6,AS6,x,13.0,8.9,11.2,25,258
2025-03-15,jip,HONDA,CR-V,silver,petrol,Rakan Niaga,2014,SUV - SMALL,2.4,4,A5,x,10.3,7.6,9.1,31,209
2025-03-15,jip,HONDA,CR-V,blue,petrol,Rakan Niaga,2014,SUV - SMALL,2.4,4,A5,x,10.3,7.6,9.1,31,209
2025-03-15,jip,HONDA,CR-V,grey,hybrid_petrol,Rakan Niaga,2014,SUV - SMALL,2.4,4,A5,x,10.3,7.6,9.1,31,209
2025-03-15,jip,HONDA,CR-V,blue,hybrid_petrol,Rakan Niaga,2014,SUV - SMALL,2.4,4,A5,x,10.3,7.6,9.1,31,209
2025-03-15,jip,HONDA,CR-V,grey,petrol,Rakan Niaga,2014,SUV - SMALL,2.4,4,A5,x,10.3,7.6,9.1,31,209
2025-03-15,jip,HONDA,CR-V,white,petrol,Rakan Niaga,2014,SUV - SMALL,2.4,4,A5,x,10.3,7.6,9.1,31,209
2025-03-15,jip,HONDA,CR-V,white,hybrid_petrol,Rakan Niaga,2014,SUV - SMALL,2.4,4,A5,x,10.3,7.6,9.1,31,209
2025-03-15,jip,HONDA,CR-V,red,hybrid_petrol,Rakan Niaga,2014,SUV - SMALL,2.4,4,A5,x,10.3,7.6,9.1,31,209
2025-03-15,jip,HONDA,CR-V,red,petrol,Rakan Niaga,2014,SUV - SMALL,2.4,4,A5,x,10.3,7.6,9.1,31,209
2025-03-15,jip,HONDA,CR-V,silver,hybrid_petrol,Rakan Niaga,2014,SUV - SMALL,2.4,4,A5,x,10.3,7.6,9.1,31,209
2025-03-15,motokar,HONDA,CIVIC,grey,petrol,Rakan Niaga,2014,COMPACT,1.8,4,AV,x,7.9,6.0,7.0,40,161
2025-03-15,motokar,HONDA,CIVIC,grey,petrol,Rakan Niaga,2014,COMPACT,1.8,4,AV7,x,8.1,6.2,7.2,39,166
2025-03-15,motokar,HONDA,CIVIC,grey,petrol,Rakan Niaga,2014,COMPACT,1.8,4,M5,x,8.5,6.6,7.6,37,175
2025-03-15,motokar,HONDA,CIVIC,white,petrol,Rakan Niaga,2014,COMPACT,1.8,4,AV,x,7.9,6.0,7.0,40,161
2025-03-15,motokar,HONDA,CIVIC,white,petrol,Rakan Niaga,2014,COMPACT,1.8,4,AV7,x,8.1,6.2,7.2,39,166
2025-03-15,motokar,HONDA,CIVIC,white,petrol,Rakan Niaga,2014,COMPACT,1.8,4,M5,x,8.5,6.6,7.6,37,175
2025-03-15,motokar,HONDA,CIVIC,blue,petrol,Rakan Niaga,2014,COMPACT,1.8,4,AV,x,7.9,6.0,7.0,40,161
2025-03-15,motokar,HONDA,CIVIC,blue,petrol,Rakan Niaga,2014,COMPACT,1.8,4,AV7,x,8.1,6.2,7.2,39,166
2025-03-15,motokar,HONDA,CIVIC,blue,petrol,Rakan Niaga,2014,COMPACT,1.8,4,M5,x,8.5,6.6,7.6,37,175
2025-03-15,motokar,HONDA,CIVIC,black,petrol,Rakan Niaga,2014,COMPACT,1.8,4,AV,x,7.9,6.0,7.0,40,161
2025-03-15,motokar,HONDA,CIVIC,black,petrol,Rakan Niaga,2014,COMPACT,1.8,4,AV7,x,8.1,6.2,7.2,39,166
2025-03-15,motokar,HONDA,CIVIC,black,petrol,Rakan Niaga,2014,COMPACT,1.8,4,M5,x,8.5,6.6,7.6,37,175
2025-03-15,motokar,HONDA,CIVIC,red,petrol,Rakan Niaga,2014,COMPACT,1.8,4,AV,x,7.9,6.0,7.0,40,161
2025-03-15,motokar,HONDA,CIVIC,red,petrol,Rakan Niaga,2014,COMPACT,1.8,4,AV7,x,8.1,6.2,7.2,39,166
2025-03-15,motokar,HONDA,CIVIC,red,petrol,Rakan Niaga,2014,COMPACT,1.8,4,M5,x,8.5,6.6,7.6,37,175
2025-03-15,motokar,HONDA,CIVIC,grey,hybrid_petrol,Rakan Niaga,2014,COMPACT,1.8,4,AV,x,7.9,6.0,7.0,40,161
2025-03-15,motokar,HONDA,CIVIC,grey,hybrid_petrol,Rakan Niaga,2014,COMPACT,1.8,4,AV7,x,8.1,6.2,7.2,39,166
2025-03-15,motokar,HONDA,CIVIC,grey,hybrid_petrol,Rakan Niaga,2014,COMPACT,1.8,4,M5,x,8.5,6.6,7.6,37,175
2025-03-15,jip,MAZDA,CX-5,grey,petrol,Rakan Niaga,2014,SUV - SMALL,2.0,4,AS6,x,8.9,7.3,8.2,34,189
2025-03-15,jip,MAZDA,CX-5,grey,petrol,Rakan Niaga,2014,SUV - SMALL,2.0,4,M6,x,9.0,6.8,8.0,35,184
2025-03-15,jip,MAZDA,CX-5,grey,petrol,Rakan Niaga,2014,SUV - SMALL,2.5,4,AS6,x,9.6,7.4,8.6,33,198
2025-03-15,motokar,TOYOTA,YARIS,white,petrol,Rakan Niaga,2014,COMPACT,1.5,4,A4,x,7.9,6.6,7.3,39,168
2025-03-15,motokar,TOYOTA,YARIS,white,petrol,Rakan Niaga,2014,COMPACT,1.5,4,M5,x,7.8,6.3,7.1,40,163
2025-03-15,motokar,TOYOTA,YARIS,silver,petrol,Rakan Niaga,2014,COMPACT,1.5,4,A4,x,7.9,6.6,7.3,39,168
2025-03-15,motokar,TOYOTA,YARIS,silver,petrol,Rakan Niaga,2014,COMPACT,1.5,4,M5,x,7.8,6.3,7.1,40,163
2025-03-15,motokar,TOYOTA,YARIS,red,petrol,Rakan Niaga,2014,COMPACT,1.5,4,A4,x,7.9,6.6,7.3,39,168
2025-03-15,motokar,TOYOTA,YARIS,red,petrol,Rakan Niaga,2014,COMPACT,1.5,4,M5,x,7.8,6.3,7.1,40,163
2025-03-16,jip,HONDA,CR-V,red,petrol,Rakan Niaga,2014,SUV - SMALL,2.4,4,A5,x,10.3,7.6,9.1,31,209
2025-03-16,jip,HONDA,CR-V,silver,petrol,Rakan Niaga,2014,SUV - SMALL,2.4,4,A5,x,10.3,7.6,9.1,31,209
2025-03-16,jip,HONDA,CR-V,blue,petrol,Rakan Niaga,2014,SUV - SMALL,2.4,4,A5,x,10.3,7.6,9.1,31,209
2025-03-16,jip,HONDA,CR-V,white,petrol,Rakan Niaga,2014,SUV - SMALL,2.4,4,A5,x,10.3,7.6,9.1,31,209
2025-03-16,jip,HONDA,CR-V,grey,petrol,Rakan Niaga,2014,SUV - SMALL,2.4,4,A5,x,10.3,7.6,9.1,31,209
2025-03-16,jip,HONDA,CR-V,blue,petrol,Kedah,2014,SUV - SMALL,2.4,4,A5,x,10.3,7.6,9.1,31,209
2025-03-16,jip,HONDA,CR-V,white,hybrid_petrol,Rakan Niaga,2014,SUV - SMALL,2.4,4,A5,x,10.3,7.6,9.1,31,209
2025-03-16,motokar,HONDA,CIVIC,white,petrol,Rakan Niaga,2014,COMPACT,1.8,4,AV,x,7.9,6.0,7.0,40,161
2025-03-16,motokar,HONDA,CIVIC,white,petrol,Rakan Niaga,2014,COMPACT,1.8,4,AV7,x,8.1,6.2,7.2,39,166
2025-03-16,motokar,HONDA,CIVIC,white,petrol,Rakan Niaga,2014,COMPACT,1.8,4,M5,x,8.5,6.6,7.6,37,175
2025-03-16,motokar,HONDA,CIVIC,white,petrol,Terengganu,2014,COMPACT,1.8,4,AV,x,7.9,6.0,7.0,40,161
2025-03-16,motokar,HONDA,CIVIC,white,petrol,Terengganu,2014,COMPACT,1.8,4,AV7,x,8.1,6.2,7.2,39,166
2025-03-16,motokar,HONDA,CIVIC,white,petrol,Terengganu,2014,COMPACT,1.8,4,M5,x,8.5,6.6,7.6,37,175
2025-03-16,jip,MAZDA,CX-5,gold,petrol,Rakan Niaga,2014,SUV - SMALL,2.0,4,AS6,x,8.9,7.3,8.2,34,189
2025-03-16,jip,MAZDA,CX-5,gold,petrol,Rakan Niaga,2014,SUV - SMALL,2.0,4,M6,x,9.0,6.8,8.0,35,184
2025-03-16,jip,MAZDA,CX-5,gold,petrol,Rakan Niaga,2014,SUV - SMALL,2.5,4,AS6,x,9.6,7.4,8.6,33,198
2025-03-16,motokar,TOYOTA,CAMRY,white,petrol,Kelantan,2014,MID-SIZE,2.5,4,AS6,x,9.5,6.6,8.2,34,189
2025-03-16,motokar,TOYOTA,CAMRY,white,petrol,Kelantan,2014,MID-SIZE,3.5,6,AS6,x,11.1,7.8,9.6,29,221
2025-03-16,motokar,TOYOTA,YARIS,white,petrol,Kelantan,2014,COMPACT,1.5,4,A4,x,7.9,6.6,7.3,39,168
2025-03-16,motokar,TOYOTA,YARIS,white,petrol,Kelantan,2014,COMPACT,1.5,4,M5,x,7.8,6.3,7.1,40,163
2025-03-16,motokar,TOYOTA,YARIS,silver,petrol,Rakan Niaga,2014,COMPACT,1.5,4,A4,x,7.9,6.6,7.3,39,168
2025-03-16,motokar,TOYOTA,YARIS,silver,petrol,Rakan Niaga,2014,COMPACT,1.5,4,M5,x,7.8,6.3,7.1,40,163
2025-03-16,jip,VOLKSWAGEN,TIGUAN,grey,petrol,Rakan Niaga,2014,SUV - SMALL,2.0,4,A6,z,11.7,9.5,10.7,26,246
2025-03-16,jip,VOLKSWAGEN,TIGUAN,grey,petrol,Rakan Niaga,2014,SUV - SMALL,2.0,4,M6,z,13.6,9.2,11.6,24,267
2025-03-17,motokar,FORD,MUSTANG,black,petrol,Selangor,2014,SUBCOMPACT,3.7,6,A6,x,12.1,7.8,10.2,28,235
2025-03-17,motokar,FORD,MUSTANG,black,petrol,Selangor,2014,SUBCOMPACT,3.7,6,M6,x,12.7,8.1,10.6,27,244
2025-03-17,motokar,FORD,MUSTANG,black,petrol,Selangor,2014,SUBCOMPACT,5.0,8,A6,x,13.3,9.3,11.5,25,264
2025-03-17,motokar,FORD,MUSTANG,black,petrol,Selangor,2014,SUBCOMPACT,5.0,8,M6,x,15.4,9.4,12.7,22,292
2025-03-17,motokar,FORD,MUSTANG,black,petrol,Selangor,2014,SUBCOMPACT,5.8,8,M6,z,15.9,9.9,13.2,21,304
2025-03-17,jip,HONDA,CR-V,grey,petrol,Sabah,2014,SUV - SMALL,2.4,4,A5,x,10.3,7.6,9.1,31,209
2025-03-17,jip,HONDA,CR-V,blue,petrol,W.P. Kuala Lumpur,2014,SUV - SMALL,2.4,4,A5,x,10.3,7.6,9.1,31,209
2025-03-17,jip,HONDA,CR-V,blue,petrol,Negeri Sembilan,2014,SUV - SMALL,2.4,4,A5,x,10.3,7.6,9.1,31,209
2025-03-17,jip,HONDA,CR-V,white,petrol,Rakan Niaga,2014,SUV - SMALL,2.4,4,A5,x,10.3,7.6,9.1,31,209
2025-03-17,jip,HONDA,CR-V,blue,petrol,Rakan Niaga,2014,SUV - SMALL,2.4,4,A5,x,10.3,7.6,9.1,31,209
2025-03-17,jip,HONDA,CR-V,silver,hybrid_petrol,W.P. Kuala Lumpur,2014,SUV - SMALL,2.4,4,A5,x,10.3,7.6,9.1,31,209
2025-03-17,jip,HONDA,CR-V,white,petrol,W.P. Kuala Lumpur,2014,SUV - SMALL,2.4,4,A5,x,10.3,7.6,9.1,31,209
2025-03-17,jip,HONDA,CR-V,white,petrol,Johor,2014,SUV - SMALL,2.4,4,A5,x,10.3,7.6,9.1,31,209
2025-03-17,jip,HONDA,CR-V,blue,hybrid_petrol,W.P. Kuala Lumpur,2014,SUV - SMALL,2.4,4,A5,x,10.3,7.6,9.1,31,209
2025-03-17,jip,HONDA,CR-V,blue,hybrid_petrol,Rakan Niaga,2014,SUV - SMALL,2.4,4,A5,x,10.3,7.6,9.1,31,209
2025-03-17,jip,HONDA,CR-V,red,petrol,Rakan Niaga,2014,SUV - SMALL,2.4,4,A5,x,10.3,7.6,9.1,31,209
2025-03-17,jip,HONDA,CR-V,grey,hybrid_petrol,Rakan Niaga,2014,SUV - SMALL,2.4,4,A5,x,10.3,7.6,9.1,31,209
2025-03-17,jip,HONDA,CR-V,silver,hybrid_petrol,Selangor,2014,SUV - SMALL,2.4,4,A5,x,10.3,7.6,9.1,31,209
2025-03-17,jip,HONDA,CR-V,grey,petrol,W.P. Kuala Lumpur,2014,SUV - SMALL,2.4,4,A5,x,10.3,7.6,9.1,31,209
2025-03-17,jip,HONDA,CR-V,grey,petrol,Rakan Niaga,2014,SUV - SMALL,2.4,4,A5,x,10.3,7.6,9.1,31,209
2025-03-17,jip,HONDA,CR-V,grey,hybrid_petrol,W.P. Kuala Lumpur,2014,SUV - SMALL,2.4,4,A5,x,10.3,7.6,9.1,31,209
2025-03-17,jip,HONDA,CR-V,white,hybrid_petrol,Rakan Niaga,2014,SUV - SMALL,2.4,4,A5,x,10.3,7.6,9.1,31,209
2025-03-17,jip,HONDA,CR-V,red,petrol,Johor,2014,SUV - SMALL,2.4,4,A5,x,10.3,7.6,9.1,31,209
2025-03-17,jip,HONDA,CR-V,silver,hybrid_petrol,Pulau Pinang,2014,SUV - SMALL,2.4,4,A5,x,10.3,7.6,9.1,31,209
2025-03-17,jip,HONDA,CR-V,grey,petrol,Pulau Pinang,2014,SUV - SMALL,2.4,4,A5,x,10.3,7.6,9.1,31,209
2025-03-17,jip,HONDA,CR-V,blue,petrol,Johor,2014,SUV - SMALL,2.4,4,A5,x,10.3,7.6,9.1,31,209
2025-03-17,jip,HONDA,CR-V,silver,petrol,Rakan Niaga,2014,SUV - SMALL,2.4,4,A5,x,10.3,7.6,9.1,31,209
2025-03-17,jip,HONDA,CR-V,grey,petrol,Negeri Sembilan,2014,SUV - SMALL,2.4,4,A5,x,10.3,7.6,9.1,31,209
2025-03-17,jip,HONDA,CR-V,silver,hybrid_petrol,Rakan Niaga,2014,SUV - SMALL,2.4,4,A5,x,10.3,7.6,9.1,31,209
2025-03-17,jip,HONDA,CR-V,white,hybrid_petrol,Negeri Sembilan,2014,SUV - SMALL,2.4,4,A5,x,10.3,7.6,9.1,31,209
2025-03-17,jip,HONDA,CR-V,red,hybrid_petrol,Rakan Niaga,2014,SUV - SMALL,2.4,4,A5,x,10.3,7.6,9.1,31,209
2025-03-17,jip,HONDA,CR-V,grey,petrol,Pahang,2014,SUV - SMALL,2.4,4,A5,x,10.3,7.6,9.1,31,209
2025-03-17,jip,HONDA,CR-V,white,petrol,Pahang,2014,SUV - SMALL,2.4,4,A5,x,10.3,7.6,9.1,31,209
2025-03-17,motokar,HONDA,CIVIC,red,hybrid_petrol,W.P. Kuala Lumpur,2014,COMPACT,1.8,4,AV,x,7.9,6.0,7.0,40,161
2025-03-17,motokar,HONDA,CIVIC,red,hybrid_petrol,W.P. Kuala Lumpur,2014,COMPACT,1.8,4,AV7,x,8.1,6.2,7.2,39,166
2025-03-17,motokar,HONDA,CIVIC,red,hybrid_petrol,W.P. Kuala Lumpur,2014,COMPACT,1.8,4,M5,x,8.5,6.6,7.6,37,175
2025-03-17,motokar,HONDA,CIVIC,black,petrol,Kelantan,2014,COMPACT,1.8,4,AV,x,7.9,6.0,7.0,40,161
2025-03-17,motokar,HONDA,CIVIC,black,petrol,Kelantan,2014,COMPACT,1.8,4,AV7,x,8.1,6.2,7.2,39,166
2025-03-17,motokar,HONDA,CIVIC,black,petrol,Kelantan,2014,COMPACT,1.8,4,M5,x,8.5,6.6,7.6,37,175
2025-03-17,motokar,HONDA,CIVIC,white,petrol,Sarawak,2014,COMPACT,1.8,4,AV,x,7.9,6.0,7.0,40,161
2025-03-17,motokar,HONDA,CIVIC,white,petrol,Sarawak,2014,COMPACT,1.8,4,AV7,x,8.1,6.2,7.2,39,166
2025-03-17,motokar,HONDA,CIVIC,white,petrol,Sarawak,2014,COMPACT,1.8,4,M5,x,8.5,6.6,7.6,37,175
2025-03-17,motokar,HONDA,CIVIC,white,petrol,Selangor,2014,COMPACT,1.8,4,AV,x,7.9,6.0,7.0,40,161
2025-03-17,motokar,HONDA,CIVIC,white,petrol,Selangor,2014,COMPACT,1.8,4,AV7,x,8.1,6.2,7.2,39,166
2025-03-17,motokar,HONDA,CIVIC,white,petrol,Selangor,2014,COMPACT,1.8,4,M5,x,8.5,6.6,7.6,37,175
2025-03-17,motokar,HONDA,CIVIC,grey,petrol,Rakan Niaga,2014,COMPACT,1.8,4,AV,x,7.9,6.0,7.0,40,161
2025-03-17,motokar,HONDA,CIVIC,grey,petrol,Rakan Niaga,2014,COMPACT,1.8,4,AV7,x,8.1,6.2,7.2,39,166
2025-03-17,motokar,HONDA,CIVIC,grey,petrol,Rakan Niaga,2014,COMPACT,1.8,4,M5,x,8.5,6.6,7.6,37,175
2025-03-17,motokar,HONDA,CIVIC,blue,petrol,Rakan Niaga,2014,COMPACT,1.8,4,AV,x,7.9,6.0,7.0,40,161
2025-03-17,motokar,HONDA,CIVIC,blue,petrol,Rakan Niaga,2014,COMPACT,1.8,4,AV7,x,8.1,6.2,7.2,39,166
2025-03-17,motokar,HONDA,CIVIC,blue,petrol,Rakan Niaga,2014,COMPACT,1.8,4,M5,x,8.5,6.6,7.6,37,175
2025-03-17,motokar,HONDA,CIVIC,blue,petrol,Johor,2014,COMPACT,1.8,4,AV,x,7.9,6.0,7.0,40,161
2025-03-17,motokar,HONDA,CIVIC,blue,petrol,Johor,2014,COMPACT,1.8,4,AV7,x,8.1,6.2,7.2,39,166
2025-03-17,motokar,HONDA,CIVIC,blue,petrol,Johor,2014,COMPACT,1.8,4,M5,x,8.5,6.6,7.6,37,175
2025-03-17,motokar,HONDA,CIVIC,black,petrol,Rakan Niaga,2014,COMPACT,1.8,4,AV,x,7.9,6.0,7.0,40,161
2025-03-17,motokar,HONDA,CIVIC,black,petrol,Rakan Niaga,2014,COMPACT,1.8,4,AV7,x,8.1,6.2,7.2,39,166
2025-03-17,motokar,HONDA,CIVIC,black,petrol,Rakan Niaga,2014,COMPACT,1.8,4,M5,x,8.5,6.6,7.6,37,175
2025-03-17,motokar,HONDA,CIVIC,white,hybrid_petrol,Rakan Niaga,2014,COMPACT,1.8,4,AV,x,7.9,6.0,7.0,40,161
2025-03-17,motokar,HONDA,CIVIC,white,hybrid_petrol,Rakan Niaga,2014,COMPACT,1.8,4,AV7,x,8.1,6.2,7.2,39,166
2025-03-17,motokar,HONDA,CIVIC,white,hybrid_petrol,Rakan Niaga,2014,COMPACT,1.8,4,M5,x,8.5,6.6,7.6,37,175
2025-03-17,motokar,HONDA,CIVIC,blue,hybrid_petrol,W.P. Kuala Lumpur,2014,COMPACT,1.8,4,AV,x,7.9,6.0,7.0,40,161
2025-03-17,motokar,HONDA,CIVIC,blue,hybrid_petrol,W.P. Kuala Lumpur,2014,COMPACT,1.8,4,AV7,x,8.1,6.2,7.2,39,166
2025-03-17,motokar,HONDA,CIVIC,blue,hybrid_petrol,W.P. Kuala Lumpur,2014,COMPACT,1.8,4,M5,x,8.5,6.6,7.6,37,175
2025-03-17,motokar,HONDA,CIVIC,white,petrol,W.P. Kuala Lumpur,2014,COMPACT,1.8,4,AV,x,7.9,6.0,7.0,40,161
2025-03-17,motokar,HONDA,CIVIC,white,petrol,W.P. Kuala Lumpur,2014,COMPACT,1.8,4,AV7,x,8.1,6.2,7.2,39,166
2025-03-17,motokar,HONDA,CIVIC,white,petrol,W.P. Kuala Lumpur,2014,COMPACT,1.8,4,M5,x,8.5,6.6,7.6,37,175
2025-03-17,motokar,HONDA,CIVIC,black,petrol,W.P. Kuala Lumpur,2014,COMPACT,1.8,4,AV,x,7.9,6.0,7.0,40,161
2025-03-17,motokar,HONDA,CIVIC,black,petrol,W.P. Kuala Lumpur,2014,COMPACT,1.8,4,AV7,x,8.1,6.2,7.2,39,166
2025-03-17,motokar,HONDA,CIVIC,black,petrol,W.P. Kuala Lumpur,2014,COMPACT,1.8,4,M5,x,8.5,6.6,7.6,37,175
2025-03-17,motokar,HONDA,CIVIC,white,petrol,Rakan Niaga,2014,COMPACT,1.8,4,AV,x,7.9,6.0,7.0,40,161
2025-03-17,motokar,HONDA,CIVIC,white,petrol,Rakan Niaga,2014,COMPACT,1.8,4,AV7,x,8.1,6.2,7.2,39,166
2025-03-17,motokar,HONDA,CIVIC,white,petrol,Rakan Niaga,2014,COMPACT,1.8,4,M5,x,8.5,6.6,7.6,37,175
2025-03-17,motokar,HONDA,CIVIC,red,petrol,Rakan Niaga,2014,COMPACT,1.8,4,AV,x,7.9,6.0,7.0,40,161
2025-03-17,motokar,HONDA,CIVIC,red,petrol,Rakan Niaga,2014,COMPACT,1.8,4,AV7,x,8.1,6.2,7.2,39,166
2025-03-17,motokar,HONDA,CIVIC,red,petrol,Rakan Niaga,2014,COMPACT,1.8,4,M5,x,8.5,6.6,7.6,37,175
2025-03-17,motokar,HONDA,CIVIC,blue,hybrid_petrol,Rakan Niaga,2014,COMPACT,1.8,4,AV,x,7.9,6.0,7.0,40,161
2025-03-17,motokar,HONDA,CIVIC,blue,hybrid_petrol,Rakan Niaga,2014,COMPACT,1.8,4,AV7,x,8.1,6.2,7.2,39,166
2025-03-17,motokar,HONDA,CIVIC,blue,hybrid_petrol,Rakan Niaga,2014,COMPACT,1.8,4,M5,x,8.5,6.6,7.6,37,175
2025-03-17,motokar,HONDA,CIVIC,grey,petrol,Pulau Pinang,2014,COMPACT,1.8,4,AV,x,7.9,6.0,7.0,40,161
2025-03-17,motokar,HONDA,CIVIC,grey,petrol,Pulau Pinang,2014,COMPACT,1.8,4,AV7,x,8.1,6.2,7.2,39,166
2025-03-17,motokar,HONDA,CIVIC,grey,petrol,Pulau Pinang,2014,COMPACT,1.8,4,M5,x,8.5,6.6,7.6,37,175
2025-03-17,motokar,HONDA,CIVIC,black,petrol,Negeri Sembilan,2014,COMPACT,1.8,4,AV,x,7.9,6.0,7.0,40,161
2025-03-17,motokar,HONDA,CIVIC,black,petrol,Negeri Sembilan,2014,COMPACT,1.8,4,AV7,x,8.1,6.2,7.2,39,166
2025-03-17,motokar,HONDA,CIVIC,black,petrol,Negeri Sembilan,2014,COMPACT,1.8,4,M5,x,8.5,6.6,7.6,37,175
2025-03-17,motokar,HONDA,CIVIC,white,petrol,Kelantan,2014,COMPACT,1.8,4,AV,x,7.9,6.0,7.0,40,161
2025-03-17,motokar,HONDA,CIVIC,white,petrol,Kelantan,2014,COMPACT,1.8,4,AV7,x,8.1,6.2,7.2,39,166
2025-03-17,motokar,HONDA,CIVIC,white,petrol,Kelantan,2014,COMPACT,1.8,4,M5,x,8.5,6.6,7.6,37,175
2025-03-17,motokar,HONDA,CIVIC,blue,petrol,W.P. Kuala Lumpur,2014,COMPACT,1.8,4,AV,x,7.9,6.0,7.0,40,161
2025-03-17,motokar,HONDA,CIVIC,blue,petrol,W.P. Kuala Lumpur,2014,COMPACT,1.8,4,AV7,x,8.1,6.2,7.2,39,166
2025-03-17,motokar,HONDA,CIVIC,blue,petrol,W.P. Kuala Lumpur,2014,COMPACT,1.8,4,M5,x,8.5,6.6,7.6,37,175
2025-03-17,motokar,HONDA,CIVIC,black,petrol,Terengganu,2014,COMPACT,1.8,4,AV,x,7.9,6.0,7.0,40,161
2025-03-17,motokar,HONDA,CIVIC,black,petrol,Terengganu,2014,COMPACT,1.8,4,AV7,x,8.1,6.2,7.2,39,166
2025-03-17,motokar,HONDA,CIVIC,black,petrol,Terengganu,2014,COMPACT,1.8,4,M5,x,8.5,6.6,7.6,37,175
2025-03-17,motokar,HONDA,CIVIC,white,hybrid_petrol,Pulau Pinang,2014,COMPACT,1.8,4,AV,x,7.9,6.0,7.0,40,161
2025-03-17,motokar,HONDA,CIVIC,white,hybrid_petrol,Pulau Pinang,2014,COMPACT,1.8,4,AV7,x,8.1,6.2,7.2,39,166
2025-03-17,motokar,HONDA,CIVIC,white,hybrid_petrol,Pulau Pinang,2014,COMPACT,1.8,4,M5,x,8.5,6.6,7.6,37,175
2025-03-17,motokar,HONDA,CIVIC,red,hybrid_petrol,Rakan Niaga,2014,COMPACT,1.8,4,AV,x,7.9,6.0,7.0,40,161
2025-03-17,motokar,HONDA,CIVIC,red,hybrid_petrol,Rakan Niaga,2014,COMPACT,1.8,4,AV7,x,8.1,6.2,7.2,39,166
2025-03-17,motokar,HONDA,CIVIC,red,hybrid_petrol,Rakan Niaga,2014,COMPACT,1.8,4,M5,x,8.5,6.6,7.6,37,175
2025-03-17,motokar,HONDA,CIVIC,grey,hybrid_petrol,W.P. Kuala Lumpur,2014,COMPACT,1.8,4,AV,x,7.9,6.0,7.0,40,161
2025-03-17,motokar,HONDA,CIVIC,grey,hybrid_petrol,W.P. Kuala Lumpur,2014,COMPACT,1.8,4,AV7,x,8.1,6.2,7.2,39,166
2025-03-17,motokar,HONDA,CIVIC,grey,hybrid_petrol,W.P. Kuala Lumpur,2014,COMPACT,1.8,4,M5,x,8.5,6.6,7.6,37,175
2025-03-17,motokar,HONDA,CIVIC,grey,hybrid_petrol,Rakan Niaga,2014,COMPACT,1.8,4,AV,x,7.9,6.0,7.0,40,161
2025-03-17,motokar,HONDA,CIVIC,grey,hybrid_petrol,Rakan Niaga,2014,COMPACT,1.8,4,AV7,x,8.1,6.2,7.2,39,166
2025-03-17,motokar,HONDA,CIVIC,grey,hybrid_petrol,Rakan Niaga,2014,COMPACT,1.8,4,M5,x,8.5,6.6,7.6,37,175
2025-03-17,motokar,HONDA,CIVIC,red,petrol,Sarawak,2014,COMPACT,1.8,4,AV,x,7.9,6.0,7.0,40,161
2025-03-17,motokar,HONDA,CIVIC,red,petrol,Sarawak,2014,COMPACT,1.8,4,AV7,x,8.1,6.2,7.2,39,166
2025-03-17,motokar,HONDA,CIVIC,red,petrol,Sarawak,2014,COMPACT,1.8,4,M5,x,8.5,6.6,7.6,37,175
2025-03-17,motokar,HONDA,CIVIC,white,petrol,Johor,2014,COMPACT,1.8,4,AV,x,7.9,6.0,7.0,40,161
2025-03-17,motokar,HONDA,CIVIC,white,petrol,Johor,2014,COMPACT,1.8,4,AV7,x,8.1,6.2,7.2,39,166
2025-03-17,motokar,HONDA,CIVIC,white,petrol,Johor,2014,COMPACT,1.8,4,M5,x,8.5,6.6,7.6,37,175
2025-03-17,motokar,HONDA,CIVIC,grey,petrol,Johor,2014,COMPACT,1.8,4,AV,x,7.9,6.0,7.0,40,161
2025-03-17,motokar,HONDA,CIVIC,grey,petrol,Johor,2014,COMPACT,1.8,4,AV7,x,8.1,6.2,7.2,39,166
2025-03-17,motokar,HONDA,CIVIC,grey,petrol,Johor,2014,COMPACT,1.8,4,M5,x,8.5,6.6,7.6,37,175
2025-03-17,motokar,HONDA,CIVIC,red,petrol,W.P. Kuala Lumpur,2014,COMPACT,1.8,4,AV,x,7.9,6.0,7.0,40,161
2025-03-17,motokar,HONDA,CIVIC,red,petrol,W.P. Kuala Lumpur,2014,COMPACT,1.8,4,AV7,x,8.1,6.2,7.2,39,166
2025-03-17,motokar,HONDA,CIVIC,red,petrol,W.P. Kuala Lumpur,2014,COMPACT,1.8,4,M5,x,8.5,6.6,7.6,37,175
2025-03-17,window_van,HONDA,ODYSSEY,black,petrol,W.P. Kuala Lumpur,2014,MINIVAN,3.5,6,A6,x,12.3,8.5,10.6,27,244
2025-03-17,jip,KIA,SPORTAGE,blue,petrol,Rakan Niaga,2014,SUV - SMALL,2.4,4,A6,x,11.4,8.3,10.0,28,230
2025-03-17,jip,KIA,SPORTAGE,blue,petrol,Rakan Niaga,2014,SUV - SMALL,2.4,4,M6,x,12.9,9.3,11.3,25,260
2025-03-17,jip,MAZDA,CX-5,grey,petrol,W.P. Kuala Lumpur,2014,SUV - SMALL,2.0,4,AS6,x,8.9,7.3,8.2,34,189
2025-03-17,jip,MAZDA,CX-5,grey,petrol,W.P. Kuala Lumpur,2014,SUV - SMALL,2.0,4,M6,x,9.0,6.8,8.0,35,184
2025-03-17,jip,MAZDA,CX-5,grey,petrol,W.P. Kuala Lumpur,2014,SUV - SMALL,2.5,4,AS6,x,9.6,7.4,8.6,33,198
2025-03-17,jip,MAZDA,CX-5,red,petrol,Rakan Niaga,2014,SUV - SMALL,2.0,4,AS6,x,8.9,7.3,8.2,34,189
2025-03-17,jip,MAZDA,CX-5,red,petrol,Rakan Niaga,2014,SUV - SMALL,2.0,4,M6,x,9.0,6.8,8.0,35,184
2025-03-17,jip,MAZDA,CX-5,red,petrol,Rakan Niaga,2014,SUV - SMALL,2.5,4,AS6,x,9.6,7.4,8.6,33,198
2025-03-17,jip,MAZDA,CX-5,black,petrol,Rakan Niaga,2014,SUV - SMALL,2.0,4,AS6,x,8.9,7.3,8.2,34,189
2025-03-17,jip,MAZDA,CX-5,black,petrol,Rakan Niaga,2014,SUV - SMALL,2.0,4,M6,x,9.0,6.8,8.0,35,184
2025-03-17,jip,MAZDA,CX-5,black,petrol,Rakan Niaga,2014,SUV - SMALL,2.5,4,AS6,x,9.6,7.4,8.6,33,198
2025-03-17,jip,MAZDA,CX-5,gold,petrol,Rakan Niaga,2014,SUV - SMALL,2.0,4,AS6,x,8.9,7.3,8.2,34,189
2025-03-17,jip,MAZDA,CX-5,gold,petrol,Rakan Niaga,2014,SUV - SMALL,2.0,4,M6,x,9.0,6.8,8.0,35,184
2025-03-17,jip,MAZDA,CX-5,gold,petrol,Rakan Niaga,2014,SUV - SMALL,2.5,4,AS6,x,9.6,7.4,8.6,33,198
2025-03-17,jip,MAZDA,CX-5,red,petrol,W.P. Kuala Lumpur,2014,SUV - SMALL,2.0,4,AS6,x,8.9,7.3,8.2,34,189
2025-03-17,jip,MAZDA,CX-5,red,petrol,W.P. Kuala Lumpur,2014,SUV - SMALL,2.0,4,M6,x,9.0,6.8,8.0,35,184
2025-03-17,jip,MAZDA,CX-5,red,petrol,W.P. Kuala Lumpur,2014,SUV - SMALL,2.5,4,AS6,x,9.6,7.4,8.6,33,198
2025-03-17,jip,MAZDA,CX-5,white,petrol,Rakan Niaga,2014,SUV - SMALL,2.0,4,AS6,x,8.9,7.3,8.2,34,189
2025-03-17,jip,MAZDA,CX-5,white,petrol,Rakan Niaga,2014,SUV - SMALL,2.0,4,M6,x,9.0,6.8,8.0,35,184
2025-03-17,jip,MAZDA,CX-5,white,petrol,Rakan Niaga,2014,SUV - SMALL,2.5,4,AS6,x,9.6,7.4,8.6,33,198
2025-03-17,jip,MAZDA,CX-5,grey,petrol,Rakan Niaga,2014,SUV - SMALL,2.0,4,AS6,x,8.9,7.3,8.2,34,189
2025-03-17,jip,MAZDA,CX-5,grey,petrol,Rakan Niaga,2014,SUV - SMALL,2.0,4,M6,x,9.0,6.8,8.0,35,184
2025-03-17,jip,MAZDA,CX-5,grey,petrol,Rakan Niaga,2014,SUV - SMALL,2.5,4,AS6,x,9.6,7.4,8.6,33,198
2025-03-17,motokar,MAZDA,MX-5,grey,petrol,Rakan Niaga,2014,TWO-SEATER,2.0,4,AS6,z,11.5,8.5,10.2,28,235
2025-03-17,motokar,MAZDA,MX-5,grey,petrol,Rakan Niaga,2014,TWO-SEATER,2.0,4,M5,z,10.5,8.5,9.6,29,221
2025-03-17,motokar,MAZDA,MX-5,grey,petrol,Rakan Niaga,2014,TWO-SEATER,2.0,4,M6,z,11.1,8.4,9.9,29,228
2025-03-17,motokar,MAZDA,MX-5,red,petrol,Rakan Niaga,2014,TWO-SEATER,2.0,4,AS6,z,11.5,8.5,10.2,28,235
2025-03-17,motokar,MAZDA,MX-5,red,petrol,Rakan Niaga,2014,TWO-SEATER,2.0,4,M5,z,10.5,8.5,9.6,29,221
2025-03-17,motokar,MAZDA,MX-5,red,petrol,Rakan Niaga,2014,TWO-SEATER,2.0,4,M6,z,11.1,8.4,9.9,29,228
2025-03-17,motokar,PORSCHE,911 CARRERA,grey,petrol,W.P. Kuala Lumpur,2014,MINICOMPACT,3.4,6,AM7,z,11.6,8.3,10.1,28,232
2025-03-17,motokar,PORSCHE,911 CARRERA,grey,petrol,W.P. Kuala Lumpur,2014,MINICOMPACT,3.4,6,M7,z,12.5,8.6,10.7,26,246
2025-03-17,jip,PORSCHE,CAYENNE,white,petrol,W.P. Kuala Lumpur,2014,SUV - STANDARD,3.6,6,A8,z,13.6,10.1,12.0,24,276
2025-03-17,jip,PORSCHE,CAYENNE,white,petrol,W.P. Kuala Lumpur,2014,SUV - STANDARD,3.6,6,M6,z,15.8,10.9,13.6,21,313
2025-03-17,jip,PORSCHE,CAYENNE,black,petrol,Rakan Niaga,2014,SUV - STANDARD,3.6,6,A8,z,13.6,10.1,12.0,24,276
2025-03-17,jip,PORSCHE,CAYENNE,black,petrol,Rakan Niaga,2014,SUV - STANDARD,3.6,6,M6,z,15.8,10.9,13.6,21,313
2025-03-17,jip,PORSCHE,CAYENNE,grey,petrol,W.P. Kuala Lumpur,2014,SUV - STANDARD,3.6,6,A8,z,13.6,10.1,12.0,24,276
2025-03-17,jip,PORSCHE,CAYENNE,grey,petrol,W.P. Kuala Lumpur,2014,SUV - STANDARD,3.6,6,M6,z,15.8,10.9,13.6,21,313
2025-03-17,jip,PORSCHE,CAYENNE,white,petrol,Pulau Pinang,2014,SUV - STANDARD,3.6,6,A8,z,13.6,10.1,12.0,24,276
2025-03-17,jip,PORSCHE,CAYENNE,white,petrol,Pulau Pinang,2014,SUV - STANDARD,3.6,6,M6,z,15.8,10.9,13.6,21,313
2025-03-17,motokar,TOYOTA,CAMRY,white,petrol,Sarawak,2014,MID-SIZE,2.5,4,AS6,x,9.5,6.6,8.2,34,189
2025-03-17,motokar,TOYOTA,CAMRY,white,petrol,Sarawak,2014,MID-SIZE,3.5,6,AS6,x,11.1,7.8,9.6,29,221
2025-03-17,motokar,TOYOTA,COROLLA,red,petrol,Kedah,2014,MID-SIZE,1.8,4,A4,x,8.6,6.5,7.7,37,177
2025-03-17,motokar,TOYOTA,COROLLA,red,petrol,Kedah,2014,MID-SIZE,1.8,4,AV7,x,8.1,6.3,7.3,39,168
2025-03-17,motokar,TOYOTA,COROLLA,red,petrol,Kedah,2014,MID-SIZE,1.8,4,AV,x,8.0,5.9,7.1,40,163
2025-03-17,motokar,TOYOTA,COROLLA,red,petrol,Kedah,2014,MID-SIZE,1.8,4,M6,x,8.3,6.3,7.4,38,170
2025-03-17,motokar,TOYOTA,COROLLA,white,petrol,Rakan Niaga,2014,MID-SIZE,1.8,4,A4,x,8.6,6.5,7.7,37,177
2025-03-17,motokar,TOYOTA,COROLLA,white,petrol,Rakan Niaga,2014,MID-SIZE,1.8,4,AV7,x,8.1,6.3,7.3,39,168
2025-03-17,motokar,TOYOTA,COROLLA,white,petrol,Rakan Niaga,2014,MID-SIZE,1.8,4,AV,x,8.0,5.9,7.1,40,163
2025-03-17,motokar,TOYOTA,COROLLA,white,petrol,Rakan Niaga,2014,MID-SIZE,1.8,4,M6,x,8.3,6.3,7.4,38,170
2025-03-17,motokar,TOYOTA,YARIS,silver,petrol,Rakan Niaga,2014,COMPACT,1.5,4,A4,x,7.9,6.6,7.3,39,168
2025-03-17,motokar,TOYOTA,YARIS,silver,petrol,Rakan Niaga,2014,COMPACT,1.5,4,M5,x,7.8,6.3,7.1,40,163
2025-03-17,motokar,TOYOTA,YARIS,silver,petrol,W.P. Kuala Lumpur,2014,COMPACT,1.5,4,A4,x,7.9,6.6,7.3,39,168
2025-03-17,motokar,TOYOTA,YARIS,silver,petrol,W.P. Kuala Lumpur,2014,COMPACT,1.5,4,M5,x,7.8,6.3,7.1,40,163
2025-03-17,motokar,TOYOTA,YARIS,white,petrol,Rakan Niaga,2014,COMPACT,1.5,4,A4,x,7.9,6.6,7.3,39,168
2025-03-17,motokar,TOYOTA,YARIS,white,petrol,Rakan Niaga,2014,COMPACT,1.5,4,M5,x,7.8,6.3,7.1,40,163
2025-03-17,motokar,TOYOTA,YARIS,red,petrol,Rakan Niaga,2014,COMPACT,1.5,4,A4,x,7.9,6.6,7.3,39,168
2025-03-17,motokar,TOYOTA,YARIS,red,petrol,Rakan Niaga,2014,COMPACT,1.5,4,M5,x,7.8,6.3,7.1,40,163
2025-03-17,motokar,TOYOTA,YARIS,white,petrol,W.P. Kuala Lumpur,2014,COMPACT,1.5,4,A4,x,7.9,6.6,7.3,39,168
2025-03-17,motokar,TOYOTA,YARIS,white,petrol,W.P. Kuala Lumpur,2014,COMPACT,1.5,4,M5,x,7.8,6.3,7.1,40,163
2025-03-17,motokar,TOYOTA,YARIS,white,petrol,Pahang,2014,COMPACT,1.5,4,A4,x,7.9,6.6,7.3,39,168
2025-03-17,motokar,TOYOTA,YARIS,white,petrol,Pahang,2014,COMPACT,1.5,4,M5,x,7.8,6.3,7.1,40,163
2025-03-17,jip,VOLKSWAGEN,TIGUAN,grey,petrol,Rakan Niaga,2014,SUV - SMALL,2.0,4,A6,z,11.7,9.5,10.7,26,246
2025-03-17,jip,VOLKSWAGEN,TIGUAN,grey,petrol,Rakan Niaga,2014,SUV - SMALL,2.0,4,M6,z,13.6,9.2,11.6,24,267
2025-03-17,jip,VOLKSWAGEN,TIGUAN,black,petrol,Melaka,2014,SUV - SMALL,2.0,4,A6,z,11.7,9.5,10.7,26,246
2025-03-17,jip,VOLKSWAGEN,TIGUAN,black,petrol,Melaka,2014,SUV - SMALL,2.0,4,M6,z,13.6,9.2,11.6,24,267
2025-03-17,jip,VOLVO,XC60,beige,hybrid_petrol,Rakan Niaga,2014,SUV - SMALL,3.2,6,AS6,x,13.0,8.9,11.2,25,258
2025-03-18,jip,HONDA,CR-V,blue,petrol,Rakan Niaga,2014,SUV - SMALL,2.4,4,A5,x,10.3,7.6,9.1,31,209
2025-03-18,jip,HONDA,CR-V,grey,petrol,Rakan Niaga,2014,SUV - SMALL,2.4,4,A5,x,10.3,7.6,9.1,31,209
2025-03-18,jip,HONDA,CR-V,grey,hybrid_petrol,Rakan Niaga,2014,SUV - SMALL,2.4,4,A5,x,10.3,7.6,9.1,31,209
2025-03-18,jip,HONDA,CR-V,blue,petrol,Kedah,2014,SUV - SMALL,2.4,4,A5,x,10.3,7.6,9.1,31,209
2025-03-18,jip,HONDA,CR-V,white,hybrid_petrol,Rakan Niaga,2014,SUV - SMALL,2.4,4,A5,x,10.3,7.6,9.1,31,209
2025-03-18,motokar,HONDA,CIVIC,grey,petrol,Rakan Niaga,2014,COMPACT,1.8,4,AV,x,7.9,6.0,7.0,40,161
2025-03-18,motokar,HONDA,CIVIC,grey,petrol,Rakan Niaga,2014,COMPACT,1.8,4,AV7,x,8.1,6.2,7.2,39,166
2025-03-18,motokar,HONDA,CIVIC,grey,petrol,Rakan Niaga,2014,COMPACT,1.8,4,M5,x,8.5,6.6,7.6,37,175
2025-03-18,motokar,HONDA,CIVIC,grey,hybrid_petrol,Rakan Niaga,2014,COMPACT,1.8,4,AV,x,7.9,6.0,7.0,40,161
2025-03-18,motokar,HONDA,CIVIC,grey,hybrid_petrol,Rakan Niaga,2014,COMPACT,1.8,4,AV7,x,8.1,6.2,7.2,39,166
2025-03-18,motokar,HONDA,CIVIC,grey,hybrid_petrol,Rakan Niaga,2014,COMPACT,1.8,4,M5,x,8.5,6.6,7.6,37,175
2025-03-18,motokar,HONDA,CIVIC,white,hybrid_petrol,Rakan Niaga,2014,COMPACT,1.8,4,AV,x,7.9,6.0,7.0,40,161
2025-03-18,motokar,HONDA,CIVIC,white,hybrid_petrol,Rakan Niaga,2014,COMPACT,1.8,4,AV7,x,8.1,6.2,7.2,39,166
2025-03-18,motokar,HONDA,CIVIC,white,hybrid_petrol,Rakan Niaga,2014,COMPACT,1.8,4,M5,x,8.5,6.6,7.6,37,175
2025-03-18,motokar,HONDA,CIVIC,white,petrol,Kedah,2014,COMPACT,1.8,4,AV,x,7.9,6.0,7.0,40,161
2025-03-18,motokar,HONDA,CIVIC,white,petrol,Kedah,2014,COMPACT,1.8,4,AV7,x,8.1,6.2,7.2,39,166
2025-03-18,motokar,HONDA,CIVIC,white,petrol,Kedah,2014,COMPACT,1.8,4,M5,x,8.5,6.6,7.6,37,175
2025-03-18,motokar,HONDA,CIVIC,white,petrol,Rakan Niaga,2014,COMPACT,1.8,4,AV,x,7.9,6.0,7.0,40,161
2025-03-18,motokar,HONDA,CIVIC,white,petrol,Rakan Niaga,2014,COMPACT,1.8,4,AV7,x,8.1,6.2,7.2,39,166
2025-03-18,motokar,HONDA,CIVIC,white,petrol,Rakan Niaga,2014,COMPACT,1.8,4,M5,x,8.5,6.6,7.6,37,175
2025-03-18,motokar,HONDA,CIVIC,black,petrol,Rakan Niaga,2014,COMPACT,1.8,4,AV,x,7.9,6.0,7.0,40,161
2025-03-18,motokar,HONDA,CIVIC,black,petrol,Rakan Niaga,2014,COMPACT,1.8,4,AV7,x,8.1,6.2,7.2,39,166
2025-03-18,motokar,HONDA,CIVIC,black,petrol,Rakan Niaga,2014,COMPACT,1.8,4,M5,x,8.5,6.6,7.6,37,175
2025-03-18,jip,MAZDA,CX-5,blue,petrol,Rakan Niaga,2014,SUV - SMALL,2.0,4,AS6,x,8.9,7.3,8.2,34,189
2025-03-18,jip,MAZDA,CX-5,blue,petrol,Rakan Niaga,2014,SUV - SMALL,2.0,4,M6,x,9.0,6.8,8.0,35,184
2025-03-18,jip,MAZDA,CX-5,blue,petrol,Rakan Niaga,2014,SUV - SMALL,2.5,4,AS6,x,9.6,7.4,8.6,33,198
2025-03-18,jip,MAZDA,CX-5,white,petrol,Rakan Niaga,2014,SUV - SMALL,2.0,4,AS6,x,8.9,7.3,8.2,34,189
2025-03-18,jip,MAZDA,CX-5,white,petrol,Rakan Niaga,2014,SUV - SMALL,2.0,4,M6,x,9.0,6.8,8.0,35,184
2025-03-18,jip,MAZDA,CX-5,white,petrol,Rakan Niaga,2014,SUV - SMALL,2.5,4,AS6,x,9.6,7.4,8.6,33,198
2025-03-18,jip,MAZDA,CX-5,gold,petrol,Rakan Niaga,2014,SUV - SMALL,2.0,4,AS6,x,8.9,7.3,8.2,34,189
2025-03-18,jip,MAZDA,CX-5,gold,petrol,Rakan Niaga,2014,SUV - SMALL,2.0,4,M6,x,9.0,6.8,8.0,35,184
2025-03-18,jip,MAZDA,CX-5,gold,petrol,Rakan Niaga,2014,SUV - SMALL,2.5,4,AS6,x,9.6,7.4,8.6,33,198
2025-03-18,jip,MAZDA,CX-5,grey,petrol,Rakan Niaga,2014,SUV - SMALL,2.0,4,AS6,x,8.9,7.3,8.2,34,189
2025-03-18,jip,MAZDA,CX-5,grey,petrol,Rakan Niaga,2014,SUV - SMALL,2.0,4,M6,x,9.0,6.8,8.0,35,184
2025-03-18,jip,MAZDA,CX-5,grey,petrol,Rakan Niaga,2014,SUV - SMALL,2.5,4,AS6,x,9.6,7.4,8.6,33,198
2025-03-18,jip,PORSCHE,CAYENNE,black,petrol,Rakan Niaga,2014,SUV - STANDARD,3.6,6,A8,z,13.6,10.1,12.0,24,276
2025-03-18,jip,PORSCHE,CAYENNE,black,petrol,Rakan Niaga,2014,SUV - STANDARD,3.6,6,M6,z,15.8,10.9,13.6,21,313
2025-03-18,motokar,TOYOTA,YARIS,white,petrol,Rakan Niaga,2014,COMPACT,1.5,4,A4,x,7.9,6.6,7.3,39,168
2025-03-18,motokar,TOYOTA,YARIS,white,petrol,Rakan Niaga,2014,COMPACT,1.5,4,M5,x,7.8,6.3,7.1,40,163
2025-03-18,motokar,TOYOTA,YARIS,red,petrol,Rakan Niaga,2014,COMPACT,1.5,4,A4,x,7.9,6.6,7.3,39,168
2025-03-18,motokar,TOYOTA,YARIS,red,petrol,Rakan Niaga,2014,COMPACT,1.5,4,M5,x,7.8,6.3,7.1,40,163
2025-03-18,motokar,TOYOTA,YARIS,silver,petrol,Rakan Niaga,2014,COMPACT,1.5,4,A4,x,7.9,6.6,7.3,39,168
2025-03-18,motokar,TOYOTA,YARIS,silver,petrol,Rakan Niaga,2014,COMPACT,1.5,4,M5,x,7.8,6.3,7.1,40,163
2025-03-18,motokar,TOYOTA,YARIS,grey,petrol,Rakan Niaga,2014,COMPACT,1.5,4,A4,x,7.9,6.6,7.3,39,168
2025-03-18,motokar,TOYOTA,YARIS,grey,petrol,Rakan Niaga,2014,COMPACT,1.5,4,M5,x,7.8,6.3,7.1,40,163
2025-03-18,jip,VOLKSWAGEN,TIGUAN,white,petrol,Rakan Niaga,2014,SUV - SMALL,2.0,4,A6,z,11.7,9.5,10.7,26,246
2025-03-18,jip,VOLKSWAGEN,TIGUAN,white,petrol,Rakan Niaga,2014,SUV - SMALL,2.0,4,M6,z,13.6,9.2,11.6,24,267
2025-03-18,jip,VOLVO,XC60,blue,hybrid_petrol,Rakan Niaga,2014,SUV - SMALL,3.2,6,AS6,x,13.0,8.9,11.2,25,258
2025-03-19,jip,HONDA,CR-V,blue,petrol,Rakan Niaga,2014,SUV - SMALL,2.4,4,A5,x,10.3,7.6,9.1,31,209
2025-03-19,jip,HONDA,CR-V,blue,hybrid_petrol,Rakan Niaga,2014,SUV - SMALL,2.4,4,A5,x,10.3,7.6,9.1,31,209
2025-03-19,jip,HONDA,CR-V,grey,petrol,Rakan Niaga,2014,SUV - SMALL,2.4,4,A5,x,10.3,7.6,9.1,31,209
2025-03-19,jip,HONDA,CR-V,white,petrol,Rakan Niaga,2014,SUV - SMALL,2.4,4,A5,x,10.3,7.6,9.1,31,209
2025-03-19,jip,HONDA,CR-V,blue,petrol,W.P. Kuala Lumpur,2014,SUV - SMALL,2.4,4,A5,x,10.3,7.6,9.1,31,209
2025-03-19,jip,HONDA,CR-V,white,hybrid_petrol,W.P. Kuala Lumpur,2014,SUV - SMALL,2.4,4,A5,x,10.3,7.6,9.1,31,209
2025-03-19,motokar,HONDA,CIVIC,blue,petrol,Rakan Niaga,2014,COMPACT,1.8,4,AV,x,7.9,6.0,7.0,40,161
2025-03-19,motokar,HONDA,CIVIC,blue,petrol,Rakan Niaga,2014,COMPACT,1.8,4,AV7,x,8.1,6.2,7.2,39,166
2025-03-19,motokar,HONDA,CIVIC,blue,petrol,Rakan Niaga,2014,COMPACT,1.8,4,M5,x,8.5,6.6,7.6,37,175
2025-03-19,motokar,HONDA,CIVIC,black,petrol,Rakan Niaga,2014,COMPACT,1.8,4,AV,x,7.9,6.0,7.0,40,161
2025-03-19,motokar,HONDA,CIVIC,black,petrol,Rakan Niaga,2014,COMPACT,1.8,4,AV7,x,8.1,6.2,7.2,39,166
2025-03-19,motokar,HONDA,CIVIC,black,petrol,Rakan Niaga,2014,COMPACT,1.8,4,M5,x,8.5,6.6,7.6,37,175
2025-03-19,motokar,HONDA,CIVIC,blue,petrol,Pulau Pinang,2014,COMPACT,1.8,4,AV,x,7.9,6.0,7.0,40,161
2025-03-19,motokar,HONDA,CIVIC,blue,petrol,Pulau Pinang,2014,COMPACT,1.8,4,AV7,x,8.1,6.2,7.2,39,166
2025-03-19,motokar,HONDA,CIVIC,blue,petrol,Pulau Pinang,2014,COMPACT,1.8,4,M5,x,8.5,6.6,7.6,37,175
2025-03-19,motokar,HONDA,CIVIC,white,petrol,Johor,2014,COMPACT,1.8,4,AV,x,7.9,6.0,7.0,40,161
2025-03-19,motokar,HONDA,CIVIC,white,petrol,Johor,2014,COMPACT,1.8,4,AV7,x,8.1,6.2,7.2,39,166
2025-03-19,motokar,HONDA,CIVIC,white,petrol,Johor,2014,COMPACT,1.8,4,M5,x,8.5,6.6,7.6,37,175
2025-03-19,motokar,HONDA,CIVIC,blue,petrol,W.P. Kuala Lumpur,2014,COMPACT,1.8,4,AV,x,7.9,6.0,7.0,40,161
2025-03-19,motokar,HONDA,CIVIC,blue,petrol,W.P. Kuala Lumpur,2014,COMPACT,1.8,4,AV7,x,8.1,6.2,7.2,39,166
2025-03-19,motokar,HONDA,CIVIC,blue,petrol,W.P. Kuala Lumpur,2014,COMPACT,1.8,4,M5,x,8.5,6.6,7.6,37,175
2025-03-19,motokar,HONDA,CIVIC,grey,petrol,Selangor,2014,COMPACT,1.8,4,AV,x,7.9,6.0,7.0,40,161
2025-03-19,motokar,HONDA,CIVIC,grey,petrol,Selangor,2014,COMPACT,1.8,4,AV7,x,8.1,6.2,7.2,39,166
2025-03-19,motokar,HONDA,CIVIC,grey,petrol,Selangor,2014,COMPACT,1.8,4,M5,x,8.5,6.6,7.6,37,175
2025-03-19,motokar,HONDA,CIVIC,grey,petrol,Rakan Niaga,2014,COMPACT,1.8,4,AV,x,7.9,6.0,7.0,40,161
2025-03-19,motokar,HONDA,CIVIC,grey,petrol,Rakan Niaga,2014,COMPACT,1.8,4,AV7,x,8.1,6.2,7.2,39,166
2025-03-19,motokar,HONDA,CIVIC,grey,petrol,Rakan Niaga,2014,COMPACT,1.8,4,M5,x,8.5,6.6,7.6,37,175
2025-03-19,motokar,HONDA,CIVIC,white,hybrid_petrol,Rakan Niaga,2014,COMPACT,1.8,4,AV,x,7.9,6.0,7.0,40,161
2025-03-19,motokar,HONDA,CIVIC,white,hybrid_petrol,Rakan Niaga,2014,COMPACT,1.8,4,AV7,x,8.1,6.2,7.2,39,166
2025-03-19,motokar,HONDA,CIVIC,white,hybrid_petrol,Rakan Niaga,2014,COMPACT,1.8,4,M5,x,8.5,6.6,7.6,37,175
2025-03-19,motokar,HONDA,CIVIC,red,petrol,Sabah,2014,COMPACT,1.8,4,AV,x,7.9,6.0,7.0,40,161
2025-03-19,motokar,HONDA,CIVIC,red,petrol,Sabah,2014,COMPACT,1.8,4,AV7,x,8.1,6.2,7.2,39,166
2025-03-19,motokar,HONDA,CIVIC,red,petrol,Sabah,2014,COMPACT,1.8,4,M5,x,8.5,6.6,7.6,37,175
2025-03-19,window_van,HONDA,ODYSSEY,blue,petrol,Rakan Niaga,2014,MINIVAN,3.5,6,A6,x,12.3,8.5,10.6,27,244
2025-03-19,window_van,HONDA,ODYSSEY,white,petrol,W.P. Kuala Lumpur,2014,MINIVAN,3.5,6,A6,x,12.3,8.5,10.6,27,244
2025-03-19,jip,HYUNDAI,SANTA FE,grey,hybrid_petrol,Rakan Niaga,2014,SUV - SMALL,3.3,6,A6,x,13.0,9.1,11.2,25,258
2025-03-19,jip,HYUNDAI,SANTA FE,blue,hybrid_petrol,Rakan Niaga,2014,SUV - SMALL,3.3,6,A6,x,13.0,9.1,11.2,25,258
2025-03-19,jip,KIA,SPORTAGE,black,petrol,Rakan Niaga,2014,SUV - SMALL,2.4,4,A6,x,11.4,8.3,10.0,28,230
2025-03-19,jip,KIA,SPORTAGE,black,petrol,Rakan Niaga,2014,SUV - SMALL,2.4,4,M6,x,12.9,9.3,11.3,25,260
2025-03-19,jip,KIA,SPORTAGE,blue,petrol,Rakan Niaga,2014,SUV - SMALL,2.4,4,A6,x,11.4,8.3,10.0,28,230
2025-03-19,jip,KIA,SPORTAGE,blue,petrol,Rakan Niaga,2014,SUV - SMALL,2.4,4,M6,x,12.9,9.3,11.3,25,260
2025-03-19,jip,KIA,SPORTAGE,white,petrol,Rakan Niaga,2014,SUV - SMALL,2.4,4,A6,x,11.4,8.3,10.0,28,230
2025-03-19,jip,KIA,SPORTAGE,white,petrol,Rakan Niaga,2014,SUV - SMALL,2.4,4,M6,x,12.9,9.3,11.3,25,260
2025-03-19,jip,KIA,SPORTAGE,grey,petrol,Rakan Niaga,2014,SUV - SMALL,2.4,4,A6,x,11.4,8.3,10.0,28,230
2025-03-19,jip,KIA,SPORTAGE,grey,petrol,Rakan Niaga,2014,SUV - SMALL,2.4,4,M6,x,12.9,9.3,11.3,25,260
2025-03-19,jip,MAZDA,CX-5,blue,petrol,Rakan Niaga,2014,SUV - SMALL,2.0,4,AS6,x,8.9,7.3,8.2,34,189
2025-03-19,jip,MAZDA,CX-5,blue,petrol,Rakan Niaga,2014,SUV - SMALL,2.0,4,M6,x,9.0,6.8,8.0,35,184
2025-03-19,jip,MAZDA,CX-5,blue,petrol,Rakan Niaga,2014,SUV - SMALL,2.5,4,AS6,x,9.6,7.4,8.6,33,198
2025-03-19,jip,MAZDA,CX-5,grey,petrol,Rakan Niaga,2014,SUV - SMALL,2.0,4,AS6,x,8.9,7.3,8.2,34,189
2025-03-19,jip,MAZDA,CX-5,grey,petrol,Rakan Niaga,2014,SUV - SMALL,2.0,4,M6,x,9.0,6.8,8.0,35,184
2025-03-19,jip,MAZDA,CX-5,grey,petrol,Rakan Niaga,2014,SUV - SMALL,2.5,4,AS6,x,9.6,7.4,8.6,33,198
2025-03-19,jip,MAZDA,CX-5,gold,petrol,Rakan Niaga,2014,SUV - SMALL,2.0,4,AS6,x,8.9,7.3,8.2,34,189
2025-03-19,jip,MAZDA,CX-5,gold,petrol,Rakan Niaga,2014,SUV - SMALL,2.0,4,M6,x,9.0,6.8,8.0,35,184
2025-03-19,jip,MAZDA,CX-5,gold,petrol,Rakan Niaga,2014,SUV - SMALL,2.5,4,AS6,x,9.6,7.4,8.6,33,198
2025-03-19,jip,MAZDA,CX-5,black,petrol,Rakan Niaga,2014,SUV - SMALL,2.0,4,AS6,x,8.9,7.3,8.2,34,189
2025-03-19,jip,MAZDA,CX-5,black,petrol,Rakan Niaga,2014,SUV - SMALL,2.0,4,M6,x,9.0,6.8,8.0,35,184
2025-03-19,jip,MAZDA,CX-5,black,petrol,Rakan Niaga,2014,SUV - SMALL,2.5,4,AS6,x,9.6,7.4,8.6,33,198
2025-03-19,jip,MAZDA,CX-5,red,petrol,Rakan Niaga,2014,SUV - SMALL,2.0,4,AS6,x,8.9,7.3,8.2,34,189
2025-03-19,jip,MAZDA,CX-5,red,petrol,Rakan Niaga,2014,SUV - SMALL,2.0,4,M6,x,9.0,6.8,8.0,35,184
2025-03-19,jip,MAZDA,CX-5,red,petrol,Rakan Niaga,2014,SUV - SMALL,2.5,4,AS6,x,9.6,7.4,8.6,33,198
2025-03-19,jip,MAZDA,CX-5,grey,petrol,W.P. Kuala Lumpur,2014,SUV - SMALL,2.0,4,AS6,x,8.9,7.3,8.2,34,189
2025-03-19,jip,MAZDA,CX-5,grey,petrol,W.P. Kuala Lumpur,2014,SUV - SMALL,2.0,4,M6,x,9.0,6.8,8.0,35,184
2025-03-19,jip,MAZDA,CX-5,grey,petrol,W.P. Kuala Lumpur,2014,SUV - SMALL,2.5,4,AS6,x,9.6,7.4,8.6,33,198
2025-03-19,jip,MAZDA,CX-5,white,petrol,Rakan Niaga,2014,SUV - SMALL,2.0,4,AS6,x,8.9,7.3,8.2,34,189
2025-03-19,jip,MAZDA,CX-5,white,petrol,Rakan Niaga,2014,SUV - SMALL,2.0,4,M6,x,9.0,6.8,8.0,35,184
2025-03-19,jip,MAZDA,CX-5,white,petrol,Rakan Niaga,2014,SUV - SMALL,2.5,4,AS6,x,9.6,7.4,8.6,33,198
2025-03-19,motokar,MAZDA,MX-5,gold,petrol,Rakan Niaga,2014,TWO-SEATER,2.0,4,AS6,z,11.5,8.5,10.2,28,235
2025-03-19,motokar,MAZDA,MX-5,gold,petrol,Rakan Niaga,2014,TWO-SEATER,2.0,4,M5,z,10.5,8.5,9.6,29,221
2025-03-19,motokar,MAZDA,MX-5,gold,petrol,Rakan Niaga,2014,TWO-SEATER,2.0,4,M6,z,11.1,8.4,9.9,29,228
2025-03-19,jip,PORSCHE,CAYENNE,white,hybrid_petrol,Rakan Niaga,2014,SUV - STANDARD,3.6,6,A8,z,13.6,10.1,12.0,24,276
2025-03-19,jip,PORSCHE,CAYENNE,white,hybrid_petrol,Rakan Niaga,2014,SUV - STANDARD,3.6,6,M6,z,15.8,10.9,13.6,21,313
2025-03-19,motokar,TOYOTA,CAMRY,black,hybrid_petrol,Rakan Niaga,2014,MID-SIZE,2.5,4,AS6,x,9.5,6.6,8.2,34,189
2025-03-19,motokar,TOYOTA,CAMRY,black,hybrid_petrol,Rakan Niaga,2014,MID-SIZE,3.5,6,AS6,x,11.1,7.8,9.6,29,221
2025-03-19,motokar,TOYOTA,CAMRY,grey,hybrid_petrol,Rakan Niaga,2014,MID-SIZE,2.5,4,AS6,x,9.5,6.6,8.2,34,189
2025-03-19,motokar,TOYOTA,CAMRY,grey,hybrid_petrol,Rakan Niaga,2014,MID-SIZE,3.5,6,AS6,x,11.1,7.8,9.6,29,221
2025-03-19,motokar,TOYOTA,CAMRY,black,petrol,W.P. Kuala Lumpur,2014,MID-SIZE,2.5,4,AS6,x,9.5,6.6,8.2,34,189
2025-03-19,motokar,TOYOTA,CAMRY,black,petrol,W.P. Kuala Lumpur,2014,MID-SIZE,3.5,6,AS6,x,11.1,7.8,9.6,29,221
2025-03-19,motokar,TOYOTA,CAMRY,grey,petrol,Rakan Niaga,2014,MID-SIZE,2.5,4,AS6,x,9.5,6.6,8.2,34,189
2025-03-19,motokar,TOYOTA,CAMRY,grey,petrol,Rakan Niaga,2014,MID-SIZE,3.5,6,AS6,x,11.1,7.8,9.6,29,221
2025-03-19,motokar,TOYOTA,YARIS,white,petrol,Rakan Niaga,2014,COMPACT,1.5,4,A4,x,7.9,6.6,7.3,39,168
2025-03-19,motokar,TOYOTA,YARIS,white,petrol,Rakan Niaga,2014,COMPACT,1.5,4,M5,x,7.8,6.3,7.1,40,163
2025-03-19,motokar,TOYOTA,YARIS,red,petrol,Rakan Niaga,2014,COMPACT,1.5,4,A4,x,7.9,6.6,7.3,39,168
2025-03-19,motokar,TOYOTA,YARIS,red,petrol,Rakan Niaga,2014,COMPACT,1.5,4,M5,x,7.8,6.3,7.1,40,163
2025-03-19,motokar,TOYOTA,YARIS,silver,petrol,Rakan Niaga,2014,COMPACT,1.5,4,A4,x,7.9,6.6,7.3,39,168
2025-03-19,motokar,TOYOTA,YARIS,silver,petrol,Rakan Niaga,2014,COMPACT,1.5,4,M5,x,7.8,6.3,7.1,40,163
2025-03-19,motokar,TOYOTA,YARIS,red,petrol,Johor,2014,COMPACT,1.5,4,A4,x,7.9,6.6,7.3,39,168
2025-03-19,motokar,TOYOTA,YARIS,red,petrol,Johor,2014,COMPACT,1.5,4,M5,x,7.8,6.3,7.1,40,163
2025-03-19,motokar,TOYOTA,YARIS,red,petrol,Kedah,2014,COMPACT,1.5,4,A4,x,7.9,6.6,7.3,39,168
2025-03-19,motokar,TOYOTA,YARIS,red,petrol,Kedah,2014,COMPACT,1.5,4,M5,x,7.8,6.3,7.1,40,163
2025-03-19,motokar,TOYOTA,YARIS,silver,petrol,Selangor,2014,COMPACT,1.5,4,A4,x,7.9,6.6,7.3,39,168
2025-03-19,motokar,TOYOTA,YARIS,silver,petrol,Selangor,2014,COMPACT,1.5,4,M5,x,7.8,6.3,7.1,40,163
2025-03-19,motokar,TOYOTA,YARIS,white,petrol,W.P. Kuala Lumpur,2014,COMPACT,1.5,4,A4,x,7.9,6.6,7.3,39,168
2025-03-19,motokar,TOYOTA,YARIS,white,petrol,W.P. Kuala Lumpur,2014,COMPACT,1.5,4,M5,x,7.8,6.3,7.1,40,163
2025-03-19,jip,VOLKSWAGEN,TIGUAN,white,petrol,Selangor,2014,SUV - SMALL,2.0,4,A6,z,11.7,9.5,10.7,26,246
2025-03-19,jip,VOLKSWAGEN,TIGUAN,white,petrol,Selangor,2014,SUV - SMALL,2.0,4,M6,z,13.6,9.2,11.6,24,267
2025-03-19,jip,VOLKSWAGEN,TIGUAN,blue,petrol,Rakan Niaga,2014,SUV - SMALL,2.0,4,A6,z,11.7,9.5,10.7,26,246
2025-03-19,jip,VOLKSWAGEN,TIGUAN,blue,petrol,Rakan Niaga,2014,SUV - SMALL,2.0,4,M6,z,13.6,9.2,11.6,24,267
2025-03-19,jip,VOLKSWAGEN,TIGUAN,white,petrol,Rakan Niaga,2014,SUV - SMALL,2.0,4,A6,z,11.7,9.5,10.7,26,246
2025-03-19,jip,VOLKSWAGEN,TIGUAN,white,petrol,Rakan Niaga,2014,SUV - SMALL,2.0,4,M6,z,13.6,9.2,11.6,24,267
2025-03-19,jip,VOLKSWAGEN,TOUAREG,black,petrol,Rakan Niaga,2014,SUV - STANDARD,3.6,6,AS8,z,13.8,10.3,12.2,23,281
2025-03-19,jip,VOLVO,XC60,black,hybrid_petrol,Rakan Niaga,2014,SUV - SMALL,3.2,6,AS6,x,13.0,8.9,11.2,25,258
2025-03-20,jip,AUDI,Q5,white,petrol,Rakan Niaga,2014,SUV - SMALL,2.0,4,AS8,z,12.0,8.5,10.4,27,239
2025-03-20,jip,AUDI,Q5,white,petrol,Rakan Niaga,2014,SUV - SMALL,3.0,6,AS8,z,12.9,9.2,11.2,25,258
2025-03-20,jip,AUDI,SQ5,white,petrol,Rakan Niaga,2014,SUV - SMALL,3.0,6,AS8,z,14.9,10.1,12.7,22,292
2025-03-20,jip,HONDA,CR-V,silver,petrol,Rakan Niaga,2014,SUV - SMALL,2.4,4,A5,x,10.3,7.6,9.1,31,209
2025-03-20,jip,HONDA,CR-V,blue,petrol,Rakan Niaga,2014,SUV - SMALL,2.4,4,A5,x,10.3,7.6,9.1,31,209
2025-03-20,jip,HONDA,CR-V,grey,petrol,Rakan Niaga,2014,SUV - SMALL,2.4,4,A5,x,10.3,7.6,9.1,31,209
2025-03-20,jip,HONDA,CR-V,blue,hybrid_petrol,Negeri Sembilan,2014,SUV - SMALL,2.4,4,A5,x,10.3,7.6,9.1,31,209
2025-03-20,jip,HONDA,CR-V,white,petrol,Rakan Niaga,2014,SUV - SMALL,2.4,4,A5,x,10.3,7.6,9.1,31,209
2025-03-20,jip,HONDA,CR-V,blue,hybrid_petrol,Rakan Niaga,2014,SUV - SMALL,2.4,4,A5,x,10.3,7.6,9.1,31,209
2025-03-20,jip,HONDA,CR-V,grey,petrol,Melaka,2014,SUV - SMALL,2.4,4,A5,x,10.3,7.6,9.1,31,209
2025-03-20,jip,HONDA,CR-V,grey,hybrid_petrol,Rakan Niaga,2014,SUV - SMALL,2.4,4,A5,x,10.3,7.6,9.1,31,209
2025-03-20,jip,HONDA,CR-V,white,hybrid_petrol,Rakan Niaga,2014,SUV - SMALL,2.4,4,A5,x,10.3,7.6,9.1,31,209
2025-03-20,motokar,HONDA,CIVIC,black,petrol,Rakan Niaga,2014,COMPACT,1.8,4,AV,x,7.9,6.0,7.0,40,161
2025-03-20,motokar,HONDA,CIVIC,black,petrol,Rakan Niaga,2014,COMPACT,1.8,4,AV7,x,8.1,6.2,7.2,39,166
2025-03-20,motokar,HONDA,CIVIC,black,petrol,Rakan Niaga,2014,COMPACT,1.8,4,M5,x,8.5,6.6,7.6,37,175
2025-03-20,motokar,HONDA,CIVIC,white,petrol,Rakan Niaga,2014,COMPACT,1.8,4,AV,x,7.9,6.0,7.0,40,161
2025-03-20,motokar,HONDA,CIVIC,white,petrol,Rakan Niaga,2014,COMPACT,1.8,4,AV7,x,8.1,6.2,7.2,39,166
2025-03-20,motokar,HONDA,CIVIC,white,petrol,Rakan Niaga,2014,COMPACT,1.8,4,M5,x,8.5,6.6,7.6,37,175
2025-03-20,motokar,HONDA,CIVIC,grey,petrol,Rakan Niaga,2014,COMPACT,1.8,4,AV,x,7.9,6.0,7.0,40,161
2025-03-20,motokar,HONDA,CIVIC,grey,petrol,Rakan Niaga,2014,COMPACT,1.8,4,AV7,x,8.1,6.2,7.2,39,166
2025-03-20,motokar,HONDA,CIVIC,grey,petrol,Rakan Niaga,2014,COMPACT,1.8,4,M5,x,8.5,6.6,7.6,37,175
2025-03-20,motokar,HONDA,CIVIC,grey,petrol,Johor,2014,COMPACT,1.8,4,AV,x,7.9,6.0,7.0,40,161
2025-03-20,motokar,HONDA,CIVIC,grey,petrol,Johor,2014,COMPACT,1.8,4,AV7,x,8.1,6.2,7.2,39,166
2025-03-20,motokar,HONDA,CIVIC,grey,petrol,Johor,2014,COMPACT,1.8,4,M5,x,8.5,6.6,7.6,37,175
2025-03-20,motokar,HONDA,CIVIC,blue,petrol,W.P. Kuala Lumpur,2014,COMPACT,1.8,4,AV,x,7.9,6.0,7.0,40,161
2025-03-20,motokar,HONDA,CIVIC,blue,petrol,W.P. Kuala Lumpur,2014,COMPACT,1.8,4,AV7,x,8.1,6.2,7.2,39,166
2025-03-20,motokar,HONDA,CIVIC,blue,petrol,W.P. Kuala Lumpur,2014,COMPACT,1.8,4,M5,x,8.5,6.6,7.6,37,175
2025-03-20,motokar,HONDA,CIVIC,red,petrol,Kelantan,2014,COMPACT,1.8,4,AV,x,7.9,6.0,7.0,40,161
2025-03-20,motokar,HONDA,CIVIC,red,petrol,Kelantan,2014,COMPACT,1.8,4,AV7,x,8.1,6.2,7.2,39,166
2025-03-20,motokar,HONDA,CIVIC,red,petrol,Kelantan,2014,COMPACT,1.8,4,M5,x,8.5,6.6,7.6,37,175
2025-03-20,motokar,HONDA,CIVIC,red,petrol,Rakan Niaga,2014,COMPACT,1.8,4,AV,x,7.9,6.0,7.0,40,161
2025-03-20,motokar,HONDA,CIVIC,red,petrol,Rakan Niaga,2014,COMPACT,1.8,4,AV7,x,8.1,6.2,7.2,39,166
2025-03-20,motokar,HONDA,CIVIC,red,petrol,Rakan Niaga,2014,COMPACT,1.8,4,M5,x,8.5,6.6,7.6,37,175
2025-03-20,motokar,HONDA,CIVIC,white,petrol,Sarawak,2014,COMPACT,1.8,4,AV,x,7.9,6.0,7.0,40,161
2025-03-20,motokar,HONDA,CIVIC,white,petrol,Sarawak,2014,COMPACT,1.8,4,AV7,x,8.1,6.2,7.2,39,166
2025-03-20,motokar,HONDA,CIVIC,white,petrol,Sarawak,2014,COMPACT,1.8,4,M5,x,8.5,6.6,7.6,37,175
2025-03-20,motokar,HONDA,CIVIC,white,petrol,Kedah,2014,COMPACT,1.8,4,AV,x,7.9,6.0,7.0,40,161
2025-03-20,motokar,HONDA,CIVIC,white,petrol,Kedah,2014,COMPACT,1.8,4,AV7,x,8.1,6.2,7.2,39,166
2025-03-20,motokar,HONDA,CIVIC,white,petrol,Kedah,2014,COMPACT,1.8,4,M5,x,8.5,6.6,7.6,37,175
2025-03-20,motokar,HONDA,CIVIC,blue,petrol,Rakan Niaga,2014,COMPACT,1.8,4,AV,x,7.9,6.0,7.0,40,161
2025-03-20,motokar,HONDA,CIVIC,blue,petrol,Rakan Niaga,2014,COMPACT,1.8,4,AV7,x,8.1,6.2,7.2,39,166
2025-03-20,motokar,HONDA,CIVIC,blue,petrol,Rakan Niaga,2014,COMPACT,1.8,4,M5,x,8.5,6.6,7.6,37,175
2025-03-20,window_van,HONDA,CIVIC,white,petrol,Sabah,2014,COMPACT,1.8,4,AV,x,7.9,6.0,7.0,40,161
2025-03-20,window_van,HONDA,CIVIC,white,petrol,Sabah,2014,COMPACT,1.8,4,AV7,x,8.1,6.2,7.2,39,166
2025-03-20,window_van,HONDA,CIVIC,white,petrol,Sabah,2014,COMPACT,1.8,4,M5,x,8.5,6.6,7.6,37,175
2025-03-20,motokar,HONDA,CIVIC,grey,petrol,Pulau Pinang,2014,COMPACT,1.8,4,AV,x,7.9,6.0,7.0,40,161
2025-03-20,motokar,HONDA,CIVIC,grey,petrol,Pulau Pinang,2014,COMPACT,1.8,4,AV7,x,8.1,6.2,7.2,39,166
2025-03-20,motokar,HONDA,CIVIC,grey,petrol,Pulau Pinang,2014,COMPACT,1.8,4,M5,x,8.5,6.6,7.6,37,175
2025-03-20,motokar,HONDA,CIVIC,white,petrol,Perak,2014,COMPACT,1.8,4,AV,x,7.9,6.0,7.0,40,161
2025-03-20,motokar,HONDA,CIVIC,white,petrol,Perak,2014,COMPACT,1.8,4,AV7,x,8.1,6.2,7.2,39,166
2025-03-20,motokar,HONDA,CIVIC,white,petrol,Perak,2014,COMPACT,1.8,4,M5,x,8.5,6.6,7.6,37,175
2025-03-20,motokar,HONDA,CIVIC,white,petrol,W.P. Kuala Lumpur,2014,COMPACT,1.8,4,AV,x,7.9,6.0,7.0,40,161
2025-03-20,motokar,HONDA,CIVIC,white,petrol,W.P. Kuala Lumpur,2014,COMPACT,1.8,4,AV7,x,8.1,6.2,7.2,39,166
2025-03-20,motokar,HONDA,CIVIC,white,petrol,W.P. Kuala Lumpur,2014,COMPACT,1.8,4,M5,x,8.5,6.6,7.6,37,175
2025-03-20,window_van,HONDA,ODYSSEY,black,petrol,W.P. Kuala Lumpur,2014,MINIVAN,3.5,6,A6,x,12.3,8.5,10.6,27,244
2025-03-20,window_van,HONDA,ODYSSEY,white,petrol,W.P. Kuala Lumpur,2014,MINIVAN,3.5,6,A6,x,12.3,8.5,10.6,27,244
2025-03-20,jip,KIA,SPORTAGE,white,petrol,Rakan Niaga,2014,SUV - SMALL,2.4,4,A6,x,11.4,8.3,10.0,28,230
2025-03-20,jip,KIA,SPORTAGE,white,petrol,Rakan Niaga,2014,SUV - SMALL,2.4,4,M6,x,12.9,9.3,11.3,25,260
2025-03-20,jip,MAZDA,CX-5,white,petrol,Rakan Niaga,2014,SUV - SMALL,2.0,4,AS6,x,8.9,7.3,8.2,34,189
2025-03-20,jip,MAZDA,CX-5,white,petrol,Rakan Niaga,2014,SUV - SMALL,2.0,4,M6,x,9.0,6.8,8.0,35,184
2025-03-20,jip,MAZDA,CX-5,white,petrol,Rakan Niaga,2014,SUV - SMALL,2.5,4,AS6,x,9.6,7.4,8.6,33,198
2025-03-20,jip,MAZDA,CX-5,gold,petrol,Rakan Niaga,2014,SUV - SMALL,2.0,4,AS6,x,8.9,7.3,8.2,34,189
2025-03-20,jip,MAZDA,CX-5,gold,petrol,Rakan Niaga,2014,SUV - SMALL,2.0,4,M6,x,9.0,6.8,8.0,35,184
2025-03-20,jip,MAZDA,CX-5,gold,petrol,Rakan Niaga,2014,SUV - SMALL,2.5,4,AS6,x,9.6,7.4,8.6,33,198
2025-03-20,jip,MAZDA,CX-5,gold,petrol,Sabah,2014,SUV - SMALL,2.0,4,AS6,x,8.9,7.3,8.2,34,189
2025-03-20,jip,MAZDA,CX-5,gold,petrol,Sabah,2014,SUV - SMALL,2.0,4,M6,x,9.0,6.8,8.0,35,184
2025-03-20,jip,MAZDA,CX-5,gold,petrol,Sabah,2014,SUV - SMALL,2.5,4,AS6,x,9.6,7.4,8.6,33,198
2025-03-20,jip,MAZDA,CX-5,grey,petrol,Rakan Niaga,2014,SUV - SMALL,2.0,4,AS6,x,8.9,7.3,8.2,34,189
2025-03-20,jip,MAZDA,CX-5,grey,petrol,Rakan Niaga,2014,SUV - SMALL,2.0,4,M6,x,9.0,6.8,8.0,35,184
2025-03-20,jip,MAZDA,CX-5,grey,petrol,Rakan Niaga,2014,SUV - SMALL,2.5,4,AS6,x,9.6,7.4,8.6,33,198
2025-03-20,jip,MAZDA,CX-5,red,petrol,W.P. Kuala Lumpur,2014,SUV - SMALL,2.0,4,AS6,x,8.9,7.3,8.2,34,189
2025-03-20,jip,MAZDA,CX-5,red,petrol,W.P. Kuala Lumpur,2014,SUV - SMALL,2.0,4,M6,x,9.0,6.8,8.0,35,184
2025-03-20,jip,MAZDA,CX-5,red,petrol,W.P. Kuala Lumpur,2014,SUV - SMALL,2.5,4,AS6,x,9.6,7.4,8.6,33,198
2025-03-20,jip,MAZDA,CX-5,red,petrol,Rakan Niaga,2014,SUV - SMALL,2.0,4,AS6,x,8.9,7.3,8.2,34,189
2025-03-20,jip,MAZDA,CX-5,red,petrol,Rakan Niaga,2014,SUV - SMALL,2.0,4,M6,x,9.0,6.8,8.0,35,184
2025-03-20,jip,MAZDA,CX-5,red,petrol,Rakan Niaga,2014,SUV - SMALL,2.5,4,AS6,x,9.6,7.4,8.6,33,198
2025-03-20,jip,MAZDA,CX-5,black,petrol,Rakan Niaga,2014,SUV - SMALL,2.0,4,AS6,x,8.9,7.3,8.2,34,189
2025-03-20,jip,MAZDA,CX-5,black,petrol,Rakan Niaga,2014,SUV - SMALL,2.0,4,M6,x,9.0,6.8,8.0,35,184
2025-03-20,jip,MAZDA,CX-5,black,petrol,Rakan Niaga,2014,SUV - SMALL,2.5,4,AS6,x,9.6,7.4,8.6,33,198
2025-03-20,jip,MAZDA,CX-5,black,petrol,W.P. Kuala Lumpur,2014,SUV - SMALL,2.0,4,AS6,x,8.9,7.3,8.2,34,189
2025-03-20,jip,MAZDA,CX-5,black,petrol,W.P. Kuala Lumpur,2014,SUV - SMALL,2.0,4,M6,x,9.0,6.8,8.0,35,184
2025-03-20,jip,MAZDA,CX-5,black,petrol,W.P. Kuala Lumpur,2014,SUV - SMALL,2.5,4,AS6,x,9.6,7.4,8.6,33,198
2025-03-20,motokar,PORSCHE,911 CARRERA,silver,petrol,W.P. Kuala Lumpur,2014,MINICOMPACT,3.4,6,AM7,z,11.6,8.3,10.1,28,232
2025-03-20,motokar,PORSCHE,911 CARRERA,silver,petrol,W.P. Kuala Lumpur,2014,MINICOMPACT,3.4,6,M7,z,12.5,8.6,10.7,26,246
2025-03-20,motokar,PORSCHE,911 CARRERA,yellow,petrol,Kelantan,2014,MINICOMPACT,3.4,6,AM7,z,11.6,8.3,10.1,28,232
2025-03-20,motokar,PORSCHE,911 CARRERA,yellow,petrol,Kelantan,2014,MINICOMPACT,3.4,6,M7,z,12.5,8.6,10.7,26,246
2025-03-20,jip,PORSCHE,CAYENNE,white,petrol,W.P. Kuala Lumpur,2014,SUV - STANDARD,3.6,6,A8,z,13.6,10.1,12.0,24,276
2025-03-20,jip,PORSCHE,CAYENNE,white,petrol,W.P. Kuala Lumpur,2014,SUV - STANDARD,3.6,6,M6,z,15.8,10.9,13.6,21,313
2025-03-20,jip,PORSCHE,CAYENNE,black,petrol,Rakan Niaga,2014,SUV - STANDARD,3.6,6,A8,z,13.6,10.1,12.0,24,276
2025-03-20,jip,PORSCHE,CAYENNE,black,petrol,Rakan Niaga,2014,SUV - STANDARD,3.6,6,M6,z,15.8,10.9,13.6,21,313
2025-03-20,jip,PORSCHE,CAYENNE,black,petrol,Negeri Sembilan,2014,SUV - STANDARD,3.6,6,A8,z,13.6,10.1,12.0,24,276
2025-03-20,jip,PORSCHE,CAYENNE,black,petrol,Negeri Sembilan,2014,SUV - STANDARD,3.6,6,M6,z,15.8,10.9,13.6,21,313
2025-03-20,motokar,SUBARU,BRZ,red,petrol,W.P. Kuala Lumpur,2014,MINICOMPACT,2.0,4,AS6,z,9.6,7.1,8.5,33,196
2025-03-20,motokar,SUBARU,BRZ,red,petrol,W.P. Kuala Lumpur,2014,MINICOMPACT,2.0,4,M6,z,11.0,7.9,9.6,29,221
2025-03-20,motokar,SUBARU,BRZ,blue,petrol,Rakan Niaga,2014,MINICOMPACT,2.0,4,AS6,z,9.6,7.1,8.5,33,196
2025-03-20,motokar,SUBARU,BRZ,blue,petrol,Rakan Niaga,2014,MINICOMPACT,2.0,4,M6,z,11.0,7.9,9.6,29,221
2025-03-20,motokar,TOYOTA,CAMRY,grey,hybrid_petrol,Selangor,2014,MID-SIZE,2.5,4,AS6,x,9.5,6.6,8.2,34,189
2025-03-20,motokar,TOYOTA,CAMRY,grey,hybrid_petrol,Selangor,2014,MID-SIZE,3.5,6,AS6,x,11.1,7.8,9.6,29,221
2025-03-20,motokar,TOYOTA,CAMRY,black,petrol,W.P. Kuala Lumpur,2014,MID-SIZE,2.5,4,AS6,x,9.5,6.6,8.2,34,189
2025-03-20,motokar,TOYOTA,CAMRY,black,petrol,W.P. Kuala Lumpur,2014,MID-SIZE,3.5,6,AS6,x,11.1,7.8,9.6,29,221
2025-03-20,motokar,TOYOTA,CAMRY,silver,hybrid_petrol,Rakan Niaga,2014,MID-SIZE,2.5,4,AS6,x,9.5,6.6,8.2,34,189
2025-03-20,motokar,TOYOTA,CAMRY,silver,hybrid_petrol,Rakan Niaga,2014,MID-SIZE,3.5,6,AS6,x,11.1,7.8,9.6,29,221
2025-03-20,motokar,TOYOTA,CAMRY,white,hybrid_petrol,Rakan Niaga,2014,MID-SIZE,2.5,4,AS6,x,9.5,6.6,8.2,34,189
2025-03-20,motokar,TOYOTA,CAMRY,white,hybrid_petrol,Rakan Niaga,2014,MID-SIZE,3.5,6,AS6,x,11.1,7.8,9.6,29,221
2025-03-20,motokar,TOYOTA,YARIS,silver,petrol,Rakan Niaga,2014,COMPACT,1.5,4,A4,x,7.9,6.6,7.3,39,168
2025-03-20,motokar,TOYOTA,YARIS,silver,petrol,Rakan Niaga,2014,COMPACT,1.5,4,M5,x,7.8,6.3,7.1,40,163
2025-03-20,motokar,TOYOTA,YARIS,white,petrol,Rakan Niaga,2014,COMPACT,1.5,4,A4,x,7.9,6.6,7.3,39,168
2025-03-20,motokar,TOYOTA,YARIS,white,petrol,Rakan Niaga,2014,COMPACT,1.5,4,M5,x,7.8,6.3,7.1,40,163
2025-03-20,motokar,TOYOTA,YARIS,red,petrol,Rakan Niaga,2014,COMPACT,1.5,4,A4,x,7.9,6.6,7.3,39,168
2025-03-20,motokar,TOYOTA,YARIS,red,petrol,Rakan Niaga,2014,COMPACT,1.5,4,M5,x,7.8,6.3,7.1,40,163
2025-03-20,jip,VOLKSWAGEN,TIGUAN,white,petrol,Rakan Niaga,2014,SUV - SMALL,2.0,4,A6,z,11.7,9.5,10.7,26,246
2025-03-20,jip,VOLKSWAGEN,TIGUAN,white,petrol,Rakan Niaga,2014,SUV - SMALL,2.0,4,M6,z,13.6,9.2,11.6,24,267
2025-03-20,jip,VOLKSWAGEN,TIGUAN,black,petrol,Rakan Niaga,2014,SUV - SMALL,2.0,4,A6,z,11.7,9.5,10.7,26,246
2025-03-20,jip,VOLKSWAGEN,TIGUAN,black,petrol,Rakan Niaga,2014,SUV - SMALL,2.0,4,M6,z,13.6,9.2,11.6,24,267
2025-03-20,jip,VOLKSWAGEN,TIGUAN,grey,petrol,Selangor,2014,SUV - SMALL,2.0,4,A6,z,11.7,9.5,10.7,26,246
2025-03-20,jip,VOLKSWAGEN,TIGUAN,grey,petrol,Selangor,2014,SUV - SMALL,2.0,4,M6,z,13.6,9.2,11.6,24,267
2025-03-20,jip,VOLKSWAGEN,TIGUAN,grey,petrol,W.P. Kuala Lumpur,2014,SUV - SMALL,2.0,4,A6,z,11.7,9.5,10.7,26,246
2025-03-20,jip,VOLKSWAGEN,TIGUAN,grey,petrol,W.P. Kuala Lumpur,2014,SUV - SMALL,2.0,4,M6,z,13.6,9.2,11.6,24,267
2025-03-20,jip,VOLKSWAGEN,TIGUAN,blue,petrol,Rakan Niaga,2014,SUV - SMALL,2.0,4,A6,z,11.7,9.5,10.7,26,246
2025-03-20,jip,VOLKSWAGEN,TIGUAN,blue,petrol,Rakan Niaga,2014,SUV - SMALL,2.0,4,M6,z,13.6,9.2,11.6,24,267
2025-03-20,jip,VOLVO,XC60,blue,hybrid_petrol,Rakan Niaga,2014,SUV - SMALL,3.2,6,AS6,x,13.0,8.9,11.2,25,258
2025-03-21,jip,HONDA,CR-V,white,petrol,Rakan Niaga,2014,SUV - SMALL,2.4,4,A5,x,10.3,7.6,9.1,31,209
2025-03-21,jip,HONDA,CR-V,blue,hybrid_petrol,Rakan Niaga,2014,SUV - SMALL,2.4,4,A5,x,10.3,7.6,9.1,31,209
2025-03-21,jip,HONDA,CR-V,grey,petrol,Rakan Niaga,2014,SUV - SMALL,2.4,4,A5,x,10.3,7.6,9.1,31,209
2025-03-21,jip,HONDA,CR-V,red,petrol,Rakan Niaga,2014,SUV - SMALL,2.4,4,A5,x,10.3,7.6,9.1,31,209
2025-03-21,jip,HONDA,CR-V,blue,petrol,Pulau Pinang,2014,SUV - SMALL,2.4,4,A5,x,10.3,7.6,9.1,31,209
2025-03-21,jip,HONDA,CR-V,blue,petrol,Rakan Niaga,2014,SUV - SMALL,2.4,4,A5,x,10.3,7.6,9.1,31,209
2025-03-21,jip,HONDA,CR-V,silver,petrol,Rakan Niaga,2014,SUV - SMALL,2.4,4,A5,x,10.3,7.6,9.1,31,209
2025-03-21,jip,HONDA,CR-V,blue,hybrid_petrol,Negeri Sembilan,2014,SUV - SMALL,2.4,4,A5,x,10.3,7.6,9.1,31,209
2025-03-21,motokar,HONDA,CIVIC,grey,petrol,Pahang,2014,COMPACT,1.8,4,AV,x,7.9,6.0,7.0,40,161
2025-03-21,motokar,HONDA,CIVIC,grey,petrol,Pahang,2014,COMPACT,1.8,4,AV7,x,8.1,6.2,7.2,39,166
2025-03-21,motokar,HONDA,CIVIC,grey,petrol,Pahang,2014,COMPACT,1.8,4,M5,x,8.5,6.6,7.6,37,175
2025-03-21,motokar,HONDA,CIVIC,black,petrol,W.P. Kuala Lumpur,2014,COMPACT,1.8,4,AV,x,7.9,6.0,7.0,40,161
2025-03-21,motokar,HONDA,CIVIC,black,petrol,W.P. Kuala Lumpur,2014,COMPACT,1.8,4,AV7,x,8.1,6.2,7.2,39,166
2025-03-21,motokar,HONDA,CIVIC,black,petrol,W.P. Kuala Lumpur,2014,COMPACT,1.8,4,M5,x,8.5,6.6,7.6,37,175
2025-03-21,motokar,HONDA,CIVIC,white,petrol,Rakan Niaga,2014,COMPACT,1.8,4,AV,x,7.9,6.0,7.0,40,161
2025-03-21,motokar,HONDA,CIVIC,white,petrol,Rakan Niaga,2014,COMPACT,1.8,4,AV7,x,8.1,6.2,7.2,39,166
2025-03-21,motokar,HONDA,CIVIC,white,petrol,Rakan Niaga,2014,COMPACT,1.8,4,M5,x,8.5,6.6,7.6,37,175
2025-03-21,motokar,HONDA,CIVIC,grey,petrol,Rakan Niaga,2014,COMPACT,1.8,4,AV,x,7.9,6.0,7.0,40,161
2025-03-21,motokar,HONDA,CIVIC,grey,petrol,Rakan Niaga,2014,COMPACT,1.8,4,AV7,x,8.1,6.2,7.2,39,166
2025-03-21,motokar,HONDA,CIVIC,grey,petrol,Rakan Niaga,2014,COMPACT,1.8,4,M5,x,8.5,6.6,7.6,37,175
2025-03-21,motokar,HONDA,CIVIC,blue,petrol,Rakan Niaga,2014,COMPACT,1.8,4,AV,x,7.9,6.0,7.0,40,161
2025-03-21,motokar,HONDA,CIVIC,blue,petrol,Rakan Niaga,2014,COMPACT,1.8,4,AV7,x,8.1,6.2,7.2,39,166
2025-03-21,motokar,HONDA,CIVIC,blue,petrol,Rakan Niaga,2014,COMPACT,1.8,4,M5,x,8.5,6.6,7.6,37,175
2025-03-21,motokar,HONDA,CIVIC,grey,petrol,Johor,2014,COMPACT,1.8,4,AV,x,7.9,6.0,7.0,40,161
2025-03-21,motokar,HONDA,CIVIC,grey,petrol,Johor,2014,COMPACT,1.8,4,AV7,x,8.1,6.2,7.2,39,166
2025-03-21,motokar,HONDA,CIVIC,grey,petrol,Johor,2014,COMPACT,1.8,4,M5,x,8.5,6.6,7.6,37,175
2025-03-21,motokar,HONDA,CIVIC,blue,petrol,W.P. Kuala Lumpur,2014,COMPACT,1.8,4,AV,x,7.9,6.0,7.0,40,161
2025-03-21,motokar,HONDA,CIVIC,blue,petrol,W.P. Kuala Lumpur,2014,COMPACT,1.8,4,AV7,x,8.1,6.2,7.2,39,166
2025-03-21,motokar,HONDA,CIVIC,blue,petrol,W.P. Kuala Lumpur,2014,COMPACT,1.8,4,M5,x,8.5,6.6,7.6,37,175
2025-03-21,motokar,HONDA,CIVIC,white,petrol,W.P. Kuala Lumpur,2014,COMPACT,1.8,4,AV,x,7.9,6.0,7.0,40,161
2025-03-21,motokar,HONDA,CIVIC,white,petrol,W.P. Kuala Lumpur,2014,COMPACT,1.8,4,AV7,x,8.1,6.2,7.2,39,166
2025-03-21,motokar,HONDA,CIVIC,white,petrol,W.P. Kuala Lumpur,2014,COMPACT,1.8,4,M5,x,8.5,6.6,7.6,37,175
2025-03-21,motokar,HONDA,CIVIC,black,petrol,Selangor,2014,COMPACT,1.8,4,AV,x,7.9,6.0,7.0,40,161
2025-03-21,motokar,HONDA,CIVIC,black,petrol,Selangor,2014,COMPACT,1.8,4,AV7,x,8.1,6.2,7.2,39,166
2025-03-21,motokar,HONDA,CIVIC,black,petrol,Selangor,2014,COMPACT,1.8,4,M5,x,8.5,6.6,7.6,37,175
2025-03-21,motokar,HONDA,CIVIC,red,petrol,Rakan Niaga,2014,COMPACT,1.8,4,AV,x,7.9,6.0,7.0,40,161
2025-03-21,motokar,HONDA,CIVIC,red,petrol,Rakan Niaga,2014,COMPACT,1.8,4,AV7,x,8.1,6.2,7.2,39,166
2025-03-21,motokar,HONDA,CIVIC,red,petrol,Rakan Niaga,2014,COMPACT,1.8,4,M5,x,8.5,6.6,7.6,37,175
2025-03-21,motokar,HONDA,CIVIC,black,petrol,Rakan Niaga,2014,COMPACT,1.8,4,AV,x,7.9,6.0,7.0,40,161
2025-03-21,motokar,HONDA,CIVIC,black,petrol,Rakan Niaga,2014,COMPACT,1.8,4,AV7,x,8.1,6.2,7.2,39,166
2025-03-21,motokar,HONDA,CIVIC,black,petrol,Rakan Niaga,2014,COMPACT,1.8,4,M5,x,8.5,6.6,7.6,37,175
2025-03-21,motokar,HONDA,CIVIC,white,petrol,Pulau Pinang,2014,COMPACT,1.8,4,AV,x,7.9,6.0,7.0,40,161
2025-03-21,motokar,HONDA,CIVIC,white,petrol,Pulau Pinang,2014,COMPACT,1.8,4,AV7,x,8.1,6.2,7.2,39,166
2025-03-21,motokar,HONDA,CIVIC,white,petrol,Pulau Pinang,2014,COMPACT,1.8,4,M5,x,8.5,6.6,7.6,37,175
2025-03-21,motokar,HONDA,CIVIC,white,petrol,Selangor,2014,COMPACT,1.8,4,AV,x,7.9,6.0,7.0,40,161
2025-03-21,motokar,HONDA,CIVIC,white,petrol,Selangor,2014,COMPACT,1.8,4,AV7,x,8.1,6.2,7.2,39,166
2025-03-21,motokar,HONDA,CIVIC,white,petrol,Selangor,2014,COMPACT,1.8,4,M5,x,8.5,6.6,7.6,37,175
2025-03-21,motokar,HONDA,CIVIC,grey,petrol,W.P. Kuala Lumpur,2014,COMPACT,1.8,4,AV,x,7.9,6.0,7.0,40,161
2025-03-21,motokar,HONDA,CIVIC,grey,petrol,W.P. Kuala Lumpur,2014,COMPACT,1.8,4,AV7,x,8.1,6.2,7.2,39,166
2025-03-21,motokar,HONDA,CIVIC,grey,petrol,W.P. Kuala Lumpur,2014,COMPACT,1.8,4,M5,x,8.5,6.6,7.6,37,175
2025-03-21,motokar,HONDA,CIVIC,blue,hybrid_petrol,Rakan Niaga,2014,COMPACT,1.8,4,AV,x,7.9,6.0,7.0,40,161
2025-03-21,motokar,HONDA,CIVIC,blue,hybrid_petrol,Rakan Niaga,2014,COMPACT,1.8,4,AV7,x,8.1,6.2,7.2,39,166
2025-03-21,motokar,HONDA,CIVIC,blue,hybrid_petrol,Rakan Niaga,2014,COMPACT,1.8,4,M5,x,8.5,6.6,7.6,37,175
2025-03-21,motokar,HONDA,CIVIC,black,petrol,Johor,2014,COMPACT,1.8,4,AV,x,7.9,6.0,7.0,40,161
2025-03-21,motokar,HONDA,CIVIC,black,petrol,Johor,2014,COMPACT,1.8,4,AV7,x,8.1,6.2,7.2,39,166
2025-03-21,motokar,HONDA,CIVIC,black,petrol,Johor,2014,COMPACT,1.8,4,M5,x,8.5,6.6,7.6,37,175
2025-03-21,window_van,HONDA,ODYSSEY,black,petrol,Johor,2014,MINIVAN,3.5,6,A6,x,12.3,8.5,10.6,27,244
2025-03-21,jip,HYUNDAI,SANTA FE,black,hybrid_petrol,Rakan Niaga,2014,SUV - SMALL,3.3,6,A6,x,13.0,9.1,11.2,25,258
2025-03-21,jip,HYUNDAI,TUCSON,white,petrol,Rakan Niaga,2014,SUV - SMALL,2.0,4,A6,x,10.2,8.2,9.3,30,214
2025-03-21,jip,HYUNDAI,TUCSON,white,petrol,Rakan Niaga,2014,SUV - SMALL,2.0,4,M6,x,11.4,8.6,10.1,28,232
2025-03-21,jip,HYUNDAI,TUCSON,white,petrol,Rakan Niaga,2014,SUV - SMALL,2.4,4,A6,x,11.3,8.3,10.0,28,230
2025-03-21,jip,HYUNDAI,TUCSON,black,petrol,Rakan Niaga,2014,SUV - SMALL,2.0,4,A6,x,10.2,8.2,9.3,30,214
2025-03-21,jip,HYUNDAI,TUCSON,black,petrol,Rakan Niaga,2014,SUV - SMALL,2.0,4,M6,x,11.4,8.6,10.1,28,232
2025-03-21,jip,HYUNDAI,TUCSON,black,petrol,Rakan Niaga,2014,SUV - SMALL,2.4,4,A6,x,11.3,8.3,10.0,28,230
2025-03-21,jip,HYUNDAI,TUCSON,grey,petrol,Rakan Niaga,2014,SUV - SMALL,2.0,4,A6,x,10.2,8.2,9.3,30,214
2025-03-21,jip,HYUNDAI,TUCSON,grey,petrol,Rakan Niaga,2014,SUV - SMALL,2.0,4,M6,x,11.4,8.6,10.1,28,232
2025-03-21,jip,HYUNDAI,TUCSON,grey,petrol,Rakan Niaga,2014,SUV - SMALL,2.4,4,A6,x,11.3,8.3,10.0,28,230
2025-03-21,jip,HYUNDAI,TUCSON,grey,petrol,W.P. Kuala Lumpur,2014,SUV - SMALL,2.0,4,A6,x,10.2,8.2,9.3,30,214
2025-03-21,jip,HYUNDAI,TUCSON,grey,petrol,W.P. Kuala Lumpur,2014,SUV - SMALL,2.0,4,M6,x,11.4,8.6,10.1,28,232
2025-03-21,jip,HYUNDAI,TUCSON,grey,petrol,W.P. Kuala Lumpur,2014,SUV - SMALL,2.4,4,A6,x,11.3,8.3,10.0,28,230
2025-03-21,jip,KIA,SPORTAGE,black,petrol,Rakan Niaga,2014,SUV - SMALL,2.4,4,A6,x,11.4,8.3,10.0,28,230
2025-03-21,jip,KIA,SPORTAGE,black,petrol,Rakan Niaga,2014,SUV - SMALL,2.4,4,M6,x,12.9,9.3,11.3,25,260
2025-03-21,jip,KIA,SPORTAGE,blue,petrol,Rakan Niaga,2014,SUV - SMALL,2.4,4,A6,x,11.4,8.3,10.0,28,230
2025-03-21,jip,KIA,SPORTAGE,blue,petrol,Rakan Niaga,2014,SUV - SMALL,2.4,4,M6,x,12.9,9.3,11.3,25,260
2025-03-21,jip,KIA,SPORTAGE,grey,petrol,W.P. Kuala Lumpur,2014,SUV - SMALL,2.4,4,A6,x,11.4,8.3,10.0,28,230
2025-03-21,jip,KIA,SPORTAGE,grey,petrol,W.P. Kuala Lumpur,2014,SUV - SMALL,2.4,4,M6,x,12.9,9.3,11.3,25,260
2025-03-21,jip,MAZDA,CX-5,grey,petrol,Rakan Niaga,2014,SUV - SMALL,2.0,4,AS6,x,8.9,7.3,8.2,34,189
2025-03-21,jip,MAZDA,CX-5,grey,petrol,Rakan Niaga,2014,SUV - SMALL,2.0,4,M6,x,9.0,6.8,8.0,35,184
2025-03-21,jip,MAZDA,CX-5,grey,petrol,Rakan Niaga,2014,SUV - SMALL,2.5,4,AS6,x,9.6,7.4,8.6,33,198
2025-03-21,jip,MAZDA,CX-5,gold,petrol,Rakan Niaga,2014,SUV - SMALL,2.0,4,AS6,x,8.9,7.3,8.2,34,189
2025-03-21,jip,MAZDA,CX-5,gold,petrol,Rakan Niaga,2014,SUV - SMALL,2.0,4,M6,x,9.0,6.8,8.0,35,184
2025-03-21,jip,MAZDA,CX-5,gold,petrol,Rakan Niaga,2014,SUV - SMALL,2.5,4,AS6,x,9.6,7.4,8.6,33,198
2025-03-21,jip,MAZDA,CX-5,blue,petrol,Rakan Niaga,2014,SUV - SMALL,2.0,4,AS6,x,8.9,7.3,8.2,34,189
2025-03-21,jip,MAZDA,CX-5,blue,petrol,Rakan Niaga,2014,SUV - SMALL,2.0,4,M6,x,9.0,6.8,8.0,35,184
2025-03-21,jip,MAZDA,CX-5,blue,petrol,Rakan Niaga,2014,SUV - SMALL,2.5,4,AS6,x,9.6,7.4,8.6,33,198
2025-03-21,jip,MAZDA,CX-5,red,petrol,Rakan Niaga,2014,SUV - SMALL,2.0,4,AS6,x,8.9,7.3,8.2,34,189
2025-03-21,jip,MAZDA,CX-5,red,petrol,Rakan Niaga,2014,SUV - SMALL,2.0,4,M6,x,9.0,6.8,8.0,35,184
2025-03-21,jip,MAZDA,CX-5,red,petrol,Rakan Niaga,2014,SUV - SMALL,2.5,4,AS6,x,9.6,7.4,8.6,33,198
2025-03-21,jip,MAZDA,CX-5,black,petrol,Rakan Niaga,2014,SUV - SMALL,2.0,4,AS6,x,8.9,7.3,8.2,34,189
2025-03-21,jip,MAZDA,CX-5,black,petrol,Rakan Niaga,2014,SUV - SMALL,2.0,4,M6,x,9.0,6.8,8.0,35,184
2025-03-21,jip,MAZDA,CX-5,black,petrol,Rakan Niaga,2014,SUV - SMALL,2.5,4,AS6,x,9.6,7.4,8.6,33,198
2025-03-21,jip,MAZDA,CX-5,blue,petrol,Johor,2014,SUV - SMALL,2.0,4,AS6,x,8.9,7.3,8.2,34,189
2025-03-21,jip,MAZDA,CX-5,blue,petrol,Johor,2014,SUV - SMALL,2.0,4,M6,x,9.0,6.8,8.0,35,184
2025-03-21,jip,MAZDA,CX-5,blue,petrol,Johor,2014,SUV - SMALL,2.5,4,AS6,x,9.6,7.4,8.6,33,198
2025-03-21,jip,MAZDA,CX-5,gold,petrol,Selangor,2014,SUV - SMALL,2.0,4,AS6,x,8.9,7.3,8.2,34,189
2025-03-21,jip,MAZDA,CX-5,gold,petrol,Selangor,2014,SUV - SMALL,2.0,4,M6,x,9.0,6.8,8.0,35,184
2025-03-21,jip,MAZDA,CX-5,gold,petrol,Selangor,2014,SUV - SMALL,2.5,4,AS6,x,9.6,7.4,8.6,33,198
2025-03-21,jip,MAZDA,CX-5,white,petrol,Rakan Niaga,2014,SUV - SMALL,2.0,4,AS6,x,8.9,7.3,8.2,34,189
2025-03-21,jip,MAZDA,CX-5,white,petrol,Rakan Niaga,2014,SUV - SMALL,2.0,4,M6,x,9.0,6.8,8.0,35,184
2025-03-21,jip,MAZDA,CX-5,white,petrol,Rakan Niaga,2014,SUV - SMALL,2.5,4,AS6,x,9.6,7.4,8.6,33,198
2025-03-21,motokar,MAZDA,MX-5,red,petrol,Selangor,2014,TWO-SEATER,2.0,4,AS6,z,11.5,8.5,10.2,28,235
2025-03-21,motokar,MAZDA,MX-5,red,petrol,Selangor,2014,TWO-SEATER,2.0,4,M5,z,10.5,8.5,9.6,29,221
2025-03-21,motokar,MAZDA,MX-5,red,petrol,Selangor,2014,TWO-SEATER,2.0,4,M6,z,11.1,8.4,9.9,29,228
2025-03-21,motokar,MAZDA,MX-5,red,petrol,W.P. Kuala Lumpur,2014,TWO-SEATER,2.0,4,AS6,z,11.5,8.5,10.2,28,235
2025-03-21,motokar,MAZDA,MX-5,red,petrol,W.P. Kuala Lumpur,2014,TWO-SEATER,2.0,4,M5,z,10.5,8.5,9.6,29,221
2025-03-21,motokar,MAZDA,MX-5,red,petrol,W.P. Kuala Lumpur,2014,TWO-SEATER,2.0,4,M6,z,11.1,8.4,9.9,29,228
2025-03-21,motokar,NISSAN,GT-R,white,petrol,Perak,2014,SUBCOMPACT,3.8,6,AM6,z,14.5,10.9,12.9,22,297
2025-03-21,motokar,PORSCHE,911 CARRERA,red,petrol,W.P. Kuala Lumpur,2014,MINICOMPACT,3.4,6,AM7,z,11.6,8.3,10.1,28,232
2025-03-21,motokar,PORSCHE,911 CARRERA,red,petrol,W.P. Kuala Lumpur,2014,MINICOMPACT,3.4,6,M7,z,12.5,8.6,10.7,26,246
2025-03-21,jip,PORSCHE,CAYENNE,grey,petrol,W.P. Kuala Lumpur,2014,SUV - STANDARD,3.6,6,A8,z,13.6,10.1,12.0,24,276
2025-03-21,jip,PORSCHE,CAYENNE,grey,petrol,W.P. Kuala Lumpur,2014,SUV - STANDARD,3.6,6,M6,z,15.8,10.9,13.6,21,313
2025-03-21,jip,PORSCHE,CAYENNE,grey,petrol,Johor,2014,SUV - STANDARD,3.6,6,A8,z,13.6,10.1,12.0,24,276
2025-03-21,jip,PORSCHE,CAYENNE,grey,petrol,Johor,2014,SUV - STANDARD,3.6,6,M6,z,15.8,10.9,13.6,21,313
2025-03-21,jip,PORSCHE,CAYENNE,white,petrol,Rakan Niaga,2014,SUV - STANDARD,3.6,6,A8,z,13.6,10.1,12.0,24,276
2025-03-21,jip,PORSCHE,CAYENNE,white,petrol,Rakan Niaga,2014,SUV - STANDARD,3.6,6,M6,z,15.8,10.9,13.6,21,313
2025-03-21,jip,PORSCHE,CAYENNE,black,petrol,Rakan Niaga,2014,SUV - STANDARD,3.6,6,A8,z,13.6,10.1,12.0,24,276
2025-03-21,jip,PORSCHE,CAYENNE,black,petrol,Rakan Niaga,2014,SUV - STANDARD,3.6,6,M6,z,15.8,10.9,13.6,21,313
2025-03-21,jip,PORSCHE,CAYENNE,white,petrol,W.P. Kuala Lumpur,2014,SUV - STANDARD,3.6,6,A8,z,13.6,10.1,12.0,24,276
2025-03-21,jip,PORSCHE,CAYENNE,white,petrol,W.P. Kuala Lumpur,2014,SUV - STANDARD,3.6,6,M6,z,15.8,10.9,13.6,21,313
2025-03-21,jip,PORSCHE,CAYENNE,silver,hybrid_petrol,Johor,2014,SUV - STANDARD,3.6,6,A8,z,13.6,10.1,12.0,24,276
2025-03-21,jip,PORSCHE,CAYENNE,silver,hybrid_petrol,Johor,2014,SUV - STANDARD,3.6,6,M6,z,15.8,10.9,13.6,21,313
2025-03-21,motokar,SUBARU,BRZ,white,petrol,Rakan Niaga,2014,MINICOMPACT,2.0,4,AS6,z,9.6,7.1,8.5,33,196
2025-03-21,motokar,SUBARU,BRZ,white,petrol,Rakan Niaga,2014,MINICOMPACT,2.0,4,M6,z,11.0,7.9,9.6,29,221
2025-03-21,motokar,TOYOTA,CAMRY,black,hybrid_petrol,Rakan Niaga,2014,MID-SIZE,2.5,4,AS6,x,9.5,6.6,8.2,34,189
2025-03-21,motokar,TOYOTA,CAMRY,black,hybrid_petrol,Rakan Niaga,2014,MID-SIZE,3.5,6,AS6,x,11.1,7.8,9.6,29,221
2025-03-21,motokar,TOYOTA,CAMRY,grey,petrol,Rakan Niaga,2014,MID-SIZE,2.5,4,AS6,x,9.5,6.6,8.2,34,189
2025-03-21,motokar,TOYOTA,CAMRY,grey,petrol,Rakan Niaga,2014,MID-SIZE,3.5,6,AS6,x,11.1,7.8,9.6,29,221
2025-03-21,motokar,TOYOTA,COROLLA,silver,petrol,Rakan Niaga,2014,MID-SIZE,1.8,4,A4,x,8.6,6.5,7.7,37,177
2025-03-21,motokar,TOYOTA,COROLLA,silver,petrol,Rakan Niaga,2014,MID-SIZE,1.8,4,AV7,x,8.1,6.3,7.3,39,168
2025-03-21,motokar,TOYOTA,COROLLA,silver,petrol,Rakan Niaga,2014,MID-SIZE,1.8,4,AV,x,8.0,5.9,7.1,40,163
2025-03-21,motokar,TOYOTA,COROLLA,silver,petrol,Rakan Niaga,2014,MID-SIZE,1.8,4,M6,x,8.3,6.3,7.4,38,170
2025-03-21,motokar,TOYOTA,YARIS,red,petrol,Rakan Niaga,2014,COMPACT,1.5,4,A4,x,7.9,6.6,7.3,39,168
2025-03-21,motokar,TOYOTA,YARIS,red,petrol,Rakan Niaga,2014,COMPACT,1.5,4,M5,x,7.8,6.3,7.1,40,163
2025-03-21,motokar,TOYOTA,YARIS,white,petrol,Rakan Niaga,2014,COMPACT,1.5,4,A4,x,7.9,6.6,7.3,39,168
2025-03-21,motokar,TOYOTA,YARIS,white,petrol,Rakan Niaga,2014,COMPACT,1.5,4,M5,x,7.8,6.3,7.1,40,163
2025-03-21,motokar,TOYOTA,YARIS,silver,petrol,Rakan Niaga,2014,COMPACT,1.5,4,A4,x,7.9,6.6,7.3,39,168
2025-03-21,motokar,TOYOTA,YARIS,silver,petrol,Rakan Niaga,2014,COMPACT,1.5,4,M5,x,7.8,6.3,7.1,40,163
2025-03-21,motokar,TOYOTA,YARIS,white,petrol,W.P. Kuala Lumpur,2014,COMPACT,1.5,4,A4,x,7.9,6.6,7.3,39,168
2025-03-21,motokar,TOYOTA,YARIS,white,petrol,W.P. Kuala Lumpur,2014,COMPACT,1.5,4,M5,x,7.8,6.3,7.1,40,163
2025-03-21,motokar,TOYOTA,YARIS,grey,petrol,Rakan Niaga,2014,COMPACT,1.5,4,A4,x,7.9,6.6,7.3,39,168
2025-03-21,motokar,TOYOTA,YARIS,grey,petrol,Rakan Niaga,2014,COMPACT,1.5,4,M5,x,7.8,6.3,7.1,40,163
2025-03-21,motokar,TOYOTA,YARIS,white,petrol,Johor,2014,COMPACT,1.5,4,A4,x,7.9,6.6,7.3,39,168
2025-03-21,motokar,TOYOTA,YARIS,white,petrol,Johor,2014,COMPACT,1.5,4,M5,x,7.8,6.3,7.1,40,163
2025-03-21,motokar,TOYOTA,YARIS,silver,petrol,Selangor,2014,COMPACT,1.5,4,A4,x,7.9,6.6,7.3,39,168
2025-03-21,motokar,TOYOTA,YARIS,silver,petrol,Selangor,2014,COMPACT,1.5,4,M5,x,7.8,6.3,7.1,40,163
2025-03-21,motokar,TOYOTA,YARIS,white,petrol,Selangor,2014,COMPACT,1.5,4,A4,x,7.9,6.6,7.3,39,168
2025-03-21,motokar,TOYOTA,YARIS,white,petrol,Selangor,2014,COMPACT,1.5,4,M5,x,7.8,6.3,7.1,40,163
2025-03-21,jip,VOLKSWAGEN,TIGUAN,grey,petrol,Rakan Niaga,2014,SUV - SMALL,2.0,4,A6,z,11.7,9.5,10.7,26,246
2025-03-21,jip,VOLKSWAGEN,TIGUAN,grey,petrol,Rakan Niaga,2014,SUV - SMALL,2.0,4,M6,z,13.6,9.2,11.6,24,267
2025-03-21,jip,VOLKSWAGEN,TIGUAN,black,petrol,W.P. Kuala Lumpur,2014,SUV - SMALL,2.0,4,A6,z,11.7,9.5,10.7,26,246
2025-03-21,jip,VOLKSWAGEN,TIGUAN,black,petrol,W.P. Kuala Lumpur,2014,SUV - SMALL,2.0,4,M6,z,13.6,9.2,11.6,24,267
2025-03-21,jip,VOLKSWAGEN,TIGUAN,blue,petrol,Rakan Niaga,2014,SUV - SMALL,2.0,4,A6,z,11.7,9.5,10.7,26,246
2025-03-21,jip,VOLKSWAGEN,TIGUAN,blue,petrol,Rakan Niaga,2014,SUV - SMALL,2.0,4,M6,z,13.6,9.2,11.6,24,267
2025-03-21,jip,VOLKSWAGEN,TIGUAN,black,petrol,Rakan Niaga,2014,SUV - SMALL,2.0,4,A6,z,11.7,9.5,10.7,26,246
2025-03-21,jip,VOLKSWAGEN,TIGUAN,black,petrol,Rakan Niaga,2014,SUV - SMALL,2.0,4,M6,z,13.6,9.2,11.6,24,267
2025-03-21,jip,VOLKSWAGEN,TIGUAN,white,petrol,Rakan Niaga,2014,SUV - SMALL,2.0,4,A6,z,11.7,9.5,10.7,26,246
2025-03-21,jip,VOLKSWAGEN,TIGUAN,white,petrol,Rakan Niaga,2014,SUV - SMALL,2.0,4,M6,z,13.6,9.2,11.6,24,267
2025-03-22,jip,HONDA,CR-V,grey,petrol,Rakan Niaga,2014,SUV - SMALL,2.4,4,A5,x,10.3,7.6,9.1,31,209
2025-03-22,jip,HONDA,CR-V,white,petrol,Rakan Niaga,2014,SUV - SMALL,2.4,4,A5,x,10.3,7.6,9.1,31,209
2025-03-22,jip,HONDA,CR-V,blue,hybrid_petrol,Rakan Niaga,2014,SUV - SMALL,2.4,4,A5,x,10.3,7.6,9.1,31,209
2025-03-22,jip,HONDA,CR-V,blue,petrol,Rakan Niaga,2014,SUV - SMALL,2.4,4,A5,x,10.3,7.6,9.1,31,209
2025-03-22,jip,HONDA,CR-V,silver,petrol,Rakan Niaga,2014,SUV - SMALL,2.4,4,A5,x,10.3,7.6,9.1,31,209
2025-03-22,motokar,HONDA,CIVIC,blue,petrol,Rakan Niaga,2014,COMPACT,1.8,4,AV,x,7.9,6.0,7.0,40,161
2025-03-22,motokar,HONDA,CIVIC,blue,petrol,Rakan Niaga,2014,COMPACT,1.8,4,AV7,x,8.1,6.2,7.2,39,166
2025-03-22,motokar,HONDA,CIVIC,blue,petrol,Rakan Niaga,2014,COMPACT,1.8,4,M5,x,8.5,6.6,7.6,37,175
2025-03-22,motokar,HONDA,CIVIC,grey,petrol,Rakan Niaga,2014,COMPACT,1.8,4,AV,x,7.9,6.0,7.0,40,161
2025-03-22,motokar,HONDA,CIVIC,grey,petrol,Rakan Niaga,2014,COMPACT,1.8,4,AV7,x,8.1,6.2,7.2,39,166
2025-03-22,motokar,HONDA,CIVIC,grey,petrol,Rakan Niaga,2014,COMPACT,1.8,4,M5,x,8.5,6.6,7.6,37,175
2025-03-22,motokar,HONDA,CIVIC,white,petrol,Rakan Niaga,2014,COMPACT,1.8,4,AV,x,7.9,6.0,7.0,40,161
2025-03-22,motokar,HONDA,CIVIC,white,petrol,Rakan Niaga,2014,COMPACT,1.8,4,AV7,x,8.1,6.2,7.2,39,166
2025-03-22,motokar,HONDA,CIVIC,white,petrol,Rakan Niaga,2014,COMPACT,1.8,4,M5,x,8.5,6.6,7.6,37,175
2025-03-22,motokar,HONDA,CIVIC,black,petrol,Rakan Niaga,2014,COMPACT,1.8,4,AV,x,7.9,6.0,7.0,40,161
2025-03-22,motokar,HONDA,CIVIC,black,petrol,Rakan Niaga,2014,COMPACT,1.8,4,AV7,x,8.1,6.2,7.2,39,166
2025-03-22,motokar,HONDA,CIVIC,black,petrol,Rakan Niaga,2014,COMPACT,1.8,4,M5,x,8.5,6.6,7.6,37,175
2025-03-22,jip,KIA,SPORTAGE,blue,petrol,Rakan Niaga,2014,SUV - SMALL,2.4,4,A6,x,11.4,8.3,10.0,28,230
2025-03-22,jip,KIA,SPORTAGE,blue,petrol,Rakan Niaga,2014,SUV - SMALL,2.4,4,M6,x,12.9,9.3,11.3,25,260
2025-03-22,jip,MAZDA,CX-5,red,petrol,Rakan Niaga,2014,SUV - SMALL,2.0,4,AS6,x,8.9,7.3,8.2,34,189
2025-03-22,jip,MAZDA,CX-5,red,petrol,Rakan Niaga,2014,SUV - SMALL,2.0,4,M6,x,9.0,6.8,8.0,35,184
2025-03-22,jip,MAZDA,CX-5,red,petrol,Rakan Niaga,2014,SUV - SMALL,2.5,4,AS6,x,9.6,7.4,8.6,33,198
2025-03-22,motokar,TOYOTA,CAMRY,grey,hybrid_petrol,Rakan Niaga,2014,MID-SIZE,2.5,4,AS6,x,9.5,6.6,8.2,34,189
2025-03-22,motokar,TOYOTA,CAMRY,grey,hybrid_petrol,Rakan Niaga,2014,MID-SIZE,3.5,6,AS6,x,11.1,7.8,9.6,29,221
2025-03-22,motokar,TOYOTA,YARIS,white,petrol,Rakan Niaga,2014,COMPACT,1.5,4,A4,x,7.9,6.6,7.3,39,168
2025-03-22,motokar,TOYOTA,YARIS,white,petrol,Rakan Niaga,2014,COMPACT,1.5,4,M5,x,7.8,6.3,7.1,40,163
2025-03-22,motokar,TOYOTA,YARIS,silver,petrol,Rakan Niaga,2014,COMPACT,1.5,4,A4,x,7.9,6.6,7.3,39,168
2025-03-22,motokar,TOYOTA,YARIS,silver,petrol,Rakan Niaga,2014,COMPACT,1.5,4,M5,x,7.8,6.3,7.1,40,163
2025-03-22,motokar,TOYOTA,YARIS,red,petrol,Rakan Niaga,2014,COMPACT,1.5,4,A4,x,7.9,6.6,7.3,39,168
2025-03-22,motokar,TOYOTA,YARIS,red,petrol,Rakan Niaga,2014,COMPACT,1.5,4,M5,x,7.8,6.3,7.1,40,163
2025-03-22,jip,VOLKSWAGEN,TIGUAN,white,petrol,Rakan Niaga,2014,SUV - SMALL,2.0,4,A6,z,11.7,9.5,10.7,26,246
2025-03-22,jip,VOLKSWAGEN,TIGUAN,white,petrol,Rakan Niaga,2014,SUV - SMALL,2.0,4,M6,z,13.6,9.2,11.6,24,267
2025-03-22,jip,VOLVO,XC60,black,hybrid_petrol,Rakan Niaga,2014,SUV - SMALL,3.2,6,AS6,x,13.0,8.9,11.2,25,258
2025-03-23,jip,HONDA,CR-V,blue,hybrid_petrol,Rakan Niaga,2014,SUV - SMALL,2.4,4,A5,x,10.3,7.6,9.1,31,209
2025-03-23,jip,HONDA,CR-V,white,hybrid_petrol,Rakan Niaga,2014,SUV - SMALL,2.4,4,A5,x,10.3,7.6,9.1,31,209
2025-03-23,jip,HONDA,CR-V,grey,petrol,Terengganu,2014,SUV - SMALL,2.4,4,A5,x,10.3,7.6,9.1,31,209
2025-03-23,motokar,HONDA,CIVIC,red,petrol,Kelantan,2014,COMPACT,1.8,4,AV,x,7.9,6.0,7.0,40,161
2025-03-23,motokar,HONDA,CIVIC,red,petrol,Kelantan,2014,COMPACT,1.8,4,AV7,x,8.1,6.2,7.2,39,166
2025-03-23,motokar,HONDA,CIVIC,red,petrol,Kelantan,2014,COMPACT,1.8,4,M5,x,8.5,6.6,7.6,37,175
2025-03-23,motokar,HONDA,CIVIC,grey,petrol,Rakan Niaga,2014,COMPACT,1.8,4,AV,x,7.9,6.0,7.0,40,161
2025-03-23,motokar,HONDA,CIVIC,grey,petrol,Rakan Niaga,2014,COMPACT,1.8,4,AV7,x,8.1,6.2,7.2,39,166
2025-03-23,motokar,HONDA,CIVIC,grey,petrol,Rakan Niaga,2014,COMPACT,1.8,4,M5,x,8.5,6.6,7.6,37,175
2025-03-23,motokar,HONDA,CIVIC,white,petrol,Rakan Niaga,2014,COMPACT,1.8,4,AV,x,7.9,6.0,7.0,40,161
2025-03-23,motokar,HONDA,CIVIC,white,petrol,Rakan Niaga,2014,COMPACT,1.8,4,AV7,x,8.1,6.2,7.2,39,166
2025-03-23,motokar,HONDA,CIVIC,white,petrol,Rakan Niaga,2014,COMPACT,1.8,4,M5,x,8.5,6.6,7.6,37,175
2025-03-23,motokar,HONDA,CIVIC,white,petrol,Kedah,2014,COMPACT,1.8,4,AV,x,7.9,6.0,7.0,40,161
2025-03-23,motokar,HONDA,CIVIC,white,petrol,Kedah,2014,COMPACT,1.8,4,AV7,x,8.1,6.2,7.2,39,166
2025-03-23,motokar,HONDA,CIVIC,white,petrol,Kedah,2014,COMPACT,1.8,4,M5,x,8.5,6.6,7.6,37,175
2025-03-23,motokar,HONDA,CIVIC,red,petrol,Rakan Niaga,2014,COMPACT,1.8,4,AV,x,7.9,6.0,7.0,40,161
2025-03-23,motokar,HONDA,CIVIC,red,petrol,Rakan Niaga,2014,COMPACT,1.8,4,AV7,x,8.1,6.2,7.2,39,166
2025-03-23,motokar,HONDA,CIVIC,red,petrol,Rakan Niaga,2014,COMPACT,1.8,4,M5,x,8.5,6.6,7.6,37,175
2025-03-23,window_van,HONDA,ODYSSEY,white,petrol,Kedah,2014,MINIVAN,3.5,6,A6,x,12.3,8.5,10.6,27,244
2025-03-23,jip,KIA,SPORTAGE,white,petrol,Kedah,2014,SUV - SMALL,2.4,4,A6,x,11.4,8.3,10.0,28,230
2025-03-23,jip,KIA,SPORTAGE,white,petrol,Kedah,2014,SUV - SMALL,2.4,4,M6,x,12.9,9.3,11.3,25,260
2025-03-23,motokar,TOYOTA,YARIS,silver,petrol,Rakan Niaga,2014,COMPACT,1.5,4,A4,x,7.9,6.6,7.3,39,168
2025-03-23,motokar,TOYOTA,YARIS,silver,petrol,Rakan Niaga,2014,COMPACT,1.5,4,M5,x,7.8,6.3,7.1,40,163
2025-03-23,motokar,TOYOTA,YARIS,red,petrol,Rakan Niaga,2014,COMPACT,1.5,4,A4,x,7.9,6.6,7.3,39,168
2025-03-23,motokar,TOYOTA,YARIS,red,petrol,Rakan Niaga,2014,COMPACT,1.5,4,M5,x,7.8,6.3,7.1,40,163
2025-03-24,jip,HONDA,CR-V,blue,petrol,Rakan Niaga,2014,SUV - SMALL,2.4,4,A5,x,10.3,7.6,9.1,31,209
2025-03-24,jip,HONDA,CR-V,red,petrol,Rakan Niaga,2014,SUV - SMALL,2.4,4,A5,x,10.3,7.6,9.1,31,209
2025-03-24,jip,HONDA,CR-V,grey,petrol,Rakan Niaga,2014,SUV - SMALL,2.4,4,A5,x,10.3,7.6,9.1,31,209
2025-03-24,jip,HONDA,CR-V,blue,petrol,W.P. Kuala Lumpur,2014,SUV - SMALL,2.4,4,A5,x,10.3,7.6,9.1,31,209
2025-03-24,jip,HONDA,CR-V,blue,petrol,Selangor,2014,SUV - SMALL,2.4,4,A5,x,10.3,7.6,9.1,31,209
2025-03-24,jip,HONDA,CR-V,silver,petrol,Rakan Niaga,2014,SUV - SMALL,2.4,4,A5,x,10.3,7.6,9.1,31,209
2025-03-24,jip,HONDA,CR-V,grey,hybrid_petrol,Rakan Niaga,2014,SUV - SMALL,2.4,4,A5,x,10.3,7.6,9.1,31,209
2025-03-24,jip,HONDA,CR-V,silver,hybrid_petrol,Rakan Niaga,2014,SUV - SMALL,2.4,4,A5,x,10.3,7.6,9.1,31,209
2025-03-24,jip,HONDA,CR-V,white,hybrid_petrol,W.P. Kuala Lumpur,2014,SUV - SMALL,2.4,4,A5,x,10.3,7.6,9.1,31,209
2025-03-24,jip,HONDA,CR-V,grey,petrol,Melaka,2014,SUV - SMALL,2.4,4,A5,x,10.3,7.6,9.1,31,209
2025-03-24,jip,HONDA,CR-V,white,petrol,Rakan Niaga,2014,SUV - SMALL,2.4,4,A5,x,10.3,7.6,9.1,31,209
2025-03-24,jip,HONDA,CR-V,blue,hybrid_petrol,Rakan Niaga,2014,SUV - SMALL,2.4,4,A5,x,10.3,7.6,9.1,31,209
2025-03-24,jip,HONDA,CR-V,white,petrol,W.P. Kuala Lumpur,2014,SUV - SMALL,2.4,4,A5,x,10.3,7.6,9.1,31,209
2025-03-24,jip,HONDA,CR-V,white,hybrid_petrol,Rakan Niaga,2014,SUV - SMALL,2.4,4,A5,x,10.3,7.6,9.1,31,209
2025-03-24,motokar,HONDA,CIVIC,grey,petrol,W.P. Kuala Lumpur,2014,COMPACT,1.8,4,AV,x,7.9,6.0,7.0,40,161
2025-03-24,motokar,HONDA,CIVIC,grey,petrol,W.P. Kuala Lumpur,2014,COMPACT,1.8,4,AV7,x,8.1,6.2,7.2,39,166
2025-03-24,motokar,HONDA,CIVIC,grey,petrol,W.P. Kuala Lumpur,2014,COMPACT,1.8,4,M5,x,8.5,6.6,7.6,37,175
2025-03-24,motokar,HONDA,CIVIC,red,petrol,Rakan Niaga,2014,COMPACT,1.8,4,AV,x,7.9,6.0,7.0,40,161
2025-03-24,motokar,HONDA,CIVIC,red,petrol,Rakan Niaga,2014,COMPACT,1.8,4,AV7,x,8.1,6.2,7.2,39,166
2025-03-24,motokar,HONDA,CIVIC,red,petrol,Rakan Niaga,2014,COMPACT,1.8,4,M5,x,8.5,6.6,7.6,37,175
2025-03-24,motokar,HONDA,CIVIC,white,petrol,Negeri Sembilan,2014,COMPACT,1.8,4,AV,x,7.9,6.0,7.0,40,161
2025-03-24,motokar,HONDA,CIVIC,white,petrol,Negeri Sembilan,2014,COMPACT,1.8,4,AV7,x,8.1,6.2,7.2,39,166
2025-03-24,motokar,HONDA,CIVIC,white,petrol,Negeri Sembilan,2014,COMPACT,1.8,4,M5,x,8.5,6.6,7.6,37,175
2025-03-24,motokar,HONDA,CIVIC,blue,petrol,Rakan Niaga,2014,COMPACT,1.8,4,AV,x,7.9,6.0,7.0,40,161
2025-03-24,motokar,HONDA,CIVIC,blue,petrol,Rakan Niaga,2014,COMPACT,1.8,4,AV7,x,8.1,6.2,7.2,39,166
2025-03-24,motokar,HONDA,CIVIC,blue,petrol,Rakan Niaga,2014,COMPACT,1.8,4,M5,x,8.5,6.6,7.6,37,175
2025-03-24,motokar,HONDA,CIVIC,grey,petrol,Rakan Niaga,2014,COMPACT,1.8,4,AV,x,7.9,6.0,7.0,40,161
2025-03-24,motokar,HONDA,CIVIC,grey,petrol,Rakan Niaga,2014,COMPACT,1.8,4,AV7,x,8.1,6.2,7.2,39,166
2025-03-24,motokar,HONDA,CIVIC,grey,petrol,Rakan Niaga,2014,COMPACT,1.8,4,M5,x,8.5,6.6,7.6,37,175
2025-03-24,motokar,HONDA,CIVIC,blue,petrol,Selangor,2014,COMPACT,1.8,4,AV,x,7.9,6.0,7.0,40,161
2025-03-24,motokar,HONDA,CIVIC,blue,petrol,Selangor,2014,COMPACT,1.8,4,AV7,x,8.1,6.2,7.2,39,166
2025-03-24,motokar,HONDA,CIVIC,blue,petrol,Selangor,2014,COMPACT,1.8,4,M5,x,8.5,6.6,7.6,37,175
2025-03-24,motokar,HONDA,CIVIC,black,petrol,Rakan Niaga,2014,COMPACT,1.8,4,AV,x,7.9,6.0,7.0,40,161
2025-03-24,motokar,HONDA,CIVIC,black,petrol,Rakan Niaga,2014,COMPACT,1.8,4,AV7,x,8.1,6.2,7.2,39,166
2025-03-24,motokar,HONDA,CIVIC,black,petrol,Rakan Niaga,2014,COMPACT,1.8,4,M5,x,8.5,6.6,7.6,37,175
2025-03-24,motokar,HONDA,CIVIC,white,petrol,W.P. Kuala Lumpur,2014,COMPACT,1.8,4,AV,x,7.9,6.0,7.0,40,161
2025-03-24,motokar,HONDA,CIVIC,white,petrol,W.P. Kuala Lumpur,2014,COMPACT,1.8,4,AV7,x,8.1,6.2,7.2,39,166
2025-03-24,motokar,HONDA,CIVIC,white,petrol,W.P. Kuala Lumpur,2014,COMPACT,1.8,4,M5,x,8.5,6.6,7.6,37,175
2025-03-24,motokar,HONDA,CIVIC,blue,petrol,W.P. Kuala Lumpur,2014,COMPACT,1.8,4,AV,x,7.9,6.0,7.0,40,161
2025-03-24,motokar,HONDA,CIVIC,blue,petrol,W.P. Kuala Lumpur,2014,COMPACT,1.8,4,AV7,x,8.1,6.2,7.2,39,166
2025-03-24,motokar,HONDA,CIVIC,blue,petrol,W.P. Kuala Lumpur,2014,COMPACT,1.8,4,M5,x,8.5,6.6,7.6,37,175
2025-03-24,motokar,HONDA,CIVIC,white,petrol,Pulau Pinang,2014,COMPACT,1.8,4,AV,x,7.9,6.0,7.0,40,161
2025-03-24,motokar,HONDA,CIVIC,white,petrol,Pulau Pinang,2014,COMPACT,1.8,4,AV7,x,8.1,6.2,7.2,39,166
2025-03-24,motokar,HONDA,CIVIC,white,petrol,Pulau Pinang,2014,COMPACT,1.8,4,M5,x,8.5,6.6,7.6,37,175
2025-03-24,motokar,HONDA,CIVIC,white,petrol,Rakan Niaga,2014,COMPACT,1.8,4,AV,x,7.9,6.0,7.0,40,161
2025-03-24,motokar,HONDA,CIVIC,white,petrol,Rakan Niaga,2014,COMPACT,1.8,4,AV7,x,8.1,6.2,7.2,39,166
2025-03-24,motokar,HONDA,CIVIC,white,petrol,Rakan Niaga,2014,COMPACT,1.8,4,M5,x,8.5,6.6,7.6,37,175
2025-03-24,motokar,HONDA,CIVIC,black,petrol,W.P. Kuala Lumpur,2014,COMPACT,1.8,4,AV,x,7.9,6.0,7.0,40,161
2025-03-24,motokar,HONDA,CIVIC,black,petrol,W.P. Kuala Lumpur,2014,COMPACT,1.8,4,AV7,x,8.1,6.2,7.2,39,166
2025-03-24,motokar,HONDA,CIVIC,black,petrol,W.P. Kuala Lumpur,2014,COMPACT,1.8,4,M5,x,8.5,6.6,7.6,37,175
2025-03-24,motokar,HONDA,CIVIC,blue,hybrid_petrol,Rakan Niaga,2014,COMPACT,1.8,4,AV,x,7.9,6.0,7.0,40,161
2025-03-24,motokar,HONDA,CIVIC,blue,hybrid_petrol,Rakan Niaga,2014,COMPACT,1.8,4,AV7,x,8.1,6.2,7.2,39,166
2025-03-24,motokar,HONDA,CIVIC,blue,hybrid_petrol,Rakan Niaga,2014,COMPACT,1.8,4,M5,x,8.5,6.6,7.6,37,175
2025-03-24,motokar,HONDA,CIVIC,white,petrol,Melaka,2014,COMPACT,1.8,4,AV,x,7.9,6.0,7.0,40,161
2025-03-24,motokar,HONDA,CIVIC,white,petrol,Melaka,2014,COMPACT,1.8,4,AV7,x,8.1,6.2,7.2,39,166
2025-03-24,motokar,HONDA,CIVIC,white,petrol,Melaka,2014,COMPACT,1.8,4,M5,x,8.5,6.6,7.6,37,175
2025-03-24,motokar,HONDA,CIVIC,blue,petrol,Perlis,2014,COMPACT,1.8,4,AV,x,7.9,6.0,7.0,40,161
2025-03-24,motokar,HONDA,CIVIC,blue,petrol,Perlis,2014,COMPACT,1.8,4,AV7,x,8.1,6.2,7.2,39,166
2025-03-24,motokar,HONDA,CIVIC,blue,petrol,Perlis,2014,COMPACT,1.8,4,M5,x,8.5,6.6,7.6,37,175
2025-03-24,motokar,HONDA,CIVIC,black,petrol,Selangor,2014,COMPACT,1.8,4,AV,x,7.9,6.0,7.0,40,161
2025-03-24,motokar,HONDA,CIVIC,black,petrol,Selangor,2014,COMPACT,1.8,4,AV7,x,8.1,6.2,7.2,39,166
2025-03-24,motokar,HONDA,CIVIC,black,petrol,Selangor,2014,COMPACT,1.8,4,M5,x,8.5,6.6,7.6,37,175
2025-03-24,window_van,HONDA,ODYSSEY,blue,petrol,Selangor,2014,MINIVAN,3.5,6,A6,x,12.3,8.5,10.6,27,244
2025-03-24,jip,HYUNDAI,SANTA FE,white,diesel,Rakan Niaga,2014,SUV - SMALL,3.3,6,A6,x,13.0,9.1,11.2,25,258
2025-03-24,jip,KIA,SPORTAGE,black,petrol,Kedah,2014,SUV - SMALL,2.4,4,A6,x,11.4,8.3,10.0,28,230
2025-03-24,jip,KIA,SPORTAGE,black,petrol,Kedah,2014,SUV - SMALL,2.4,4,M6,x,12.9,9.3,11.3,25,260
2025-03-24,jip,KIA,SPORTAGE,blue,petrol,Rakan Niaga,2014,SUV - SMALL,2.4,4,A6,x,11.4,8.3,10.0,28,230
2025-03-24,jip,KIA,SPORTAGE,blue,petrol,Rakan Niaga,2014,SUV - SMALL,2.4,4,M6,x,12.9,9.3,11.3,25,260
2025-03-24,motokar,MASERATI,GRANTURISMO,maroon,petrol,W.P. Kuala Lumpur,2014,SUBCOMPACT,4.7,8,AS6,z,18.2,11.4,15.1,19,347
2025-03-24,jip,MAZDA,CX-5,grey,petrol,Rakan Niaga,2014,SUV - SMALL,2.0,4,AS6,x,8.9,7.3,8.2,34,189
2025-03-24,jip,MAZDA,CX-5,grey,petrol,Rakan Niaga,2014,SUV - SMALL,2.0,4,M6,x,9.0,6.8,8.0,35,184
2025-03-24,jip,MAZDA,CX-5,grey,petrol,Rakan Niaga,2014,SUV - SMALL,2.5,4,AS6,x,9.6,7.4,8.6,33,198
2025-03-24,jip,MAZDA,CX-5,grey,petrol,Pulau Pinang,2014,SUV - SMALL,2.0,4,AS6,x,8.9,7.3,8.2,34,189
2025-03-24,jip,MAZDA,CX-5,grey,petrol,Pulau Pinang,2014,SUV - SMALL,2.0,4,M6,x,9.0,6.8,8.0,35,184
2025-03-24,jip,MAZDA,CX-5,grey,petrol,Pulau Pinang,2014,SUV - SMALL,2.5,4,AS6,x,9.6,7.4,8.6,33,198
2025-03-24,jip,MAZDA,CX-5,blue,petrol,Rakan Niaga,2014,SUV - SMALL,2.0,4,AS6,x,8.9,7.3,8.2,34,189
2025-03-24,jip,MAZDA,CX-5,blue,petrol,Rakan Niaga,2014,SUV - SMALL,2.0,4,M6,x,9.0,6.8,8.0,35,184
2025-03-24,jip,MAZDA,CX-5,blue,petrol,Rakan Niaga,2014,SUV - SMALL,2.5,4,AS6,x,9.6,7.4,8.6,33,198
2025-03-24,jip,MAZDA,CX-5,white,petrol,Rakan Niaga,2014,SUV - SMALL,2.0,4,AS6,x,8.9,7.3,8.2,34,189
2025-03-24,jip,MAZDA,CX-5,white,petrol,Rakan Niaga,2014,SUV - SMALL,2.0,4,M6,x,9.0,6.8,8.0,35,184
2025-03-24,jip,MAZDA,CX-5,white,petrol,Rakan Niaga,2014,SUV - SMALL,2.5,4,AS6,x,9.6,7.4,8.6,33,198
2025-03-24,jip,MAZDA,CX-5,red,petrol,Rakan Niaga,2014,SUV - SMALL,2.0,4,AS6,x,8.9,7.3,8.2,34,189
2025-03-24,jip,MAZDA,CX-5,red,petrol,Rakan Niaga,2014,SUV - SMALL,2.0,4,M6,x,9.0,6.8,8.0,35,184
2025-03-24,jip,MAZDA,CX-5,red,petrol,Rakan Niaga,2014,SUV - SMALL,2.5,4,AS6,x,9.6,7.4,8.6,33,198
2025-03-24,jip,MAZDA,CX-9,grey,petrol,W.P. Kuala Lumpur,2014,SUV - SMALL,3.7,6,AS6,x,14.2,10.0,12.3,23,283
2025-03-24,motokar,MAZDA,MX-5,red,petrol,W.P. Kuala Lumpur,2014,TWO-SEATER,2.0,4,AS6,z,11.5,8.5,10.2,28,235
2025-03-24,motokar,MAZDA,MX-5,red,petrol,W.P. Kuala Lumpur,2014,TWO-SEATER,2.0,4,M5,z,10.5,8.5,9.6,29,221
2025-03-24,motokar,MAZDA,MX-5,red,petrol,W.P. Kuala Lumpur,2014,TWO-SEATER,2.0,4,M6,z,11.1,8.4,9.9,29,228
2025-03-24,motokar,MAZDA,MX-5,blue,petrol,Selangor,2014,TWO-SEATER,2.0,4,AS6,z,11.5,8.5,10.2,28,235
2025-03-24,motokar,MAZDA,MX-5,blue,petrol,Selangor,2014,TWO-SEATER,2.0,4,M5,z,10.5,8.5,9.6,29,221
2025-03-24,motokar,MAZDA,MX-5,blue,petrol,Selangor,2014,TWO-SEATER,2.0,4,M6,z,11.1,8.4,9.9,29,228
2025-03-24,motokar,MAZDA,MX-5,white,petrol,W.P. Kuala Lumpur,2014,TWO-SEATER,2.0,4,AS6,z,11.5,8.5,10.2,28,235
2025-03-24,motokar,MAZDA,MX-5,white,petrol,W.P. Kuala Lumpur,2014,TWO-SEATER,2.0,4,M5,z,10.5,8.5,9.6,29,221
2025-03-24,motokar,MAZDA,MX-5,white,petrol,W.P. Kuala Lumpur,2014,TWO-SEATER,2.0,4,M6,z,11.1,8.4,9.9,29,228
2025-03-24,motokar,PORSCHE,911 CARRERA,grey,petrol,W.P. Kuala Lumpur,2014,MINICOMPACT,3.4,6,AM7,z,11.6,8.3,10.1,28,232
2025-03-24,motokar,PORSCHE,911 CARRERA,grey,petrol,W.P. Kuala Lumpur,2014,MINICOMPACT,3.4,6,M7,z,12.5,8.6,10.7,26,246
2025-03-24,motokar,PORSCHE,911 TURBO,grey,petrol,W.P. Kuala Lumpur,2014,MINICOMPACT,3.8,6,AM7,z,13.7,9.6,11.9,24,274
2025-03-24,jip,PORSCHE,CAYENNE,white,petrol,W.P. Kuala Lumpur,2014,SUV - STANDARD,3.6,6,A8,z,13.6,10.1,12.0,24,276
2025-03-24,jip,PORSCHE,CAYENNE,white,petrol,W.P. Kuala Lumpur,2014,SUV - STANDARD,3.6,6,M6,z,15.8,10.9,13.6,21,313
2025-03-24,jip,PORSCHE,CAYENNE,black,petrol,W.P. Kuala Lumpur,2014,SUV - STANDARD,3.6,6,A8,z,13.6,10.1,12.0,24,276
2025-03-24,jip,PORSCHE,CAYENNE,black,petrol,W.P. Kuala Lumpur,2014,SUV - STANDARD,3.6,6,M6,z,15.8,10.9,13.6,21,313
2025-03-24,motokar,SUBARU,BRZ,white,petrol,Rakan Niaga,2014,MINICOMPACT,2.0,4,AS6,z,9.6,7.1,8.5,33,196
2025-03-24,motokar,SUBARU,BRZ,white,petrol,Rakan Niaga,2014,MINICOMPACT,2.0,4,M6,z,11.0,7.9,9.6,29,221
2025-03-24,motokar,TOYOTA,CAMRY,grey,hybrid_petrol,Rakan Niaga,2014,MID-SIZE,2.5,4,AS6,x,9.5,6.6,8.2,34,189
2025-03-24,motokar,TOYOTA,CAMRY,grey,hybrid_petrol,Rakan Niaga,2014,MID-SIZE,3.5,6,AS6,x,11.1,7.8,9.6,29,221
2025-03-24,motokar,TOYOTA,CAMRY,white,hybrid_petrol,Rakan Niaga,2014,MID-SIZE,2.5,4,AS6,x,9.5,6.6,8.2,34,189
2025-03-24,motokar,TOYOTA,CAMRY,white,hybrid_petrol,Rakan Niaga,2014,MID-SIZE,3.5,6,AS6,x,11.1,7.8,9.6,29,221
2025-03-24,motokar,TOYOTA,COROLLA,grey,petrol,W.P. Kuala Lumpur,2014,MID-SIZE,1.8,4,A4,x,8.6,6.5,7.7,37,177
2025-03-24,motokar,TOYOTA,COROLLA,grey,petrol,W.P. Kuala Lumpur,2014,MID-SIZE,1.8,4,AV7,x,8.1,6.3,7.3,39,168
2025-03-24,motokar,TOYOTA,COROLLA,grey,petrol,W.P. Kuala Lumpur,2014,MID-SIZE,1.8,4,AV,x,8.0,5.9,7.1,40,163
2025-03-24,motokar,TOYOTA,COROLLA,grey,petrol,W.P. Kuala Lumpur,2014,MID-SIZE,1.8,4,M6,x,8.3,6.3,7.4,38,170
2025-03-24,motokar,TOYOTA,YARIS,white,petrol,Rakan Niaga,2014,COMPACT,1.5,4,A4,x,7.9,6.6,7.3,39,168
2025-03-24,motokar,TOYOTA,YARIS,white,petrol,Rakan Niaga,2014,COMPACT,1.5,4,M5,x,7.8,6.3,7.1,40,163
2025-03-24,motokar,TOYOTA,YARIS,red,petrol,Rakan Niaga,2014,COMPACT,1.5,4,A4,x,7.9,6.6,7.3,39,168
2025-03-24,motokar,TOYOTA,YARIS,red,petrol,Rakan Niaga,2014,COMPACT,1.5,4,M5,x,7.8,6.3,7.1,40,163
2025-03-24,motokar,TOYOTA,YARIS,silver,petrol,Rakan Niaga,2014,COMPACT,1.5,4,A4,x,7.9,6.6,7.3,39,168
2025-03-24,motokar,TOYOTA,YARIS,silver,petrol,Rakan Niaga,2014,COMPACT,1.5,4,M5,x,7.8,6.3,7.1,40,163
2025-03-24,motokar,TOYOTA,YARIS,silver,petrol,Pahang,2014,COMPACT,1.5,4,A4,x,7.9,6.6,7.3,39,168
2025-03-24,motokar,TOYOTA,YARIS,silver,petrol,Pahang,2014,COMPACT,1.5,4,M5,x,7.8,6.3,7.1,40,163
2025-03-24,motokar,TOYOTA,YARIS,white,petrol,W.P. Kuala Lumpur,2014,COMPACT,1.5,4,A4,x,7.9,6.6,7.3,39,168
2025-03-24,motokar,TOYOTA,YARIS,white,petrol,W.P. Kuala Lumpur,2014,COMPACT,1.5,4,M5,x,7.8,6.3,7.1,40,163
2025-03-24,jip,VOLKSWAGEN,TIGUAN,black,petrol,Rakan Niaga,2014,SUV - SMALL,2.0,4,A6,z,11.7,9.5,10.7,26,246
2025-03-24,jip,VOLKSWAGEN,TIGUAN,black,petrol,Rakan Niaga,2014,SUV - SMALL,2.0,4,M6,z,13.6,9.2,11.6,24,267
2025-03-24,jip,VOLKSWAGEN,TIGUAN,grey,petrol,W.P. Kuala Lumpur,2014,SUV - SMALL,2.0,4,A6,z,11.7,9.5,10.7,26,246
2025-03-24,jip,VOLKSWAGEN,TIGUAN,grey,petrol,W.P. Kuala Lumpur,2014,SUV - SMALL,2.0,4,M6,z,13.6,9.2,11.6,24,267
2025-03-24,jip,VOLKSWAGEN,TIGUAN,blue,petrol,Rakan Niaga,2014,SUV - SMALL,2.0,4,A6,z,11.7,9.5,10.7,26,246
2025-03-24,jip,VOLKSWAGEN,TIGUAN,blue,petrol,Rakan Niaga,2014,SUV - SMALL,2.0,4,M6,z,13.6,9.2,11.6,24,267
2025-03-24,jip,VOLKSWAGEN,TIGUAN,black,petrol,Selangor,2014,SUV - SMALL,2.0,4,A6,z,11.7,9.5,10.7,26,246
2025-03-24,jip,VOLKSWAGEN,TIGUAN,black,petrol,Selangor,2014,SUV - SMALL,2.0,4,M6,z,13.6,9.2,11.6,24,267
2025-03-24,jip,VOLVO,XC60,grey,hybrid_petrol,Rakan Niaga,2014,SUV - SMALL,3.2,6,AS6,x,13.0,8.9,11.2,25,258
2025-03-24,jip,VOLVO,XC60,black,hybrid_petrol,Rakan Niaga,2014,SUV - SMALL,3.2,6,AS6,x,13.0,8.9,11.2,25,258
2025-03-25,jip,HONDA,CR-V,blue,petrol,Rakan Niaga,2014,SUV - SMALL,2.4,4,A5,x,10.3,7.6,9.1,31,209
2025-03-25,jip,HONDA,CR-V,red,hybrid_petrol,Rakan Niaga,2014,SUV - SMALL,2.4,4,A5,x,10.3,7.6,9.1,31,209
2025-03-25,jip,HONDA,CR-V,grey,petrol,Rakan Niaga,2014,SUV - SMALL,2.4,4,A5,x,10.3,7.6,9.1,31,209
2025-03-25,jip,HONDA,CR-V,grey,hybrid_petrol,Rakan Niaga,2014,SUV - SMALL,2.4,4,A5,x,10.3,7.6,9.1,31,209
2025-03-25,jip,HONDA,CR-V,white,petrol,Rakan Niaga,2014,SUV - SMALL,2.4,4,A5,x,10.3,7.6,9.1,31,209
2025-03-25,jip,HONDA,CR-V,blue,hybrid_petrol,Rakan Niaga,2014,SUV - SMALL,2.4,4,A5,x,10.3,7.6,9.1,31,209
2025-03-25,jip,HONDA,CR-V,white,hybrid_petrol,Rakan Niaga,2014,SUV - SMALL,2.4,4,A5,x,10.3,7.6,9.1,31,209
2025-03-25,jip,HONDA,CR-V,red,petrol,Rakan Niaga,2014,SUV - SMALL,2.4,4,A5,x,10.3,7.6,9.1,31,209
2025-03-25,jip,HONDA,CR-V,white,hybrid_petrol,Selangor,2014,SUV - SMALL,2.4,4,A5,x,10.3,7.6,9.1,31,209
2025-03-25,jip,HONDA,CR-V,blue,petrol,Johor,2014,SUV - SMALL,2.4,4,A5,x,10.3,7.6,9.1,31,209
2025-03-25,jip,HONDA,CR-V,grey,petrol,Pahang,2014,SUV - SMALL,2.4,4,A5,x,10.3,7.6,9.1,31,209
2025-03-25,jip,HONDA,CR-V,grey,petrol,Johor,2014,SUV - SMALL,2.4,4,A5,x,10.3,7.6,9.1,31,209
2025-03-25,jip,HONDA,CR-V,white,hybrid_petrol,Johor,2014,SUV - SMALL,2.4,4,A5,x,10.3,7.6,9.1,31,209
2025-03-25,jip,HONDA,CR-V,silver,petrol,Rakan Niaga,2014,SUV - SMALL,2.4,4,A5,x,10.3,7.6,9.1,31,209
2025-03-25,jip,HONDA,CR-V,grey,petrol,W.P. Kuala Lumpur,2014,SUV - SMALL,2.4,4,A5,x,10.3,7.6,9.1,31,209
2025-03-25,jip,HONDA,CR-V,white,petrol,W.P. Kuala Lumpur,2014,SUV - SMALL,2.4,4,A5,x,10.3,7.6,9.1,31,209
2025-03-25,jip,HONDA,CR-V,blue,hybrid_petrol,Selangor,2014,SUV - SMALL,2.4,4,A5,x,10.3,7.6,9.1,31,209
2025-03-25,jip,HONDA,CR-V,blue,petrol,W.P. Kuala Lumpur,2014,SUV - SMALL,2.4,4,A5,x,10.3,7.6,9.1,31,209
2025-03-25,jip,HONDA,CR-V,blue,petrol,Perak,2014,SUV - SMALL,2.4,4,A5,x,10.3,7.6,9.1,31,209
2025-03-25,motokar,HONDA,CIVIC,white,petrol,Rakan Niaga,2014,COMPACT,1.8,4,AV,x,7.9,6.0,7.0,40,161
2025-03-25,motokar,HONDA,CIVIC,white,petrol,Rakan Niaga,2014,COMPACT,1.8,4,AV7,x,8.1,6.2,7.2,39,166
2025-03-25,motokar,HONDA,CIVIC,white,petrol,Rakan Niaga,2014,COMPACT,1.8,4,M5,x,8.5,6.6,7.6,37,175
2025-03-25,motokar,HONDA,CIVIC,red,petrol,Rakan Niaga,2014,COMPACT,1.8,4,AV,x,7.9,6.0,7.0,40,161
2025-03-25,motokar,HONDA,CIVIC,red,petrol,Rakan Niaga,2014,COMPACT,1.8,4,AV7,x,8.1,6.2,7.2,39,166
2025-03-25,motokar,HONDA,CIVIC,red,petrol,Rakan Niaga,2014,COMPACT,1.8,4,M5,x,8.5,6.6,7.6,37,175
2025-03-25,motokar,HONDA,CIVIC,black,petrol,Rakan Niaga,2014,COMPACT,1.8,4,AV,x,7.9,6.0,7.0,40,161
2025-03-25,motokar,HONDA,CIVIC,black,petrol,Rakan Niaga,2014,COMPACT,1.8,4,AV7,x,8.1,6.2,7.2,39,166
2025-03-25,motokar,HONDA,CIVIC,black,petrol,Rakan Niaga,2014,COMPACT,1.8,4,M5,x,8.5,6.6,7.6,37,175
2025-03-25,motokar,HONDA,CIVIC,black,petrol,W.P. Kuala Lumpur,2014,COMPACT,1.8,4,AV,x,7.9,6.0,7.0,40,161
2025-03-25,motokar,HONDA,CIVIC,black,petrol,W.P. Kuala Lumpur,2014,COMPACT,1.8,4,AV7,x,8.1,6.2,7.2,39,166
2025-03-25,motokar,HONDA,CIVIC,black,petrol,W.P. Kuala Lumpur,2014,COMPACT,1.8,4,M5,x,8.5,6.6,7.6,37,175
2025-03-25,motokar,HONDA,CIVIC,red,petrol,W.P. Kuala Lumpur,2014,COMPACT,1.8,4,AV,x,7.9,6.0,7.0,40,161
2025-03-25,motokar,HONDA,CIVIC,red,petrol,W.P. Kuala Lumpur,2014,COMPACT,1.8,4,AV7,x,8.1,6.2,7.2,39,166
2025-03-25,motokar,HONDA,CIVIC,red,petrol,W.P. Kuala Lumpur,2014,COMPACT,1.8,4,M5,x,8.5,6.6,7.6,37,175
2025-03-25,motokar,HONDA,CIVIC,blue,petrol,Rakan Niaga,2014,COMPACT,1.8,4,AV,x,7.9,6.0,7.0,40,161
2025-03-25,motokar,HONDA,CIVIC,blue,petrol,Rakan Niaga,2014,COMPACT,1.8,4,AV7,x,8.1,6.2,7.2,39,166
2025-03-25,motokar,HONDA,CIVIC,blue,petrol,Rakan Niaga,2014,COMPACT,1.8,4,M5,x,8.5,6.6,7.6,37,175
2025-03-25,motokar,HONDA,CIVIC,blue,petrol,W.P. Kuala Lumpur,2014,COMPACT,1.8,4,AV,x,7.9,6.0,7.0,40,161
2025-03-25,motokar,HONDA,CIVIC,blue,petrol,W.P. Kuala Lumpur,2014,COMPACT,1.8,4,AV7,x,8.1,6.2,7.2,39,166
2025-03-25,motokar,HONDA,CIVIC,blue,petrol,W.P. Kuala Lumpur,2014,COMPACT,1.8,4,M5,x,8.5,6.6,7.6,37,175
2025-03-25,motokar,HONDA,CIVIC,grey,petrol,Rakan Niaga,2014,COMPACT,1.8,4,AV,x,7.9,6.0,7.0,40,161
2025-03-25,motokar,HONDA,CIVIC,grey,petrol,Rakan Niaga,2014,COMPACT,1.8,4,AV7,x,8.1,6.2,7.2,39,166
2025-03-25,motokar,HONDA,CIVIC,grey,petrol,Rakan Niaga,2014,COMPACT,1.8,4,M5,x,8.5,6.6,7.6,37,175
2025-03-25,motokar,HONDA,CIVIC,blue,petrol,Terengganu,2014,COMPACT,1.8,4,AV,x,7.9,6.0,7.0,40,161
2025-03-25,motokar,HONDA,CIVIC,blue,petrol,Terengganu,2014,COMPACT,1.8,4,AV7,x,8.1,6.2,7.2,39,166
2025-03-25,motokar,HONDA,CIVIC,blue,petrol,Terengganu,2014,COMPACT,1.8,4,M5,x,8.5,6.6,7.6,37,175
2025-03-25,motokar,HONDA,CIVIC,white,petrol,Pulau Pinang,2014,COMPACT,1.8,4,AV,x,7.9,6.0,7.0,40,161
2025-03-25,motokar,HONDA,CIVIC,white,petrol,Pulau Pinang,2014,COMPACT,1.8,4,AV7,x,8.1,6.2,7.2,39,166
2025-03-25,motokar,HONDA,CIVIC,white,petrol,Pulau Pinang,2014,COMPACT,1.8,4,M5,x,8.5,6.6,7.6,37,175
2025-03-25,motokar,HONDA,CIVIC,blue,petrol,Johor,2014,COMPACT,1.8,4,AV,x,7.9,6.0,7.0,40,161
2025-03-25,motokar,HONDA,CIVIC,blue,petrol,Johor,2014,COMPACT,1.8,4,AV7,x,8.1,6.2,7.2,39,166
2025-03-25,motokar,HONDA,CIVIC,blue,petrol,Johor,2014,COMPACT,1.8,4,M5,x,8.5,6.6,7.6,37,175
2025-03-25,motokar,HONDA,CIVIC,blue,hybrid_petrol,Rakan Niaga,2014,COMPACT,1.8,4,AV,x,7.9,6.0,7.0,40,161
2025-03-25,motokar,HONDA,CIVIC,blue,hybrid_petrol,Rakan Niaga,2014,COMPACT,1.8,4,AV7,x,8.1,6.2,7.2,39,166
2025-03-25,motokar,HONDA,CIVIC,blue,hybrid_petrol,Rakan Niaga,2014,COMPACT,1.8,4,M5,x,8.5,6.6,7.6,37,175
2025-03-25,motokar,HONDA,CIVIC,white,petrol,W.P. Kuala Lumpur,2014,COMPACT,1.8,4,AV,x,7.9,6.0,7.0,40,161
2025-03-25,motokar,HONDA,CIVIC,white,petrol,W.P. Kuala Lumpur,2014,COMPACT,1.8,4,AV7,x,8.1,6.2,7.2,39,166
2025-03-25,motokar,HONDA,CIVIC,white,petrol,W.P. Kuala Lumpur,2014,COMPACT,1.8,4,M5,x,8.5,6.6,7.6,37,175
2025-03-25,window_van,HONDA,ODYSSEY,black,petrol,Selangor,2014,MINIVAN,3.5,6,A6,x,12.3,8.5,10.6,27,244
2025-03-25,window_van,HONDA,ODYSSEY,white,petrol,Rakan Niaga,2014,MINIVAN,3.5,6,A6,x,12.3,8.5,10.6,27,244
2025-03-25,window_van,HONDA,ODYSSEY,black,petrol,Perlis,2014,MINIVAN,3.5,6,A6,x,12.3,8.5,10.6,27,244
2025-03-25,window_van,HONDA,ODYSSEY,purple,petrol,Rakan Niaga,2014,MINIVAN,3.5,6,A6,x,12.3,8.5,10.6,27,244
2025-03-25,jip,HYUNDAI,SANTA FE,grey,hybrid_petrol,Rakan Niaga,2014,SUV - SMALL,3.3,6,A6,x,13.0,9.1,11.2,25,258
2025-03-25,jip,KIA,SPORTAGE,grey,petrol,Rakan Niaga,2014,SUV - SMALL,2.4,4,A6,x,11.4,8.3,10.0,28,230
2025-03-25,jip,KIA,SPORTAGE,grey,petrol,Rakan Niaga,2014,SUV - SMALL,2.4,4,M6,x,12.9,9.3,11.3,25,260
2025-03-25,jip,MAZDA,CX-5,gold,petrol,Rakan Niaga,2014,SUV - SMALL,2.0,4,AS6,x,8.9,7.3,8.2,34,189
2025-03-25,jip,MAZDA,CX-5,gold,petrol,Rakan Niaga,2014,SUV - SMALL,2.0,4,M6,x,9.0,6.8,8.0,35,184
2025-03-25,jip,MAZDA,CX-5,gold,petrol,Rakan Niaga,2014,SUV - SMALL,2.5,4,AS6,x,9.6,7.4,8.6,33,198
2025-03-25,jip,MAZDA,CX-5,grey,petrol,Rakan Niaga,2014,SUV - SMALL,2.0,4,AS6,x,8.9,7.3,8.2,34,189
2025-03-25,jip,MAZDA,CX-5,grey,petrol,Rakan Niaga,2014,SUV - SMALL,2.0,4,M6,x,9.0,6.8,8.0,35,184
2025-03-25,jip,MAZDA,CX-5,grey,petrol,Rakan Niaga,2014,SUV - SMALL,2.5,4,AS6,x,9.6,7.4,8.6,33,198
2025-03-25,jip,MAZDA,CX-5,blue,petrol,Rakan Niaga,2014,SUV - SMALL,2.0,4,AS6,x,8.9,7.3,8.2,34,189
2025-03-25,jip,MAZDA,CX-5,blue,petrol,Rakan Niaga,2014,SUV - SMALL,2.0,4,M6,x,9.0,6.8,8.0,35,184
2025-03-25,jip,MAZDA,CX-5,blue,petrol,Rakan Niaga,2014,SUV - SMALL,2.5,4,AS6,x,9.6,7.4,8.6,33,198
2025-03-25,jip,MAZDA,CX-5,white,petrol,Rakan Niaga,2014,SUV - SMALL,2.0,4,AS6,x,8.9,7.3,8.2,34,189
2025-03-25,jip,MAZDA,CX-5,white,petrol,Rakan Niaga,2014,SUV - SMALL,2.0,4,M6,x,9.0,6.8,8.0,35,184
2025-03-25,jip,MAZDA,CX-5,white,petrol,Rakan Niaga,2014,SUV - SMALL,2.5,4,AS6,x,9.6,7.4,8.6,33,198
2025-03-25,jip,MAZDA,CX-5,grey,petrol,Johor,2014,SUV - SMALL,2.0,4,AS6,x,8.9,7.3,8.2,34,189
2025-03-25,jip,MAZDA,CX-5,grey,petrol,Johor,2014,SUV - SMALL,2.0,4,M6,x,9.0,6.8,8.0,35,184
2025-03-25,jip,MAZDA,CX-5,grey,petrol,Johor,2014,SUV - SMALL,2.5,4,AS6,x,9.6,7.4,8.6,33,198
2025-03-25,jip,MAZDA,CX-5,red,petrol,Rakan Niaga,2014,SUV - SMALL,2.0,4,AS6,x,8.9,7.3,8.2,34,189
2025-03-25,jip,MAZDA,CX-5,red,petrol,Rakan Niaga,2014,SUV - SMALL,2.0,4,M6,x,9.0,6.8,8.0,35,184
2025-03-25,jip,MAZDA,CX-5,red,petrol,Rakan Niaga,2014,SUV - SMALL,2.5,4,AS6,x,9.6,7.4,8.6,33,198
2025-03-25,jip,MAZDA,CX-5,black,petrol,Rakan Niaga,2014,SUV - SMALL,2.0,4,AS6,x,8.9,7.3,8.2,34,189
2025-03-25,jip,MAZDA,CX-5,black,petrol,Rakan Niaga,2014,SUV - SMALL,2.0,4,M6,x,9.0,6.8,8.0,35,184
2025-03-25,jip,MAZDA,CX-5,black,petrol,Rakan Niaga,2014,SUV - SMALL,2.5,4,AS6,x,9.6,7.4,8.6,33,198
2025-03-25,jip,MAZDA,CX-5,blue,petrol,Pahang,2014,SUV - SMALL,2.0,4,AS6,x,8.9,7.3,8.2,34,189
2025-03-25,jip,MAZDA,CX-5,blue,petrol,Pahang,2014,SUV - SMALL,2.0,4,M6,x,9.0,6.8,8.0,35,184
2025-03-25,jip,MAZDA,CX-5,blue,petrol,Pahang,2014,SUV - SMALL,2.5,4,AS6,x,9.6,7.4,8.6,33,198
2025-03-25,jip,MAZDA,CX-5,gold,petrol,Sabah,2014,SUV - SMALL,2.0,4,AS6,x,8.9,7.3,8.2,34,189
2025-03-25,jip,MAZDA,CX-5,gold,petrol,Sabah,2014,SUV - SMALL,2.0,4,M6,x,9.0,6.8,8.0,35,184
2025-03-25,jip,MAZDA,CX-5,gold,petrol,Sabah,2014,SUV - SMALL,2.5,4,AS6,x,9.6,7.4,8.6,33,198
2025-03-25,motokar,MAZDA,MX-5,grey,petrol,Sarawak,2014,TWO-SEATER,2.0,4,AS6,z,11.5,8.5,10.2,28,235
2025-03-25,motokar,MAZDA,MX-5,grey,petrol,Sarawak,2014,TWO-SEATER,2.0,4,M5,z,10.5,8.5,9.6,29,221
2025-03-25,motokar,MAZDA,MX-5,grey,petrol,Sarawak,2014,TWO-SEATER,2.0,4,M6,z,11.1,8.4,9.9,29,228
2025-03-25,motokar,PORSCHE,911 CARRERA,white,petrol,W.P. Kuala Lumpur,2014,MINICOMPACT,3.4,6,AM7,z,11.6,8.3,10.1,28,232
2025-03-25,motokar,PORSCHE,911 CARRERA,white,petrol,W.P. Kuala Lumpur,2014,MINICOMPACT,3.4,6,M7,z,12.5,8.6,10.7,26,246
2025-03-25,motokar,PORSCHE,911 GT3,blue,petrol,W.P. Kuala Lumpur,2014,TWO-SEATER,3.8,6,AM7,z,16.0,11.5,14.0,20,322
2025-03-25,motokar,PORSCHE,911 TURBO,blue,petrol,W.P. Kuala Lumpur,2014,MINICOMPACT,3.8,6,AM7,z,13.7,9.6,11.9,24,274
2025-03-25,jip,PORSCHE,CAYENNE,grey,petrol,W.P. Kuala Lumpur,2014,SUV - STANDARD,3.6,6,A8,z,13.6,10.1,12.0,24,276
2025-03-25,jip,PORSCHE,CAYENNE,grey,petrol,W.P. Kuala Lumpur,2014,SUV - STANDARD,3.6,6,M6,z,15.8,10.9,13.6,21,313
2025-03-25,jip,PORSCHE,CAYENNE,grey,petrol,Perak,2014,SUV - STANDARD,3.6,6,A8,z,13.6,10.1,12.0,24,276
2025-03-25,jip,PORSCHE,CAYENNE,grey,petrol,Perak,2014,SUV - STANDARD,3.6,6,M6,z,15.8,10.9,13.6,21,313
2025-03-25,jip,PORSCHE,CAYENNE,grey,petrol,Johor,2014,SUV - STANDARD,3.6,6,A8,z,13.6,10.1,12.0,24,276
2025-03-25,jip,PORSCHE,CAYENNE,grey,petrol,Johor,2014,SUV - STANDARD,3.6,6,M6,z,15.8,10.9,13.6,21,313
2025-03-25,jip,PORSCHE,CAYENNE,white,petrol,Rakan Niaga,2014,SUV - STANDARD,3.6,6,A8,z,13.6,10.1,12.0,24,276
2025-03-25,jip,PORSCHE,CAYENNE,white,petrol,Rakan Niaga,2014,SUV - STANDARD,3.6,6,M6,z,15.8,10.9,13.6,21,313
2025-03-25,jip,PORSCHE,CAYENNE,black,petrol,Rakan Niaga,2014,SUV - STANDARD,3.6,6,A8,z,13.6,10.1,12.0,24,276
2025-03-25,jip,PORSCHE,CAYENNE,black,petrol,Rakan Niaga,2014,SUV - STANDARD,3.6,6,M6,z,15.8,10.9,13.6,21,313
2025-03-25,jip,PORSCHE,CAYENNE,white,hybrid_petrol,W.P. Kuala Lumpur,2014,SUV - STANDARD,3.6,6,A8,z,13.6,10.1,12.0,24,276
2025-03-25,jip,PORSCHE,CAYENNE,white,hybrid_petrol,W.P. Kuala Lumpur,2014,SUV - STANDARD,3.6,6,M6,z,15.8,10.9,13.6,21,313
2025-03-25,motokar,PORSCHE,PANAMERA,black,petrol,Johor,2014,FULL-SIZE,3.6,6,AM7,z,12.9,8.4,10.9,26,251
2025-03-25,motokar,TOYOTA,CAMRY,black,petrol,Rakan Niaga,2014,MID-SIZE,2.5,4,AS6,x,9.5,6.6,8.2,34,189
2025-03-25,motokar,TOYOTA,CAMRY,black,petrol,Rakan Niaga,2014,MID-SIZE,3.5,6,AS6,x,11.1,7.8,9.6,29,221
2025-03-25,motokar,TOYOTA,CAMRY,grey,hybrid_petrol,W.P. Kuala Lumpur,2014,MID-SIZE,2.5,4,AS6,x,9.5,6.6,8.2,34,189
2025-03-25,motokar,TOYOTA,CAMRY,grey,hybrid_petrol,W.P. Kuala Lumpur,2014,MID-SIZE,3.5,6,AS6,x,11.1,7.8,9.6,29,221
2025-03-25,motokar,TOYOTA,CAMRY,white,hybrid_petrol,Johor,2014,MID-SIZE,2.5,4,AS6,x,9.5,6.6,8.2,34,189
2025-03-25,motokar,TOYOTA,CAMRY,white,hybrid_petrol,Johor,2014,MID-SIZE,3.5,6,AS6,x,11.1,7.8,9.6,29,221
2025-03-25,motokar,TOYOTA,COROLLA,white,petrol,Kedah,2014,MID-SIZE,1.8,4,A4,x,8.6,6.5,7.7,37,177
2025-03-25,motokar,TOYOTA,COROLLA,white,petrol,Kedah,2014,MID-SIZE,1.8,4,AV7,x,8.1,6.3,7.3,39,168
2025-03-25,motokar,TOYOTA,COROLLA,white,petrol,Kedah,2014,MID-SIZE,1.8,4,AV,x,8.0,5.9,7.1,40,163
2025-03-25,motokar,TOYOTA,COROLLA,white,petrol,Kedah,2014,MID-SIZE,1.8,4,M6,x,8.3,6.3,7.4,38,170
2025-03-25,motokar,TOYOTA,YARIS,red,petrol,Rakan Niaga,2014,COMPACT,1.5,4,A4,x,7.9,6.6,7.3,39,168
2025-03-25,motokar,TOYOTA,YARIS,red,petrol,Rakan Niaga,2014,COMPACT,1.5,4,M5,x,7.8,6.3,7.1,40,163
2025-03-25,motokar,TOYOTA,YARIS,white,petrol,Rakan Niaga,2014,COMPACT,1.5,4,A4,x,7.9,6.6,7.3,39,168
2025-03-25,motokar,TOYOTA,YARIS,white,petrol,Rakan Niaga,2014,COMPACT,1.5,4,M5,x,7.8,6.3,7.1,40,163
2025-03-25,motokar,TOYOTA,YARIS,silver,petrol,Rakan Niaga,2014,COMPACT,1.5,4,A4,x,7.9,6.6,7.3,39,168
2025-03-25,motokar,TOYOTA,YARIS,silver,petrol,Rakan Niaga,2014,COMPACT,1.5,4,M5,x,7.8,6.3,7.1,40,163
2025-03-25,motokar,TOYOTA,YARIS,silver,petrol,W.P. Kuala Lumpur,2014,COMPACT,1.5,4,A4,x,7.9,6.6,7.3,39,168
2025-03-25,motokar,TOYOTA,YARIS,silver,petrol,W.P. Kuala Lumpur,2014,COMPACT,1.5,4,M5,x,7.8,6.3,7.1,40,163
2025-03-25,motokar,TOYOTA,YARIS,red,petrol,Selangor,2014,COMPACT,1.5,4,A4,x,7.9,6.6,7.3,39,168
2025-03-25,motokar,TOYOTA,YARIS,red,petrol,Selangor,2014,COMPACT,1.5,4,M5,x,7.8,6.3,7.1,40,163
2025-03-25,motokar,TOYOTA,YARIS,white,petrol,W.P. Kuala Lumpur,2014,COMPACT,1.5,4,A4,x,7.9,6.6,7.3,39,168
2025-03-25,motokar,TOYOTA,YARIS,white,petrol,W.P. Kuala Lumpur,2014,COMPACT,1.5,4,M5,x,7.8,6.3,7.1,40,163
2025-03-25,motokar,TOYOTA,YARIS,grey,petrol,Rakan Niaga,2014,COMPACT,1.5,4,A4,x,7.9,6.6,7.3,39,168
2025-03-25,motokar,TOYOTA,YARIS,grey,petrol,Rakan Niaga,2014,COMPACT,1.5,4,M5,x,7.8,6.3,7.1,40,163
2025-03-25,jip,VOLKSWAGEN,TIGUAN,black,petrol,Rakan Niaga,2014,SUV - SMALL,2.0,4,A6,z,11.7,9.5,10.7,26,246
2025-03-25,jip,VOLKSWAGEN,TIGUAN,black,petrol,Rakan Niaga,2014,SUV - SMALL,2.0,4,M6,z,13.6,9.2,11.6,24,267
2025-03-25,jip,VOLKSWAGEN,TIGUAN,silver,petrol,Rakan Niaga,2014,SUV - SMALL,2.0,4,A6,z,11.7,9.5,10.7,26,246
2025-03-25,jip,VOLKSWAGEN,TIGUAN,silver,petrol,Rakan Niaga,2014,SUV - SMALL,2.0,4,M6,z,13.6,9.2,11.6,24,267
2025-03-25,jip,VOLKSWAGEN,TIGUAN,black,petrol,Melaka,2014,SUV - SMALL,2.0,4,A6,z,11.7,9.5,10.7,26,246
2025-03-25,jip,VOLKSWAGEN,TIGUAN,black,petrol,Melaka,2014,SUV - SMALL,2.0,4,M6,z,13.6,9.2,11.6,24,267
2025-03-25,jip,VOLKSWAGEN,TIGUAN,black,petrol,W.P. Kuala Lumpur,2014,SUV - SMALL,2.0,4,A6,z,11.7,9.5,10.7,26,246
2025-03-25,jip,VOLKSWAGEN,TIGUAN,black,petrol,W.P. Kuala Lumpur,2014,SUV - SMALL,2.0,4,M6,z,13.6,9.2,11.6,24,267
2025-03-25,jip,VOLKSWAGEN,TIGUAN,grey,petrol,W.P. Kuala Lumpur,2014,SUV - SMALL,2.0,4,A6,z,11.7,9.5,10.7,26,246
2025-03-25,jip,VOLKSWAGEN,TIGUAN,grey,petrol,W.P. Kuala Lumpur,2014,SUV - SMALL,2.0,4,M6,z,13.6,9.2,11.6,24,267
2025-03-25,jip,VOLKSWAGEN,TIGUAN,blue,petrol,Rakan Niaga,2014,SUV - SMALL,2.0,4,A6,z,11.7,9.5,10.7,26,246
2025-03-25,jip,VOLKSWAGEN,TIGUAN,blue,petrol,Rakan Niaga,2014,SUV - SMALL,2.0,4,M6,z,13.6,9.2,11.6,24,267
2025-03-25,jip,VOLVO,XC60,white,hybrid_petrol,Rakan Niaga,2014,SUV - SMALL,3.2,6,AS6,x,13.0,8.9,11.2,25,258
2025-03-25,jip,VOLVO,XC60,white,hybrid_petrol,W.P. Kuala Lumpur,2014,SUV - SMALL,3.2,6,AS6,x,13.0,8.9,11.2,25,258
2025-03-26,jip,AUDI,Q5,black,petrol,W.P. Kuala Lumpur,2014,SUV - SMALL,2.0,4,AS8,z,12.0,8.5,10.4,27,239
2025-03-26,jip,AUDI,Q5,black,petrol,W.P. Kuala Lumpur,2014,SUV - SMALL,3.0,6,AS8,z,12.9,9.2,11.2,25,258
2025-03-26,jip,HONDA,CR-V,blue,petrol,W.P. Kuala Lumpur,2014,SUV - SMALL,2.4,4,A5,x,10.3,7.6,9.1,31,209
2025-03-26,jip,HONDA,CR-V,blue,petrol,Selangor,2014,SUV - SMALL,2.4,4,A5,x,10.3,7.6,9.1,31,209
2025-03-26,jip,HONDA,CR-V,white,petrol,Rakan Niaga,2014,SUV - SMALL,2.4,4,A5,x,10.3,7.6,9.1,31,209
2025-03-26,jip,HONDA,CR-V,grey,petrol,Rakan Niaga,2014,SUV - SMALL,2.4,4,A5,x,10.3,7.6,9.1,31,209
2025-03-26,jip,HONDA,CR-V,blue,petrol,Rakan Niaga,2014,SUV - SMALL,2.4,4,A5,x,10.3,7.6,9.1,31,209
2025-03-26,jip,HONDA,CR-V,blue,hybrid_petrol,Melaka,2014,SUV - SMALL,2.4,4,A5,x,10.3,7.6,9.1,31,209
2025-03-26,jip,HONDA,CR-V,grey,petrol,Sabah,2014,SUV - SMALL,2.4,4,A5,x,10.3,7.6,9.1,31,209
2025-03-26,jip,HONDA,CR-V,blue,hybrid_petrol,Rakan Niaga,2014,SUV - SMALL,2.4,4,A5,x,10.3,7.6,9.1,31,209
2025-03-26,jip,HONDA,CR-V,white,petrol,W.P. Kuala Lumpur,2014,SUV - SMALL,2.4,4,A5,x,10.3,7.6,9.1,31,209
2025-03-26,jip,HONDA,CR-V,red,petrol,Rakan Niaga,2014,SUV - SMALL,2.4,4,A5,x,10.3,7.6,9.1,31,209
2025-03-26,jip,HONDA,CR-V,white,hybrid_petrol,Rakan Niaga,2014,SUV - SMALL,2.4,4,A5,x,10.3,7.6,9.1,31,209
2025-03-26,jip,HONDA,CR-V,blue,petrol,Perak,2014,SUV - SMALL,2.4,4,A5,x,10.3,7.6,9.1,31,209
2025-03-26,jip,HONDA,CR-V,silver,petrol,Johor,2014,SUV - SMALL,2.4,4,A5,x,10.3,7.6,9.1,31,209
2025-03-26,jip,HONDA,CR-V,red,petrol,Kedah,2014,SUV - SMALL,2.4,4,A5,x,10.3,7.6,9.1,31,209
2025-03-26,jip,HONDA,CR-V,grey,petrol,Selangor,2014,SUV - SMALL,2.4,4,A5,x,10.3,7.6,9.1,31,209
2025-03-26,jip,HONDA,CR-V,blue,petrol,Negeri Sembilan,2014,SUV - SMALL,2.4,4,A5,x,10.3,7.6,9.1,31,209
2025-03-26,jip,HONDA,CR-V,white,petrol,Selangor,2014,SUV - SMALL,2.4,4,A5,x,10.3,7.6,9.1,31,209
2025-03-26,jip,HONDA,CR-V,grey,hybrid_petrol,Rakan Niaga,2014,SUV - SMALL,2.4,4,A5,x,10.3,7.6,9.1,31,209
2025-03-26,jip,HONDA,CR-V,blue,petrol,Perlis,2014,SUV - SMALL,2.4,4,A5,x,10.3,7.6,9.1,31,209
2025-03-26,jip,HONDA,CR-V,silver,petrol,Rakan Niaga,2014,SUV - SMALL,2.4,4,A5,x,10.3,7.6,9.1,31,209
2025-03-26,jip,HONDA,CR-V,grey,petrol,W.P. Kuala Lumpur,2014,SUV - SMALL,2.4,4,A5,x,10.3,7.6,9.1,31,209
2025-03-26,motokar,HONDA,CIVIC,black,petrol,Rakan Niaga,2014,COMPACT,1.8,4,AV,x,7.9,6.0,7.0,40,161
2025-03-26,motokar,HONDA,CIVIC,black,petrol,Rakan Niaga,2014,COMPACT,1.8,4,AV7,x,8.1,6.2,7.2,39,166
2025-03-26,motokar,HONDA,CIVIC,black,petrol,Rakan Niaga,2014,COMPACT,1.8,4,M5,x,8.5,6.6,7.6,37,175
2025-03-26,motokar,HONDA,CIVIC,white,petrol,W.P. Kuala Lumpur,2014,COMPACT,1.8,4,AV,x,7.9,6.0,7.0,40,161
2025-03-26,motokar,HONDA,CIVIC,white,petrol,W.P. Kuala Lumpur,2014,COMPACT,1.8,4,AV7,x,8.1,6.2,7.2,39,166
2025-03-26,motokar,HONDA,CIVIC,white,petrol,W.P. Kuala Lumpur,2014,COMPACT,1.8,4,M5,x,8.5,6.6,7.6,37,175
2025-03-26,motokar,HONDA,CIVIC,white,petrol,Johor,2014,COMPACT,1.8,4,AV,x,7.9,6.0,7.0,40,161
2025-03-26,motokar,HONDA,CIVIC,white,petrol,Johor,2014,COMPACT,1.8,4,AV7,x,8.1,6.2,7.2,39,166
2025-03-26,motokar,HONDA,CIVIC,white,petrol,Johor,2014,COMPACT,1.8,4,M5,x,8.5,6.6,7.6,37,175
2025-03-26,motokar,HONDA,CIVIC,black,petrol,W.P. Kuala Lumpur,2014,COMPACT,1.8,4,AV,x,7.9,6.0,7.0,40,161
2025-03-26,motokar,HONDA,CIVIC,black,petrol,W.P. Kuala Lumpur,2014,COMPACT,1.8,4,AV7,x,8.1,6.2,7.2,39,166
2025-03-26,motokar,HONDA,CIVIC,black,petrol,W.P. Kuala Lumpur,2014,COMPACT,1.8,4,M5,x,8.5,6.6,7.6,37,175
2025-03-26,motokar,HONDA,CIVIC,blue,petrol,Selangor,2014,COMPACT,1.8,4,AV,x,7.9,6.0,7.0,40,161
2025-03-26,motokar,HONDA,CIVIC,blue,petrol,Selangor,2014,COMPACT,1.8,4,AV7,x,8.1,6.2,7.2,39,166
2025-03-26,motokar,HONDA,CIVIC,blue,petrol,Selangor,2014,COMPACT,1.8,4,M5,x,8.5,6.6,7.6,37,175
2025-03-26,motokar,HONDA,CIVIC,grey,petrol,Rakan Niaga,2014,COMPACT,1.8,4,AV,x,7.9,6.0,7.0,40,161
2025-03-26,motokar,HONDA,CIVIC,grey,petrol,Rakan Niaga,2014,COMPACT,1.8,4,AV7,x,8.1,6.2,7.2,39,166
2025-03-26,motokar,HONDA,CIVIC,grey,petrol,Rakan Niaga,2014,COMPACT,1.8,4,M5,x,8.5,6.6,7.6,37,175
2025-03-26,motokar,HONDA,CIVIC,red,petrol,Rakan Niaga,2014,COMPACT,1.8,4,AV,x,7.9,6.0,7.0,40,161
2025-03-26,motokar,HONDA,CIVIC,red,petrol,Rakan Niaga,2014,COMPACT,1.8,4,AV7,x,8.1,6.2,7.2,39,166
2025-03-26,motokar,HONDA,CIVIC,red,petrol,Rakan Niaga,2014,COMPACT,1.8,4,M5,x,8.5,6.6,7.6,37,175
2025-03-26,motokar,HONDA,CIVIC,blue,petrol,Rakan Niaga,2014,COMPACT,1.8,4,AV,x,7.9,6.0,7.0,40,161
2025-03-26,motokar,HONDA,CIVIC,blue,petrol,Rakan Niaga,2014,COMPACT,1.8,4,AV7,x,8.1,6.2,7.2,39,166
2025-03-26,motokar,HONDA,CIVIC,blue,petrol,Rakan Niaga,2014,COMPACT,1.8,4,M5,x,8.5,6.6,7.6,37,175
2025-03-26,motokar,HONDA,CIVIC,white,hybrid_petrol,Selangor,2014,COMPACT,1.8,4,AV,x,7.9,6.0,7.0,40,161
2025-03-26,motokar,HONDA,CIVIC,white,hybrid_petrol,Selangor,2014,COMPACT,1.8,4,AV7,x,8.1,6.2,7.2,39,166
2025-03-26,motokar,HONDA,CIVIC,white,hybrid_petrol,Selangor,2014,COMPACT,1.8,4,M5,x,8.5,6.6,7.6,37,175
2025-03-26,motokar,HONDA,CIVIC,white,petrol,Rakan Niaga,2014,COMPACT,1.8,4,AV,x,7.9,6.0,7.0,40,161
2025-03-26,motokar,HONDA,CIVIC,white,petrol,Rakan Niaga,2014,COMPACT,1.8,4,AV7,x,8.1,6.2,7.2,39,166
2025-03-26,motokar,HONDA,CIVIC,white,petrol,Rakan Niaga,2014,COMPACT,1.8,4,M5,x,8.5,6.6,7.6,37,175
2025-03-26,motokar,HONDA,CIVIC,blue,petrol,Kelantan,2014,COMPACT,1.8,4,AV,x,7.9,6.0,7.0,40,161
2025-03-26,motokar,HONDA,CIVIC,blue,petrol,Kelantan,2014,COMPACT,1.8,4,AV7,x,8.1,6.2,7.2,39,166
2025-03-26,motokar,HONDA,CIVIC,blue,petrol,Kelantan,2014,COMPACT,1.8,4,M5,x,8.5,6.6,7.6,37,175
2025-03-26,motokar,HONDA,CIVIC,red,petrol,W.P. Kuala Lumpur,2014,COMPACT,1.8,4,AV,x,7.9,6.0,7.0,40,161
2025-03-26,motokar,HONDA,CIVIC,red,petrol,W.P. Kuala Lumpur,2014,COMPACT,1.8,4,AV7,x,8.1,6.2,7.2,39,166
2025-03-26,motokar,HONDA,CIVIC,red,petrol,W.P. Kuala Lumpur,2014,COMPACT,1.8,4,M5,x,8.5,6.6,7.6,37,175
2025-03-26,motokar,HONDA,CIVIC,grey,petrol,Johor,2014,COMPACT,1.8,4,AV,x,7.9,6.0,7.0,40,161
2025-03-26,motokar,HONDA,CIVIC,grey,petrol,Johor,2014,COMPACT,1.8,4,AV7,x,8.1,6.2,7.2,39,166
2025-03-26,motokar,HONDA,CIVIC,grey,petrol,Johor,2014,COMPACT,1.8,4,M5,x,8.5,6.6,7.6,37,175
2025-03-26,motokar,HONDA,CIVIC,red,petrol,Sarawak,2014,COMPACT,1.8,4,AV,x,7.9,6.0,7.0,40,161
2025-03-26,motokar,HONDA,CIVIC,red,petrol,Sarawak,2014,COMPACT,1.8,4,AV7,x,8.1,6.2,7.2,39,166
2025-03-26,motokar,HONDA,CIVIC,red,petrol,Sarawak,2014,COMPACT,1.8,4,M5,x,8.5,6.6,7.6,37,175
2025-03-26,motokar,HONDA,CIVIC,grey,hybrid_petrol,Rakan Niaga,2014,COMPACT,1.8,4,AV,x,7.9,6.0,7.0,40,161
2025-03-26,motokar,HONDA,CIVIC,grey,hybrid_petrol,Rakan Niaga,2014,COMPACT,1.8,4,AV7,x,8.1,6.2,7.2,39,166
2025-03-26,motokar,HONDA,CIVIC,grey,hybrid_petrol,Rakan Niaga,2014,COMPACT,1.8,4,M5,x,8.5,6.6,7.6,37,175
2025-03-26,motokar,HONDA,CIVIC,white,petrol,Selangor,2014,COMPACT,1.8,4,AV,x,7.9,6.0,7.0,40,161
2025-03-26,motokar,HONDA,CIVIC,white,petrol,Selangor,2014,COMPACT,1.8,4,AV7,x,8.1,6.2,7.2,39,166
2025-03-26,motokar,HONDA,CIVIC,white,petrol,Selangor,2014,COMPACT,1.8,4,M5,x,8.5,6.6,7.6,37,175
2025-03-26,motokar,HONDA,CIVIC,white,hybrid_petrol,Rakan Niaga,2014,COMPACT,1.8,4,AV,x,7.9,6.0,7.0,40,161
2025-03-26,motokar,HONDA,CIVIC,white,hybrid_petrol,Rakan Niaga,2014,COMPACT,1.8,4,AV7,x,8.1,6.2,7.2,39,166
2025-03-26,motokar,HONDA,CIVIC,white,hybrid_petrol,Rakan Niaga,2014,COMPACT,1.8,4,M5,x,8.5,6.6,7.6,37,175
2025-03-26,motokar,HONDA,CIVIC,blue,petrol,W.P. Kuala Lumpur,2014,COMPACT,1.8,4,AV,x,7.9,6.0,7.0,40,161
2025-03-26,motokar,HONDA,CIVIC,blue,petrol,W.P. Kuala Lumpur,2014,COMPACT,1.8,4,AV7,x,8.1,6.2,7.2,39,166
2025-03-26,motokar,HONDA,CIVIC,blue,petrol,W.P. Kuala Lumpur,2014,COMPACT,1.8,4,M5,x,8.5,6.6,7.6,37,175
2025-03-26,motokar,HONDA,CIVIC,white,petrol,Sarawak,2014,COMPACT,1.8,4,AV,x,7.9,6.0,7.0,40,161
2025-03-26,motokar,HONDA,CIVIC,white,petrol,Sarawak,2014,COMPACT,1.8,4,AV7,x,8.1,6.2,7.2,39,166
2025-03-26,motokar,HONDA,CIVIC,white,petrol,Sarawak,2014,COMPACT,1.8,4,M5,x,8.5,6.6,7.6,37,175
2025-03-26,motokar,HONDA,CIVIC,grey,petrol,Selangor,2014,COMPACT,1.8,4,AV,x,7.9,6.0,7.0,40,161
2025-03-26,motokar,HONDA,CIVIC,grey,petrol,Selangor,2014,COMPACT,1.8,4,AV7,x,8.1,6.2,7.2,39,166
2025-03-26,motokar,HONDA,CIVIC,grey,petrol,Selangor,2014,COMPACT,1.8,4,M5,x,8.5,6.6,7.6,37,175
2025-03-26,motokar,HONDA,CIVIC,blue,petrol,Kedah,2014,COMPACT,1.8,4,AV,x,7.9,6.0,7.0,40,161
2025-03-26,motokar,HONDA,CIVIC,blue,petrol,Kedah,2014,COMPACT,1.8,4,AV7,x,8.1,6.2,7.2,39,166
2025-03-26,motokar,HONDA,CIVIC,blue,petrol,Kedah,2014,COMPACT,1.8,4,M5,x,8.5,6.6,7.6,37,175
2025-03-26,motokar,HONDA,CIVIC,white,petrol,Pulau Pinang,2014,COMPACT,1.8,4,AV,x,7.9,6.0,7.0,40,161
2025-03-26,motokar,HONDA,CIVIC,white,petrol,Pulau Pinang,2014,COMPACT,1.8,4,AV7,x,8.1,6.2,7.2,39,166
2025-03-26,motokar,HONDA,CIVIC,white,petrol,Pulau Pinang,2014,COMPACT,1.8,4,M5,x,8.5,6.6,7.6,37,175
2025-03-26,motokar,HONDA,CIVIC,black,petrol,Negeri Sembilan,2014,COMPACT,1.8,4,AV,x,7.9,6.0,7.0,40,161
2025-03-26,motokar,HONDA,CIVIC,black,petrol,Negeri Sembilan,2014,COMPACT,1.8,4,AV7,x,8.1,6.2,7.2,39,166
2025-03-26,motokar,HONDA,CIVIC,black,petrol,Negeri Sembilan,2014,COMPACT,1.8,4,M5,x,8.5,6.6,7.6,37,175
2025-03-26,motokar,HONDA,CIVIC,white,petrol,Kelantan,2014,COMPACT,1.8,4,AV,x,7.9,6.0,7.0,40,161
2025-03-26,motokar,HONDA,CIVIC,white,petrol,Kelantan,2014,COMPACT,1.8,4,AV7,x,8.1,6.2,7.2,39,166
2025-03-26,motokar,HONDA,CIVIC,white,petrol,Kelantan,2014,COMPACT,1.8,4,M5,x,8.5,6.6,7.6,37,175
2025-03-26,motokar,HONDA,FIT,white,petrol,W.P. Kuala Lumpur,2014,STATION WAGON - SMALL,1.5,4,A5,x,8.3,6.5,7.5,38,172
2025-03-26,motokar,HONDA,FIT,white,petrol,W.P. Kuala Lumpur,2014,STATION WAGON - SMALL,1.5,4,M5,x,8.3,6.9,7.7,37,177
2025-03-26,motokar,HONDA,FIT,white,petrol,Kelantan,2014,STATION WAGON - SMALL,1.5,4,A5,x,8.3,6.5,7.5,38,172
2025-03-26,motokar,HONDA,FIT,white,petrol,Kelantan,2014,STATION WAGON - SMALL,1.5,4,M5,x,8.3,6.9,7.7,37,177
2025-03-26,window_van,HONDA,ODYSSEY,white,petrol,Rakan Niaga,2014,MINIVAN,3.5,6,A6,x,12.3,8.5,10.6,27,244
2025-03-26,window_van,HONDA,ODYSSEY,blue,petrol,Rakan Niaga,2014,MINIVAN,3.5,6,A6,x,12.3,8.5,10.6,27,244
2025-03-26,window_van,HONDA,ODYSSEY,black,petrol,Rakan Niaga,2014,MINIVAN,3.5,6,A6,x,12.3,8.5,10.6,27,244
2025-03-26,window_van,HONDA,ODYSSEY,black,petrol,W.P. Kuala Lumpur,2014,MINIVAN,3.5,6,A6,x,12.3,8.5,10.6,27,244
2025-03-26,jip,MAZDA,CX-5,gold,petrol,Rakan Niaga,2014,SUV - SMALL,2.0,4,AS6,x,8.9,7.3,8.2,34,189
2025-03-26,jip,MAZDA,CX-5,gold,petrol,Rakan Niaga,2014,SUV - SMALL,2.0,4,M6,x,9.0,6.8,8.0,35,184
2025-03-26,jip,MAZDA,CX-5,gold,petrol,Rakan Niaga,2014,SUV - SMALL,2.5,4,AS6,x,9.6,7.4,8.6,33,198
2025-03-26,jip,MAZDA,CX-5,grey,petrol,Rakan Niaga,2014,SUV - SMALL,2.0,4,AS6,x,8.9,7.3,8.2,34,189
2025-03-26,jip,MAZDA,CX-5,grey,petrol,Rakan Niaga,2014,SUV - SMALL,2.0,4,M6,x,9.0,6.8,8.0,35,184
2025-03-26,jip,MAZDA,CX-5,grey,petrol,Rakan Niaga,2014,SUV - SMALL,2.5,4,AS6,x,9.6,7.4,8.6,33,198
2025-03-26,jip,MAZDA,CX-5,white,petrol,Rakan Niaga,2014,SUV - SMALL,2.0,4,AS6,x,8.9,7.3,8.2,34,189
2025-03-26,jip,MAZDA,CX-5,white,petrol,Rakan Niaga,2014,SUV - SMALL,2.0,4,M6,x,9.0,6.8,8.0,35,184
2025-03-26,jip,MAZDA,CX-5,white,petrol,Rakan Niaga,2014,SUV - SMALL,2.5,4,AS6,x,9.6,7.4,8.6,33,198
2025-03-26,jip,MAZDA,CX-5,blue,petrol,Johor,2014,SUV - SMALL,2.0,4,AS6,x,8.9,7.3,8.2,34,189
2025-03-26,jip,MAZDA,CX-5,blue,petrol,Johor,2014,SUV - SMALL,2.0,4,M6,x,9.0,6.8,8.0,35,184
2025-03-26,jip,MAZDA,CX-5,blue,petrol,Johor,2014,SUV - SMALL,2.5,4,AS6,x,9.6,7.4,8.6,33,198
2025-03-26,jip,MAZDA,CX-5,red,petrol,Rakan Niaga,2014,SUV - SMALL,2.0,4,AS6,x,8.9,7.3,8.2,34,189
2025-03-26,jip,MAZDA,CX-5,red,petrol,Rakan Niaga,2014,SUV - SMALL,2.0,4,M6,x,9.0,6.8,8.0,35,184
2025-03-26,jip,MAZDA,CX-5,red,petrol,Rakan Niaga,2014,SUV - SMALL,2.5,4,AS6,x,9.6,7.4,8.6,33,198
2025-03-26,jip,MAZDA,CX-5,blue,petrol,Rakan Niaga,2014,SUV - SMALL,2.0,4,AS6,x,8.9,7.3,8.2,34,189
2025-03-26,jip,MAZDA,CX-5,blue,petrol,Rakan Niaga,2014,SUV - SMALL,2.0,4,M6,x,9.0,6.8,8.0,35,184
2025-03-26,jip,MAZDA,CX-5,blue,petrol,Rakan Niaga,2014,SUV - SMALL,2.5,4,AS6,x,9.6,7.4,8.6,33,198
2025-03-26,jip,MAZDA,CX-5,black,petrol,Rakan Niaga,2014,SUV - SMALL,2.0,4,AS6,x,8.9,7.3,8.2,34,189
2025-03-26,jip,MAZDA,CX-5,black,petrol,Rakan Niaga,2014,SUV - SMALL,2.0,4,M6,x,9.0,6.8,8.0,35,184
2025-03-26,jip,MAZDA,CX-5,black,petrol,Rakan Niaga,2014,SUV - SMALL,2.5,4,AS6,x,9.6,7.4,8.6,33,198
2025-03-26,motokar,MAZDA,MX-5,white,petrol,Selangor,2014,TWO-SEATER,2.0,4,AS6,z,11.5,8.5,10.2,28,235
2025-03-26,motokar,MAZDA,MX-5,white,petrol,Selangor,2014,TWO-SEATER,2.0,4,M5,z,10.5,8.5,9.6,29,221
2025-03-26,motokar,MAZDA,MX-5,white,petrol,Selangor,2014,TWO-SEATER,2.0,4,M6,z,11.1,8.4,9.9,29,228
2025-03-26,motokar,MAZDA,MX-5,black,petrol,W.P. Kuala Lumpur,2014,TWO-SEATER,2.0,4,AS6,z,11.5,8.5,10.2,28,235
2025-03-26,motokar,MAZDA,MX-5,black,petrol,W.P. Kuala Lumpur,2014,TWO-SEATER,2.0,4,M5,z,10.5,8.5,9.6,29,221
2025-03-26,motokar,MAZDA,MX-5,black,petrol,W.P. Kuala Lumpur,2014,TWO-SEATER,2.0,4,M6,z,11.1,8.4,9.9,29,228
2025-03-26,motokar,PORSCHE,911 CARRERA,black,petrol,W.P. Kuala Lumpur,2014,MINICOMPACT,3.4,6,AM7,z,11.6,8.3,10.1,28,232
2025-03-26,motokar,PORSCHE,911 CARRERA,black,petrol,W.P. Kuala Lumpur,2014,MINICOMPACT,3.4,6,M7,z,12.5,8.6,10.7,26,246
2025-03-26,motokar,PORSCHE,911 CARRERA,yellow,petrol,Rakan Niaga,2014,MINICOMPACT,3.4,6,AM7,z,11.6,8.3,10.1,28,232
2025-03-26,motokar,PORSCHE,911 CARRERA,yellow,petrol,Rakan Niaga,2014,MINICOMPACT,3.4,6,M7,z,12.5,8.6,10.7,26,246
2025-03-26,motokar,PORSCHE,911 CARRERA,grey,petrol,Kedah,2014,MINICOMPACT,3.4,6,AM7,z,11.6,8.3,10.1,28,232
2025-03-26,motokar,PORSCHE,911 CARRERA,grey,petrol,Kedah,2014,MINICOMPACT,3.4,6,M7,z,12.5,8.6,10.7,26,246
2025-03-26,jip,PORSCHE,CAYENNE,black,petrol,Rakan Niaga,2014,SUV - STANDARD,3.6,6,A8,z,13.6,10.1,12.0,24,276
2025-03-26,jip,PORSCHE,CAYENNE,black,petrol,Rakan Niaga,2014,SUV - STANDARD,3.6,6,M6,z,15.8,10.9,13.6,21,313
2025-03-26,jip,PORSCHE,CAYENNE,white,petrol,W.P. Kuala Lumpur,2014,SUV - STANDARD,3.6,6,A8,z,13.6,10.1,12.0,24,276
2025-03-26,jip,PORSCHE,CAYENNE,white,petrol,W.P. Kuala Lumpur,2014,SUV - STANDARD,3.6,6,M6,z,15.8,10.9,13.6,21,313
2025-03-26,jip,PORSCHE,CAYENNE,white,petrol,Rakan Niaga,2014,SUV - STANDARD,3.6,6,A8,z,13.6,10.1,12.0,24,276
2025-03-26,jip,PORSCHE,CAYENNE,white,petrol,Rakan Niaga,2014,SUV - STANDARD,3.6,6,M6,z,15.8,10.9,13.6,21,313
2025-03-26,jip,PORSCHE,CAYENNE,white,petrol,Selangor,2014,SUV - STANDARD,3.6,6,A8,z,13.6,10.1,12.0,24,276
2025-03-26,jip,PORSCHE,CAYENNE,white,petrol,Selangor,2014,SUV - STANDARD,3.6,6,M6,z,15.8,10.9,13.6,21,313
2025-03-26,jip,PORSCHE,CAYENNE,black,petrol,Pahang,2014,SUV - STANDARD,3.6,6,A8,z,13.6,10.1,12.0,24,276
2025-03-26,jip,PORSCHE,CAYENNE,black,petrol,Pahang,2014,SUV - STANDARD,3.6,6,M6,z,15.8,10.9,13.6,21,313
2025-03-26,jip,PORSCHE,CAYENNE,blue,petrol,Rakan Niaga,2014,SUV - STANDARD,3.6,6,A8,z,13.6,10.1,12.0,24,276
2025-03-26,jip,PORSCHE,CAYENNE,blue,petrol,Rakan Niaga,2014,SUV - STANDARD,3.6,6,M6,z,15.8,10.9,13.6,21,313
2025-03-26,motokar,TOYOTA,CAMRY,white,petrol,Rakan Niaga,2014,MID-SIZE,2.5,4,AS6,x,9.5,6.6,8.2,34,189
2025-03-26,motokar,TOYOTA,CAMRY,white,petrol,Rakan Niaga,2014,MID-SIZE,3.5,6,AS6,x,11.1,7.8,9.6,29,221
2025-03-26,motokar,TOYOTA,CAMRY,silver,hybrid_petrol,Pulau Pinang,2014,MID-SIZE,2.5,4,AS6,x,9.5,6.6,8.2,34,189
2025-03-26,motokar,TOYOTA,CAMRY,silver,hybrid_petrol,Pulau Pinang,2014,MID-SIZE,3.5,6,AS6,x,11.1,7.8,9.6,29,221
2025-03-26,motokar,TOYOTA,CAMRY,black,hybrid_petrol,Rakan Niaga,2014,MID-SIZE,2.5,4,AS6,x,9.5,6.6,8.2,34,189
2025-03-26,motokar,TOYOTA,CAMRY,black,hybrid_petrol,Rakan Niaga,2014,MID-SIZE,3.5,6,AS6,x,11.1,7.8,9.6,29,221
2025-03-26,motokar,TOYOTA,CAMRY,black,petrol,Rakan Niaga,2014,MID-SIZE,2.5,4,AS6,x,9.5,6.6,8.2,34,189
2025-03-26,motokar,TOYOTA,CAMRY,black,petrol,Rakan Niaga,2014,MID-SIZE,3.5,6,AS6,x,11.1,7.8,9.6,29,221
2025-03-26,motokar,TOYOTA,CAMRY,grey,petrol,Selangor,2014,MID-SIZE,2.5,4,AS6,x,9.5,6.6,8.2,34,189
2025-03-26,motokar,TOYOTA,CAMRY,grey,petrol,Selangor,2014,MID-SIZE,3.5,6,AS6,x,11.1,7.8,9.6,29,221
2025-03-26,motokar,TOYOTA,CAMRY,grey,petrol,Rakan Niaga,2014,MID-SIZE,2.5,4,AS6,x,9.5,6.6,8.2,34,189
2025-03-26,motokar,TOYOTA,CAMRY,grey,petrol,Rakan Niaga,2014,MID-SIZE,3.5,6,AS6,x,11.1,7.8,9.6,29,221
2025-03-26,jip,TOYOTA,RAV4,white,petrol,W.P. Kuala Lumpur,2014,SUV - SMALL,2.5,4,AS6,x,10.0,7.6,8.9,32,205
2025-03-26,jip,TOYOTA,RAV4,green,petrol,Rakan Niaga,2014,SUV - SMALL,2.5,4,AS6,x,10.0,7.6,8.9,32,205
2025-03-26,motokar,TOYOTA,YARIS,white,petrol,Rakan Niaga,2014,COMPACT,1.5,4,A4,x,7.9,6.6,7.3,39,168
2025-03-26,motokar,TOYOTA,YARIS,white,petrol,Rakan Niaga,2014,COMPACT,1.5,4,M5,x,7.8,6.3,7.1,40,163
2025-03-26,motokar,TOYOTA,YARIS,red,petrol,Rakan Niaga,2014,COMPACT,1.5,4,A4,x,7.9,6.6,7.3,39,168
2025-03-26,motokar,TOYOTA,YARIS,red,petrol,Rakan Niaga,2014,COMPACT,1.5,4,M5,x,7.8,6.3,7.1,40,163
2025-03-26,motokar,TOYOTA,YARIS,red,petrol,Kedah,2014,COMPACT,1.5,4,A4,x,7.9,6.6,7.3,39,168
2025-03-26,motokar,TOYOTA,YARIS,red,petrol,Kedah,2014,COMPACT,1.5,4,M5,x,7.8,6.3,7.1,40,163
2025-03-26,motokar,TOYOTA,YARIS,white,petrol,Negeri Sembilan,2014,COMPACT,1.5,4,A4,x,7.9,6.6,7.3,39,168
2025-03-26,motokar,TOYOTA,YARIS,white,petrol,Negeri Sembilan,2014,COMPACT,1.5,4,M5,x,7.8,6.3,7.1,40,163
2025-03-26,motokar,TOYOTA,YARIS,silver,petrol,Rakan Niaga,2014,COMPACT,1.5,4,A4,x,7.9,6.6,7.3,39,168
2025-03-26,motokar,TOYOTA,YARIS,silver,petrol,Rakan Niaga,2014,COMPACT,1.5,4,M5,x,7.8,6.3,7.1,40,163
2025-03-26,motokar,TOYOTA,YARIS,silver,petrol,W.P. Kuala Lumpur,2014,COMPACT,1.5,4,A4,x,7.9,6.6,7.3,39,168
2025-03-26,motokar,TOYOTA,YARIS,silver,petrol,W.P. Kuala Lumpur,2014,COMPACT,1.5,4,M5,x,7.8,6.3,7.1,40,163
2025-03-26,motokar,TOYOTA,YARIS,silver,petrol,Selangor,2014,COMPACT,1.5,4,A4,x,7.9,6.6,7.3,39,168
2025-03-26,motokar,TOYOTA,YARIS,silver,petrol,Selangor,2014,COMPACT,1.5,4,M5,x,7.8,6.3,7.1,40,163
2025-03-26,motokar,TOYOTA,YARIS,red,petrol,Selangor,2014,COMPACT,1.5,4,A4,x,7.9,6.6,7.3,39,168
2025-03-26,motokar,TOYOTA,YARIS,red,petrol,Selangor,2014,COMPACT,1.5,4,M5,x,7.8,6.3,7.1,40,163
2025-03-26,jip,VOLKSWAGEN,TIGUAN,white,petrol,Melaka,2014,SUV - SMALL,2.0,4,A6,z,11.7,9.5,10.7,26,246
2025-03-26,jip,VOLKSWAGEN,TIGUAN,white,petrol,Melaka,2014,SUV - SMALL,2.0,4,M6,z,13.6,9.2,11.6,24,267
2025-03-26,jip,VOLKSWAGEN,TIGUAN,black,petrol,Rakan Niaga,2014,SUV - SMALL,2.0,4,A6,z,11.7,9.5,10.7,26,246
2025-03-26,jip,VOLKSWAGEN,TIGUAN,black,petrol,Rakan Niaga,2014,SUV - SMALL,2.0,4,M6,z,13.6,9.2,11.6,24,267
2025-03-26,jip,VOLKSWAGEN,TIGUAN,blue,petrol,Rakan Niaga,2014,SUV - SMALL,2.0,4,A6,z,11.7,9.5,10.7,26,246
2025-03-26,jip,VOLKSWAGEN,TIGUAN,blue,petrol,Rakan Niaga,2014,SUV - SMALL,2.0,4,M6,z,13.6,9.2,11.6,24,267
2025-03-26,jip,VOLKSWAGEN,TIGUAN,grey,petrol,Perlis,2014,SUV - SMALL,2.0,4,A6,z,11.7,9.5,10.7,26,246
2025-03-26,jip,VOLKSWAGEN,TIGUAN,grey,petrol,Perlis,2014,SUV - SMALL,2.0,4,M6,z,13.6,9.2,11.6,24,267
2025-03-26,jip,VOLKSWAGEN,TIGUAN,white,petrol,Rakan Niaga,2014,SUV - SMALL,2.0,4,A6,z,11.7,9.5,10.7,26,246
2025-03-26,jip,VOLKSWAGEN,TIGUAN,white,petrol,Rakan Niaga,2014,SUV - SMALL,2.0,4,M6,z,13.6,9.2,11.6,24,267
2025-03-26,jip,VOLKSWAGEN,TOUAREG,grey,petrol,Selangor,2014,SUV - STANDARD,3.6,6,AS8,z,13.8,10.3,12.2,23,281
2025-03-26,jip,VOLKSWAGEN,TOUAREG,silver,petrol,Selangor,2014,SUV - STANDARD,3.6,6,AS8,z,13.8,10.3,12.2,23,281
2025-03-26,jip,VOLVO,XC60,grey,hybrid_petrol,Rakan Niaga,2014,SUV - SMALL,3.2,6,AS6,x,13.0,8.9,11.2,25,258
2025-03-26,jip,VOLVO,XC60,white,hybrid_petrol,Rakan Niaga,2014,SUV - SMALL,3.2,6,AS6,x,13.0,8.9,11.2,25,258
2025-03-26,jip,VOLVO,XC60,black,hybrid_petrol,Rakan Niaga,2014,SUV - SMALL,3.2,6,AS6,x,13.0,8.9,11.2,25,258
2025-03-26,jip,VOLVO,XC60,blue,hybrid_petrol,Rakan Niaga,2014,SUV - SMALL,3.2,6,AS6,x,13.0,8.9,11.2,25,258
2025-03-27,jip,HONDA,CR-V,blue,petrol,Rakan Niaga,2014,SUV - SMALL,2.4,4,A5,x,10.3,7.6,9.1,31,209
2025-03-27,jip,HONDA,CR-V,white,petrol,Rakan Niaga,2014,SUV - SMALL,2.4,4,A5,x,10.3,7.6,9.1,31,209
2025-03-27,jip,HONDA,CR-V,blue,hybrid_petrol,Rakan Niaga,2014,SUV - SMALL,2.4,4,A5,x,10.3,7.6,9.1,31,209
2025-03-27,jip,HONDA,CR-V,grey,petrol,Rakan Niaga,2014,SUV - SMALL,2.4,4,A5,x,10.3,7.6,9.1,31,209
2025-03-27,jip,HONDA,CR-V,red,petrol,Rakan Niaga,2014,SUV - SMALL,2.4,4,A5,x,10.3,7.6,9.1,31,209
2025-03-27,jip,HONDA,CR-V,grey,hybrid_petrol,Rakan Niaga,2014,SUV - SMALL,2.4,4,A5,x,10.3,7.6,9.1,31,209
2025-03-27,jip,HONDA,CR-V,blue,petrol,W.P. Kuala Lumpur,2014,SUV - SMALL,2.4,4,A5,x,10.3,7.6,9.1,31,209
2025-03-27,jip,HONDA,CR-V,blue,petrol,Kedah,2014,SUV - SMALL,2.4,4,A5,x,10.3,7.6,9.1,31,209
2025-03-27,jip,HONDA,CR-V,blue,hybrid_petrol,Perak,2014,SUV - SMALL,2.4,4,A5,x,10.3,7.6,9.1,31,209
2025-03-27,jip,HONDA,CR-V,white,petrol,Selangor,2014,SUV - SMALL,2.4,4,A5,x,10.3,7.6,9.1,31,209
2025-03-27,jip,HONDA,CR-V,red,petrol,Kelantan,2014,SUV - SMALL,2.4,4,A5,x,10.3,7.6,9.1,31,209
2025-03-27,jip,HONDA,CR-V,grey,petrol,Melaka,2014,SUV - SMALL,2.4,4,A5,x,10.3,7.6,9.1,31,209
2025-03-27,jip,HONDA,CR-V,silver,petrol,Rakan Niaga,2014,SUV - SMALL,2.4,4,A5,x,10.3,7.6,9.1,31,209
2025-03-27,jip,HONDA,CR-V,white,hybrid_petrol,Pahang,2014,SUV - SMALL,2.4,4,A5,x,10.3,7.6,9.1,31,209
2025-03-27,jip,HONDA,CR-V,red,hybrid_petrol,Rakan Niaga,2014,SUV - SMALL,2.4,4,A5,x,10.3,7.6,9.1,31,209
2025-03-27,jip,HONDA,CR-V,grey,hybrid_petrol,W.P. Kuala Lumpur,2014,SUV - SMALL,2.4,4,A5,x,10.3,7.6,9.1,31,209
2025-03-27,jip,HONDA,CR-V,blue,hybrid_petrol,W.P. Kuala Lumpur,2014,SUV - SMALL,2.4,4,A5,x,10.3,7.6,9.1,31,209
2025-03-27,jip,HONDA,CR-V,white,hybrid_petrol,Selangor,2014,SUV - SMALL,2.4,4,A5,x,10.3,7.6,9.1,31,209
2025-03-27,jip,HONDA,CR-V,silver,petrol,Pahang,2014,SUV - SMALL,2.4,4,A5,x,10.3,7.6,9.1,31,209
2025-03-27,jip,HONDA,CR-V,red,petrol,W.P. Kuala Lumpur,2014,SUV - SMALL,2.4,4,A5,x,10.3,7.6,9.1,31,209
2025-03-27,jip,HONDA,CR-V,grey,petrol,Sarawak,2014,SUV - SMALL,2.4,4,A5,x,10.3,7.6,9.1,31,209
2025-03-27,jip,HONDA,CR-V,blue,petrol,Pahang,2014,SUV - SMALL,2.4,4,A5,x,10.3,7.6,9.1,31,209
2025-03-27,jip,HONDA,CR-V,grey,petrol,Johor,2014,SUV - SMALL,2.4,4,A5,x,10.3,7.6,9.1,31,209
2025-03-27,jip,HONDA,CR-V,red,hybrid_petrol,Sabah,2014,SUV - SMALL,2.4,4,A5,x,10.3,7.6,9.1,31,209
2025-03-27,jip,HONDA,CR-V,blue,hybrid_petrol,Sabah,2014,SUV - SMALL,2.4,4,A5,x,10.3,7.6,9.1,31,209
2025-03-27,jip,HONDA,CR-V,blue,petrol,Melaka,2014,SUV - SMALL,2.4,4,A5,x,10.3,7.6,9.1,31,209
2025-03-27,jip,HONDA,CR-V,white,hybrid_petrol,Rakan Niaga,2014,SUV - SMALL,2.4,4,A5,x,10.3,7.6,9.1,31,209
2025-03-27,jip,HONDA,CR-V,blue,petrol,Perak,2014,SUV - SMALL,2.4,4,A5,x,10.3,7.6,9.1,31,209
2025-03-27,jip,HONDA,CR-V,red,petrol,Perak,2014,SUV - SMALL,2.4,4,A5,x,10.3,7.6,9.1,31,209
2025-03-27,jip,HONDA,CR-V,grey,petrol,Pulau Pinang,2014,SUV - SMALL,2.4,4,A5,x,10.3,7.6,9.1,31,209
2025-03-27,motokar,HONDA,CIVIC,red,petrol,Rakan Niaga,2014,COMPACT,1.8,4,AV,x,7.9,6.0,7.0,40,161
2025-03-27,motokar,HONDA,CIVIC,red,petrol,Rakan Niaga,2014,COMPACT,1.8,4,AV7,x,8.1,6.2,7.2,39,166
2025-03-27,motokar,HONDA,CIVIC,red,petrol,Rakan Niaga,2014,COMPACT,1.8,4,M5,x,8.5,6.6,7.6,37,175
2025-03-27,motokar,HONDA,CIVIC,grey,petrol,Rakan Niaga,2014,COMPACT,1.8,4,AV,x,7.9,6.0,7.0,40,161
2025-03-27,motokar,HONDA,CIVIC,grey,petrol,Rakan Niaga,2014,COMPACT,1.8,4,AV7,x,8.1,6.2,7.2,39,166
2025-03-27,motokar,HONDA,CIVIC,grey,petrol,Rakan Niaga,2014,COMPACT,1.8,4,M5,x,8.5,6.6,7.6,37,175
2025-03-27,motokar,HONDA,CIVIC,white,petrol,Kedah,2014,COMPACT,1.8,4,AV,x,7.9,6.0,7.0,40,161
2025-03-27,motokar,HONDA,CIVIC,white,petrol,Kedah,2014,COMPACT,1.8,4,AV7,x,8.1,6.2,7.2,39,166
2025-03-27,motokar,HONDA,CIVIC,white,petrol,Kedah,2014,COMPACT,1.8,4,M5,x,8.5,6.6,7.6,37,175
2025-03-27,motokar,HONDA,CIVIC,blue,petrol,Rakan Niaga,2014,COMPACT,1.8,4,AV,x,7.9,6.0,7.0,40,161
2025-03-27,motokar,HONDA,CIVIC,blue,petrol,Rakan Niaga,2014,COMPACT,1.8,4,AV7,x,8.1,6.2,7.2,39,166
2025-03-27,motokar,HONDA,CIVIC,blue,petrol,Rakan Niaga,2014,COMPACT,1.8,4,M5,x,8.5,6.6,7.6,37,175
2025-03-27,motokar,HONDA,CIVIC,black,petrol,Rakan Niaga,2014,COMPACT,1.8,4,AV,x,7.9,6.0,7.0,40,161
2025-03-27,motokar,HONDA,CIVIC,black,petrol,Rakan Niaga,2014,COMPACT,1.8,4,AV7,x,8.1,6.2,7.2,39,166
2025-03-27,motokar,HONDA,CIVIC,black,petrol,Rakan Niaga,2014,COMPACT,1.8,4,M5,x,8.5,6.6,7.6,37,175
2025-03-27,motokar,HONDA,CIVIC,white,petrol,Rakan Niaga,2014,COMPACT,1.8,4,AV,x,7.9,6.0,7.0,40,161
2025-03-27,motokar,HONDA,CIVIC,white,petrol,Rakan Niaga,2014,COMPACT,1.8,4,AV7,x,8.1,6.2,7.2,39,166
2025-03-27,motokar,HONDA,CIVIC,white,petrol,Rakan Niaga,2014,COMPACT,1.8,4,M5,x,8.5,6.6,7.6,37,175
2025-03-27,motokar,HONDA,CIVIC,grey,petrol,W.P. Kuala Lumpur,2014,COMPACT,1.8,4,AV,x,7.9,6.0,7.0,40,161
2025-03-27,motokar,HONDA,CIVIC,grey,petrol,W.P. Kuala Lumpur,2014,COMPACT,1.8,4,AV7,x,8.1,6.2,7.2,39,166
2025-03-27,motokar,HONDA,CIVIC,grey,petrol,W.P. Kuala Lumpur,2014,COMPACT,1.8,4,M5,x,8.5,6.6,7.6,37,175
2025-03-27,motokar,HONDA,CIVIC,grey,petrol,Johor,2014,COMPACT,1.8,4,AV,x,7.9,6.0,7.0,40,161
2025-03-27,motokar,HONDA,CIVIC,grey,petrol,Johor,2014,COMPACT,1.8,4,AV7,x,8.1,6.2,7.2,39,166
2025-03-27,motokar,HONDA,CIVIC,grey,petrol,Johor,2014,COMPACT,1.8,4,M5,x,8.5,6.6,7.6,37,175
2025-03-27,motokar,HONDA,CIVIC,white,petrol,Selangor,2014,COMPACT,1.8,4,AV,x,7.9,6.0,7.0,40,161
2025-03-27,motokar,HONDA,CIVIC,white,petrol,Selangor,2014,COMPACT,1.8,4,AV7,x,8.1,6.2,7.2,39,166
2025-03-27,motokar,HONDA,CIVIC,white,petrol,Selangor,2014,COMPACT,1.8,4,M5,x,8.5,6.6,7.6,37,175
2025-03-27,motokar,HONDA,CIVIC,white,petrol,W.P. Kuala Lumpur,2014,COMPACT,1.8,4,AV,x,7.9,6.0,7.0,40,161
2025-03-27,motokar,HONDA,CIVIC,white,petrol,W.P. Kuala Lumpur,2014,COMPACT,1.8,4,AV7,x,8.1,6.2,7.2,39,166
2025-03-27,motokar,HONDA,CIVIC,white,petrol,W.P. Kuala Lumpur,2014,COMPACT,1.8,4,M5,x,8.5,6.6,7.6,37,175
2025-03-27,motokar,HONDA,CIVIC,grey,hybrid_petrol,Rakan Niaga,2014,COMPACT,1.8,4,AV,x,7.9,6.0,7.0,40,161
2025-03-27,motokar,HONDA,CIVIC,grey,hybrid_petrol,Rakan Niaga,2014,COMPACT,1.8,4,AV7,x,8.1,6.2,7.2,39,166
2025-03-27,motokar,HONDA,CIVIC,grey,hybrid_petrol,Rakan Niaga,2014,COMPACT,1.8,4,M5,x,8.5,6.6,7.6,37,175
2025-03-27,motokar,HONDA,CIVIC,black,petrol,Pahang,2014,COMPACT,1.8,4,AV,x,7.9,6.0,7.0,40,161
2025-03-27,motokar,HONDA,CIVIC,black,petrol,Pahang,2014,COMPACT,1.8,4,AV7,x,8.1,6.2,7.2,39,166
2025-03-27,motokar,HONDA,CIVIC,black,petrol,Pahang,2014,COMPACT,1.8,4,M5,x,8.5,6.6,7.6,37,175
2025-03-27,motokar,HONDA,CIVIC,black,petrol,Pulau Pinang,2014,COMPACT,1.8,4,AV,x,7.9,6.0,7.0,40,161
2025-03-27,motokar,HONDA,CIVIC,black,petrol,Pulau Pinang,2014,COMPACT,1.8,4,AV7,x,8.1,6.2,7.2,39,166
2025-03-27,motokar,HONDA,CIVIC,black,petrol,Pulau Pinang,2014,COMPACT,1.8,4,M5,x,8.5,6.6,7.6,37,175
2025-03-27,motokar,HONDA,CIVIC,blue,petrol,Selangor,2014,COMPACT,1.8,4,AV,x,7.9,6.0,7.0,40,161
2025-03-27,motokar,HONDA,CIVIC,blue,petrol,Selangor,2014,COMPACT,1.8,4,AV7,x,8.1,6.2,7.2,39,166
2025-03-27,motokar,HONDA,CIVIC,blue,petrol,Selangor,2014,COMPACT,1.8,4,M5,x,8.5,6.6,7.6,37,175
2025-03-27,motokar,HONDA,CIVIC,white,hybrid_petrol,Rakan Niaga,2014,COMPACT,1.8,4,AV,x,7.9,6.0,7.0,40,161
2025-03-27,motokar,HONDA,CIVIC,white,hybrid_petrol,Rakan Niaga,2014,COMPACT,1.8,4,AV7,x,8.1,6.2,7.2,39,166
2025-03-27,motokar,HONDA,CIVIC,white,hybrid_petrol,Rakan Niaga,2014,COMPACT,1.8,4,M5,x,8.5,6.6,7.6,37,175
2025-03-27,motokar,HONDA,CIVIC,white,petrol,Johor,2014,COMPACT,1.8,4,AV,x,7.9,6.0,7.0,40,161
2025-03-27,motokar,HONDA,CIVIC,white,petrol,Johor,2014,COMPACT,1.8,4,AV7,x,8.1,6.2,7.2,39,166
2025-03-27,motokar,HONDA,CIVIC,white,petrol,Johor,2014,COMPACT,1.8,4,M5,x,8.5,6.6,7.6,37,175
2025-03-27,motokar,HONDA,CIVIC,grey,petrol,Selangor,2014,COMPACT,1.8,4,AV,x,7.9,6.0,7.0,40,161
2025-03-27,motokar,HONDA,CIVIC,grey,petrol,Selangor,2014,COMPACT,1.8,4,AV7,x,8.1,6.2,7.2,39,166
2025-03-27,motokar,HONDA,CIVIC,grey,petrol,Selangor,2014,COMPACT,1.8,4,M5,x,8.5,6.6,7.6,37,175
2025-03-27,motokar,HONDA,CIVIC,black,petrol,Johor,2014,COMPACT,1.8,4,AV,x,7.9,6.0,7.0,40,161
2025-03-27,motokar,HONDA,CIVIC,black,petrol,Johor,2014,COMPACT,1.8,4,AV7,x,8.1,6.2,7.2,39,166
2025-03-27,motokar,HONDA,CIVIC,black,petrol,Johor,2014,COMPACT,1.8,4,M5,x,8.5,6.6,7.6,37,175
2025-03-27,motokar,HONDA,CIVIC,blue,hybrid_petrol,Rakan Niaga,2014,COMPACT,1.8,4,AV,x,7.9,6.0,7.0,40,161
2025-03-27,motokar,HONDA,CIVIC,blue,hybrid_petrol,Rakan Niaga,2014,COMPACT,1.8,4,AV7,x,8.1,6.2,7.2,39,166
2025-03-27,motokar,HONDA,CIVIC,blue,hybrid_petrol,Rakan Niaga,2014,COMPACT,1.8,4,M5,x,8.5,6.6,7.6,37,175
2025-03-27,motokar,HONDA,CIVIC,blue,petrol,W.P. Kuala Lumpur,2014,COMPACT,1.8,4,AV,x,7.9,6.0,7.0,40,161
2025-03-27,motokar,HONDA,CIVIC,blue,petrol,W.P. Kuala Lumpur,2014,COMPACT,1.8,4,AV7,x,8.1,6.2,7.2,39,166
2025-03-27,motokar,HONDA,CIVIC,blue,petrol,W.P. Kuala Lumpur,2014,COMPACT,1.8,4,M5,x,8.5,6.6,7.6,37,175
2025-03-27,motokar,HONDA,CIVIC,red,petrol,W.P. Kuala Lumpur,2014,COMPACT,1.8,4,AV,x,7.9,6.0,7.0,40,161
2025-03-27,motokar,HONDA,CIVIC,red,petrol,W.P. Kuala Lumpur,2014,COMPACT,1.8,4,AV7,x,8.1,6.2,7.2,39,166
2025-03-27,motokar,HONDA,CIVIC,red,petrol,W.P. Kuala Lumpur,2014,COMPACT,1.8,4,M5,x,8.5,6.6,7.6,37,175
2025-03-27,motokar,HONDA,CIVIC,black,petrol,W.P. Kuala Lumpur,2014,COMPACT,1.8,4,AV,x,7.9,6.0,7.0,40,161
2025-03-27,motokar,HONDA,CIVIC,black,petrol,W.P. Kuala Lumpur,2014,COMPACT,1.8,4,AV7,x,8.1,6.2,7.2,39,166
2025-03-27,motokar,HONDA,CIVIC,black,petrol,W.P. Kuala Lumpur,2014,COMPACT,1.8,4,M5,x,8.5,6.6,7.6,37,175
2025-03-27,window_van,HONDA,ODYSSEY,white,petrol,Kelantan,2014,MINIVAN,3.5,6,A6,x,12.3,8.5,10.6,27,244
2025-03-27,window_van,HONDA,ODYSSEY,black,petrol,Rakan Niaga,2014,MINIVAN,3.5,6,A6,x,12.3,8.5,10.6,27,244
2025-03-27,window_van,HONDA,ODYSSEY,black,petrol,Johor,2014,MINIVAN,3.5,6,A6,x,12.3,8.5,10.6,27,244
2025-03-27,jip,HYUNDAI,SANTA FE,blue,diesel,Rakan Niaga,2014,SUV - SMALL,3.3,6,A6,x,13.0,9.1,11.2,25,258
2025-03-27,jip,HYUNDAI,SANTA FE,grey,diesel,Rakan Niaga,2014,SUV - SMALL,3.3,6,A6,x,13.0,9.1,11.2,25,258
2025-03-27,jip,HYUNDAI,SANTA FE,white,hybrid_petrol,Rakan Niaga,2014,SUV - SMALL,3.3,6,A6,x,13.0,9.1,11.2,25,258
2025-03-27,jip,HYUNDAI,TUCSON,grey,petrol,Rakan Niaga,2014,SUV - SMALL,2.0,4,A6,x,10.2,8.2,9.3,30,214
2025-03-27,jip,HYUNDAI,TUCSON,grey,petrol,Rakan Niaga,2014,SUV - SMALL,2.0,4,M6,x,11.4,8.6,10.1,28,232
2025-03-27,jip,HYUNDAI,TUCSON,grey,petrol,Rakan Niaga,2014,SUV - SMALL,2.4,4,A6,x,11.3,8.3,10.0,28,230
2025-03-27,jip,HYUNDAI,TUCSON,black,petrol,Rakan Niaga,2014,SUV - SMALL,2.0,4,A6,x,10.2,8.2,9.3,30,214
2025-03-27,jip,HYUNDAI,TUCSON,black,petrol,Rakan Niaga,2014,SUV - SMALL,2.0,4,M6,x,11.4,8.6,10.1,28,232
2025-03-27,jip,HYUNDAI,TUCSON,black,petrol,Rakan Niaga,2014,SUV - SMALL,2.4,4,A6,x,11.3,8.3,10.0,28,230
2025-03-27,jip,KIA,SPORTAGE,white,petrol,Rakan Niaga,2014,SUV - SMALL,2.4,4,A6,x,11.4,8.3,10.0,28,230
2025-03-27,jip,KIA,SPORTAGE,white,petrol,Rakan Niaga,2014,SUV - SMALL,2.4,4,M6,x,12.9,9.3,11.3,25,260
2025-03-27,jip,KIA,SPORTAGE,grey,petrol,Rakan Niaga,2014,SUV - SMALL,2.4,4,A6,x,11.4,8.3,10.0,28,230
2025-03-27,jip,KIA,SPORTAGE,grey,petrol,Rakan Niaga,2014,SUV - SMALL,2.4,4,M6,x,12.9,9.3,11.3,25,260
2025-03-27,jip,LAND ROVER,RANGE ROVER EVOQUE,grey,petrol,Rakan Niaga,2014,SUV - SMALL,2.0,4,AS9,z,11.3,7.9,9.8,29,225
2025-03-27,jip,MAZDA,CX-5,black,petrol,Rakan Niaga,2014,SUV - SMALL,2.0,4,AS6,x,8.9,7.3,8.2,34,189
2025-03-27,jip,MAZDA,CX-5,black,petrol,Rakan Niaga,2014,SUV - SMALL,2.0,4,M6,x,9.0,6.8,8.0,35,184
2025-03-27,jip,MAZDA,CX-5,black,petrol,Rakan Niaga,2014,SUV - SMALL,2.5,4,AS6,x,9.6,7.4,8.6,33,198
2025-03-27,jip,MAZDA,CX-5,blue,petrol,Rakan Niaga,2014,SUV - SMALL,2.0,4,AS6,x,8.9,7.3,8.2,34,189
2025-03-27,jip,MAZDA,CX-5,blue,petrol,Rakan Niaga,2014,SUV - SMALL,2.0,4,M6,x,9.0,6.8,8.0,35,184
2025-03-27,jip,MAZDA,CX-5,blue,petrol,Rakan Niaga,2014,SUV - SMALL,2.5,4,AS6,x,9.6,7.4,8.6,33,198
2025-03-27,jip,MAZDA,CX-5,blue,petrol,W.P. Kuala Lumpur,2014,SUV - SMALL,2.0,4,AS6,x,8.9,7.3,8.2,34,189
2025-03-27,jip,MAZDA,CX-5,blue,petrol,W.P. Kuala Lumpur,2014,SUV - SMALL,2.0,4,M6,x,9.0,6.8,8.0,35,184
2025-03-27,jip,MAZDA,CX-5,blue,petrol,W.P. Kuala Lumpur,2014,SUV - SMALL,2.5,4,AS6,x,9.6,7.4,8.6,33,198
2025-03-27,jip,MAZDA,CX-5,grey,petrol,Johor,2014,SUV - SMALL,2.0,4,AS6,x,8.9,7.3,8.2,34,189
2025-03-27,jip,MAZDA,CX-5,grey,petrol,Johor,2014,SUV - SMALL,2.0,4,M6,x,9.0,6.8,8.0,35,184
2025-03-27,jip,MAZDA,CX-5,grey,petrol,Johor,2014,SUV - SMALL,2.5,4,AS6,x,9.6,7.4,8.6,33,198
2025-03-27,jip,MAZDA,CX-5,white,petrol,W.P. Kuala Lumpur,2014,SUV - SMALL,2.0,4,AS6,x,8.9,7.3,8.2,34,189
2025-03-27,jip,MAZDA,CX-5,white,petrol,W.P. Kuala Lumpur,2014,SUV - SMALL,2.0,4,M6,x,9.0,6.8,8.0,35,184
2025-03-27,jip,MAZDA,CX-5,white,petrol,W.P. Kuala Lumpur,2014,SUV - SMALL,2.5,4,AS6,x,9.6,7.4,8.6,33,198
2025-03-27,jip,MAZDA,CX-5,blue,petrol,Selangor,2014,SUV - SMALL,2.0,4,AS6,x,8.9,7.3,8.2,34,189
2025-03-27,jip,MAZDA,CX-5,blue,petrol,Selangor,2014,SUV - SMALL,2.0,4,M6,x,9.0,6.8,8.0,35,184
2025-03-27,jip,MAZDA,CX-5,blue,petrol,Selangor,2014,SUV - SMALL,2.5,4,AS6,x,9.6,7.4,8.6,33,198
2025-03-27,jip,MAZDA,CX-5,red,petrol,Rakan Niaga,2014,SUV - SMALL,2.0,4,AS6,x,8.9,7.3,8.2,34,189
2025-03-27,jip,MAZDA,CX-5,red,petrol,Rakan Niaga,2014,SUV - SMALL,2.0,4,M6,x,9.0,6.8,8.0,35,184
2025-03-27,jip,MAZDA,CX-5,red,petrol,Rakan Niaga,2014,SUV - SMALL,2.5,4,AS6,x,9.6,7.4,8.6,33,198
2025-03-27,jip,MAZDA,CX-5,grey,petrol,Rakan Niaga,2014,SUV - SMALL,2.0,4,AS6,x,8.9,7.3,8.2,34,189
2025-03-27,jip,MAZDA,CX-5,grey,petrol,Rakan Niaga,2014,SUV - SMALL,2.0,4,M6,x,9.0,6.8,8.0,35,184
2025-03-27,jip,MAZDA,CX-5,grey,petrol,Rakan Niaga,2014,SUV - SMALL,2.5,4,AS6,x,9.6,7.4,8.6,33,198
2025-03-27,jip,MAZDA,CX-5,gold,petrol,Rakan Niaga,2014,SUV - SMALL,2.0,4,AS6,x,8.9,7.3,8.2,34,189
2025-03-27,jip,MAZDA,CX-5,gold,petrol,Rakan Niaga,2014,SUV - SMALL,2.0,4,M6,x,9.0,6.8,8.0,35,184
2025-03-27,jip,MAZDA,CX-5,gold,petrol,Rakan Niaga,2014,SUV - SMALL,2.5,4,AS6,x,9.6,7.4,8.6,33,198
2025-03-27,jip,MAZDA,CX-5,white,petrol,Rakan Niaga,2014,SUV - SMALL,2.0,4,AS6,x,8.9,7.3,8.2,34,189
2025-03-27,jip,MAZDA,CX-5,white,petrol,Rakan Niaga,2014,SUV - SMALL,2.0,4,M6,x,9.0,6.8,8.0,35,184
2025-03-27,jip,MAZDA,CX-5,white,petrol,Rakan Niaga,2014,SUV - SMALL,2.5,4,AS6,x,9.6,7.4,8.6,33,198
2025-03-27,jip,MAZDA,CX-9,grey,petrol,Rakan Niaga,2014,SUV - SMALL,3.7,6,AS6,x,14.2,10.0,12.3,23,283
2025-03-27,motokar,MAZDA,MX-5,white,petrol,Rakan Niaga,2014,TWO-SEATER,2.0,4,AS6,z,11.5,8.5,10.2,28,235
2025-03-27,motokar,MAZDA,MX-5,white,petrol,Rakan Niaga,2014,TWO-SEATER,2.0,4,M5,z,10.5,8.5,9.6,29,221
2025-03-27,motokar,MAZDA,MX-5,white,petrol,Rakan Niaga,2014,TWO-SEATER,2.0,4,M6,z,11.1,8.4,9.9,29,228
2025-03-27,motokar,MAZDA,MX-5,grey,petrol,Rakan Niaga,2014,TWO-SEATER,2.0,4,AS6,z,11.5,8.5,10.2,28,235
2025-03-27,motokar,MAZDA,MX-5,grey,petrol,Rakan Niaga,2014,TWO-SEATER,2.0,4,M5,z,10.5,8.5,9.6,29,221
2025-03-27,motokar,MAZDA,MX-5,grey,petrol,Rakan Niaga,2014,TWO-SEATER,2.0,4,M6,z,11.1,8.4,9.9,29,228
2025-03-27,motokar,MAZDA,MX-5,blue,petrol,Rakan Niaga,2014,TWO-SEATER,2.0,4,AS6,z,11.5,8.5,10.2,28,235
2025-03-27,motokar,MAZDA,MX-5,blue,petrol,Rakan Niaga,2014,TWO-SEATER,2.0,4,M5,z,10.5,8.5,9.6,29,221
2025-03-27,motokar,MAZDA,MX-5,blue,petrol,Rakan Niaga,2014,TWO-SEATER,2.0,4,M6,z,11.1,8.4,9.9,29,228
2025-03-27,motokar,MAZDA,MX-5,white,petrol,Johor,2014,TWO-SEATER,2.0,4,AS6,z,11.5,8.5,10.2,28,235
2025-03-27,motokar,MAZDA,MX-5,white,petrol,Johor,2014,TWO-SEATER,2.0,4,M5,z,10.5,8.5,9.6,29,221
2025-03-27,motokar,MAZDA,MX-5,white,petrol,Johor,2014,TWO-SEATER,2.0,4,M6,z,11.1,8.4,9.9,29,228
2025-03-27,motokar,PORSCHE,911 CARRERA,white,petrol,Sarawak,2014,MINICOMPACT,3.4,6,AM7,z,11.6,8.3,10.1,28,232
2025-03-27,motokar,PORSCHE,911 CARRERA,white,petrol,Sarawak,2014,MINICOMPACT,3.4,6,M7,z,12.5,8.6,10.7,26,246
2025-03-27,motokar,PORSCHE,911 CARRERA,black,petrol,W.P. Kuala Lumpur,2014,MINICOMPACT,3.4,6,AM7,z,11.6,8.3,10.1,28,232
2025-03-27,motokar,PORSCHE,911 CARRERA,black,petrol,W.P. Kuala Lumpur,2014,MINICOMPACT,3.4,6,M7,z,12.5,8.6,10.7,26,246
2025-03-27,jip,PORSCHE,CAYENNE,grey,petrol,Rakan Niaga,2014,SUV - STANDARD,3.6,6,A8,z,13.6,10.1,12.0,24,276
2025-03-27,jip,PORSCHE,CAYENNE,grey,petrol,Rakan Niaga,2014,SUV - STANDARD,3.6,6,M6,z,15.8,10.9,13.6,21,313
2025-03-27,jip,PORSCHE,CAYENNE,white,petrol,Rakan Niaga,2014,SUV - STANDARD,3.6,6,A8,z,13.6,10.1,12.0,24,276
2025-03-27,jip,PORSCHE,CAYENNE,white,petrol,Rakan Niaga,2014,SUV - STANDARD,3.6,6,M6,z,15.8,10.9,13.6,21,313
2025-03-27,jip,PORSCHE,CAYENNE,white,hybrid_petrol,W.P. Kuala Lumpur,2014,SUV - STANDARD,3.6,6,A8,z,13.6,10.1,12.0,24,276
2025-03-27,jip,PORSCHE,CAYENNE,white,hybrid_petrol,W.P. Kuala Lumpur,2014,SUV - STANDARD,3.6,6,M6,z,15.8,10.9,13.6,21,313
2025-03-27,jip,PORSCHE,CAYENNE,black,petrol,Rakan Niaga,2014,SUV - STANDARD,3.6,6,A8,z,13.6,10.1,12.0,24,276
2025-03-27,jip,PORSCHE,CAYENNE,black,petrol,Rakan Niaga,2014,SUV - STANDARD,3.6,6,M6,z,15.8,10.9,13.6,21,313
2025-03-27,jip,PORSCHE,CAYENNE,white,petrol,W.P. Kuala Lumpur,2014,SUV - STANDARD,3.6,6,A8,z,13.6,10.1,12.0,24,276
2025-03-27,jip,PORSCHE,CAYENNE,white,petrol,W.P. Kuala Lumpur,2014,SUV - STANDARD,3.6,6,M6,z,15.8,10.9,13.6,21,313
2025-03-27,jip,PORSCHE,CAYENNE,silver,petrol,W.P. Kuala Lumpur,2014,SUV - STANDARD,3.6,6,A8,z,13.6,10.1,12.0,24,276
2025-03-27,jip,PORSCHE,CAYENNE,silver,petrol,W.P. Kuala Lumpur,2014,SUV - STANDARD,3.6,6,M6,z,15.8,10.9,13.6,21,313
2025-03-27,motokar,PORSCHE,PANAMERA,white,petrol,W.P. Kuala Lumpur,2014,FULL-SIZE,3.6,6,AM7,z,12.9,8.4,10.9,26,251
2025-03-27,motokar,SUBARU,BRZ,blue,petrol,W.P. Kuala Lumpur,2014,MINICOMPACT,2.0,4,AS6,z,9.6,7.1,8.5,33,196
2025-03-27,motokar,SUBARU,BRZ,blue,petrol,W.P. Kuala Lumpur,2014,MINICOMPACT,2.0,4,M6,z,11.0,7.9,9.6,29,221
2025-03-27,motokar,TOYOTA,CAMRY,white,hybrid_petrol,Sarawak,2014,MID-SIZE,2.5,4,AS6,x,9.5,6.6,8.2,34,189
2025-03-27,motokar,TOYOTA,CAMRY,white,hybrid_petrol,Sarawak,2014,MID-SIZE,3.5,6,AS6,x,11.1,7.8,9.6,29,221
2025-03-27,motokar,TOYOTA,CAMRY,white,hybrid_petrol,Rakan Niaga,2014,MID-SIZE,2.5,4,AS6,x,9.5,6.6,8.2,34,189
2025-03-27,motokar,TOYOTA,CAMRY,white,hybrid_petrol,Rakan Niaga,2014,MID-SIZE,3.5,6,AS6,x,11.1,7.8,9.6,29,221
2025-03-27,motokar,TOYOTA,CAMRY,white,hybrid_petrol,W.P. Kuala Lumpur,2014,MID-SIZE,2.5,4,AS6,x,9.5,6.6,8.2,34,189
2025-03-27,motokar,TOYOTA,CAMRY,white,hybrid_petrol,W.P. Kuala Lumpur,2014,MID-SIZE,3.5,6,AS6,x,11.1,7.8,9.6,29,221
2025-03-27,motokar,TOYOTA,CAMRY,grey,hybrid_petrol,Rakan Niaga,2014,MID-SIZE,2.5,4,AS6,x,9.5,6.6,8.2,34,189
2025-03-27,motokar,TOYOTA,CAMRY,grey,hybrid_petrol,Rakan Niaga,2014,MID-SIZE,3.5,6,AS6,x,11.1,7.8,9.6,29,221
2025-03-27,motokar,TOYOTA,CAMRY,black,petrol,Rakan Niaga,2014,MID-SIZE,2.5,4,AS6,x,9.5,6.6,8.2,34,189
2025-03-27,motokar,TOYOTA,CAMRY,black,petrol,Rakan Niaga,2014,MID-SIZE,3.5,6,AS6,x,11.1,7.8,9.6,29,221
2025-03-27,motokar,TOYOTA,CAMRY,white,petrol,Rakan Niaga,2014,MID-SIZE,2.5,4,AS6,x,9.5,6.6,8.2,34,189
2025-03-27,motokar,TOYOTA,CAMRY,white,petrol,Rakan Niaga,2014,MID-SIZE,3.5,6,AS6,x,11.1,7.8,9.6,29,221
2025-03-27,motokar,TOYOTA,COROLLA,grey,petrol,W.P. Kuala Lumpur,2014,MID-SIZE,1.8,4,A4,x,8.6,6.5,7.7,37,177
2025-03-27,motokar,TOYOTA,COROLLA,grey,petrol,W.P. Kuala Lumpur,2014,MID-SIZE,1.8,4,AV7,x,8.1,6.3,7.3,39,168
2025-03-27,motokar,TOYOTA,COROLLA,grey,petrol,W.P. Kuala Lumpur,2014,MID-SIZE,1.8,4,AV,x,8.0,5.9,7.1,40,163
2025-03-27,motokar,TOYOTA,COROLLA,grey,petrol,W.P. Kuala Lumpur,2014,MID-SIZE,1.8,4,M6,x,8.3,6.3,7.4,38,170
2025-03-27,motokar,TOYOTA,YARIS,silver,petrol,Rakan Niaga,2014,COMPACT,1.5,4,A4,x,7.9,6.6,7.3,39,168
2025-03-27,motokar,TOYOTA,YARIS,silver,petrol,Rakan Niaga,2014,COMPACT,1.5,4,M5,x,7.8,6.3,7.1,40,163
2025-03-27,motokar,TOYOTA,YARIS,red,petrol,W.P. Kuala Lumpur,2014,COMPACT,1.5,4,A4,x,7.9,6.6,7.3,39,168
2025-03-27,motokar,TOYOTA,YARIS,red,petrol,W.P. Kuala Lumpur,2014,COMPACT,1.5,4,M5,x,7.8,6.3,7.1,40,163
2025-03-27,motokar,TOYOTA,YARIS,red,petrol,Rakan Niaga,2014,COMPACT,1.5,4,A4,x,7.9,6.6,7.3,39,168
2025-03-27,motokar,TOYOTA,YARIS,red,petrol,Rakan Niaga,2014,COMPACT,1.5,4,M5,x,7.8,6.3,7.1,40,163
2025-03-27,motokar,TOYOTA,YARIS,white,petrol,W.P. Kuala Lumpur,2014,COMPACT,1.5,4,A4,x,7.9,6.6,7.3,39,168
2025-03-27,motokar,TOYOTA,YARIS,white,petrol,W.P. Kuala Lumpur,2014,COMPACT,1.5,4,M5,x,7.8,6.3,7.1,40,163
2025-03-27,motokar,TOYOTA,YARIS,white,petrol,Rakan Niaga,2014,COMPACT,1.5,4,A4,x,7.9,6.6,7.3,39,168
2025-03-27,motokar,TOYOTA,YARIS,white,petrol,Rakan Niaga,2014,COMPACT,1.5,4,M5,x,7.8,6.3,7.1,40,163
2025-03-27,motokar,TOYOTA,YARIS,white,petrol,Kelantan,2014,COMPACT,1.5,4,A4,x,7.9,6.6,7.3,39,168
2025-03-27,motokar,TOYOTA,YARIS,white,petrol,Kelantan,2014,COMPACT,1.5,4,M5,x,7.8,6.3,7.1,40,163
2025-03-27,motokar,TOYOTA,YARIS,white,petrol,Selangor,2014,COMPACT,1.5,4,A4,x,7.9,6.6,7.3,39,168
2025-03-27,motokar,TOYOTA,YARIS,white,petrol,Selangor,2014,COMPACT,1.5,4,M5,x,7.8,6.3,7.1,40,163
2025-03-27,motokar,TOYOTA,YARIS,black,petrol,Selangor,2014,COMPACT,1.5,4,A4,x,7.9,6.6,7.3,39,168
2025-03-27,motokar,TOYOTA,YARIS,black,petrol,Selangor,2014,COMPACT,1.5,4,M5,x,7.8,6.3,7.1,40,163
2025-03-27,motokar,TOYOTA,YARIS,white,petrol,Perak,2014,COMPACT,1.5,4,A4,x,7.9,6.6,7.3,39,168
2025-03-27,motokar,TOYOTA,YARIS,white,petrol,Perak,2014,COMPACT,1.5,4,M5,x,7.8,6.3,7.1,40,163
2025-03-27,jip,TOYOTA,YARIS,beige,petrol,Rakan Niaga,2014,COMPACT,1.5,4,A4,x,7.9,6.6,7.3,39,168
2025-03-27,jip,TOYOTA,YARIS,beige,petrol,Rakan Niaga,2014,COMPACT,1.5,4,M5,x,7.8,6.3,7.1,40,163
2025-03-27,motokar,TOYOTA,YARIS,silver,petrol,W.P. Kuala Lumpur,2014,COMPACT,1.5,4,A4,x,7.9,6.6,7.3,39,168
2025-03-27,motokar,TOYOTA,YARIS,silver,petrol,W.P. Kuala Lumpur,2014,COMPACT,1.5,4,M5,x,7.8,6.3,7.1,40,163
2025-03-27,motokar,TOYOTA,YARIS,red,petrol,Kedah,2014,COMPACT,1.5,4,A4,x,7.9,6.6,7.3,39,168
2025-03-27,motokar,TOYOTA,YARIS,red,petrol,Kedah,2014,COMPACT,1.5,4,M5,x,7.8,6.3,7.1,40,163
2025-03-27,jip,VOLKSWAGEN,TIGUAN,black,petrol,W.P. Kuala Lumpur,2014,SUV - SMALL,2.0,4,A6,z,11.7,9.5,10.7,26,246
2025-03-27,jip,VOLKSWAGEN,TIGUAN,black,petrol,W.P. Kuala Lumpur,2014,SUV - SMALL,2.0,4,M6,z,13.6,9.2,11.6,24,267
2025-03-27,jip,VOLKSWAGEN,TIGUAN,white,petrol,Rakan Niaga,2014,SUV - SMALL,2.0,4,A6,z,11.7,9.5,10.7,26,246
2025-03-27,jip,VOLKSWAGEN,TIGUAN,white,petrol,Rakan Niaga,2014,SUV - SMALL,2.0,4,M6,z,13.6,9.2,11.6,24,267
2025-03-27,jip,VOLKSWAGEN,TIGUAN,silver,petrol,Rakan Niaga,2014,SUV - SMALL,2.0,4,A6,z,11.7,9.5,10.7,26,246
2025-03-27,jip,VOLKSWAGEN,TIGUAN,silver,petrol,Rakan Niaga,2014,SUV - SMALL,2.0,4,M6,z,13.6,9.2,11.6,24,267
2025-03-27,jip,VOLKSWAGEN,TIGUAN,silver,petrol,Selangor,2014,SUV - SMALL,2.0,4,A6,z,11.7,9.5,10.7,26,246
2025-03-27,jip,VOLKSWAGEN,TIGUAN,silver,petrol,Selangor,2014,SUV - SMALL,2.0,4,M6,z,13.6,9.2,11.6,24,267
2025-03-27,jip,VOLKSWAGEN,TIGUAN,black,petrol,Rakan Niaga,2014,SUV - SMALL,2.0,4,A6,z,11.7,9.5,10.7,26,246
2025-03-27,jip,VOLKSWAGEN,TIGUAN,black,petrol,Rakan Niaga,2014,SUV - SMALL,2.0,4,M6,z,13.6,9.2,11.6,24,267
2025-03-27,jip,VOLKSWAGEN,TIGUAN,silver,petrol,Johor,2014,SUV - SMALL,2.0,4,A6,z,11.7,9.5,10.7,26,246
2025-03-27,jip,VOLKSWAGEN,TIGUAN,silver,petrol,Johor,2014,SUV - SMALL,2.0,4,M6,z,13.6,9.2,11.6,24,267
2025-03-27,jip,VOLKSWAGEN,TIGUAN,blue,petrol,Rakan Niaga,2014,SUV - SMALL,2.0,4,A6,z,11.7,9.5,10.7,26,246
2025-03-27,jip,VOLKSWAGEN,TIGUAN,blue,petrol,Rakan Niaga,2014,SUV - SMALL,2.0,4,M6,z,13.6,9.2,11.6,24,267
2025-03-27,motokar,VOLVO,S60,white,petrol,W.P. Kuala Lumpur,2014,COMPACT,2.5,5,AS6,x,11.3,7.8,9.7,29,223
2025-03-27,jip,VOLVO,XC60,gold,hybrid_petrol,Rakan Niaga,2014,SUV - SMALL,3.2,6,AS6,x,13.0,8.9,11.2,25,258
2025-03-27,jip,VOLVO,XC60,blue,hybrid_petrol,W.P. Kuala Lumpur,2014,SUV - SMALL,3.2,6,AS6,x,13.0,8.9,11.2,25,258
2025-03-27,jip,VOLVO,XC60,beige,hybrid_petrol,Selangor,2014,SUV - SMALL,3.2,6,AS6,x,13.0,8.9,11.2,25,258
2025-03-27,jip,VOLVO,XC60,black,hybrid_petrol,Rakan Niaga,2014,SUV - SMALL,3.2,6,AS6,x,13.0,8.9,11.2,25,258
2025-03-27,jip,VOLVO,XC60,white,hybrid_petrol,Rakan Niaga,2014,SUV - SMALL,3.2,6,AS6,x,13.0,8.9,11.2,25,258
2025-03-27,jip,VOLVO,XC60,white,hybrid_petrol,Johor,2014,SUV - SMALL,3.2,6,AS6,x,13.0,8.9,11.2,25,258
2025-03-28,motokar,FORD,MUSTANG,black,petrol,Rakan Niaga,2014,SUBCOMPACT,3.7,6,A6,x,12.1,7.8,10.2,28,235
2025-03-28,motokar,FORD,MUSTANG,black,petrol,Rakan Niaga,2014,SUBCOMPACT,3.7,6,M6,x,12.7,8.1,10.6,27,244
2025-03-28,motokar,FORD,MUSTANG,black,petrol,Rakan Niaga,2014,SUBCOMPACT,5.0,8,A6,x,13.3,9.3,11.5,25,264
2025-03-28,motokar,FORD,MUSTANG,black,petrol,Rakan Niaga,2014,SUBCOMPACT,5.0,8,M6,x,15.4,9.4,12.7,22,292
2025-03-28,motokar,FORD,MUSTANG,black,petrol,Rakan Niaga,2014,SUBCOMPACT,5.8,8,M6,z,15.9,9.9,13.2,21,304
2025-03-28,motokar,FORD,MUSTANG,red,petrol,Johor,2014,SUBCOMPACT,3.7,6,A6,x,12.1,7.8,10.2,28,235
2025-03-28,motokar,FORD,MUSTANG,red,petrol,Johor,2014,SUBCOMPACT,3.7,6,M6,x,12.7,8.1,10.6,27,244
2025-03-28,motokar,FORD,MUSTANG,red,petrol,Johor,2014,SUBCOMPACT,5.0,8,A6,x,13.3,9.3,11.5,25,264
2025-03-28,motokar,FORD,MUSTANG,red,petrol,Johor,2014,SUBCOMPACT,5.0,8,M6,x,15.4,9.4,12.7,22,292
2025-03-28,motokar,FORD,MUSTANG,red,petrol,Johor,2014,SUBCOMPACT,5.8,8,M6,z,15.9,9.9,13.2,21,304
2025-03-28,jip,HONDA,CR-V,blue,petrol,Rakan Niaga,2014,SUV - SMALL,2.4,4,A5,x,10.3,7.6,9.1,31,209
2025-03-28,jip,HONDA,CR-V,grey,petrol,Rakan Niaga,2014,SUV - SMALL,2.4,4,A5,x,10.3,7.6,9.1,31,209
2025-03-28,jip,HONDA,CR-V,blue,hybrid_petrol,Melaka,2014,SUV - SMALL,2.4,4,A5,x,10.3,7.6,9.1,31,209
2025-03-28,jip,HONDA,CR-V,blue,hybrid_petrol,Rakan Niaga,2014,SUV - SMALL,2.4,4,A5,x,10.3,7.6,9.1,31,209
2025-03-28,jip,HONDA,CR-V,grey,hybrid_petrol,Rakan Niaga,2014,SUV - SMALL,2.4,4,A5,x,10.3,7.6,9.1,31,209
2025-03-28,jip,HONDA,CR-V,white,hybrid_petrol,Rakan Niaga,2014,SUV - SMALL,2.4,4,A5,x,10.3,7.6,9.1,31,209
2025-03-28,jip,HONDA,CR-V,white,petrol,Rakan Niaga,2014,SUV - SMALL,2.4,4,A5,x,10.3,7.6,9.1,31,209
2025-03-28,jip,HONDA,CR-V,blue,petrol,W.P. Kuala Lumpur,2014,SUV - SMALL,2.4,4,A5,x,10.3,7.6,9.1,31,209
2025-03-28,jip,HONDA,CR-V,red,petrol,Rakan Niaga,2014,SUV - SMALL,2.4,4,A5,x,10.3,7.6,9.1,31,209
2025-03-28,jip,HONDA,CR-V,blue,petrol,Johor,2014,SUV - SMALL,2.4,4,A5,x,10.3,7.6,9.1,31,209
2025-03-28,jip,HONDA,CR-V,grey,petrol,W.P. Kuala Lumpur,2014,SUV - SMALL,2.4,4,A5,x,10.3,7.6,9.1,31,209
2025-03-28,jip,HONDA,CR-V,silver,petrol,Rakan Niaga,2014,SUV - SMALL,2.4,4,A5,x,10.3,7.6,9.1,31,209
2025-03-28,jip,HONDA,CR-V,blue,hybrid_petrol,Perak,2014,SUV - SMALL,2.4,4,A5,x,10.3,7.6,9.1,31,209
2025-03-28,jip,HONDA,CR-V,silver,hybrid_petrol,Rakan Niaga,2014,SUV - SMALL,2.4,4,A5,x,10.3,7.6,9.1,31,209
2025-03-28,jip,HONDA,CR-V,white,petrol,Johor,2014,SUV - SMALL,2.4,4,A5,x,10.3,7.6,9.1,31,209
2025-03-28,jip,HONDA,CR-V,blue,petrol,Selangor,2014,SUV - SMALL,2.4,4,A5,x,10.3,7.6,9.1,31,209
2025-03-28,jip,HONDA,CR-V,white,petrol,Selangor,2014,SUV - SMALL,2.4,4,A5,x,10.3,7.6,9.1,31,209
2025-03-28,jip,HONDA,CR-V,silver,petrol,Sabah,2014,SUV - SMALL,2.4,4,A5,x,10.3,7.6,9.1,31,209
2025-03-28,jip,HONDA,CR-V,red,hybrid_petrol,Rakan Niaga,2014,SUV - SMALL,2.4,4,A5,x,10.3,7.6,9.1,31,209
2025-03-28,jip,HONDA,CR-V,blue,petrol,Sabah,2014,SUV - SMALL,2.4,4,A5,x,10.3,7.6,9.1,31,209
2025-03-28,jip,HONDA,CR-V,white,petrol,Sarawak,2014,SUV - SMALL,2.4,4,A5,x,10.3,7.6,9.1,31,209
2025-03-28,jip,HONDA,CR-V,grey,hybrid_petrol,Negeri Sembilan,2014,SUV - SMALL,2.4,4,A5,x,10.3,7.6,9.1,31,209
2025-03-28,jip,HONDA,CR-V,blue,petrol,Perak,2014,SUV - SMALL,2.4,4,A5,x,10.3,7.6,9.1,31,209
2025-03-28,jip,HONDA,CR-V,silver,petrol,W.P. Kuala Lumpur,2014,SUV - SMALL,2.4,4,A5,x,10.3,7.6,9.1,31,209
2025-03-28,jip,HONDA,CR-V,blue,hybrid_petrol,Johor,2014,SUV - SMALL,2.4,4,A5,x,10.3,7.6,9.1,31,209
2025-03-28,jip,HONDA,CR-V,grey,petrol,Pahang,2014,SUV - SMALL,2.4,4,A5,x,10.3,7.6,9.1,31,209
2025-03-28,motokar,HONDA,CIVIC,grey,petrol,Rakan Niaga,2014,COMPACT,1.8,4,AV,x,7.9,6.0,7.0,40,161
2025-03-28,motokar,HONDA,CIVIC,grey,petrol,Rakan Niaga,2014,COMPACT,1.8,4,AV7,x,8.1,6.2,7.2,39,166
2025-03-28,motokar,HONDA,CIVIC,grey,petrol,Rakan Niaga,2014,COMPACT,1.8,4,M5,x,8.5,6.6,7.6,37,175
2025-03-28,motokar,HONDA,CIVIC,white,petrol,Johor,2014,COMPACT,1.8,4,AV,x,7.9,6.0,7.0,40,161
2025-03-28,motokar,HONDA,CIVIC,white,petrol,Johor,2014,COMPACT,1.8,4,AV7,x,8.1,6.2,7.2,39,166
2025-03-28,motokar,HONDA,CIVIC,white,petrol,Johor,2014,COMPACT,1.8,4,M5,x,8.5,6.6,7.6,37,175
2025-03-28,motokar,HONDA,CIVIC,blue,petrol,Rakan Niaga,2014,COMPACT,1.8,4,AV,x,7.9,6.0,7.0,40,161
2025-03-28,motokar,HONDA,CIVIC,blue,petrol,Rakan Niaga,2014,COMPACT,1.8,4,AV7,x,8.1,6.2,7.2,39,166
2025-03-28,motokar,HONDA,CIVIC,blue,petrol,Rakan Niaga,2014,COMPACT,1.8,4,M5,x,8.5,6.6,7.6,37,175
2025-03-28,motokar,HONDA,CIVIC,black,petrol,Rakan Niaga,2014,COMPACT,1.8,4,AV,x,7.9,6.0,7.0,40,161
2025-03-28,motokar,HONDA,CIVIC,black,petrol,Rakan Niaga,2014,COMPACT,1.8,4,AV7,x,8.1,6.2,7.2,39,166
2025-03-28,motokar,HONDA,CIVIC,black,petrol,Rakan Niaga,2014,COMPACT,1.8,4,M5,x,8.5,6.6,7.6,37,175
2025-03-28,motokar,HONDA,CIVIC,white,petrol,Melaka,2014,COMPACT,1.8,4,AV,x,7.9,6.0,7.0,40,161
2025-03-28,motokar,HONDA,CIVIC,white,petrol,Melaka,2014,COMPACT,1.8,4,AV7,x,8.1,6.2,7.2,39,166
2025-03-28,motokar,HONDA,CIVIC,white,petrol,Melaka,2014,COMPACT,1.8,4,M5,x,8.5,6.6,7.6,37,175
2025-03-28,motokar,HONDA,CIVIC,white,petrol,Rakan Niaga,2014,COMPACT,1.8,4,AV,x,7.9,6.0,7.0,40,161
2025-03-28,motokar,HONDA,CIVIC,white,petrol,Rakan Niaga,2014,COMPACT,1.8,4,AV7,x,8.1,6.2,7.2,39,166
2025-03-28,motokar,HONDA,CIVIC,white,petrol,Rakan Niaga,2014,COMPACT,1.8,4,M5,x,8.5,6.6,7.6,37,175
2025-03-28,motokar,HONDA,CIVIC,white,petrol,W.P. Kuala Lumpur,2014,COMPACT,1.8,4,AV,x,7.9,6.0,7.0,40,161
2025-03-28,motokar,HONDA,CIVIC,white,petrol,W.P. Kuala Lumpur,2014,COMPACT,1.8,4,AV7,x,8.1,6.2,7.2,39,166
2025-03-28,motokar,HONDA,CIVIC,white,petrol,W.P. Kuala Lumpur,2014,COMPACT,1.8,4,M5,x,8.5,6.6,7.6,37,175
2025-03-28,motokar,HONDA,CIVIC,black,petrol,Sarawak,2014,COMPACT,1.8,4,AV,x,7.9,6.0,7.0,40,161
2025-03-28,motokar,HONDA,CIVIC,black,petrol,Sarawak,2014,COMPACT,1.8,4,AV7,x,8.1,6.2,7.2,39,166
2025-03-28,motokar,HONDA,CIVIC,black,petrol,Sarawak,2014,COMPACT,1.8,4,M5,x,8.5,6.6,7.6,37,175
2025-03-28,motokar,HONDA,CIVIC,red,hybrid_petrol,Rakan Niaga,2014,COMPACT,1.8,4,AV,x,7.9,6.0,7.0,40,161
2025-03-28,motokar,HONDA,CIVIC,red,hybrid_petrol,Rakan Niaga,2014,COMPACT,1.8,4,AV7,x,8.1,6.2,7.2,39,166
2025-03-28,motokar,HONDA,CIVIC,red,hybrid_petrol,Rakan Niaga,2014,COMPACT,1.8,4,M5,x,8.5,6.6,7.6,37,175
2025-03-28,motokar,HONDA,CIVIC,blue,petrol,Perak,2014,COMPACT,1.8,4,AV,x,7.9,6.0,7.0,40,161
2025-03-28,motokar,HONDA,CIVIC,blue,petrol,Perak,2014,COMPACT,1.8,4,AV7,x,8.1,6.2,7.2,39,166
2025-03-28,motokar,HONDA,CIVIC,blue,petrol,Perak,2014,COMPACT,1.8,4,M5,x,8.5,6.6,7.6,37,175
2025-03-28,motokar,HONDA,CIVIC,grey,hybrid_petrol,Rakan Niaga,2014,COMPACT,1.8,4,AV,x,7.9,6.0,7.0,40,161
2025-03-28,motokar,HONDA,CIVIC,grey,hybrid_petrol,Rakan Niaga,2014,COMPACT,1.8,4,AV7,x,8.1,6.2,7.2,39,166
2025-03-28,motokar,HONDA,CIVIC,grey,hybrid_petrol,Rakan Niaga,2014,COMPACT,1.8,4,M5,x,8.5,6.6,7.6,37,175
2025-03-28,motokar,HONDA,CIVIC,grey,petrol,Negeri Sembilan,2014,COMPACT,1.8,4,AV,x,7.9,6.0,7.0,40,161
2025-03-28,motokar,HONDA,CIVIC,grey,petrol,Negeri Sembilan,2014,COMPACT,1.8,4,AV7,x,8.1,6.2,7.2,39,166
2025-03-28,motokar,HONDA,CIVIC,grey,petrol,Negeri Sembilan,2014,COMPACT,1.8,4,M5,x,8.5,6.6,7.6,37,175
2025-03-28,motokar,HONDA,CIVIC,blue,petrol,Negeri Sembilan,2014,COMPACT,1.8,4,AV,x,7.9,6.0,7.0,40,161
2025-03-28,motokar,HONDA,CIVIC,blue,petrol,Negeri Sembilan,2014,COMPACT,1.8,4,AV7,x,8.1,6.2,7.2,39,166
2025-03-28,motokar,HONDA,CIVIC,blue,petrol,Negeri Sembilan,2014,COMPACT,1.8,4,M5,x,8.5,6.6,7.6,37,175
2025-03-28,motokar,HONDA,CIVIC,black,petrol,Pulau Pinang,2014,COMPACT,1.8,4,AV,x,7.9,6.0,7.0,40,161
2025-03-28,motokar,HONDA,CIVIC,black,petrol,Pulau Pinang,2014,COMPACT,1.8,4,AV7,x,8.1,6.2,7.2,39,166
2025-03-28,motokar,HONDA,CIVIC,black,petrol,Pulau Pinang,2014,COMPACT,1.8,4,M5,x,8.5,6.6,7.6,37,175
2025-03-28,motokar,HONDA,CIVIC,blue,petrol,Johor,2014,COMPACT,1.8,4,AV,x,7.9,6.0,7.0,40,161
2025-03-28,motokar,HONDA,CIVIC,blue,petrol,Johor,2014,COMPACT,1.8,4,AV7,x,8.1,6.2,7.2,39,166
2025-03-28,motokar,HONDA,CIVIC,blue,petrol,Johor,2014,COMPACT,1.8,4,M5,x,8.5,6.6,7.6,37,175
2025-03-28,motokar,HONDA,CIVIC,blue,petrol,Pulau Pinang,2014,COMPACT,1.8,4,AV,x,7.9,6.0,7.0,40,161
2025-03-28,motokar,HONDA,CIVIC,blue,petrol,Pulau Pinang,2014,COMPACT,1.8,4,AV7,x,8.1,6.2,7.2,39,166
2025-03-28,motokar,HONDA,CIVIC,blue,petrol,Pulau Pinang,2014,COMPACT,1.8,4,M5,x,8.5,6.6,7.6,37,175
2025-03-28,motokar,HONDA,CIVIC,red,petrol,Rakan Niaga,2014,COMPACT,1.8,4,AV,x,7.9,6.0,7.0,40,161
2025-03-28,motokar,HONDA,CIVIC,red,petrol,Rakan Niaga,2014,COMPACT,1.8,4,AV7,x,8.1,6.2,7.2,39,166
2025-03-28,motokar,HONDA,CIVIC,red,petrol,Rakan Niaga,2014,COMPACT,1.8,4,M5,x,8.5,6.6,7.6,37,175
2025-03-28,motokar,HONDA,CIVIC,white,petrol,Sabah,2014,COMPACT,1.8,4,AV,x,7.9,6.0,7.0,40,161
2025-03-28,motokar,HONDA,CIVIC,white,petrol,Sabah,2014,COMPACT,1.8,4,AV7,x,8.1,6.2,7.2,39,166
2025-03-28,motokar,HONDA,CIVIC,white,petrol,Sabah,2014,COMPACT,1.8,4,M5,x,8.5,6.6,7.6,37,175
2025-03-28,motokar,HONDA,CIVIC,blue,petrol,Selangor,2014,COMPACT,1.8,4,AV,x,7.9,6.0,7.0,40,161
2025-03-28,motokar,HONDA,CIVIC,blue,petrol,Selangor,2014,COMPACT,1.8,4,AV7,x,8.1,6.2,7.2,39,166
2025-03-28,motokar,HONDA,CIVIC,blue,petrol,Selangor,2014,COMPACT,1.8,4,M5,x,8.5,6.6,7.6,37,175
2025-03-28,motokar,HONDA,CIVIC,white,petrol,Perak,2014,COMPACT,1.8,4,AV,x,7.9,6.0,7.0,40,161
2025-03-28,motokar,HONDA,CIVIC,white,petrol,Perak,2014,COMPACT,1.8,4,AV7,x,8.1,6.2,7.2,39,166
2025-03-28,motokar,HONDA,CIVIC,white,petrol,Perak,2014,COMPACT,1.8,4,M5,x,8.5,6.6,7.6,37,175
2025-03-28,motokar,HONDA,CIVIC,black,petrol,Selangor,2014,COMPACT,1.8,4,AV,x,7.9,6.0,7.0,40,161
2025-03-28,motokar,HONDA,CIVIC,black,petrol,Selangor,2014,COMPACT,1.8,4,AV7,x,8.1,6.2,7.2,39,166
2025-03-28,motokar,HONDA,CIVIC,black,petrol,Selangor,2014,COMPACT,1.8,4,M5,x,8.5,6.6,7.6,37,175
2025-03-28,motokar,HONDA,CIVIC,white,hybrid_petrol,W.P. Kuala Lumpur,2014,COMPACT,1.8,4,AV,x,7.9,6.0,7.0,40,161
2025-03-28,motokar,HONDA,CIVIC,white,hybrid_petrol,W.P. Kuala Lumpur,2014,COMPACT,1.8,4,AV7,x,8.1,6.2,7.2,39,166
2025-03-28,motokar,HONDA,CIVIC,white,hybrid_petrol,W.P. Kuala Lumpur,2014,COMPACT,1.8,4,M5,x,8.5,6.6,7.6,37,175
2025-03-28,motokar,HONDA,CIVIC,white,petrol,Selangor,2014,COMPACT,1.8,4,AV,x,7.9,6.0,7.0,40,161
2025-03-28,motokar,HONDA,CIVIC,white,petrol,Selangor,2014,COMPACT,1.8,4,AV7,x,8.1,6.2,7.2,39,166
2025-03-28,motokar,HONDA,CIVIC,white,petrol,Selangor,2014,COMPACT,1.8,4,M5,x,8.5,6.6,7.6,37,175
2025-03-28,motokar,HONDA,CIVIC,grey,petrol,Selangor,2014,COMPACT,1.8,4,AV,x,7.9,6.0,7.0,40,161
2025-03-28,motokar,HONDA,CIVIC,grey,petrol,Selangor,2014,COMPACT,1.8,4,AV7,x,8.1,6.2,7.2,39,166
2025-03-28,motokar,HONDA,CIVIC,grey,petrol,Selangor,2014,COMPACT,1.8,4,M5,x,8.5,6.6,7.6,37,175
2025-03-28,motokar,HONDA,CIVIC,white,hybrid_petrol,Rakan Niaga,2014,COMPACT,1.8,4,AV,x,7.9,6.0,7.0,40,161
2025-03-28,motokar,HONDA,CIVIC,white,hybrid_petrol,Rakan Niaga,2014,COMPACT,1.8,4,AV7,x,8.1,6.2,7.2,39,166
2025-03-28,motokar,HONDA,CIVIC,white,hybrid_petrol,Rakan Niaga,2014,COMPACT,1.8,4,M5,x,8.5,6.6,7.6,37,175
2025-03-28,motokar,HONDA,CIVIC,white,petrol,Sarawak,2014,COMPACT,1.8,4,AV,x,7.9,6.0,7.0,40,161
2025-03-28,motokar,HONDA,CIVIC,white,petrol,Sarawak,2014,COMPACT,1.8,4,AV7,x,8.1,6.2,7.2,39,166
2025-03-28,motokar,HONDA,CIVIC,white,petrol,Sarawak,2014,COMPACT,1.8,4,M5,x,8.5,6.6,7.6,37,175
2025-03-28,motokar,HONDA,CIVIC,grey,petrol,Pulau Pinang,2014,COMPACT,1.8,4,AV,x,7.9,6.0,7.0,40,161
2025-03-28,motokar,HONDA,CIVIC,grey,petrol,Pulau Pinang,2014,COMPACT,1.8,4,AV7,x,8.1,6.2,7.2,39,166
2025-03-28,motokar,HONDA,CIVIC,grey,petrol,Pulau Pinang,2014,COMPACT,1.8,4,M5,x,8.5,6.6,7.6,37,175
2025-03-28,motokar,HONDA,CIVIC,blue,petrol,W.P. Kuala Lumpur,2014,COMPACT,1.8,4,AV,x,7.9,6.0,7.0,40,161
2025-03-28,motokar,HONDA,CIVIC,blue,petrol,W.P. Kuala Lumpur,2014,COMPACT,1.8,4,AV7,x,8.1,6.2,7.2,39,166
2025-03-28,motokar,HONDA,CIVIC,blue,petrol,W.P. Kuala Lumpur,2014,COMPACT,1.8,4,M5,x,8.5,6.6,7.6,37,175
2025-03-28,window_van,HONDA,ODYSSEY,white,petrol,Rakan Niaga,2014,MINIVAN,3.5,6,A6,x,12.3,8.5,10.6,27,244
2025-03-28,window_van,HONDA,ODYSSEY,black,petrol,W.P. Kuala Lumpur,2014,MINIVAN,3.5,6,A6,x,12.3,8.5,10.6,27,244
2025-03-28,window_van,HONDA,ODYSSEY,black,petrol,Rakan Niaga,2014,MINIVAN,3.5,6,A6,x,12.3,8.5,10.6,27,244
2025-03-28,window_van,HONDA,ODYSSEY,white,petrol,Selangor,2014,MINIVAN,3.5,6,A6,x,12.3,8.5,10.6,27,244
2025-03-28,jip,KIA,SPORTAGE,blue,petrol,Rakan Niaga,2014,SUV - SMALL,2.4,4,A6,x,11.4,8.3,10.0,28,230
2025-03-28,jip,KIA,SPORTAGE,blue,petrol,Rakan Niaga,2014,SUV - SMALL,2.4,4,M6,x,12.9,9.3,11.3,25,260
2025-03-28,jip,KIA,SPORTAGE,white,petrol,Rakan Niaga,2014,SUV - SMALL,2.4,4,A6,x,11.4,8.3,10.0,28,230
2025-03-28,jip,KIA,SPORTAGE,white,petrol,Rakan Niaga,2014,SUV - SMALL,2.4,4,M6,x,12.9,9.3,11.3,25,260
2025-03-28,jip,KIA,SPORTAGE,grey,petrol,Rakan Niaga,2014,SUV - SMALL,2.4,4,A6,x,11.4,8.3,10.0,28,230
2025-03-28,jip,KIA,SPORTAGE,grey,petrol,Rakan Niaga,2014,SUV - SMALL,2.4,4,M6,x,12.9,9.3,11.3,25,260
2025-03-28,jip,MAZDA,CX-5,grey,petrol,Rakan Niaga,2014,SUV - SMALL,2.0,4,AS6,x,8.9,7.3,8.2,34,189
2025-03-28,jip,MAZDA,CX-5,grey,petrol,Rakan Niaga,2014,SUV - SMALL,2.0,4,M6,x,9.0,6.8,8.0,35,184
2025-03-28,jip,MAZDA,CX-5,grey,petrol,Rakan Niaga,2014,SUV - SMALL,2.5,4,AS6,x,9.6,7.4,8.6,33,198
2025-03-28,jip,MAZDA,CX-5,black,petrol,Rakan Niaga,2014,SUV - SMALL,2.0,4,AS6,x,8.9,7.3,8.2,34,189
2025-03-28,jip,MAZDA,CX-5,black,petrol,Rakan Niaga,2014,SUV - SMALL,2.0,4,M6,x,9.0,6.8,8.0,35,184
2025-03-28,jip,MAZDA,CX-5,black,petrol,Rakan Niaga,2014,SUV - SMALL,2.5,4,AS6,x,9.6,7.4,8.6,33,198
2025-03-28,jip,MAZDA,CX-5,gold,petrol,Rakan Niaga,2014,SUV - SMALL,2.0,4,AS6,x,8.9,7.3,8.2,34,189
2025-03-28,jip,MAZDA,CX-5,gold,petrol,Rakan Niaga,2014,SUV - SMALL,2.0,4,M6,x,9.0,6.8,8.0,35,184
2025-03-28,jip,MAZDA,CX-5,gold,petrol,Rakan Niaga,2014,SUV - SMALL,2.5,4,AS6,x,9.6,7.4,8.6,33,198
2025-03-28,jip,MAZDA,CX-5,red,petrol,Rakan Niaga,2014,SUV - SMALL,2.0,4,AS6,x,8.9,7.3,8.2,34,189
2025-03-28,jip,MAZDA,CX-5,red,petrol,Rakan Niaga,2014,SUV - SMALL,2.0,4,M6,x,9.0,6.8,8.0,35,184
2025-03-28,jip,MAZDA,CX-5,red,petrol,Rakan Niaga,2014,SUV - SMALL,2.5,4,AS6,x,9.6,7.4,8.6,33,198
2025-03-28,jip,MAZDA,CX-5,blue,petrol,Rakan Niaga,2014,SUV - SMALL,2.0,4,AS6,x,8.9,7.3,8.2,34,189
2025-03-28,jip,MAZDA,CX-5,blue,petrol,Rakan Niaga,2014,SUV - SMALL,2.0,4,M6,x,9.0,6.8,8.0,35,184
2025-03-28,jip,MAZDA,CX-5,blue,petrol,Rakan Niaga,2014,SUV - SMALL,2.5,4,AS6,x,9.6,7.4,8.6,33,198
2025-03-28,motokar,MAZDA,MX-5,grey,petrol,Perak,2014,TWO-SEATER,2.0,4,AS6,z,11.5,8.5,10.2,28,235
2025-03-28,motokar,MAZDA,MX-5,grey,petrol,Perak,2014,TWO-SEATER,2.0,4,M5,z,10.5,8.5,9.6,29,221
2025-03-28,motokar,MAZDA,MX-5,grey,petrol,Perak,2014,TWO-SEATER,2.0,4,M6,z,11.1,8.4,9.9,29,228
2025-03-28,motokar,MAZDA,MX-5,brown,petrol,W.P. Kuala Lumpur,2014,TWO-SEATER,2.0,4,AS6,z,11.5,8.5,10.2,28,235
2025-03-28,motokar,MAZDA,MX-5,brown,petrol,W.P. Kuala Lumpur,2014,TWO-SEATER,2.0,4,M5,z,10.5,8.5,9.6,29,221
2025-03-28,motokar,MAZDA,MX-5,brown,petrol,W.P. Kuala Lumpur,2014,TWO-SEATER,2.0,4,M6,z,11.1,8.4,9.9,29,228
2025-03-28,motokar,MAZDA,MX-5,grey,petrol,Johor,2014,TWO-SEATER,2.0,4,AS6,z,11.5,8.5,10.2,28,235
2025-03-28,motokar,MAZDA,MX-5,grey,petrol,Johor,2014,TWO-SEATER,2.0,4,M5,z,10.5,8.5,9.6,29,221
2025-03-28,motokar,MAZDA,MX-5,grey,petrol,Johor,2014,TWO-SEATER,2.0,4,M6,z,11.1,8.4,9.9,29,228
2025-03-28,motokar,NISSAN,GT-R,pink,petrol,W.P. Kuala Lumpur,2014,SUBCOMPACT,3.8,6,AM6,z,14.5,10.9,12.9,22,297
2025-03-28,jip,PORSCHE,CAYENNE,grey,petrol,W.P. Kuala Lumpur,2014,SUV - STANDARD,3.6,6,A8,z,13.6,10.1,12.0,24,276
2025-03-28,jip,PORSCHE,CAYENNE,grey,petrol,W.P. Kuala Lumpur,2014,SUV - STANDARD,3.6,6,M6,z,15.8,10.9,13.6,21,313
2025-03-28,jip,PORSCHE,CAYENNE,white,hybrid_petrol,Selangor,2014,SUV - STANDARD,3.6,6,A8,z,13.6,10.1,12.0,24,276
2025-03-28,jip,PORSCHE,CAYENNE,white,hybrid_petrol,Selangor,2014,SUV - STANDARD,3.6,6,M6,z,15.8,10.9,13.6,21,313
2025-03-28,jip,PORSCHE,CAYENNE,grey,petrol,Selangor,2014,SUV - STANDARD,3.6,6,A8,z,13.6,10.1,12.0,24,276
2025-03-28,jip,PORSCHE,CAYENNE,grey,petrol,Selangor,2014,SUV - STANDARD,3.6,6,M6,z,15.8,10.9,13.6,21,313
2025-03-28,jip,PORSCHE,CAYENNE,white,petrol,Rakan Niaga,2014,SUV - STANDARD,3.6,6,A8,z,13.6,10.1,12.0,24,276
2025-03-28,jip,PORSCHE,CAYENNE,white,petrol,Rakan Niaga,2014,SUV - STANDARD,3.6,6,M6,z,15.8,10.9,13.6,21,313
2025-03-28,jip,PORSCHE,CAYENNE,black,petrol,Rakan Niaga,2014,SUV - STANDARD,3.6,6,A8,z,13.6,10.1,12.0,24,276
2025-03-28,jip,PORSCHE,CAYENNE,black,petrol,Rakan Niaga,2014,SUV - STANDARD,3.6,6,M6,z,15.8,10.9,13.6,21,313
2025-03-28,jip,PORSCHE,CAYENNE,grey,petrol,Rakan Niaga,2014,SUV - STANDARD,3.6,6,A8,z,13.6,10.1,12.0,24,276
2025-03-28,jip,PORSCHE,CAYENNE,grey,petrol,Rakan Niaga,2014,SUV - STANDARD,3.6,6,M6,z,15.8,10.9,13.6,21,313
2025-03-28,jip,PORSCHE,CAYENNE,black,hybrid_petrol,Selangor,2014,SUV - STANDARD,3.6,6,A8,z,13.6,10.1,12.0,24,276
2025-03-28,jip,PORSCHE,CAYENNE,black,hybrid_petrol,Selangor,2014,SUV - STANDARD,3.6,6,M6,z,15.8,10.9,13.6,21,313
2025-03-28,motokar,SUBARU,BRZ,blue,petrol,Rakan Niaga,2014,MINICOMPACT,2.0,4,AS6,z,9.6,7.1,8.5,33,196
2025-03-28,motokar,SUBARU,BRZ,blue,petrol,Rakan Niaga,2014,MINICOMPACT,2.0,4,M6,z,11.0,7.9,9.6,29,221
2025-03-28,motokar,TOYOTA,CAMRY,grey,hybrid_petrol,Rakan Niaga,2014,MID-SIZE,2.5,4,AS6,x,9.5,6.6,8.2,34,189
2025-03-28,motokar,TOYOTA,CAMRY,grey,hybrid_petrol,Rakan Niaga,2014,MID-SIZE,3.5,6,AS6,x,11.1,7.8,9.6,29,221
2025-03-28,motokar,TOYOTA,CAMRY,grey,petrol,Rakan Niaga,2014,MID-SIZE,2.5,4,AS6,x,9.5,6.6,8.2,34,189
2025-03-28,motokar,TOYOTA,CAMRY,grey,petrol,Rakan Niaga,2014,MID-SIZE,3.5,6,AS6,x,11.1,7.8,9.6,29,221
2025-03-28,motokar,TOYOTA,CAMRY,grey,petrol,Selangor,2014,MID-SIZE,2.5,4,AS6,x,9.5,6.6,8.2,34,189
2025-03-28,motokar,TOYOTA,CAMRY,grey,petrol,Selangor,2014,MID-SIZE,3.5,6,AS6,x,11.1,7.8,9.6,29,221
2025-03-28,motokar,TOYOTA,CAMRY,grey,hybrid_petrol,Johor,2014,MID-SIZE,2.5,4,AS6,x,9.5,6.6,8.2,34,189
2025-03-28,motokar,TOYOTA,CAMRY,grey,hybrid_petrol,Johor,2014,MID-SIZE,3.5,6,AS6,x,11.1,7.8,9.6,29,221
2025-03-28,motokar,TOYOTA,CAMRY,white,hybrid_petrol,Johor,2014,MID-SIZE,2.5,4,AS6,x,9.5,6.6,8.2,34,189
2025-03-28,motokar,TOYOTA,CAMRY,white,hybrid_petrol,Johor,2014,MID-SIZE,3.5,6,AS6,x,11.1,7.8,9.6,29,221
2025-03-28,motokar,TOYOTA,COROLLA,silver,petrol,Selangor,2014,MID-SIZE,1.8,4,A4,x,8.6,6.5,7.7,37,177
2025-03-28,motokar,TOYOTA,COROLLA,silver,petrol,Selangor,2014,MID-SIZE,1.8,4,AV7,x,8.1,6.3,7.3,39,168
2025-03-28,motokar,TOYOTA,COROLLA,silver,petrol,Selangor,2014,MID-SIZE,1.8,4,AV,x,8.0,5.9,7.1,40,163
2025-03-28,motokar,TOYOTA,COROLLA,silver,petrol,Selangor,2014,MID-SIZE,1.8,4,M6,x,8.3,6.3,7.4,38,170
2025-03-28,motokar,TOYOTA,COROLLA,white,petrol,Selangor,2014,MID-SIZE,1.8,4,A4,x,8.6,6.5,7.7,37,177
2025-03-28,motokar,TOYOTA,COROLLA,white,petrol,Selangor,2014,MID-SIZE,1.8,4,AV7,x,8.1,6.3,7.3,39,168
2025-03-28,motokar,TOYOTA,COROLLA,white,petrol,Selangor,2014,MID-SIZE,1.8,4,AV,x,8.0,5.9,7.1,40,163
2025-03-28,motokar,TOYOTA,COROLLA,white,petrol,Selangor,2014,MID-SIZE,1.8,4,M6,x,8.3,6.3,7.4,38,170
2025-03-28,motokar,TOYOTA,COROLLA,red,petrol,Selangor,2014,MID-SIZE,1.8,4,A4,x,8.6,6.5,7.7,37,177
2025-03-28,motokar,TOYOTA,COROLLA,red,petrol,Selangor,2014,MID-SIZE,1.8,4,AV7,x,8.1,6.3,7.3,39,168
2025-03-28,motokar,TOYOTA,COROLLA,red,petrol,Selangor,2014,MID-SIZE,1.8,4,AV,x,8.0,5.9,7.1,40,163
2025-03-28,motokar,TOYOTA,COROLLA,red,petrol,Selangor,2014,MID-SIZE,1.8,4,M6,x,8.3,6.3,7.4,38,170
2025-03-28,motokar,TOYOTA,COROLLA,black,petrol,Rakan Niaga,2014,MID-SIZE,1.8,4,A4,x,8.6,6.5,7.7,37,177
2025-03-28,motokar,TOYOTA,COROLLA,black,petrol,Rakan Niaga,2014,MID-SIZE,1.8,4,AV7,x,8.1,6.3,7.3,39,168
2025-03-28,motokar,TOYOTA,COROLLA,black,petrol,Rakan Niaga,2014,MID-SIZE,1.8,4,AV,x,8.0,5.9,7.1,40,163
2025-03-28,motokar,TOYOTA,COROLLA,black,petrol,Rakan Niaga,2014,MID-SIZE,1.8,4,M6,x,8.3,6.3,7.4,38,170
2025-03-28,jip,TOYOTA,RAV4,black,petrol,W.P. Kuala Lumpur,2014,SUV - SMALL,2.5,4,AS6,x,10.0,7.6,8.9,32,205
2025-03-28,motokar,TOYOTA,YARIS,silver,petrol,Rakan Niaga,2014,COMPACT,1.5,4,A4,x,7.9,6.6,7.3,39,168
2025-03-28,motokar,TOYOTA,YARIS,silver,petrol,Rakan Niaga,2014,COMPACT,1.5,4,M5,x,7.8,6.3,7.1,40,163
2025-03-28,motokar,TOYOTA,YARIS,white,petrol,Melaka,2014,COMPACT,1.5,4,A4,x,7.9,6.6,7.3,39,168
2025-03-28,motokar,TOYOTA,YARIS,white,petrol,Melaka,2014,COMPACT,1.5,4,M5,x,7.8,6.3,7.1,40,163
2025-03-28,motokar,TOYOTA,YARIS,red,petrol,Rakan Niaga,2014,COMPACT,1.5,4,A4,x,7.9,6.6,7.3,39,168
2025-03-28,motokar,TOYOTA,YARIS,red,petrol,Rakan Niaga,2014,COMPACT,1.5,4,M5,x,7.8,6.3,7.1,40,163
2025-03-28,motokar,TOYOTA,YARIS,white,petrol,Rakan Niaga,2014,COMPACT,1.5,4,A4,x,7.9,6.6,7.3,39,168
2025-03-28,motokar,TOYOTA,YARIS,white,petrol,Rakan Niaga,2014,COMPACT,1.5,4,M5,x,7.8,6.3,7.1,40,163
2025-03-28,motokar,TOYOTA,YARIS,white,petrol,Selangor,2014,COMPACT,1.5,4,A4,x,7.9,6.6,7.3,39,168
2025-03-28,motokar,TOYOTA,YARIS,white,petrol,Selangor,2014,COMPACT,1.5,4,M5,x,7.8,6.3,7.1,40,163
2025-03-28,motokar,TOYOTA,YARIS,red,petrol,Selangor,2014,COMPACT,1.5,4,A4,x,7.9,6.6,7.3,39,168
2025-03-28,motokar,TOYOTA,YARIS,red,petrol,Selangor,2014,COMPACT,1.5,4,M5,x,7.8,6.3,7.1,40,163
2025-03-28,motokar,TOYOTA,YARIS,black,petrol,Rakan Niaga,2014,COMPACT,1.5,4,A4,x,7.9,6.6,7.3,39,168
2025-03-28,motokar,TOYOTA,YARIS,black,petrol,Rakan Niaga,2014,COMPACT,1.5,4,M5,x,7.8,6.3,7.1,40,163
2025-03-28,motokar,TOYOTA,YARIS,silver,petrol,W.P. Kuala Lumpur,2014,COMPACT,1.5,4,A4,x,7.9,6.6,7.3,39,168
2025-03-28,motokar,TOYOTA,YARIS,silver,petrol,W.P. Kuala Lumpur,2014,COMPACT,1.5,4,M5,x,7.8,6.3,7.1,40,163
2025-03-28,jip,VOLKSWAGEN,TIGUAN,grey,petrol,Rakan Niaga,2014,SUV - SMALL,2.0,4,A6,z,11.7,9.5,10.7,26,246
2025-03-28,jip,VOLKSWAGEN,TIGUAN,grey,petrol,Rakan Niaga,2014,SUV - SMALL,2.0,4,M6,z,13.6,9.2,11.6,24,267
2025-03-28,jip,VOLKSWAGEN,TIGUAN,black,petrol,Johor,2014,SUV - SMALL,2.0,4,A6,z,11.7,9.5,10.7,26,246
2025-03-28,jip,VOLKSWAGEN,TIGUAN,black,petrol,Johor,2014,SUV - SMALL,2.0,4,M6,z,13.6,9.2,11.6,24,267
2025-03-28,jip,VOLKSWAGEN,TIGUAN,blue,petrol,Rakan Niaga,2014,SUV - SMALL,2.0,4,A6,z,11.7,9.5,10.7,26,246
2025-03-28,jip,VOLKSWAGEN,TIGUAN,blue,petrol,Rakan Niaga,2014,SUV - SMALL,2.0,4,M6,z,13.6,9.2,11.6,24,267
2025-03-28,jip,VOLKSWAGEN,TIGUAN,white,petrol,Rakan Niaga,2014,SUV - SMALL,2.0,4,A6,z,11.7,9.5,10.7,26,246
2025-03-28,jip,VOLKSWAGEN,TIGUAN,white,petrol,Rakan Niaga,2014,SUV - SMALL,2.0,4,M6,z,13.6,9.2,11.6,24,267
2025-03-28,jip,VOLKSWAGEN,TIGUAN,silver,petrol,Rakan Niaga,2014,SUV - SMALL,2.0,4,A6,z,11.7,9.5,10.7,26,246
2025-03-28,jip,VOLKSWAGEN,TIGUAN,silver,petrol,Rakan Niaga,2014,SUV - SMALL,2.0,4,M6,z,13.6,9.2,11.6,24,267
2025-03-28,jip,VOLKSWAGEN,TIGUAN,white,petrol,W.P. Kuala Lumpur,2014,SUV - SMALL,2.0,4,A6,z,11.7,9.5,10.7,26,246
2025-03-28,jip,VOLKSWAGEN,TIGUAN,white,petrol,W.P. Kuala Lumpur,2014,SUV - SMALL,2.0,4,M6,z,13.6,9.2,11.6,24,267
2025-03-28,jip,VOLKSWAGEN,TIGUAN,black,petrol,Selangor,2014,SUV - SMALL,2.0,4,A6,z,11.7,9.5,10.7,26,246
2025-03-28,jip,VOLKSWAGEN,TIGUAN,black,petrol,Selangor,2014,SUV - SMALL,2.0,4,M6,z,13.6,9.2,11.6,24,267
2025-03-28,jip,VOLKSWAGEN,TIGUAN,black,petrol,Rakan Niaga,2014,SUV - SMALL,2.0,4,A6,z,11.7,9.5,10.7,26,246
2025-03-28,jip,VOLKSWAGEN,TIGUAN,black,petrol,Rakan Niaga,2014,SUV - SMALL,2.0,4,M6,z,13.6,9.2,11.6,24,267
2025-03-28,jip,VOLKSWAGEN,TOUAREG,silver,petrol,Rakan Niaga,2014,SUV - STANDARD,3.6,6,AS8,z,13.8,10.3,12.2,23,281
2025-03-28,jip,VOLKSWAGEN,TOUAREG,blue,petrol,Rakan Niaga,2014,SUV - STANDARD,3.6,6,AS8,z,13.8,10.3,12.2,23,281
2025-03-28,jip,VOLVO,XC60,black,hybrid_petrol,Rakan Niaga,2014,SUV - SMALL,3.2,6,AS6,x,13.0,8.9,11.2,25,258
2025-03-28,jip,VOLVO,XC60,blue,hybrid_petrol,Rakan Niaga,2014,SUV - SMALL,3.2,6,AS6,x,13.0,8.9,11.2,25,258
2025-03-28,jip,VOLVO,XC60,grey,hybrid_petrol,W.P. Kuala Lumpur,2014,SUV - SMALL,3.2,6,AS6,x,13.0,8.9,11.2,25,258
2025-03-28,jip,VOLVO,XC60,beige,hybrid_petrol,Rakan Niaga,2014,SUV - SMALL,3.2,6,AS6,x,13.0,8.9,11.2,25,258
2025-03-28,jip,VOLVO,XC60,white,hybrid_petrol,Rakan Niaga,2014,SUV - SMALL,3.2,6,AS6,x,13.0,8.9,11.2,25,258
2025-03-28,jip,VOLVO,XC60,gold,hybrid_petrol,Rakan Niaga,2014,SUV - SMALL,3.2,6,AS6,x,13.0,8.9,11.2,25,258
2025-03-29,jip,HONDA,CR-V,white,petrol,Rakan Niaga,2014,SUV - SMALL,2.4,4,A5,x,10.3,7.6,9.1,31,209
2025-03-29,jip,HONDA,CR-V,blue,petrol,Rakan Niaga,2014,SUV - SMALL,2.4,4,A5,x,10.3,7.6,9.1,31,209
2025-03-29,jip,HONDA,CR-V,grey,petrol,Rakan Niaga,2014,SUV - SMALL,2.4,4,A5,x,10.3,7.6,9.1,31,209
2025-03-29,jip,HONDA,CR-V,white,hybrid_petrol,Rakan Niaga,2014,SUV - SMALL,2.4,4,A5,x,10.3,7.6,9.1,31,209
2025-03-29,jip,HONDA,CR-V,red,petrol,Rakan Niaga,2014,SUV - SMALL,2.4,4,A5,x,10.3,7.6,9.1,31,209
2025-03-29,jip,HONDA,CR-V,silver,petrol,Rakan Niaga,2014,SUV - SMALL,2.4,4,A5,x,10.3,7.6,9.1,31,209
2025-03-29,jip,HONDA,CR-V,blue,hybrid_petrol,Rakan Niaga,2014,SUV - SMALL,2.4,4,A5,x,10.3,7.6,9.1,31,209
2025-03-29,jip,HONDA,CR-V,grey,hybrid_petrol,Rakan Niaga,2014,SUV - SMALL,2.4,4,A5,x,10.3,7.6,9.1,31,209
2025-03-29,jip,HONDA,CR-V,silver,hybrid_petrol,Rakan Niaga,2014,SUV - SMALL,2.4,4,A5,x,10.3,7.6,9.1,31,209
2025-03-29,motokar,HONDA,CIVIC,blue,petrol,Rakan Niaga,2014,COMPACT,1.8,4,AV,x,7.9,6.0,7.0,40,161
2025-03-29,motokar,HONDA,CIVIC,blue,petrol,Rakan Niaga,2014,COMPACT,1.8,4,AV7,x,8.1,6.2,7.2,39,166
2025-03-29,motokar,HONDA,CIVIC,blue,petrol,Rakan Niaga,2014,COMPACT,1.8,4,M5,x,8.5,6.6,7.6,37,175
2025-03-29,motokar,HONDA,CIVIC,white,petrol,Rakan Niaga,2014,COMPACT,1.8,4,AV,x,7.9,6.0,7.0,40,161
2025-03-29,motokar,HONDA,CIVIC,white,petrol,Rakan Niaga,2014,COMPACT,1.8,4,AV7,x,8.1,6.2,7.2,39,166
2025-03-29,motokar,HONDA,CIVIC,white,petrol,Rakan Niaga,2014,COMPACT,1.8,4,M5,x,8.5,6.6,7.6,37,175
2025-03-29,motokar,HONDA,CIVIC,grey,petrol,Rakan Niaga,2014,COMPACT,1.8,4,AV,x,7.9,6.0,7.0,40,161
2025-03-29,motokar,HONDA,CIVIC,grey,petrol,Rakan Niaga,2014,COMPACT,1.8,4,AV7,x,8.1,6.2,7.2,39,166
2025-03-29,motokar,HONDA,CIVIC,grey,petrol,Rakan Niaga,2014,COMPACT,1.8,4,M5,x,8.5,6.6,7.6,37,175
2025-03-29,motokar,HONDA,CIVIC,black,petrol,Rakan Niaga,2014,COMPACT,1.8,4,AV,x,7.9,6.0,7.0,40,161
2025-03-29,motokar,HONDA,CIVIC,black,petrol,Rakan Niaga,2014,COMPACT,1.8,4,AV7,x,8.1,6.2,7.2,39,166
2025-03-29,motokar,HONDA,CIVIC,black,petrol,Rakan Niaga,2014,COMPACT,1.8,4,M5,x,8.5,6.6,7.6,37,175
2025-03-29,motokar,HONDA,CIVIC,red,petrol,Rakan Niaga,2014,COMPACT,1.8,4,AV,x,7.9,6.0,7.0,40,161
2025-03-29,motokar,HONDA,CIVIC,red,petrol,Rakan Niaga,2014,COMPACT,1.8,4,AV7,x,8.1,6.2,7.2,39,166
2025-03-29,motokar,HONDA,CIVIC,red,petrol,Rakan Niaga,2014,COMPACT,1.8,4,M5,x,8.5,6.6,7.6,37,175
2025-03-29,motokar,HONDA,CIVIC,white,hybrid_petrol,Rakan Niaga,2014,COMPACT,1.8,4,AV,x,7.9,6.0,7.0,40,161
2025-03-29,motokar,HONDA,CIVIC,white,hybrid_petrol,Rakan Niaga,2014,COMPACT,1.8,4,AV7,x,8.1,6.2,7.2,39,166
2025-03-29,motokar,HONDA,CIVIC,white,hybrid_petrol,Rakan Niaga,2014,COMPACT,1.8,4,M5,x,8.5,6.6,7.6,37,175
2025-03-29,jip,MAZDA,CX-5,gold,petrol,Rakan Niaga,2014,SUV - SMALL,2.0,4,AS6,x,8.9,7.3,8.2,34,189
2025-03-29,jip,MAZDA,CX-5,gold,petrol,Rakan Niaga,2014,SUV - SMALL,2.0,4,M6,x,9.0,6.8,8.0,35,184
2025-03-29,jip,MAZDA,CX-5,gold,petrol,Rakan Niaga,2014,SUV - SMALL,2.5,4,AS6,x,9.6,7.4,8.6,33,198
2025-03-29,motokar,TOYOTA,YARIS,red,petrol,Rakan Niaga,2014,COMPACT,1.5,4,A4,x,7.9,6.6,7.3,39,168
2025-03-29,motokar,TOYOTA,YARIS,red,petrol,Rakan Niaga,2014,COMPACT,1.5,4,M5,x,7.8,6.3,7.1,40,163
2025-03-29,motokar,TOYOTA,YARIS,silver,petrol,Rakan Niaga,2014,COMPACT,1.5,4,A4,x,7.9,6.6,7.3,39,168
2025-03-29,motokar,TOYOTA,YARIS,silver,petrol,Rakan Niaga,2014,COMPACT,1.5,4,M5,x,7.8,6.3,7.1,40,163
2025-03-29,jip,VOLVO,XC60,white,hybrid_petrol,Rakan Niaga,2014,SUV - SMALL,3.2,6,AS6,x,13.0,8.9,11.2,25,258
2025-03-30,jip,HONDA,CR-V,grey,hybrid_petrol,Rakan Niaga,2014,SUV - SMALL,2.4,4,A5,x,10.3,7.6,9.1,31,209
2025-03-30,jip,HONDA,CR-V,blue,petrol,Rakan Niaga,2014,SUV - SMALL,2.4,4,A5,x,10.3,7.6,9.1,31,209
2025-03-30,jip,HONDA,CR-V,white,petrol,Rakan Niaga,2014,SUV - SMALL,2.4,4,A5,x,10.3,7.6,9.1,31,209
2025-03-30,motokar,HONDA,CIVIC,white,petrol,Rakan Niaga,2014,COMPACT,1.8,4,AV,x,7.9,6.0,7.0,40,161
2025-03-30,motokar,HONDA,CIVIC,white,petrol,Rakan Niaga,2014,COMPACT,1.8,4,AV7,x,8.1,6.2,7.2,39,166
2025-03-30,motokar,HONDA,CIVIC,white,petrol,Rakan Niaga,2014,COMPACT,1.8,4,M5,x,8.5,6.6,7.6,37,175
2025-03-31,jip,HONDA,CR-V,blue,petrol,Rakan Niaga,2014,SUV - SMALL,2.4,4,A5,x,10.3,7.6,9.1,31,209
2025-04-01,motokar,TOYOTA,YARIS,silver,petrol,Rakan Niaga,2014,COMPACT,1.5,4,A4,x,7.9,6.6,7.3,39,168
2025-04-01,motokar,TOYOTA,YARIS,silver,petrol,Rakan Niaga,2014,COMPACT,1.5,4,M5,x,7.8,6.3,7.1,40,163
2025-04-02,jip,HONDA,CR-V,silver,petrol,W.P. Kuala Lumpur,2014,SUV - SMALL,2.4,4,A5,x,10.3,7.6,9.1,31,209
2025-04-02,motokar,TOYOTA,YARIS,red,petrol,Rakan Niaga,2014,COMPACT,1.5,4,A4,x,7.9,6.6,7.3,39,168
2025-04-02,motokar,TOYOTA,YARIS,red,petrol,Rakan Niaga,2014,COMPACT,1.5,4,M5,x,7.8,6.3,7.1,40,163
2025-04-02,motokar,TOYOTA,YARIS,silver,petrol,Rakan Niaga,2014,COMPACT,1.5,4,A4,x,7.9,6.6,7.3,39,168
2025-04-02,motokar,TOYOTA,YARIS,silver,petrol,Rakan Niaga,2014,COMPACT,1.5,4,M5,x,7.8,6.3,7.1,40,163
2025-04-02,motokar,TOYOTA,YARIS,white,petrol,Rakan Niaga,2014,COMPACT,1.5,4,A4,x,7.9,6.6,7.3,39,168
2025-04-02,motokar,TOYOTA,YARIS,white,petrol,Rakan Niaga,2014,COMPACT,1.5,4,M5,x,7.8,6.3,7.1,40,163
2025-04-03,motokar,HONDA,CIVIC,red,petrol,Johor,2014,COMPACT,1.8,4,AV,x,7.9,6.0,7.0,40,161
2025-04-03,motokar,HONDA,CIVIC,red,petrol,Johor,2014,COMPACT,1.8,4,AV7,x,8.1,6.2,7.2,39,166
2025-04-03,motokar,HONDA,CIVIC,red,petrol,Johor,2014,COMPACT,1.8,4,M5,x,8.5,6.6,7.6,37,175
2025-04-03,jip,MAZDA,CX-5,grey,petrol,W.P. Kuala Lumpur,2014,SUV - SMALL,2.0,4,AS6,x,8.9,7.3,8.2,34,189
2025-04-03,jip,MAZDA,CX-5,grey,petrol,W.P. Kuala Lumpur,2014,SUV - SMALL,2.0,4,M6,x,9.0,6.8,8.0,35,184
2025-04-03,jip,MAZDA,CX-5,grey,petrol,W.P. Kuala Lumpur,2014,SUV - SMALL,2.5,4,AS6,x,9.6,7.4,8.6,33,198
2025-04-03,jip,MAZDA,CX-5,grey,petrol,Johor,2014,SUV - SMALL,2.0,4,AS6,x,8.9,7.3,8.2,34,189
2025-04-03,jip,MAZDA,CX-5,grey,petrol,Johor,2014,SUV - SMALL,2.0,4,M6,x,9.0,6.8,8.0,35,184
2025-04-03,jip,MAZDA,CX-5,grey,petrol,Johor,2014,SUV - SMALL,2.5,4,AS6,x,9.6,7.4,8.6,33,198
2025-04-03,jip,MAZDA,CX-5,grey,petrol,Rakan Niaga,2014,SUV - SMALL,2.0,4,AS6,x,8.9,7.3,8.2,34,189
2025-04-03,jip,MAZDA,CX-5,grey,petrol,Rakan Niaga,2014,SUV - SMALL,2.0,4,M6,x,9.0,6.8,8.0,35,184
2025-04-03,jip,MAZDA,CX-5,grey,petrol,Rakan Niaga,2014,SUV - SMALL,2.5,4,AS6,x,9.6,7.4,8.6,33,198
2025-04-03,jip,MAZDA,CX-5,gold,petrol,Rakan Niaga,2014,SUV - SMALL,2.0,4,AS6,x,8.9,7.3,8.2,34,189
2025-04-03,jip,MAZDA,CX-5,gold,petrol,Rakan Niaga,2014,SUV - SMALL,2.0,4,M6,x,9.0,6.8,8.0,35,184
2025-04-03,jip,MAZDA,CX-5,gold,petrol,Rakan Niaga,2014,SUV - SMALL,2.5,4,AS6,x,9.6,7.4,8.6,33,198
2025-04-03,jip,MAZDA,CX-5,red,petrol,Rakan Niaga,2014,SUV - SMALL,2.0,4,AS6,x,8.9,7.3,8.2,34,189
2025-04-03,jip,MAZDA,CX-5,red,petrol,Rakan Niaga,2014,SUV - SMALL,2.0,4,M6,x,9.0,6.8,8.0,35,184
2025-04-03,jip,MAZDA,CX-5,red,petrol,Rakan Niaga,2014,SUV - SMALL,2.5,4,AS6,x,9.6,7.4,8.6,33,198
2025-04-03,motokar,MAZDA,MX-5,red,petrol,Selangor,2014,TWO-SEATER,2.0,4,AS6,z,11.5,8.5,10.2,28,235
2025-04-03,motokar,MAZDA,MX-5,red,petrol,Selangor,2014,TWO-SEATER,2.0,4,M5,z,10.5,8.5,9.6,29,221
2025-04-03,motokar,MAZDA,MX-5,red,petrol,Selangor,2014,TWO-SEATER,2.0,4,M6,z,11.1,8.4,9.9,29,228
2025-04-03,motokar,MAZDA,MX-5,white,petrol,Rakan Niaga,2014,TWO-SEATER,2.0,4,AS6,z,11.5,8.5,10.2,28,235
2025-04-03,motokar,MAZDA,MX-5,white,petrol,Rakan Niaga,2014,TWO-SEATER,2.0,4,M5,z,10.5,8.5,9.6,29,221
2025-04-03,motokar,MAZDA,MX-5,white,petrol,Rakan Niaga,2014,TWO-SEATER,2.0,4,M6,z,11.1,8.4,9.9,29,228
2025-04-03,jip,PORSCHE,CAYENNE,black,petrol,W.P. Kuala Lumpur,2014,SUV - STANDARD,3.6,6,A8,z,13.6,10.1,12.0,24,276
2025-04-03,jip,PORSCHE,CAYENNE,black,petrol,W.P. Kuala Lumpur,2014,SUV - STANDARD,3.6,6,M6,z,15.8,10.9,13.6,21,313
2025-04-03,motokar,TOYOTA,CAMRY,black,petrol,Rakan Niaga,2014,MID-SIZE,2.5,4,AS6,x,9.5,6.6,8.2,34,189
2025-04-03,motokar,TOYOTA,CAMRY,black,petrol,Rakan Niaga,2014,MID-SIZE,3.5,6,AS6,x,11.1,7.8,9.6,29,221
2025-04-03,motokar,TOYOTA,COROLLA,white,petrol,Rakan Niaga,2014,MID-SIZE,1.8,4,A4,x,8.6,6.5,7.7,37,177
2025-04-03,motokar,TOYOTA,COROLLA,white,petrol,Rakan Niaga,2014,MID-SIZE,1.8,4,AV7,x,8.1,6.3,7.3,39,168
2025-04-03,motokar,TOYOTA,COROLLA,white,petrol,Rakan Niaga,2014,MID-SIZE,1.8,4,AV,x,8.0,5.9,7.1,40,163
2025-04-03,motokar,TOYOTA,COROLLA,white,petrol,Rakan Niaga,2014,MID-SIZE,1.8,4,M6,x,8.3,6.3,7.4,38,170
2025-04-03,motokar,TOYOTA,YARIS,white,petrol,Rakan Niaga,2014,COMPACT,1.5,4,A4,x,7.9,6.6,7.3,39,168
2025-04-03,motokar,TOYOTA,YARIS,white,petrol,Rakan Niaga,2014,COMPACT,1.5,4,M5,x,7.8,6.3,7.1,40,163
2025-04-03,motokar,TOYOTA,YARIS,silver,petrol,Rakan Niaga,2014,COMPACT,1.5,4,A4,x,7.9,6.6,7.3,39,168
2025-04-03,motokar,TOYOTA,YARIS,silver,petrol,Rakan Niaga,2014,COMPACT,1.5,4,M5,x,7.8,6.3,7.1,40,163
2025-04-03,motokar,TOYOTA,YARIS,red,petrol,Rakan Niaga,2014,COMPACT,1.5,4,A4,x,7.9,6.6,7.3,39,168
2025-04-03,motokar,TOYOTA,YARIS,red,petrol,Rakan Niaga,2014,COMPACT,1.5,4,M5,x,7.8,6.3,7.1,40,163
2025-04-03,motokar,TOYOTA,YARIS,white,petrol,Pulau Pinang,2014,COMPACT,1.5,4,A4,x,7.9,6.6,7.3,39,168
2025-04-03,motokar,TOYOTA,YARIS,white,petrol,Pulau Pinang,2014,COMPACT,1.5,4,M5,x,7.8,6.3,7.1,40,163
2025-04-03,jip,VOLKSWAGEN,TIGUAN,grey,petrol,W.P. Kuala Lumpur,2014,SUV - SMALL,2.0,4,A6,z,11.7,9.5,10.7,26,246
2025-04-03,jip,VOLKSWAGEN,TIGUAN,grey,petrol,W.P. Kuala Lumpur,2014,SUV - SMALL,2.0,4,M6,z,13.6,9.2,11.6,24,267
2025-04-04,jip,HONDA,CR-V,grey,petrol,Rakan Niaga,2014,SUV - SMALL,2.4,4,A5,x,10.3,7.6,9.1,31,209
2025-04-04,motokar,HONDA,CIVIC,grey,petrol,Rakan Niaga,2014,COMPACT,1.8,4,AV,x,7.9,6.0,7.0,40,161
2025-04-04,motokar,HONDA,CIVIC,grey,petrol,Rakan Niaga,2014,COMPACT,1.8,4,AV7,x,8.1,6.2,7.2,39,166
2025-04-04,motokar,HONDA,CIVIC,grey,petrol,Rakan Niaga,2014,COMPACT,1.8,4,M5,x,8.5,6.6,7.6,37,175
2025-04-04,motokar,HONDA,CIVIC,black,petrol,Rakan Niaga,2014,COMPACT,1.8,4,AV,x,7.9,6.0,7.0,40,161
2025-04-04,motokar,HONDA,CIVIC,black,petrol,Rakan Niaga,2014,COMPACT,1.8,4,AV7,x,8.1,6.2,7.2,39,166
2025-04-04,motokar,HONDA,CIVIC,black,petrol,Rakan Niaga,2014,COMPACT,1.8,4,M5,x,8.5,6.6,7.6,37,175
2025-04-04,motokar,HONDA,FIT,black,petrol,W.P. Kuala Lumpur,2014,STATION WAGON - SMALL,1.5,4,A5,x,8.3,6.5,7.5,38,172
2025-04-04,motokar,HONDA,FIT,black,petrol,W.P. Kuala Lumpur,2014,STATION WAGON - SMALL,1.5,4,M5,x,8.3,6.9,7.7,37,177
2025-04-04,jip,MAZDA,CX-5,red,petrol,Selangor,2014,SUV - SMALL,2.0,4,AS6,x,8.9,7.3,8.2,34,189
2025-04-04,jip,MAZDA,CX-5,red,petrol,Selangor,2014,SUV - SMALL,2.0,4,M6,x,9.0,6.8,8.0,35,184
2025-04-04,jip,MAZDA,CX-5,red,petrol,Selangor,2014,SUV - SMALL,2.5,4,AS6,x,9.6,7.4,8.6,33,198
2025-04-04,jip,MAZDA,CX-5,grey,petrol,Rakan Niaga,2014,SUV - SMALL,2.0,4,AS6,x,8.9,7.3,8.2,34,189
2025-04-04,jip,MAZDA,CX-5,grey,petrol,Rakan Niaga,2014,SUV - SMALL,2.0,4,M6,x,9.0,6.8,8.0,35,184
2025-04-04,jip,MAZDA,CX-5,grey,petrol,Rakan Niaga,2014,SUV - SMALL,2.5,4,AS6,x,9.6,7.4,8.6,33,198
2025-04-04,jip,MAZDA,CX-5,gold,petrol,Rakan Niaga,2014,SUV - SMALL,2.0,4,AS6,x,8.9,7.3,8.2,34,189
2025-04-04,jip,MAZDA,CX-5,gold,petrol,Rakan Niaga,2014,SUV - SMALL,2.0,4,M6,x,9.0,6.8,8.0,35,184
2025-04-04,jip,MAZDA,CX-5,gold,petrol,Rakan Niaga,2014,SUV - SMALL,2.5,4,AS6,x,9.6,7.4,8.6,33,198
2025-04-04,motokar,MAZDA,MX-5,grey,petrol,Selangor,2014,TWO-SEATER,2.0,4,AS6,z,11.5,8.5,10.2,28,235
2025-04-04,motokar,MAZDA,MX-5,grey,petrol,Selangor,2014,TWO-SEATER,2.0,4,M5,z,10.5,8.5,9.6,29,221
2025-04-04,motokar,MAZDA,MX-5,grey,petrol,Selangor,2014,TWO-SEATER,2.0,4,M6,z,11.1,8.4,9.9,29,228
2025-04-04,motokar,MAZDA,MX-5,white,petrol,Johor,2014,TWO-SEATER,2.0,4,AS6,z,11.5,8.5,10.2,28,235
2025-04-04,motokar,MAZDA,MX-5,white,petrol,Johor,2014,TWO-SEATER,2.0,4,M5,z,10.5,8.5,9.6,29,221
2025-04-04,motokar,MAZDA,MX-5,white,petrol,Johor,2014,TWO-SEATER,2.0,4,M6,z,11.1,8.4,9.9,29,228
2025-04-04,motokar,PORSCHE,911 CARRERA,blue,petrol,Pulau Pinang,2014,MINICOMPACT,3.4,6,AM7,z,11.6,8.3,10.1,28,232
2025-04-04,motokar,PORSCHE,911 CARRERA,blue,petrol,Pulau Pinang,2014,MINICOMPACT,3.4,6,M7,z,12.5,8.6,10.7,26,246
2025-04-04,jip,PORSCHE,CAYENNE,black,petrol,Selangor,2014,SUV - STANDARD,3.6,6,A8,z,13.6,10.1,12.0,24,276
2025-04-04,jip,PORSCHE,CAYENNE,black,petrol,Selangor,2014,SUV - STANDARD,3.6,6,M6,z,15.8,10.9,13.6,21,313
2025-04-04,motokar,TOYOTA,YARIS,silver,petrol,Rakan Niaga,2014,COMPACT,1.5,4,A4,x,7.9,6.6,7.3,39,168
2025-04-04,motokar,TOYOTA,YARIS,silver,petrol,Rakan Niaga,2014,COMPACT,1.5,4,M5,x,7.8,6.3,7.1,40,163
2025-04-04,motokar,TOYOTA,YARIS,white,petrol,Rakan Niaga,2014,COMPACT,1.5,4,A4,x,7.9,6.6,7.3,39,168
2025-04-04,motokar,TOYOTA,YARIS,white,petrol,Rakan Niaga,2014,COMPACT,1.5,4,M5,x,7.8,6.3,7.1,40,163
2025-04-04,motokar,TOYOTA,YARIS,red,petrol,W.P. Kuala Lumpur,2014,COMPACT,1.5,4,A4,x,7.9,6.6,7.3,39,168
2025-04-04,motokar,TOYOTA,YARIS,red,petrol,W.P. Kuala Lumpur,2014,COMPACT,1.5,4,M5,x,7.8,6.3,7.1,40,163
2025-04-04,motokar,TOYOTA,YARIS,red,petrol,Rakan Niaga,2014,COMPACT,1.5,4,A4,x,7.9,6.6,7.3,39,168
2025-04-04,motokar,TOYOTA,YARIS,red,petrol,Rakan Niaga,2014,COMPACT,1.5,4,M5,x,7.8,6.3,7.1,40,163
2025-04-04,jip,VOLVO,XC60,black,hybrid_petrol,Rakan Niaga,2014,SUV - SMALL,3.2,6,AS6,x,13.0,8.9,11.2,25,258
2025-04-04,jip,VOLVO,XC60,blue,hybrid_petrol,Rakan Niaga,2014,SUV - SMALL,3.2,6,AS6,x,13.0,8.9,11.2,25,258
2025-04-04,jip,VOLVO,XC60,white,hybrid_petrol,Rakan Niaga,2014,SUV - SMALL,3.2,6,AS6,x,13.0,8.9,11.2,25,258
2025-04-04,jip,VOLVO,XC60,grey,hybrid_petrol,Rakan Niaga,2014,SUV - SMALL,3.2,6,AS6,x,13.0,8.9,11.2,25,258
2025-04-05,jip,MAZDA,CX-5,white,petrol,Rakan Niaga,2014,SUV - SMALL,2.0,4,AS6,x,8.9,7.3,8.2,34,189
2025-04-05,jip,MAZDA,CX-5,white,petrol,Rakan Niaga,2014,SUV - SMALL,2.0,4,M6,x,9.0,6.8,8.0,35,184
2025-04-05,jip,MAZDA,CX-5,white,petrol,Rakan Niaga,2014,SUV - SMALL,2.5,4,AS6,x,9.6,7.4,8.6,33,198
2025-04-05,motokar,TOYOTA,YARIS,white,petrol,Rakan Niaga,2014,COMPACT,1.5,4,A4,x,7.9,6.6,7.3,39,168
2025-04-05,motokar,TOYOTA,YARIS,white,petrol,Rakan Niaga,2014,COMPACT,1.5,4,M5,x,7.8,6.3,7.1,40,163
2025-04-06,jip,MAZDA,CX-5,red,petrol,Rakan Niaga,2014,SUV - SMALL,2.0,4,AS6,x,8.9,7.3,8.2,34,189
2025-04-06,jip,MAZDA,CX-5,red,petrol,Rakan Niaga,2014,SUV - SMALL,2.0,4,M6,x,9.0,6.8,8.0,35,184
2025-04-06,jip,MAZDA,CX-5,red,petrol,Rakan Niaga,2014,SUV - SMALL,2.5,4,AS6,x,9.6,7.4,8.6,33,198
2025-04-07,jip,HONDA,CR-V,white,hybrid_petrol,Rakan Niaga,2014,SUV - SMALL,2.4,4,A5,x,10.3,7.6,9.1,31,209
2025-04-07,jip,HONDA,CR-V,grey,petrol,Rakan Niaga,2014,SUV - SMALL,2.4,4,A5,x,10.3,7.6,9.1,31,209
2025-04-07,motokar,HONDA,CIVIC,black,petrol,Rakan Niaga,2014,COMPACT,1.8,4,AV,x,7.9,6.0,7.0,40,161
2025-04-07,motokar,HONDA,CIVIC,black,petrol,Rakan Niaga,2014,COMPACT,1.8,4,AV7,x,8.1,6.2,7.2,39,166
2025-04-07,motokar,HONDA,CIVIC,black,petrol,Rakan Niaga,2014,COMPACT,1.8,4,M5,x,8.5,6.6,7.6,37,175
2025-04-07,motokar,HONDA,CIVIC,white,petrol,Selangor,2014,COMPACT,1.8,4,AV,x,7.9,6.0,7.0,40,161
2025-04-07,motokar,HONDA,CIVIC,white,petrol,Selangor,2014,COMPACT,1.8,4,AV7,x,8.1,6.2,7.2,39,166
2025-04-07,motokar,HONDA,CIVIC,white,petrol,Selangor,2014,COMPACT,1.8,4,M5,x,8.5,6.6,7.6,37,175
2025-04-07,window_van,HONDA,ODYSSEY,silver,petrol,Johor,2014,MINIVAN,3.5,6,A6,x,12.3,8.5,10.6,27,244
2025-04-07,jip,KIA,SPORTAGE,grey,petrol,Rakan Niaga,2014,SUV - SMALL,2.4,4,A6,x,11.4,8.3,10.0,28,230
2025-04-07,jip,KIA,SPORTAGE,grey,petrol,Rakan Niaga,2014,SUV - SMALL,2.4,4,M6,x,12.9,9.3,11.3,25,260
2025-04-07,jip,MAZDA,CX-5,gold,petrol,Rakan Niaga,2014,SUV - SMALL,2.0,4,AS6,x,8.9,7.3,8.2,34,189
2025-04-07,jip,MAZDA,CX-5,gold,petrol,Rakan Niaga,2014,SUV - SMALL,2.0,4,M6,x,9.0,6.8,8.0,35,184
2025-04-07,jip,MAZDA,CX-5,gold,petrol,Rakan Niaga,2014,SUV - SMALL,2.5,4,AS6,x,9.6,7.4,8.6,33,198
2025-04-07,jip,MAZDA,CX-5,blue,petrol,Rakan Niaga,2014,SUV - SMALL,2.0,4,AS6,x,8.9,7.3,8.2,34,189
2025-04-07,jip,MAZDA,CX-5,blue,petrol,Rakan Niaga,2014,SUV - SMALL,2.0,4,M6,x,9.0,6.8,8.0,35,184
2025-04-07,jip,MAZDA,CX-5,blue,petrol,Rakan Niaga,2014,SUV - SMALL,2.5,4,AS6,x,9.6,7.4,8.6,33,198
2025-04-07,jip,MAZDA,CX-5,white,petrol,Rakan Niaga,2014,SUV - SMALL,2.0,4,AS6,x,8.9,7.3,8.2,34,189
2025-04-07,jip,MAZDA,CX-5,white,petrol,Rakan Niaga,2014,SUV - SMALL,2.0,4,M6,x,9.0,6.8,8.0,35,184
2025-04-07,jip,MAZDA,CX-5,white,petrol,Rakan Niaga,2014,SUV - SMALL,2.5,4,AS6,x,9.6,7.4,8.6,33,198
2025-04-07,motokar,NISSAN,GT-R,silver,petrol,W.P. Kuala Lumpur,2014,SUBCOMPACT,3.8,6,AM6,z,14.5,10.9,12.9,22,297
2025-04-07,motokar,PORSCHE,911 CARRERA,black,petrol,Rakan Niaga,2014,MINICOMPACT,3.4,6,AM7,z,11.6,8.3,10.1,28,232
2025-04-07,motokar,PORSCHE,911 CARRERA,black,petrol,Rakan Niaga,2014,MINICOMPACT,3.4,6,M7,z,12.5,8.6,10.7,26,246
2025-04-07,motokar,SUBARU,BRZ,white,petrol,Johor,2014,MINICOMPACT,2.0,4,AS6,z,9.6,7.1,8.5,33,196
2025-04-07,motokar,SUBARU,BRZ,white,petrol,Johor,2014,MINICOMPACT,2.0,4,M6,z,11.0,7.9,9.6,29,221
2025-04-07,motokar,TOYOTA,CAMRY,black,petrol,Rakan Niaga,2014,MID-SIZE,2.5,4,AS6,x,9.5,6.6,8.2,34,189
2025-04-07,motokar,TOYOTA,CAMRY,black,petrol,Rakan Niaga,2014,MID-SIZE,3.5,6,AS6,x,11.1,7.8,9.6,29,221
2025-04-07,motokar,TOYOTA,CAMRY,silver,petrol,Rakan Niaga,2014,MID-SIZE,2.5,4,AS6,x,9.5,6.6,8.2,34,189
2025-04-07,motokar,TOYOTA,CAMRY,silver,petrol,Rakan Niaga,2014,MID-SIZE,3.5,6,AS6,x,11.1,7.8,9.6,29,221
2025-04-07,motokar,TOYOTA,YARIS,red,petrol,Rakan Niaga,2014,COMPACT,1.5,4,A4,x,7.9,6.6,7.3,39,168
2025-04-07,motokar,TOYOTA,YARIS,red,petrol,Rakan Niaga,2014,COMPACT,1.5,4,M5,x,7.8,6.3,7.1,40,163
2025-04-07,motokar,TOYOTA,YARIS,white,petrol,W.P. Kuala Lumpur,2014,COMPACT,1.5,4,A4,x,7.9,6.6,7.3,39,168
2025-04-07,motokar,TOYOTA,YARIS,white,petrol,W.P. Kuala Lumpur,2014,COMPACT,1.5,4,M5,x,7.8,6.3,7.1,40,163
2025-04-07,motokar,TOYOTA,YARIS,white,petrol,Rakan Niaga,2014,COMPACT,1.5,4,A4,x,7.9,6.6,7.3,39,168
2025-04-07,motokar,TOYOTA,YARIS,white,petrol,Rakan Niaga,2014,COMPACT,1.5,4,M5,x,7.8,6.3,7.1,40,163
2025-04-07,motokar,TOYOTA,YARIS,silver,petrol,Rakan Niaga,2014,COMPACT,1.5,4,A4,x,7.9,6.6,7.3,39,168
2025-04-07,motokar,TOYOTA,YARIS,silver,petrol,Rakan Niaga,2014,COMPACT,1.5,4,M5,x,7.8,6.3,7.1,40,163
2025-04-07,jip,VOLKSWAGEN,TIGUAN,blue,petrol,Johor,2014,SUV - SMALL,2.0,4,A6,z,11.7,9.5,10.7,26,246
2025-04-07,jip,VOLKSWAGEN,TIGUAN,blue,petrol,Johor,2014,SUV - SMALL,2.0,4,M6,z,13.6,9.2,11.6,24,267
2025-04-08,jip,HONDA,CR-V,blue,petrol,Rakan Niaga,2014,SUV - SMALL,2.4,4,A5,x,10.3,7.6,9.1,31,209
2025-04-08,jip,HONDA,CR-V,red,petrol,Rakan Niaga,2014,SUV - SMALL,2.4,4,A5,x,10.3,7.6,9.1,31,209
2025-04-08,jip,HONDA,CR-V,white,petrol,Rakan Niaga,2014,SUV - SMALL,2.4,4,A5,x,10.3,7.6,9.1,31,209
2025-04-08,motokar,HONDA,CIVIC,white,petrol,Johor,2014,COMPACT,1.8,4,AV,x,7.9,6.0,7.0,40,161
2025-04-08,motokar,HONDA,CIVIC,white,petrol,Johor,2014,COMPACT,1.8,4,AV7,x,8.1,6.2,7.2,39,166
2025-04-08,motokar,HONDA,CIVIC,white,petrol,Johor,2014,COMPACT,1.8,4,M5,x,8.5,6.6,7.6,37,175
2025-04-08,motokar,HONDA,CIVIC,white,petrol,Rakan Niaga,2014,COMPACT,1.8,4,AV,x,7.9,6.0,7.0,40,161
2025-04-08,motokar,HONDA,CIVIC,white,petrol,Rakan Niaga,2014,COMPACT,1.8,4,AV7,x,8.1,6.2,7.2,39,166
2025-04-08,motokar,HONDA,CIVIC,white,petrol,Rakan Niaga,2014,COMPACT,1.8,4,M5,x,8.5,6.6,7.6,37,175
2025-04-08,motokar,HONDA,CIVIC,red,petrol,Rakan Niaga,2014,COMPACT,1.8,4,AV,x,7.9,6.0,7.0,40,161
2025-04-08,motokar,HONDA,CIVIC,red,petrol,Rakan Niaga,2014,COMPACT,1.8,4,AV7,x,8.1,6.2,7.2,39,166
2025-04-08,motokar,HONDA,CIVIC,red,petrol,Rakan Niaga,2014,COMPACT,1.8,4,M5,x,8.5,6.6,7.6,37,175
2025-04-08,motokar,HONDA,CIVIC,grey,petrol,Rakan Niaga,2014,COMPACT,1.8,4,AV,x,7.9,6.0,7.0,40,161
2025-04-08,motokar,HONDA,CIVIC,grey,petrol,Rakan Niaga,2014,COMPACT,1.8,4,AV7,x,8.1,6.2,7.2,39,166
2025-04-08,motokar,HONDA,CIVIC,grey,petrol,Rakan Niaga,2014,COMPACT,1.8,4,M5,x,8.5,6.6,7.6,37,175
2025-04-08,motokar,HONDA,CIVIC,blue,petrol,W.P. Kuala Lumpur,2014,COMPACT,1.8,4,AV,x,7.9,6.0,7.0,40,161
2025-04-08,motokar,HONDA,CIVIC,blue,petrol,W.P. Kuala Lumpur,2014,COMPACT,1.8,4,AV7,x,8.1,6.2,7.2,39,166
2025-04-08,motokar,HONDA,CIVIC,blue,petrol,W.P. Kuala Lumpur,2014,COMPACT,1.8,4,M5,x,8.5,6.6,7.6,37,175
2025-04-08,jip,KIA,SPORTAGE,blue,petrol,Rakan Niaga,2014,SUV - SMALL,2.4,4,A6,x,11.4,8.3,10.0,28,230
2025-04-08,jip,KIA,SPORTAGE,blue,petrol,Rakan Niaga,2014,SUV - SMALL,2.4,4,M6,x,12.9,9.3,11.3,25,260
2025-04-08,jip,MAZDA,CX-5,grey,petrol,Rakan Niaga,2014,SUV - SMALL,2.0,4,AS6,x,8.9,7.3,8.2,34,189
2025-04-08,jip,MAZDA,CX-5,grey,petrol,Rakan Niaga,2014,SUV - SMALL,2.0,4,M6,x,9.0,6.8,8.0,35,184
2025-04-08,jip,MAZDA,CX-5,grey,petrol,Rakan Niaga,2014,SUV - SMALL,2.5,4,AS6,x,9.6,7.4,8.6,33,198
2025-04-08,jip,MAZDA,CX-5,red,petrol,Rakan Niaga,2014,SUV - SMALL,2.0,4,AS6,x,8.9,7.3,8.2,34,189
2025-04-08,jip,MAZDA,CX-5,red,petrol,Rakan Niaga,2014,SUV - SMALL,2.0,4,M6,x,9.0,6.8,8.0,35,184
2025-04-08,jip,MAZDA,CX-5,red,petrol,Rakan Niaga,2014,SUV - SMALL,2.5,4,AS6,x,9.6,7.4,8.6,33,198
2025-04-08,motokar,MAZDA,MX-5,red,petrol,Rakan Niaga,2014,TWO-SEATER,2.0,4,AS6,z,11.5,8.5,10.2,28,235
2025-04-08,motokar,MAZDA,MX-5,red,petrol,Rakan Niaga,2014,TWO-SEATER,2.0,4,M5,z,10.5,8.5,9.6,29,221
2025-04-08,motokar,MAZDA,MX-5,red,petrol,Rakan Niaga,2014,TWO-SEATER,2.0,4,M6,z,11.1,8.4,9.9,29,228
2025-04-08,motokar,PORSCHE,911 GT3,green,petrol,Selangor,2014,TWO-SEATER,3.8,6,AM7,z,16.0,11.5,14.0,20,322
2025-04-08,jip,PORSCHE,CAYENNE,white,petrol,Johor,2014,SUV - STANDARD,3.6,6,A8,z,13.6,10.1,12.0,24,276
2025-04-08,jip,PORSCHE,CAYENNE,white,petrol,Johor,2014,SUV - STANDARD,3.6,6,M6,z,15.8,10.9,13.6,21,313
2025-04-08,motokar,TOYOTA,CAMRY,white,petrol,Rakan Niaga,2014,MID-SIZE,2.5,4,AS6,x,9.5,6.6,8.2,34,189
2025-04-08,motokar,TOYOTA,CAMRY,white,petrol,Rakan Niaga,2014,MID-SIZE,3.5,6,AS6,x,11.1,7.8,9.6,29,221
2025-04-08,motokar,TOYOTA,YARIS,red,petrol,Rakan Niaga,2014,COMPACT,1.5,4,A4,x,7.9,6.6,7.3,39,168
2025-04-08,motokar,TOYOTA,YARIS,red,petrol,Rakan Niaga,2014,COMPACT,1.5,4,M5,x,7.8,6.3,7.1,40,163
2025-04-08,motokar,TOYOTA,YARIS,white,petrol,Rakan Niaga,2014,COMPACT,1.5,4,A4,x,7.9,6.6,7.3,39,168
2025-04-08,motokar,TOYOTA,YARIS,white,petrol,Rakan Niaga,2014,COMPACT,1.5,4,M5,x,7.8,6.3,7.1,40,163
2025-04-08,motokar,TOYOTA,YARIS,silver,petrol,Rakan Niaga,2014,COMPACT,1.5,4,A4,x,7.9,6.6,7.3,39,168
2025-04-08,motokar,TOYOTA,YARIS,silver,petrol,Rakan Niaga,2014,COMPACT,1.5,4,M5,x,7.8,6.3,7.1,40,163
2025-04-09,jip,HONDA,CR-V,white,hybrid_petrol,Rakan Niaga,2014,SUV - SMALL,2.4,4,A5,x,10.3,7.6,9.1,31,209
2025-04-09,jip,HONDA,CR-V,white,petrol,Negeri Sembilan,2014,SUV - SMALL,2.4,4,A5,x,10.3,7.6,9.1,31,209
2025-04-09,jip,HONDA,CR-V,blue,petrol,Rakan Niaga,2014,SUV - SMALL,2.4,4,A5,x,10.3,7.6,9.1,31,209
2025-04-09,jip,HONDA,CR-V,grey,hybrid_petrol,Rakan Niaga,2014,SUV - SMALL,2.4,4,A5,x,10.3,7.6,9.1,31,209
2025-04-09,jip,HONDA,CR-V,grey,hybrid_petrol,W.P. Kuala Lumpur,2014,SUV - SMALL,2.4,4,A5,x,10.3,7.6,9.1,31,209
2025-04-09,motokar,HONDA,CIVIC,blue,petrol,Rakan Niaga,2014,COMPACT,1.8,4,AV,x,7.9,6.0,7.0,40,161
2025-04-09,motokar,HONDA,CIVIC,blue,petrol,Rakan Niaga,2014,COMPACT,1.8,4,AV7,x,8.1,6.2,7.2,39,166
2025-04-09,motokar,HONDA,CIVIC,blue,petrol,Rakan Niaga,2014,COMPACT,1.8,4,M5,x,8.5,6.6,7.6,37,175
2025-04-09,motokar,HONDA,CIVIC,red,petrol,Selangor,2014,COMPACT,1.8,4,AV,x,7.9,6.0,7.0,40,161
2025-04-09,motokar,HONDA,CIVIC,red,petrol,Selangor,2014,COMPACT,1.8,4,AV7,x,8.1,6.2,7.2,39,166
2025-04-09,motokar,HONDA,CIVIC,red,petrol,Selangor,2014,COMPACT,1.8,4,M5,x,8.5,6.6,7.6,37,175
2025-04-09,motokar,HONDA,CIVIC,grey,petrol,Johor,2014,COMPACT,1.8,4,AV,x,7.9,6.0,7.0,40,161
2025-04-09,motokar,HONDA,CIVIC,grey,petrol,Johor,2014,COMPACT,1.8,4,AV7,x,8.1,6.2,7.2,39,166
2025-04-09,motokar,HONDA,CIVIC,grey,petrol,Johor,2014,COMPACT,1.8,4,M5,x,8.5,6.6,7.6,37,175
2025-04-09,motokar,HONDA,CIVIC,black,petrol,W.P. Kuala Lumpur,2014,COMPACT,1.8,4,AV,x,7.9,6.0,7.0,40,161
2025-04-09,motokar,HONDA,CIVIC,black,petrol,W.P. Kuala Lumpur,2014,COMPACT,1.8,4,AV7,x,8.1,6.2,7.2,39,166
2025-04-09,motokar,HONDA,CIVIC,black,petrol,W.P. Kuala Lumpur,2014,COMPACT,1.8,4,M5,x,8.5,6.6,7.6,37,175
2025-04-09,motokar,HONDA,CIVIC,blue,petrol,Johor,2014,COMPACT,1.8,4,AV,x,7.9,6.0,7.0,40,161
2025-04-09,motokar,HONDA,CIVIC,blue,petrol,Johor,2014,COMPACT,1.8,4,AV7,x,8.1,6.2,7.2,39,166
2025-04-09,motokar,HONDA,CIVIC,blue,petrol,Johor,2014,COMPACT,1.8,4,M5,x,8.5,6.6,7.6,37,175
2025-04-09,motokar,HONDA,CIVIC,grey,petrol,W.P. Kuala Lumpur,2014,COMPACT,1.8,4,AV,x,7.9,6.0,7.0,40,161
2025-04-09,motokar,HONDA,CIVIC,grey,petrol,W.P. Kuala Lumpur,2014,COMPACT,1.8,4,AV7,x,8.1,6.2,7.2,39,166
2025-04-09,motokar,HONDA,CIVIC,grey,petrol,W.P. Kuala Lumpur,2014,COMPACT,1.8,4,M5,x,8.5,6.6,7.6,37,175
2025-04-09,motokar,HONDA,CIVIC,white,petrol,Perlis,2014,COMPACT,1.8,4,AV,x,7.9,6.0,7.0,40,161
2025-04-09,motokar,HONDA,CIVIC,white,petrol,Perlis,2014,COMPACT,1.8,4,AV7,x,8.1,6.2,7.2,39,166
2025-04-09,motokar,HONDA,CIVIC,white,petrol,Perlis,2014,COMPACT,1.8,4,M5,x,8.5,6.6,7.6,37,175
2025-04-09,motokar,HONDA,CIVIC,white,petrol,Rakan Niaga,2014,COMPACT,1.8,4,AV,x,7.9,6.0,7.0,40,161
2025-04-09,motokar,HONDA,CIVIC,white,petrol,Rakan Niaga,2014,COMPACT,1.8,4,AV7,x,8.1,6.2,7.2,39,166
2025-04-09,motokar,HONDA,CIVIC,white,petrol,Rakan Niaga,2014,COMPACT,1.8,4,M5,x,8.5,6.6,7.6,37,175
2025-04-09,window_van,HONDA,ODYSSEY,white,petrol,W.P. Kuala Lumpur,2014,MINIVAN,3.5,6,A6,x,12.3,8.5,10.6,27,244
2025-04-09,jip,KIA,SPORTAGE,white,petrol,Rakan Niaga,2014,SUV - SMALL,2.4,4,A6,x,11.4,8.3,10.0,28,230
2025-04-09,jip,KIA,SPORTAGE,white,petrol,Rakan Niaga,2014,SUV - SMALL,2.4,4,M6,x,12.9,9.3,11.3,25,260
2025-04-09,jip,MAZDA,CX-5,black,petrol,Rakan Niaga,2014,SUV - SMALL,2.0,4,AS6,x,8.9,7.3,8.2,34,189
2025-04-09,jip,MAZDA,CX-5,black,petrol,Rakan Niaga,2014,SUV - SMALL,2.0,4,M6,x,9.0,6.8,8.0,35,184
2025-04-09,jip,MAZDA,CX-5,black,petrol,Rakan Niaga,2014,SUV - SMALL,2.5,4,AS6,x,9.6,7.4,8.6,33,198
2025-04-09,jip,MAZDA,CX-5,gold,petrol,Pulau Pinang,2014,SUV - SMALL,2.0,4,AS6,x,8.9,7.3,8.2,34,189
2025-04-09,jip,MAZDA,CX-5,gold,petrol,Pulau Pinang,2014,SUV - SMALL,2.0,4,M6,x,9.0,6.8,8.0,35,184
2025-04-09,jip,MAZDA,CX-5,gold,petrol,Pulau Pinang,2014,SUV - SMALL,2.5,4,AS6,x,9.6,7.4,8.6,33,198
2025-04-09,jip,MAZDA,CX-5,gold,petrol,Rakan Niaga,2014,SUV - SMALL,2.0,4,AS6,x,8.9,7.3,8.2,34,189
2025-04-09,jip,MAZDA,CX-5,gold,petrol,Rakan Niaga,2014,SUV - SMALL,2.0,4,M6,x,9.0,6.8,8.0,35,184
2025-04-09,jip,MAZDA,CX-5,gold,petrol,Rakan Niaga,2014,SUV - SMALL,2.5,4,AS6,x,9.6,7.4,8.6,33,198
2025-04-09,jip,MAZDA,CX-5,blue,petrol,Rakan Niaga,2014,SUV - SMALL,2.0,4,AS6,x,8.9,7.3,8.2,34,189
2025-04-09,jip,MAZDA,CX-5,blue,petrol,Rakan Niaga,2014,SUV - SMALL,2.0,4,M6,x,9.0,6.8,8.0,35,184
2025-04-09,jip,MAZDA,CX-5,blue,petrol,Rakan Niaga,2014,SUV - SMALL,2.5,4,AS6,x,9.6,7.4,8.6,33,198
2025-04-09,jip,MAZDA,CX-5,red,petrol,Rakan Niaga,2014,SUV - SMALL,2.0,4,AS6,x,8.9,7.3,8.2,34,189
2025-04-09,jip,MAZDA,CX-5,red,petrol,Rakan Niaga,2014,SUV - SMALL,2.0,4,M6,x,9.0,6.8,8.0,35,184
2025-04-09,jip,MAZDA,CX-5,red,petrol,Rakan Niaga,2014,SUV - SMALL,2.5,4,AS6,x,9.6,7.4,8.6,33,198
2025-04-09,motokar,NISSAN,GT-R,white,petrol,Perak,2014,SUBCOMPACT,3.8,6,AM6,z,14.5,10.9,12.9,22,297
2025-04-09,jip,PORSCHE,CAYENNE,black,petrol,W.P. Kuala Lumpur,2014,SUV - STANDARD,3.6,6,A8,z,13.6,10.1,12.0,24,276
2025-04-09,jip,PORSCHE,CAYENNE,black,petrol,W.P. Kuala Lumpur,2014,SUV - STANDARD,3.6,6,M6,z,15.8,10.9,13.6,21,313
2025-04-09,jip,PORSCHE,CAYENNE,grey,petrol,Selangor,2014,SUV - STANDARD,3.6,6,A8,z,13.6,10.1,12.0,24,276
2025-04-09,jip,PORSCHE,CAYENNE,grey,petrol,Selangor,2014,SUV - STANDARD,3.6,6,M6,z,15.8,10.9,13.6,21,313
2025-04-09,jip,PORSCHE,CAYENNE,white,petrol,Johor,2014,SUV - STANDARD,3.6,6,A8,z,13.6,10.1,12.0,24,276
2025-04-09,jip,PORSCHE,CAYENNE,white,petrol,Johor,2014,SUV - STANDARD,3.6,6,M6,z,15.8,10.9,13.6,21,313
2025-04-09,motokar,TOYOTA,YARIS,white,petrol,Rakan Niaga,2014,COMPACT,1.5,4,A4,x,7.9,6.6,7.3,39,168
2025-04-09,motokar,TOYOTA,YARIS,white,petrol,Rakan Niaga,2014,COMPACT,1.5,4,M5,x,7.8,6.3,7.1,40,163
2025-04-09,motokar,TOYOTA,YARIS,silver,petrol,Rakan Niaga,2014,COMPACT,1.5,4,A4,x,7.9,6.6,7.3,39,168
2025-04-09,motokar,TOYOTA,YARIS,silver,petrol,Rakan Niaga,2014,COMPACT,1.5,4,M5,x,7.8,6.3,7.1,40,163
2025-04-09,motokar,TOYOTA,YARIS,red,petrol,Rakan Niaga,2014,COMPACT,1.5,4,A4,x,7.9,6.6,7.3,39,168
2025-04-09,motokar,TOYOTA,YARIS,red,petrol,Rakan Niaga,2014,COMPACT,1.5,4,M5,x,7.8,6.3,7.1,40,163
2025-04-09,motokar,TOYOTA,YARIS,white,petrol,Sabah,2014,COMPACT,1.5,4,A4,x,7.9,6.6,7.3,39,168
2025-04-09,motokar,TOYOTA,YARIS,white,petrol,Sabah,2014,COMPACT,1.5,4,M5,x,7.8,6.3,7.1,40,163
2025-04-09,jip,VOLVO,XC60,black,hybrid_petrol,W.P. Kuala Lumpur,2014,SUV - SMALL,3.2,6,AS6,x,13.0,8.9,11.2,25,258
2025-04-10,motokar,DODGE,CHALLENGER,grey,petrol,Selangor,2014,MID-SIZE,3.6,6,A5,x,13.2,8.7,11.2,25,258
2025-04-10,motokar,DODGE,CHALLENGER,grey,petrol,Selangor,2014,MID-SIZE,5.7,8,M6,x,15.6,10.0,13.1,22,301
2025-04-10,jip,HONDA,CR-V,grey,petrol,Rakan Niaga,2014,SUV - SMALL,2.4,4,A5,x,10.3,7.6,9.1,31,209
2025-04-10,jip,HONDA,CR-V,silver,hybrid_petrol,Rakan Niaga,2014,SUV - SMALL,2.4,4,A5,x,10.3,7.6,9.1,31,209
2025-04-10,jip,HONDA,CR-V,silver,petrol,Rakan Niaga,2014,SUV - SMALL,2.4,4,A5,x,10.3,7.6,9.1,31,209
2025-04-10,jip,HONDA,CR-V,white,petrol,W.P. Kuala Lumpur,2014,SUV - SMALL,2.4,4,A5,x,10.3,7.6,9.1,31,209
2025-04-10,jip,HONDA,CR-V,red,hybrid_petrol,Rakan Niaga,2014,SUV - SMALL,2.4,4,A5,x,10.3,7.6,9.1,31,209
2025-04-10,jip,HONDA,CR-V,red,petrol,Rakan Niaga,2014,SUV - SMALL,2.4,4,A5,x,10.3,7.6,9.1,31,209
2025-04-10,jip,HONDA,CR-V,white,hybrid_petrol,Rakan Niaga,2014,SUV - SMALL,2.4,4,A5,x,10.3,7.6,9.1,31,209
2025-04-10,jip,HONDA,CR-V,blue,petrol,Rakan Niaga,2014,SUV - SMALL,2.4,4,A5,x,10.3,7.6,9.1,31,209
2025-04-10,motokar,HONDA,CIVIC,red,petrol,Rakan Niaga,2014,COMPACT,1.8,4,AV,x,7.9,6.0,7.0,40,161
2025-04-10,motokar,HONDA,CIVIC,red,petrol,Rakan Niaga,2014,COMPACT,1.8,4,AV7,x,8.1,6.2,7.2,39,166
2025-04-10,motokar,HONDA,CIVIC,red,petrol,Rakan Niaga,2014,COMPACT,1.8,4,M5,x,8.5,6.6,7.6,37,175
2025-04-10,motokar,HONDA,CIVIC,red,petrol,Perlis,2014,COMPACT,1.8,4,AV,x,7.9,6.0,7.0,40,161
2025-04-10,motokar,HONDA,CIVIC,red,petrol,Perlis,2014,COMPACT,1.8,4,AV7,x,8.1,6.2,7.2,39,166
2025-04-10,motokar,HONDA,CIVIC,red,petrol,Perlis,2014,COMPACT,1.8,4,M5,x,8.5,6.6,7.6,37,175
2025-04-10,motokar,HONDA,CIVIC,grey,petrol,Rakan Niaga,2014,COMPACT,1.8,4,AV,x,7.9,6.0,7.0,40,161
2025-04-10,motokar,HONDA,CIVIC,grey,petrol,Rakan Niaga,2014,COMPACT,1.8,4,AV7,x,8.1,6.2,7.2,39,166
2025-04-10,motokar,HONDA,CIVIC,grey,petrol,Rakan Niaga,2014,COMPACT,1.8,4,M5,x,8.5,6.6,7.6,37,175
2025-04-10,motokar,HONDA,CIVIC,black,petrol,Rakan Niaga,2014,COMPACT,1.8,4,AV,x,7.9,6.0,7.0,40,161
2025-04-10,motokar,HONDA,CIVIC,black,petrol,Rakan Niaga,2014,COMPACT,1.8,4,AV7,x,8.1,6.2,7.2,39,166
2025-04-10,motokar,HONDA,CIVIC,black,petrol,Rakan Niaga,2014,COMPACT,1.8,4,M5,x,8.5,6.6,7.6,37,175
2025-04-10,motokar,HONDA,CIVIC,white,petrol,W.P. Kuala Lumpur,2014,COMPACT,1.8,4,AV,x,7.9,6.0,7.0,40,161
2025-04-10,motokar,HONDA,CIVIC,white,petrol,W.P. Kuala Lumpur,2014,COMPACT,1.8,4,AV7,x,8.1,6.2,7.2,39,166
2025-04-10,motokar,HONDA,CIVIC,white,petrol,W.P. Kuala Lumpur,2014,COMPACT,1.8,4,M5,x,8.5,6.6,7.6,37,175
2025-04-10,motokar,HONDA,CIVIC,grey,petrol,Johor,2014,COMPACT,1.8,4,AV,x,7.9,6.0,7.0,40,161
2025-04-10,motokar,HONDA,CIVIC,grey,petrol,Johor,2014,COMPACT,1.8,4,AV7,x,8.1,6.2,7.2,39,166
2025-04-10,motokar,HONDA,CIVIC,grey,petrol,Johor,2014,COMPACT,1.8,4,M5,x,8.5,6.6,7.6,37,175
2025-04-10,motokar,HONDA,CIVIC,white,petrol,Rakan Niaga,2014,COMPACT,1.8,4,AV,x,7.9,6.0,7.0,40,161
2025-04-10,motokar,HONDA,CIVIC,white,petrol,Rakan Niaga,2014,COMPACT,1.8,4,AV7,x,8.1,6.2,7.2,39,166
2025-04-10,motokar,HONDA,CIVIC,white,petrol,Rakan Niaga,2014,COMPACT,1.8,4,M5,x,8.5,6.6,7.6,37,175
2025-04-10,motokar,HONDA,CIVIC,white,petrol,Pahang,2014,COMPACT,1.8,4,AV,x,7.9,6.0,7.0,40,161
2025-04-10,motokar,HONDA,CIVIC,white,petrol,Pahang,2014,COMPACT,1.8,4,AV7,x,8.1,6.2,7.2,39,166
2025-04-10,motokar,HONDA,CIVIC,white,petrol,Pahang,2014,COMPACT,1.8,4,M5,x,8.5,6.6,7.6,37,175
2025-04-10,motokar,HONDA,CIVIC,white,petrol,Pulau Pinang,2014,COMPACT,1.8,4,AV,x,7.9,6.0,7.0,40,161
2025-04-10,motokar,HONDA,CIVIC,white,petrol,Pulau Pinang,2014,COMPACT,1.8,4,AV7,x,8.1,6.2,7.2,39,166
2025-04-10,motokar,HONDA,CIVIC,white,petrol,Pulau Pinang,2014,COMPACT,1.8,4,M5,x,8.5,6.6,7.6,37,175
2025-04-10,motokar,HONDA,CIVIC,blue,petrol,Rakan Niaga,2014,COMPACT,1.8,4,AV,x,7.9,6.0,7.0,40,161
2025-04-10,motokar,HONDA,CIVIC,blue,petrol,Rakan Niaga,2014,COMPACT,1.8,4,AV7,x,8.1,6.2,7.2,39,166
2025-04-10,motokar,HONDA,CIVIC,blue,petrol,Rakan Niaga,2014,COMPACT,1.8,4,M5,x,8.5,6.6,7.6,37,175
2025-04-10,jip,KIA,SPORTAGE,blue,petrol,Rakan Niaga,2014,SUV - SMALL,2.4,4,A6,x,11.4,8.3,10.0,28,230
2025-04-10,jip,KIA,SPORTAGE,blue,petrol,Rakan Niaga,2014,SUV - SMALL,2.4,4,M6,x,12.9,9.3,11.3,25,260
2025-04-10,jip,KIA,SPORTAGE,grey,petrol,Selangor,2014,SUV - SMALL,2.4,4,A6,x,11.4,8.3,10.0,28,230
2025-04-10,jip,KIA,SPORTAGE,grey,petrol,Selangor,2014,SUV - SMALL,2.4,4,M6,x,12.9,9.3,11.3,25,260
2025-04-10,jip,KIA,SPORTAGE,grey,petrol,W.P. Kuala Lumpur,2014,SUV - SMALL,2.4,4,A6,x,11.4,8.3,10.0,28,230
2025-04-10,jip,KIA,SPORTAGE,grey,petrol,W.P. Kuala Lumpur,2014,SUV - SMALL,2.4,4,M6,x,12.9,9.3,11.3,25,260
2025-04-10,jip,MAZDA,CX-5,grey,petrol,Rakan Niaga,2014,SUV - SMALL,2.0,4,AS6,x,8.9,7.3,8.2,34,189
2025-04-10,jip,MAZDA,CX-5,grey,petrol,Rakan Niaga,2014,SUV - SMALL,2.0,4,M6,x,9.0,6.8,8.0,35,184
2025-04-10,jip,MAZDA,CX-5,grey,petrol,Rakan Niaga,2014,SUV - SMALL,2.5,4,AS6,x,9.6,7.4,8.6,33,198
2025-04-10,jip,MAZDA,CX-5,gold,petrol,Rakan Niaga,2014,SUV - SMALL,2.0,4,AS6,x,8.9,7.3,8.2,34,189
2025-04-10,jip,MAZDA,CX-5,gold,petrol,Rakan Niaga,2014,SUV - SMALL,2.0,4,M6,x,9.0,6.8,8.0,35,184
2025-04-10,jip,MAZDA,CX-5,gold,petrol,Rakan Niaga,2014,SUV - SMALL,2.5,4,AS6,x,9.6,7.4,8.6,33,198
2025-04-10,jip,MAZDA,CX-5,red,petrol,Rakan Niaga,2014,SUV - SMALL,2.0,4,AS6,x,8.9,7.3,8.2,34,189
2025-04-10,jip,MAZDA,CX-5,red,petrol,Rakan Niaga,2014,SUV - SMALL,2.0,4,M6,x,9.0,6.8,8.0,35,184
2025-04-10,jip,MAZDA,CX-5,red,petrol,Rakan Niaga,2014,SUV - SMALL,2.5,4,AS6,x,9.6,7.4,8.6,33,198
2025-04-10,jip,MAZDA,CX-5,black,petrol,Rakan Niaga,2014,SUV - SMALL,2.0,4,AS6,x,8.9,7.3,8.2,34,189
2025-04-10,jip,MAZDA,CX-5,black,petrol,Rakan Niaga,2014,SUV - SMALL,2.0,4,M6,x,9.0,6.8,8.0,35,184
2025-04-10,jip,MAZDA,CX-5,black,petrol,Rakan Niaga,2014,SUV - SMALL,2.5,4,AS6,x,9.6,7.4,8.6,33,198
2025-04-10,jip,MAZDA,CX-5,blue,petrol,Rakan Niaga,2014,SUV - SMALL,2.0,4,AS6,x,8.9,7.3,8.2,34,189
2025-04-10,jip,MAZDA,CX-5,blue,petrol,Rakan Niaga,2014,SUV - SMALL,2.0,4,M6,x,9.0,6.8,8.0,35,184
2025-04-10,jip,MAZDA,CX-5,blue,petrol,Rakan Niaga,2014,SUV - SMALL,2.5,4,AS6,x,9.6,7.4,8.6,33,198
2025-04-10,jip,MAZDA,CX-5,red,petrol,Pahang,2014,SUV - SMALL,2.0,4,AS6,x,8.9,7.3,8.2,34,189
2025-04-10,jip,MAZDA,CX-5,red,petrol,Pahang,2014,SUV - SMALL,2.0,4,M6,x,9.0,6.8,8.0,35,184
2025-04-10,jip,MAZDA,CX-5,red,petrol,Pahang,2014,SUV - SMALL,2.5,4,AS6,x,9.6,7.4,8.6,33,198
2025-04-10,motokar,MAZDA,MX-5,red,petrol,Rakan Niaga,2014,TWO-SEATER,2.0,4,AS6,z,11.5,8.5,10.2,28,235
2025-04-10,motokar,MAZDA,MX-5,red,petrol,Rakan Niaga,2014,TWO-SEATER,2.0,4,M5,z,10.5,8.5,9.6,29,221
2025-04-10,motokar,MAZDA,MX-5,red,petrol,Rakan Niaga,2014,TWO-SEATER,2.0,4,M6,z,11.1,8.4,9.9,29,228
2025-04-10,motokar,MAZDA,MX-5,blue,petrol,Rakan Niaga,2014,TWO-SEATER,2.0,4,AS6,z,11.5,8.5,10.2,28,235
2025-04-10,motokar,MAZDA,MX-5,blue,petrol,Rakan Niaga,2014,TWO-SEATER,2.0,4,M5,z,10.5,8.5,9.6,29,221
2025-04-10,motokar,MAZDA,MX-5,blue,petrol,Rakan Niaga,2014,TWO-SEATER,2.0,4,M6,z,11.1,8.4,9.9,29,228
2025-04-10,motokar,NISSAN,GT-R,blue,petrol,Rakan Niaga,2014,SUBCOMPACT,3.8,6,AM6,z,14.5,10.9,12.9,22,297
2025-04-10,motokar,NISSAN,GT-R,white,petrol,W.P. Kuala Lumpur,2014,SUBCOMPACT,3.8,6,AM6,z,14.5,10.9,12.9,22,297
2025-04-10,motokar,PORSCHE,911 CARRERA,white,petrol,W.P. Kuala Lumpur,2014,MINICOMPACT,3.4,6,AM7,z,11.6,8.3,10.1,28,232
2025-04-10,motokar,PORSCHE,911 CARRERA,white,petrol,W.P. Kuala Lumpur,2014,MINICOMPACT,3.4,6,M7,z,12.5,8.6,10.7,26,246
2025-04-10,motokar,PORSCHE,911 CARRERA,silver,petrol,Selangor,2014,MINICOMPACT,3.4,6,AM7,z,11.6,8.3,10.1,28,232
2025-04-10,motokar,PORSCHE,911 CARRERA,silver,petrol,Selangor,2014,MINICOMPACT,3.4,6,M7,z,12.5,8.6,10.7,26,246
2025-04-10,motokar,PORSCHE,911 CARRERA,grey,petrol,Rakan Niaga,2014,MINICOMPACT,3.4,6,AM7,z,11.6,8.3,10.1,28,232
2025-04-10,motokar,PORSCHE,911 CARRERA,grey,petrol,Rakan Niaga,2014,MINICOMPACT,3.4,6,M7,z,12.5,8.6,10.7,26,246
2025-04-10,jip,PORSCHE,CAYENNE,grey,petrol,Rakan Niaga,2014,SUV - STANDARD,3.6,6,A8,z,13.6,10.1,12.0,24,276
2025-04-10,jip,PORSCHE,CAYENNE,grey,petrol,Rakan Niaga,2014,SUV - STANDARD,3.6,6,M6,z,15.8,10.9,13.6,21,313
2025-04-10,motokar,PORSCHE,PANAMERA,black,petrol,Rakan Niaga,2014,FULL-SIZE,3.6,6,AM7,z,12.9,8.4,10.9,26,251
2025-04-10,motokar,TOYOTA,CAMRY,white,petrol,Sarawak,2014,MID-SIZE,2.5,4,AS6,x,9.5,6.6,8.2,34,189
2025-04-10,motokar,TOYOTA,CAMRY,white,petrol,Sarawak,2014,MID-SIZE,3.5,6,AS6,x,11.1,7.8,9.6,29,221
2025-04-10,motokar,TOYOTA,CAMRY,silver,hybrid_petrol,Rakan Niaga,2014,MID-SIZE,2.5,4,AS6,x,9.5,6.6,8.2,34,189
2025-04-10,motokar,TOYOTA,CAMRY,silver,hybrid_petrol,Rakan Niaga,2014,MID-SIZE,3.5,6,AS6,x,11.1,7.8,9.6,29,221
2025-04-10,motokar,TOYOTA,YARIS,silver,petrol,Rakan Niaga,2014,COMPACT,1.5,4,A4,x,7.9,6.6,7.3,39,168
2025-04-10,motokar,TOYOTA,YARIS,silver,petrol,Rakan Niaga,2014,COMPACT,1.5,4,M5,x,7.8,6.3,7.1,40,163
2025-04-10,motokar,TOYOTA,YARIS,white,petrol,W.P. Kuala Lumpur,2014,COMPACT,1.5,4,A4,x,7.9,6.6,7.3,39,168
2025-04-10,motokar,TOYOTA,YARIS,white,petrol,W.P. Kuala Lumpur,2014,COMPACT,1.5,4,M5,x,7.8,6.3,7.1,40,163
2025-04-10,motokar,TOYOTA,YARIS,white,petrol,Rakan Niaga,2014,COMPACT,1.5,4,A4,x,7.9,6.6,7.3,39,168
2025-04-10,motokar,TOYOTA,YARIS,white,petrol,Rakan Niaga,2014,COMPACT,1.5,4,M5,x,7.8,6.3,7.1,40,163
2025-04-10,motokar,TOYOTA,YARIS,silver,petrol,W.P. Kuala Lumpur,2014,COMPACT,1.5,4,A4,x,7.9,6.6,7.3,39,168
2025-04-10,motokar,TOYOTA,YARIS,silver,petrol,W.P. Kuala Lumpur,2014,COMPACT,1.5,4,M5,x,7.8,6.3,7.1,40,163
2025-04-10,motokar,TOYOTA,YARIS,white,petrol,Kedah,2014,COMPACT,1.5,4,A4,x,7.9,6.6,7.3,39,168
2025-04-10,motokar,TOYOTA,YARIS,white,petrol,Kedah,2014,COMPACT,1.5,4,M5,x,7.8,6.3,7.1,40,163
2025-04-10,motokar,TOYOTA,YARIS,red,petrol,W.P. Kuala Lumpur,2014,COMPACT,1.5,4,A4,x,7.9,6.6,7.3,39,168
2025-04-10,motokar,TOYOTA,YARIS,red,petrol,W.P. Kuala Lumpur,2014,COMPACT,1.5,4,M5,x,7.8,6.3,7.1,40,163
2025-04-10,motokar,TOYOTA,YARIS,red,petrol,Melaka,2014,COMPACT,1.5,4,A4,x,7.9,6.6,7.3,39,168
2025-04-10,motokar,TOYOTA,YARIS,red,petrol,Melaka,2014,COMPACT,1.5,4,M5,x,7.8,6.3,7.1,40,163
2025-04-10,jip,TOYOTA,YARIS,white,petrol,Johor,2014,COMPACT,1.5,4,A4,x,7.9,6.6,7.3,39,168
2025-04-10,jip,TOYOTA,YARIS,white,petrol,Johor,2014,COMPACT,1.5,4,M5,x,7.8,6.3,7.1,40,163
2025-04-10,jip,VOLKSWAGEN,TIGUAN,blue,petrol,Rakan Niaga,2014,SUV - SMALL,2.0,4,A6,z,11.7,9.5,10.7,26,246
2025-04-10,jip,VOLKSWAGEN,TIGUAN,blue,petrol,Rakan Niaga,2014,SUV - SMALL,2.0,4,M6,z,13.6,9.2,11.6,24,267
2025-04-10,jip,VOLVO,XC60,black,hybrid_petrol,W.P. Kuala Lumpur,2014,SUV - SMALL,3.2,6,AS6,x,13.0,8.9,11.2,25,258
2025-04-10,jip,VOLVO,XC60,black,hybrid_petrol,Rakan Niaga,2014,SUV - SMALL,3.2,6,AS6,x,13.0,8.9,11.2,25,258
2025-04-11,jip,HONDA,CR-V,blue,hybrid_petrol,Rakan Niaga,2014,SUV - SMALL,2.4,4,A5,x,10.3,7.6,9.1,31,209
2025-04-11,jip,HONDA,CR-V,blue,petrol,Rakan Niaga,2014,SUV - SMALL,2.4,4,A5,x,10.3,7.6,9.1,31,209
2025-04-11,jip,HONDA,CR-V,white,petrol,Perak,2014,SUV - SMALL,2.4,4,A5,x,10.3,7.6,9.1,31,209
2025-04-11,jip,HONDA,CR-V,grey,petrol,Rakan Niaga,2014,SUV - SMALL,2.4,4,A5,x,10.3,7.6,9.1,31,209
2025-04-11,jip,HONDA,CR-V,white,hybrid_petrol,W.P. Kuala Lumpur,2014,SUV - SMALL,2.4,4,A5,x,10.3,7.6,9.1,31,209
2025-04-11,jip,HONDA,CR-V,white,petrol,Rakan Niaga,2014,SUV - SMALL,2.4,4,A5,x,10.3,7.6,9.1,31,209
2025-04-11,jip,HONDA,CR-V,grey,petrol,Perak,2014,SUV - SMALL,2.4,4,A5,x,10.3,7.6,9.1,31,209
2025-04-11,jip,HONDA,CR-V,grey,petrol,W.P. Kuala Lumpur,2014,SUV - SMALL,2.4,4,A5,x,10.3,7.6,9.1,31,209
2025-04-11,jip,HONDA,CR-V,grey,petrol,Selangor,2014,SUV - SMALL,2.4,4,A5,x,10.3,7.6,9.1,31,209
2025-04-11,motokar,HONDA,CIVIC,grey,petrol,W.P. Kuala Lumpur,2014,COMPACT,1.8,4,AV,x,7.9,6.0,7.0,40,161
2025-04-11,motokar,HONDA,CIVIC,grey,petrol,W.P. Kuala Lumpur,2014,COMPACT,1.8,4,AV7,x,8.1,6.2,7.2,39,166
2025-04-11,motokar,HONDA,CIVIC,grey,petrol,W.P. Kuala Lumpur,2014,COMPACT,1.8,4,M5,x,8.5,6.6,7.6,37,175
2025-04-11,motokar,HONDA,CIVIC,white,petrol,Rakan Niaga,2014,COMPACT,1.8,4,AV,x,7.9,6.0,7.0,40,161
2025-04-11,motokar,HONDA,CIVIC,white,petrol,Rakan Niaga,2014,COMPACT,1.8,4,AV7,x,8.1,6.2,7.2,39,166
2025-04-11,motokar,HONDA,CIVIC,white,petrol,Rakan Niaga,2014,COMPACT,1.8,4,M5,x,8.5,6.6,7.6,37,175
2025-04-11,motokar,HONDA,CIVIC,black,petrol,Rakan Niaga,2014,COMPACT,1.8,4,AV,x,7.9,6.0,7.0,40,161
2025-04-11,motokar,HONDA,CIVIC,black,petrol,Rakan Niaga,2014,COMPACT,1.8,4,AV7,x,8.1,6.2,7.2,39,166
2025-04-11,motokar,HONDA,CIVIC,black,petrol,Rakan Niaga,2014,COMPACT,1.8,4,M5,x,8.5,6.6,7.6,37,175
2025-04-11,motokar,HONDA,CIVIC,white,petrol,Johor,2014,COMPACT,1.8,4,AV,x,7.9,6.0,7.0,40,161
2025-04-11,motokar,HONDA,CIVIC,white,petrol,Johor,2014,COMPACT,1.8,4,AV7,x,8.1,6.2,7.2,39,166
2025-04-11,motokar,HONDA,CIVIC,white,petrol,Johor,2014,COMPACT,1.8,4,M5,x,8.5,6.6,7.6,37,175
2025-04-11,motokar,HONDA,CIVIC,blue,petrol,Rakan Niaga,2014,COMPACT,1.8,4,AV,x,7.9,6.0,7.0,40,161
2025-04-11,motokar,HONDA,CIVIC,blue,petrol,Rakan Niaga,2014,COMPACT,1.8,4,AV7,x,8.1,6.2,7.2,39,166
2025-04-11,motokar,HONDA,CIVIC,blue,petrol,Rakan Niaga,2014,COMPACT,1.8,4,M5,x,8.5,6.6,7.6,37,175
2025-04-11,motokar,HONDA,CIVIC,white,petrol,W.P. Kuala Lumpur,2014,COMPACT,1.8,4,AV,x,7.9,6.0,7.0,40,161
2025-04-11,motokar,HONDA,CIVIC,white,petrol,W.P. Kuala Lumpur,2014,COMPACT,1.8,4,AV7,x,8.1,6.2,7.2,39,166
2025-04-11,motokar,HONDA,CIVIC,white,petrol,W.P. Kuala Lumpur,2014,COMPACT,1.8,4,M5,x,8.5,6.6,7.6,37,175
2025-04-11,motokar,HONDA,CIVIC,white,petrol,Pulau Pinang,2014,COMPACT,1.8,4,AV,x,7.9,6.0,7.0,40,161
2025-04-11,motokar,HONDA,CIVIC,white,petrol,Pulau Pinang,2014,COMPACT,1.8,4,AV7,x,8.1,6.2,7.2,39,166
2025-04-11,motokar,HONDA,CIVIC,white,petrol,Pulau Pinang,2014,COMPACT,1.8,4,M5,x,8.5,6.6,7.6,37,175
2025-04-11,motokar,HONDA,CIVIC,red,petrol,W.P. Kuala Lumpur,2014,COMPACT,1.8,4,AV,x,7.9,6.0,7.0,40,161
2025-04-11,motokar,HONDA,CIVIC,red,petrol,W.P. Kuala Lumpur,2014,COMPACT,1.8,4,AV7,x,8.1,6.2,7.2,39,166
2025-04-11,motokar,HONDA,CIVIC,red,petrol,W.P. Kuala Lumpur,2014,COMPACT,1.8,4,M5,x,8.5,6.6,7.6,37,175
2025-04-11,motokar,HONDA,CIVIC,red,petrol,Rakan Niaga,2014,COMPACT,1.8,4,AV,x,7.9,6.0,7.0,40,161
2025-04-11,motokar,HONDA,CIVIC,red,petrol,Rakan Niaga,2014,COMPACT,1.8,4,AV7,x,8.1,6.2,7.2,39,166
2025-04-11,motokar,HONDA,CIVIC,red,petrol,Rakan Niaga,2014,COMPACT,1.8,4,M5,x,8.5,6.6,7.6,37,175
2025-04-11,jip,KIA,SPORTAGE,grey,petrol,Johor,2014,SUV - SMALL,2.4,4,A6,x,11.4,8.3,10.0,28,230
2025-04-11,jip,KIA,SPORTAGE,grey,petrol,Johor,2014,SUV - SMALL,2.4,4,M6,x,12.9,9.3,11.3,25,260
2025-04-11,jip,KIA,SPORTAGE,blue,petrol,Rakan Niaga,2014,SUV - SMALL,2.4,4,A6,x,11.4,8.3,10.0,28,230
2025-04-11,jip,KIA,SPORTAGE,blue,petrol,Rakan Niaga,2014,SUV - SMALL,2.4,4,M6,x,12.9,9.3,11.3,25,260
2025-04-11,jip,MAZDA,CX-5,red,petrol,Rakan Niaga,2014,SUV - SMALL,2.0,4,AS6,x,8.9,7.3,8.2,34,189
2025-04-11,jip,MAZDA,CX-5,red,petrol,Rakan Niaga,2014,SUV - SMALL,2.0,4,M6,x,9.0,6.8,8.0,35,184
2025-04-11,jip,MAZDA,CX-5,red,petrol,Rakan Niaga,2014,SUV - SMALL,2.5,4,AS6,x,9.6,7.4,8.6,33,198
2025-04-11,jip,MAZDA,CX-5,gold,petrol,Rakan Niaga,2014,SUV - SMALL,2.0,4,AS6,x,8.9,7.3,8.2,34,189
2025-04-11,jip,MAZDA,CX-5,gold,petrol,Rakan Niaga,2014,SUV - SMALL,2.0,4,M6,x,9.0,6.8,8.0,35,184
2025-04-11,jip,MAZDA,CX-5,gold,petrol,Rakan Niaga,2014,SUV - SMALL,2.5,4,AS6,x,9.6,7.4,8.6,33,198
2025-04-11,jip,MAZDA,CX-5,gold,diesel,W.P. Kuala Lumpur,2014,SUV - SMALL,2.0,4,AS6,x,8.9,7.3,8.2,34,189
2025-04-11,jip,MAZDA,CX-5,gold,diesel,W.P. Kuala Lumpur,2014,SUV - SMALL,2.0,4,M6,x,9.0,6.8,8.0,35,184
2025-04-11,jip,MAZDA,CX-5,gold,diesel,W.P. Kuala Lumpur,2014,SUV - SMALL,2.5,4,AS6,x,9.6,7.4,8.6,33,198
2025-04-11,jip,MAZDA,CX-5,black,petrol,Rakan Niaga,2014,SUV - SMALL,2.0,4,AS6,x,8.9,7.3,8.2,34,189
2025-04-11,jip,MAZDA,CX-5,black,petrol,Rakan Niaga,2014,SUV - SMALL,2.0,4,M6,x,9.0,6.8,8.0,35,184
2025-04-11,jip,MAZDA,CX-5,black,petrol,Rakan Niaga,2014,SUV - SMALL,2.5,4,AS6,x,9.6,7.4,8.6,33,198
2025-04-11,jip,MAZDA,CX-5,grey,petrol,Rakan Niaga,2014,SUV - SMALL,2.0,4,AS6,x,8.9,7.3,8.2,34,189
2025-04-11,jip,MAZDA,CX-5,grey,petrol,Rakan Niaga,2014,SUV - SMALL,2.0,4,M6,x,9.0,6.8,8.0,35,184
2025-04-11,jip,MAZDA,CX-5,grey,petrol,Rakan Niaga,2014,SUV - SMALL,2.5,4,AS6,x,9.6,7.4,8.6,33,198
2025-04-11,jip,MAZDA,CX-5,blue,petrol,Selangor,2014,SUV - SMALL,2.0,4,AS6,x,8.9,7.3,8.2,34,189
2025-04-11,jip,MAZDA,CX-5,blue,petrol,Selangor,2014,SUV - SMALL,2.0,4,M6,x,9.0,6.8,8.0,35,184
2025-04-11,jip,MAZDA,CX-5,blue,petrol,Selangor,2014,SUV - SMALL,2.5,4,AS6,x,9.6,7.4,8.6,33,198
2025-04-11,jip,MAZDA,CX-5,blue,petrol,Rakan Niaga,2014,SUV - SMALL,2.0,4,AS6,x,8.9,7.3,8.2,34,189
2025-04-11,jip,MAZDA,CX-5,blue,petrol,Rakan Niaga,2014,SUV - SMALL,2.0,4,M6,x,9.0,6.8,8.0,35,184
2025-04-11,jip,MAZDA,CX-5,blue,petrol,Rakan Niaga,2014,SUV - SMALL,2.5,4,AS6,x,9.6,7.4,8.6,33,198
2025-04-11,jip,MAZDA,CX-5,white,petrol,Rakan Niaga,2014,SUV - SMALL,2.0,4,AS6,x,8.9,7.3,8.2,34,189
2025-04-11,jip,MAZDA,CX-5,white,petrol,Rakan Niaga,2014,SUV - SMALL,2.0,4,M6,x,9.0,6.8,8.0,35,184
2025-04-11,jip,MAZDA,CX-5,white,petrol,Rakan Niaga,2014,SUV - SMALL,2.5,4,AS6,x,9.6,7.4,8.6,33,198
2025-04-11,motokar,MAZDA,MX-5,red,petrol,W.P. Kuala Lumpur,2014,TWO-SEATER,2.0,4,AS6,z,11.5,8.5,10.2,28,235
2025-04-11,motokar,MAZDA,MX-5,red,petrol,W.P. Kuala Lumpur,2014,TWO-SEATER,2.0,4,M5,z,10.5,8.5,9.6,29,221
2025-04-11,motokar,MAZDA,MX-5,red,petrol,W.P. Kuala Lumpur,2014,TWO-SEATER,2.0,4,M6,z,11.1,8.4,9.9,29,228
2025-04-11,motokar,MAZDA,MX-5,red,petrol,Rakan Niaga,2014,TWO-SEATER,2.0,4,AS6,z,11.5,8.5,10.2,28,235
2025-04-11,motokar,MAZDA,MX-5,red,petrol,Rakan Niaga,2014,TWO-SEATER,2.0,4,M5,z,10.5,8.5,9.6,29,221
2025-04-11,motokar,MAZDA,MX-5,red,petrol,Rakan Niaga,2014,TWO-SEATER,2.0,4,M6,z,11.1,8.4,9.9,29,228
2025-04-11,motokar,MAZDA,MX-5,maroon,petrol,W.P. Kuala Lumpur,2014,TWO-SEATER,2.0,4,AS6,z,11.5,8.5,10.2,28,235
2025-04-11,motokar,MAZDA,MX-5,maroon,petrol,W.P. Kuala Lumpur,2014,TWO-SEATER,2.0,4,M5,z,10.5,8.5,9.6,29,221
2025-04-11,motokar,MAZDA,MX-5,maroon,petrol,W.P. Kuala Lumpur,2014,TWO-SEATER,2.0,4,M6,z,11.1,8.4,9.9,29,228
2025-04-11,motokar,MAZDA,MX-5,grey,petrol,W.P. Kuala Lumpur,2014,TWO-SEATER,2.0,4,AS6,z,11.5,8.5,10.2,28,235
2025-04-11,motokar,MAZDA,MX-5,grey,petrol,W.P. Kuala Lumpur,2014,TWO-SEATER,2.0,4,M5,z,10.5,8.5,9.6,29,221
2025-04-11,motokar,MAZDA,MX-5,grey,petrol,W.P. Kuala Lumpur,2014,TWO-SEATER,2.0,4,M6,z,11.1,8.4,9.9,29,228
2025-04-11,motokar,NISSAN,GT-R,grey,petrol,W.P. Kuala Lumpur,2014,SUBCOMPACT,3.8,6,AM6,z,14.5,10.9,12.9,22,297
2025-04-11,motokar,PORSCHE,911 CARRERA,silver,petrol,W.P. Kuala Lumpur,2014,MINICOMPACT,3.4,6,AM7,z,11.6,8.3,10.1,28,232
2025-04-11,motokar,PORSCHE,911 CARRERA,silver,petrol,W.P. Kuala Lumpur,2014,MINICOMPACT,3.4,6,M7,z,12.5,8.6,10.7,26,246
2025-04-11,motokar,PORSCHE,911 CARRERA,grey,petrol,W.P. Kuala Lumpur,2014,MINICOMPACT,3.4,6,AM7,z,11.6,8.3,10.1,28,232
2025-04-11,motokar,PORSCHE,911 CARRERA,grey,petrol,W.P. Kuala Lumpur,2014,MINICOMPACT,3.4,6,M7,z,12.5,8.6,10.7,26,246
2025-04-11,motokar,PORSCHE,911 TURBO,grey,petrol,W.P. Kuala Lumpur,2014,MINICOMPACT,3.8,6,AM7,z,13.7,9.6,11.9,24,274
2025-04-11,jip,PORSCHE,CAYENNE,silver,petrol,W.P. Kuala Lumpur,2014,SUV - STANDARD,3.6,6,A8,z,13.6,10.1,12.0,24,276
2025-04-11,jip,PORSCHE,CAYENNE,silver,petrol,W.P. Kuala Lumpur,2014,SUV - STANDARD,3.6,6,M6,z,15.8,10.9,13.6,21,313
2025-04-11,jip,PORSCHE,CAYENNE,white,petrol,Sabah,2014,SUV - STANDARD,3.6,6,A8,z,13.6,10.1,12.0,24,276
2025-04-11,jip,PORSCHE,CAYENNE,white,petrol,Sabah,2014,SUV - STANDARD,3.6,6,M6,z,15.8,10.9,13.6,21,313
2025-04-11,jip,PORSCHE,CAYENNE,black,hybrid_petrol,Johor,2014,SUV - STANDARD,3.6,6,A8,z,13.6,10.1,12.0,24,276
2025-04-11,jip,PORSCHE,CAYENNE,black,hybrid_petrol,Johor,2014,SUV - STANDARD,3.6,6,M6,z,15.8,10.9,13.6,21,313
2025-04-11,jip,PORSCHE,CAYENNE,grey,petrol,Rakan Niaga,2014,SUV - STANDARD,3.6,6,A8,z,13.6,10.1,12.0,24,276
2025-04-11,jip,PORSCHE,CAYENNE,grey,petrol,Rakan Niaga,2014,SUV - STANDARD,3.6,6,M6,z,15.8,10.9,13.6,21,313
2025-04-11,jip,PORSCHE,CAYENNE,black,petrol,Pulau Pinang,2014,SUV - STANDARD,3.6,6,A8,z,13.6,10.1,12.0,24,276
2025-04-11,jip,PORSCHE,CAYENNE,black,petrol,Pulau Pinang,2014,SUV - STANDARD,3.6,6,M6,z,15.8,10.9,13.6,21,313
2025-04-11,jip,PORSCHE,CAYENNE,white,petrol,Selangor,2014,SUV - STANDARD,3.6,6,A8,z,13.6,10.1,12.0,24,276
2025-04-11,jip,PORSCHE,CAYENNE,white,petrol,Selangor,2014,SUV - STANDARD,3.6,6,M6,z,15.8,10.9,13.6,21,313
2025-04-11,motokar,PORSCHE,PANAMERA,white,petrol,Rakan Niaga,2014,FULL-SIZE,3.6,6,AM7,z,12.9,8.4,10.9,26,251
2025-04-11,motokar,PORSCHE,PANAMERA,black,petrol,Johor,2014,FULL-SIZE,3.6,6,AM7,z,12.9,8.4,10.9,26,251
2025-04-11,motokar,SUBARU,BRZ,white,petrol,W.P. Kuala Lumpur,2014,MINICOMPACT,2.0,4,AS6,z,9.6,7.1,8.5,33,196
2025-04-11,motokar,SUBARU,BRZ,white,petrol,W.P. Kuala Lumpur,2014,MINICOMPACT,2.0,4,M6,z,11.0,7.9,9.6,29,221
2025-04-11,motokar,TOYOTA,YARIS,silver,petrol,Rakan Niaga,2014,COMPACT,1.5,4,A4,x,7.9,6.6,7.3,39,168
2025-04-11,motokar,TOYOTA,YARIS,silver,petrol,Rakan Niaga,2014,COMPACT,1.5,4,M5,x,7.8,6.3,7.1,40,163
2025-04-11,motokar,TOYOTA,YARIS,red,petrol,Rakan Niaga,2014,COMPACT,1.5,4,A4,x,7.9,6.6,7.3,39,168
2025-04-11,motokar,TOYOTA,YARIS,red,petrol,Rakan Niaga,2014,COMPACT,1.5,4,M5,x,7.8,6.3,7.1,40,163
2025-04-11,motokar,TOYOTA,YARIS,white,petrol,Rakan Niaga,2014,COMPACT,1.5,4,A4,x,7.9,6.6,7.3,39,168
2025-04-11,motokar,TOYOTA,YARIS,white,petrol,Rakan Niaga,2014,COMPACT,1.5,4,M5,x,7.8,6.3,7.1,40,163
2025-04-11,motokar,TOYOTA,YARIS,white,petrol,Selangor,2014,COMPACT,1.5,4,A4,x,7.9,6.6,7.3,39,168
2025-04-11,motokar,TOYOTA,YARIS,white,petrol,Selangor,2014,COMPACT,1.5,4,M5,x,7.8,6.3,7.1,40,163
2025-04-11,motokar,TOYOTA,YARIS,red,petrol,W.P. Kuala Lumpur,2014,COMPACT,1.5,4,A4,x,7.9,6.6,7.3,39,168
2025-04-11,motokar,TOYOTA,YARIS,red,petrol,W.P. Kuala Lumpur,2014,COMPACT,1.5,4,M5,x,7.8,6.3,7.1,40,163
2025-04-11,motokar,TOYOTA,YARIS,silver,petrol,W.P. Kuala Lumpur,2014,COMPACT,1.5,4,A4,x,7.9,6.6,7.3,39,168
2025-04-11,motokar,TOYOTA,YARIS,silver,petrol,W.P. Kuala Lumpur,2014,COMPACT,1.5,4,M5,x,7.8,6.3,7.1,40,163
2025-04-11,motokar,TOYOTA,YARIS,red,petrol,Pahang,2014,COMPACT,1.5,4,A4,x,7.9,6.6,7.3,39,168
2025-04-11,motokar,TOYOTA,YARIS,red,petrol,Pahang,2014,COMPACT,1.5,4,M5,x,7.8,6.3,7.1,40,163
2025-04-11,jip,VOLKSWAGEN,TIGUAN,blue,petrol,Rakan Niaga,2014,SUV - SMALL,2.0,4,A6,z,11.7,9.5,10.7,26,246
2025-04-11,jip,VOLKSWAGEN,TIGUAN,blue,petrol,Rakan Niaga,2014,SUV - SMALL,2.0,4,M6,z,13.6,9.2,11.6,24,267
2025-04-11,jip,VOLVO,XC60,blue,hybrid_petrol,W.P. Kuala Lumpur,2014,SUV - SMALL,3.2,6,AS6,x,13.0,8.9,11.2,25,258
2025-04-12,jip,HONDA,CR-V,blue,petrol,Rakan Niaga,2014,SUV - SMALL,2.4,4,A5,x,10.3,7.6,9.1,31,209
2025-04-12,jip,HONDA,CR-V,white,petrol,Rakan Niaga,2014,SUV - SMALL,2.4,4,A5,x,10.3,7.6,9.1,31,209
2025-04-12,motokar,HONDA,CIVIC,blue,petrol,Rakan Niaga,2014,COMPACT,1.8,4,AV,x,7.9,6.0,7.0,40,161
2025-04-12,motokar,HONDA,CIVIC,blue,petrol,Rakan Niaga,2014,COMPACT,1.8,4,AV7,x,8.1,6.2,7.2,39,166
2025-04-12,motokar,HONDA,CIVIC,blue,petrol,Rakan Niaga,2014,COMPACT,1.8,4,M5,x,8.5,6.6,7.6,37,175
2025-04-12,motokar,HONDA,CIVIC,grey,petrol,Rakan Niaga,2014,COMPACT,1.8,4,AV,x,7.9,6.0,7.0,40,161
2025-04-12,motokar,HONDA,CIVIC,grey,petrol,Rakan Niaga,2014,COMPACT,1.8,4,AV7,x,8.1,6.2,7.2,39,166
2025-04-12,motokar,HONDA,CIVIC,grey,petrol,Rakan Niaga,2014,COMPACT,1.8,4,M5,x,8.5,6.6,7.6,37,175
2025-04-12,jip,HYUNDAI,SANTA FE,black,diesel,Rakan Niaga,2014,SUV - SMALL,3.3,6,A6,x,13.0,9.1,11.2,25,258
2025-04-12,jip,HYUNDAI,SANTA FE,blue,hybrid_petrol,Rakan Niaga,2014,SUV - SMALL,3.3,6,A6,x,13.0,9.1,11.2,25,258
2025-04-12,motokar,TOYOTA,YARIS,red,petrol,Rakan Niaga,2014,COMPACT,1.5,4,A4,x,7.9,6.6,7.3,39,168
2025-04-12,motokar,TOYOTA,YARIS,red,petrol,Rakan Niaga,2014,COMPACT,1.5,4,M5,x,7.8,6.3,7.1,40,163
2025-04-13,motokar,TOYOTA,YARIS,red,petrol,Rakan Niaga,2014,COMPACT,1.5,4,A4,x,7.9,6.6,7.3,39,168
2025-04-13,motokar,TOYOTA,YARIS,red,petrol,Rakan Niaga,2014,COMPACT,1.5,4,M5,x,7.8,6.3,7.1,40,163
2025-04-13,motokar,TOYOTA,YARIS,white,petrol,Rakan Niaga,2014,COMPACT,1.5,4,A4,x,7.9,6.6,7.3,39,168
2025-04-13,motokar,TOYOTA,YARIS,white,petrol,Rakan Niaga,2014,COMPACT,1.5,4,M5,x,7.8,6.3,7.1,40,163
2025-04-14,jip,HONDA,CR-V,white,hybrid_petrol,Rakan Niaga,2014,SUV - SMALL,2.4,4,A5,x,10.3,7.6,9.1,31,209
2025-04-14,jip,HONDA,CR-V,blue,hybrid_petrol,Rakan Niaga,2014,SUV - SMALL,2.4,4,A5,x,10.3,7.6,9.1,31,209
2025-04-14,jip,HONDA,CR-V,silver,petrol,Rakan Niaga,2014,SUV - SMALL,2.4,4,A5,x,10.3,7.6,9.1,31,209
2025-04-14,jip,HONDA,CR-V,red,petrol,Rakan Niaga,2014,SUV - SMALL,2.4,4,A5,x,10.3,7.6,9.1,31,209
2025-04-14,jip,HONDA,CR-V,grey,petrol,Sarawak,2014,SUV - SMALL,2.4,4,A5,x,10.3,7.6,9.1,31,209
2025-04-14,jip,HONDA,CR-V,white,petrol,Rakan Niaga,2014,SUV - SMALL,2.4,4,A5,x,10.3,7.6,9.1,31,209
2025-04-14,jip,HONDA,CR-V,blue,petrol,Rakan Niaga,2014,SUV - SMALL,2.4,4,A5,x,10.3,7.6,9.1,31,209
2025-04-14,jip,HONDA,CR-V,grey,petrol,Rakan Niaga,2014,SUV - SMALL,2.4,4,A5,x,10.3,7.6,9.1,31,209
2025-04-14,motokar,HONDA,CIVIC,blue,petrol,Rakan Niaga,2014,COMPACT,1.8,4,AV,x,7.9,6.0,7.0,40,161
2025-04-14,motokar,HONDA,CIVIC,blue,petrol,Rakan Niaga,2014,COMPACT,1.8,4,AV7,x,8.1,6.2,7.2,39,166
2025-04-14,motokar,HONDA,CIVIC,blue,petrol,Rakan Niaga,2014,COMPACT,1.8,4,M5,x,8.5,6.6,7.6,37,175
2025-04-14,motokar,HONDA,CIVIC,blue,hybrid_petrol,W.P. Kuala Lumpur,2014,COMPACT,1.8,4,AV,x,7.9,6.0,7.0,40,161
2025-04-14,motokar,HONDA,CIVIC,blue,hybrid_petrol,W.P. Kuala Lumpur,2014,COMPACT,1.8,4,AV7,x,8.1,6.2,7.2,39,166
2025-04-14,motokar,HONDA,CIVIC,blue,hybrid_petrol,W.P. Kuala Lumpur,2014,COMPACT,1.8,4,M5,x,8.5,6.6,7.6,37,175
2025-04-14,motokar,HONDA,CIVIC,white,petrol,Rakan Niaga,2014,COMPACT,1.8,4,AV,x,7.9,6.0,7.0,40,161
2025-04-14,motokar,HONDA,CIVIC,white,petrol,Rakan Niaga,2014,COMPACT,1.8,4,AV7,x,8.1,6.2,7.2,39,166
2025-04-14,motokar,HONDA,CIVIC,white,petrol,Rakan Niaga,2014,COMPACT,1.8,4,M5,x,8.5,6.6,7.6,37,175
2025-04-14,motokar,HONDA,CIVIC,red,petrol,Rakan Niaga,2014,COMPACT,1.8,4,AV,x,7.9,6.0,7.0,40,161
2025-04-14,motokar,HONDA,CIVIC,red,petrol,Rakan Niaga,2014,COMPACT,1.8,4,AV7,x,8.1,6.2,7.2,39,166
2025-04-14,motokar,HONDA,CIVIC,red,petrol,Rakan Niaga,2014,COMPACT,1.8,4,M5,x,8.5,6.6,7.6,37,175
2025-04-14,motokar,HONDA,CIVIC,white,petrol,W.P. Kuala Lumpur,2014,COMPACT,1.8,4,AV,x,7.9,6.0,7.0,40,161
2025-04-14,motokar,HONDA,CIVIC,white,petrol,W.P. Kuala Lumpur,2014,COMPACT,1.8,4,AV7,x,8.1,6.2,7.2,39,166
2025-04-14,motokar,HONDA,CIVIC,white,petrol,W.P. Kuala Lumpur,2014,COMPACT,1.8,4,M5,x,8.5,6.6,7.6,37,175
2025-04-14,motokar,HONDA,CIVIC,black,petrol,Rakan Niaga,2014,COMPACT,1.8,4,AV,x,7.9,6.0,7.0,40,161
2025-04-14,motokar,HONDA,CIVIC,black,petrol,Rakan Niaga,2014,COMPACT,1.8,4,AV7,x,8.1,6.2,7.2,39,166
2025-04-14,motokar,HONDA,CIVIC,black,petrol,Rakan Niaga,2014,COMPACT,1.8,4,M5,x,8.5,6.6,7.6,37,175
2025-04-14,motokar,HONDA,CIVIC,white,petrol,Selangor,2014,COMPACT,1.8,4,AV,x,7.9,6.0,7.0,40,161
2025-04-14,motokar,HONDA,CIVIC,white,petrol,Selangor,2014,COMPACT,1.8,4,AV7,x,8.1,6.2,7.2,39,166
2025-04-14,motokar,HONDA,CIVIC,white,petrol,Selangor,2014,COMPACT,1.8,4,M5,x,8.5,6.6,7.6,37,175
2025-04-14,motokar,HONDA,CIVIC,blue,petrol,W.P. Kuala Lumpur,2014,COMPACT,1.8,4,AV,x,7.9,6.0,7.0,40,161
2025-04-14,motokar,HONDA,CIVIC,blue,petrol,W.P. Kuala Lumpur,2014,COMPACT,1.8,4,AV7,x,8.1,6.2,7.2,39,166
2025-04-14,motokar,HONDA,CIVIC,blue,petrol,W.P. Kuala Lumpur,2014,COMPACT,1.8,4,M5,x,8.5,6.6,7.6,37,175
2025-04-14,motokar,HONDA,CIVIC,grey,petrol,Rakan Niaga,2014,COMPACT,1.8,4,AV,x,7.9,6.0,7.0,40,161
2025-04-14,motokar,HONDA,CIVIC,grey,petrol,Rakan Niaga,2014,COMPACT,1.8,4,AV7,x,8.1,6.2,7.2,39,166
2025-04-14,motokar,HONDA,CIVIC,grey,petrol,Rakan Niaga,2014,COMPACT,1.8,4,M5,x,8.5,6.6,7.6,37,175
2025-04-14,motokar,HONDA,CIVIC,red,petrol,Selangor,2014,COMPACT,1.8,4,AV,x,7.9,6.0,7.0,40,161
2025-04-14,motokar,HONDA,CIVIC,red,petrol,Selangor,2014,COMPACT,1.8,4,AV7,x,8.1,6.2,7.2,39,166
2025-04-14,motokar,HONDA,CIVIC,red,petrol,Selangor,2014,COMPACT,1.8,4,M5,x,8.5,6.6,7.6,37,175
2025-04-14,motokar,HONDA,CIVIC,red,petrol,W.P. Kuala Lumpur,2014,COMPACT,1.8,4,AV,x,7.9,6.0,7.0,40,161
2025-04-14,motokar,HONDA,CIVIC,red,petrol,W.P. Kuala Lumpur,2014,COMPACT,1.8,4,AV7,x,8.1,6.2,7.2,39,166
2025-04-14,motokar,HONDA,CIVIC,red,petrol,W.P. Kuala Lumpur,2014,COMPACT,1.8,4,M5,x,8.5,6.6,7.6,37,175
2025-04-14,window_van,HONDA,ODYSSEY,black,petrol,Selangor,2014,MINIVAN,3.5,6,A6,x,12.3,8.5,10.6,27,244
2025-04-14,jip,MAZDA,CX-5,grey,petrol,Rakan Niaga,2014,SUV - SMALL,2.0,4,AS6,x,8.9,7.3,8.2,34,189
2025-04-14,jip,MAZDA,CX-5,grey,petrol,Rakan Niaga,2014,SUV - SMALL,2.0,4,M6,x,9.0,6.8,8.0,35,184
2025-04-14,jip,MAZDA,CX-5,grey,petrol,Rakan Niaga,2014,SUV - SMALL,2.5,4,AS6,x,9.6,7.4,8.6,33,198
2025-04-14,jip,MAZDA,CX-5,white,petrol,Rakan Niaga,2014,SUV - SMALL,2.0,4,AS6,x,8.9,7.3,8.2,34,189
2025-04-14,jip,MAZDA,CX-5,white,petrol,Rakan Niaga,2014,SUV - SMALL,2.0,4,M6,x,9.0,6.8,8.0,35,184
2025-04-14,jip,MAZDA,CX-5,white,petrol,Rakan Niaga,2014,SUV - SMALL,2.5,4,AS6,x,9.6,7.4,8.6,33,198
2025-04-14,jip,MAZDA,CX-5,gold,petrol,Rakan Niaga,2014,SUV - SMALL,2.0,4,AS6,x,8.9,7.3,8.2,34,189
2025-04-14,jip,MAZDA,CX-5,gold,petrol,Rakan Niaga,2014,SUV - SMALL,2.0,4,M6,x,9.0,6.8,8.0,35,184
2025-04-14,jip,MAZDA,CX-5,gold,petrol,Rakan Niaga,2014,SUV - SMALL,2.5,4,AS6,x,9.6,7.4,8.6,33,198
2025-04-14,jip,MAZDA,CX-5,red,petrol,Pulau Pinang,2014,SUV - SMALL,2.0,4,AS6,x,8.9,7.3,8.2,34,189
2025-04-14,jip,MAZDA,CX-5,red,petrol,Pulau Pinang,2014,SUV - SMALL,2.0,4,M6,x,9.0,6.8,8.0,35,184
2025-04-14,jip,MAZDA,CX-5,red,petrol,Pulau Pinang,2014,SUV - SMALL,2.5,4,AS6,x,9.6,7.4,8.6,33,198
2025-04-14,jip,MAZDA,CX-5,red,petrol,W.P. Kuala Lumpur,2014,SUV - SMALL,2.0,4,AS6,x,8.9,7.3,8.2,34,189
2025-04-14,jip,MAZDA,CX-5,red,petrol,W.P. Kuala Lumpur,2014,SUV - SMALL,2.0,4,M6,x,9.0,6.8,8.0,35,184
2025-04-14,jip,MAZDA,CX-5,red,petrol,W.P. Kuala Lumpur,2014,SUV - SMALL,2.5,4,AS6,x,9.6,7.4,8.6,33,198
2025-04-14,motokar,MAZDA,MX-5,grey,petrol,W.P. Kuala Lumpur,2014,TWO-SEATER,2.0,4,AS6,z,11.5,8.5,10.2,28,235
2025-04-14,motokar,MAZDA,MX-5,grey,petrol,W.P. Kuala Lumpur,2014,TWO-SEATER,2.0,4,M5,z,10.5,8.5,9.6,29,221
2025-04-14,motokar,MAZDA,MX-5,grey,petrol,W.P. Kuala Lumpur,2014,TWO-SEATER,2.0,4,M6,z,11.1,8.4,9.9,29,228
2025-04-14,motokar,NISSAN,GT-R,silver,petrol,Johor,2014,SUBCOMPACT,3.8,6,AM6,z,14.5,10.9,12.9,22,297
2025-04-14,jip,PORSCHE,CAYENNE,white,petrol,Rakan Niaga,2014,SUV - STANDARD,3.6,6,A8,z,13.6,10.1,12.0,24,276
2025-04-14,jip,PORSCHE,CAYENNE,white,petrol,Rakan Niaga,2014,SUV - STANDARD,3.6,6,M6,z,15.8,10.9,13.6,21,313
2025-04-14,motokar,TOYOTA,CAMRY,white,hybrid_petrol,Rakan Niaga,2014,MID-SIZE,2.5,4,AS6,x,9.5,6.6,8.2,34,189
2025-04-14,motokar,TOYOTA,CAMRY,white,hybrid_petrol,Rakan Niaga,2014,MID-SIZE,3.5,6,AS6,x,11.1,7.8,9.6,29,221
2025-04-14,motokar,TOYOTA,CAMRY,black,petrol,Selangor,2014,MID-SIZE,2.5,4,AS6,x,9.5,6.6,8.2,34,189
2025-04-14,motokar,TOYOTA,CAMRY,black,petrol,Selangor,2014,MID-SIZE,3.5,6,AS6,x,11.1,7.8,9.6,29,221
2025-04-14,motokar,TOYOTA,CAMRY,grey,hybrid_petrol,Rakan Niaga,2014,MID-SIZE,2.5,4,AS6,x,9.5,6.6,8.2,34,189
2025-04-14,motokar,TOYOTA,CAMRY,grey,hybrid_petrol,Rakan Niaga,2014,MID-SIZE,3.5,6,AS6,x,11.1,7.8,9.6,29,221
2025-04-14,motokar,TOYOTA,CAMRY,grey,petrol,Rakan Niaga,2014,MID-SIZE,2.5,4,AS6,x,9.5,6.6,8.2,34,189
2025-04-14,motokar,TOYOTA,CAMRY,grey,petrol,Rakan Niaga,2014,MID-SIZE,3.5,6,AS6,x,11.1,7.8,9.6,29,221
2025-04-14,motokar,TOYOTA,YARIS,silver,petrol,Rakan Niaga,2014,COMPACT,1.5,4,A4,x,7.9,6.6,7.3,39,168
2025-04-14,motokar,TOYOTA,YARIS,silver,petrol,Rakan Niaga,2014,COMPACT,1.5,4,M5,x,7.8,6.3,7.1,40,163
2025-04-14,motokar,TOYOTA,YARIS,white,petrol,Rakan Niaga,2014,COMPACT,1.5,4,A4,x,7.9,6.6,7.3,39,168
2025-04-14,motokar,TOYOTA,YARIS,white,petrol,Rakan Niaga,2014,COMPACT,1.5,4,M5,x,7.8,6.3,7.1,40,163
2025-04-14,motokar,TOYOTA,YARIS,red,petrol,Rakan Niaga,2014,COMPACT,1.5,4,A4,x,7.9,6.6,7.3,39,168
2025-04-14,motokar,TOYOTA,YARIS,red,petrol,Rakan Niaga,2014,COMPACT,1.5,4,M5,x,7.8,6.3,7.1,40,163
2025-04-14,motokar,TOYOTA,YARIS,white,petrol,Melaka,2014,COMPACT,1.5,4,A4,x,7.9,6.6,7.3,39,168
2025-04-14,motokar,TOYOTA,YARIS,white,petrol,Melaka,2014,COMPACT,1.5,4,M5,x,7.8,6.3,7.1,40,163
2025-04-14,motokar,TOYOTA,YARIS,white,petrol,W.P. Kuala Lumpur,2014,COMPACT,1.5,4,A4,x,7.9,6.6,7.3,39,168
2025-04-14,motokar,TOYOTA,YARIS,white,petrol,W.P. Kuala Lumpur,2014,COMPACT,1.5,4,M5,x,7.8,6.3,7.1,40,163
2025-04-14,jip,VOLKSWAGEN,TIGUAN,grey,petrol,Rakan Niaga,2014,SUV - SMALL,2.0,4,A6,z,11.7,9.5,10.7,26,246
2025-04-14,jip,VOLKSWAGEN,TIGUAN,grey,petrol,Rakan Niaga,2014,SUV - SMALL,2.0,4,M6,z,13.6,9.2,11.6,24,267
2025-04-14,jip,VOLKSWAGEN,TIGUAN,white,petrol,Rakan Niaga,2014,SUV - SMALL,2.0,4,A6,z,11.7,9.5,10.7,26,246
2025-04-14,jip,VOLKSWAGEN,TIGUAN,white,petrol,Rakan Niaga,2014,SUV - SMALL,2.0,4,M6,z,13.6,9.2,11.6,24,267
2025-04-14,jip,VOLKSWAGEN,TIGUAN,black,petrol,Negeri Sembilan,2014,SUV - SMALL,2.0,4,A6,z,11.7,9.5,10.7,26,246
2025-04-14,jip,VOLKSWAGEN,TIGUAN,black,petrol,Negeri Sembilan,2014,SUV - SMALL,2.0,4,M6,z,13.6,9.2,11.6,24,267
2025-04-14,jip,VOLKSWAGEN,TIGUAN,blue,petrol,Rakan Niaga,2014,SUV - SMALL,2.0,4,A6,z,11.7,9.5,10.7,26,246
2025-04-14,jip,VOLKSWAGEN,TIGUAN,blue,petrol,Rakan Niaga,2014,SUV - SMALL,2.0,4,M6,z,13.6,9.2,11.6,24,267
2025-04-14,jip,VOLKSWAGEN,TIGUAN,black,petrol,Rakan Niaga,2014,SUV - SMALL,2.0,4,A6,z,11.7,9.5,10.7,26,246
2025-04-14,jip,VOLKSWAGEN,TIGUAN,black,petrol,Rakan Niaga,2014,SUV - SMALL,2.0,4,M6,z,13.6,9.2,11.6,24,267
2025-04-14,jip,VOLVO,XC60,black,hybrid_petrol,W.P. Kuala Lumpur,2014,SUV - SMALL,3.2,6,AS6,x,13.0,8.9,11.2,25,258
2025-04-15,jip,HONDA,CR-V,white,hybrid_petrol,Rakan Niaga,2014,SUV - SMALL,2.4,4,A5,x,10.3,7.6,9.1,31,209
2025-04-15,jip,HONDA,CR-V,white,petrol,Rakan Niaga,2014,SUV - SMALL,2.4,4,A5,x,10.3,7.6,9.1,31,209
2025-04-15,jip,HONDA,CR-V,red,hybrid_petrol,Rakan Niaga,2014,SUV - SMALL,2.4,4,A5,x,10.3,7.6,9.1,31,209
2025-04-15,jip,HONDA,CR-V,grey,petrol,Rakan Niaga,2014,SUV - SMALL,2.4,4,A5,x,10.3,7.6,9.1,31,209
2025-04-15,jip,HONDA,CR-V,grey,petrol,Perlis,2014,SUV - SMALL,2.4,4,A5,x,10.3,7.6,9.1,31,209
2025-04-15,jip,HONDA,CR-V,red,petrol,Rakan Niaga,2014,SUV - SMALL,2.4,4,A5,x,10.3,7.6,9.1,31,209
2025-04-15,jip,HONDA,CR-V,blue,petrol,Rakan Niaga,2014,SUV - SMALL,2.4,4,A5,x,10.3,7.6,9.1,31,209
2025-04-15,jip,HONDA,CR-V,white,petrol,Pahang,2014,SUV - SMALL,2.4,4,A5,x,10.3,7.6,9.1,31,209
2025-04-15,jip,HONDA,CR-V,blue,petrol,Sarawak,2014,SUV - SMALL,2.4,4,A5,x,10.3,7.6,9.1,31,209
2025-04-15,motokar,HONDA,CIVIC,blue,petrol,Rakan Niaga,2014,COMPACT,1.8,4,AV,x,7.9,6.0,7.0,40,161
2025-04-15,motokar,HONDA,CIVIC,blue,petrol,Rakan Niaga,2014,COMPACT,1.8,4,AV7,x,8.1,6.2,7.2,39,166
2025-04-15,motokar,HONDA,CIVIC,blue,petrol,Rakan Niaga,2014,COMPACT,1.8,4,M5,x,8.5,6.6,7.6,37,175
2025-04-15,motokar,HONDA,CIVIC,grey,petrol,Pulau Pinang,2014,COMPACT,1.8,4,AV,x,7.9,6.0,7.0,40,161
2025-04-15,motokar,HONDA,CIVIC,grey,petrol,Pulau Pinang,2014,COMPACT,1.8,4,AV7,x,8.1,6.2,7.2,39,166
2025-04-15,motokar,HONDA,CIVIC,grey,petrol,Pulau Pinang,2014,COMPACT,1.8,4,M5,x,8.5,6.6,7.6,37,175
2025-04-15,motokar,HONDA,CIVIC,grey,petrol,Rakan Niaga,2014,COMPACT,1.8,4,AV,x,7.9,6.0,7.0,40,161
2025-04-15,motokar,HONDA,CIVIC,grey,petrol,Rakan Niaga,2014,COMPACT,1.8,4,AV7,x,8.1,6.2,7.2,39,166
2025-04-15,motokar,HONDA,CIVIC,grey,petrol,Rakan Niaga,2014,COMPACT,1.8,4,M5,x,8.5,6.6,7.6,37,175
2025-04-15,motokar,HONDA,CIVIC,white,petrol,Rakan Niaga,2014,COMPACT,1.8,4,AV,x,7.9,6.0,7.0,40,161
2025-04-15,motokar,HONDA,CIVIC,white,petrol,Rakan Niaga,2014,COMPACT,1.8,4,AV7,x,8.1,6.2,7.2,39,166
2025-04-15,motokar,HONDA,CIVIC,white,petrol,Rakan Niaga,2014,COMPACT,1.8,4,M5,x,8.5,6.6,7.6,37,175
2025-04-15,motokar,HONDA,CIVIC,white,hybrid_petrol,Rakan Niaga,2014,COMPACT,1.8,4,AV,x,7.9,6.0,7.0,40,161
2025-04-15,motokar,HONDA,CIVIC,white,hybrid_petrol,Rakan Niaga,2014,COMPACT,1.8,4,AV7,x,8.1,6.2,7.2,39,166
2025-04-15,motokar,HONDA,CIVIC,white,hybrid_petrol,Rakan Niaga,2014,COMPACT,1.8,4,M5,x,8.5,6.6,7.6,37,175
2025-04-15,motokar,HONDA,CIVIC,red,petrol,W.P. Kuala Lumpur,2014,COMPACT,1.8,4,AV,x,7.9,6.0,7.0,40,161
2025-04-15,motokar,HONDA,CIVIC,red,petrol,W.P. Kuala Lumpur,2014,COMPACT,1.8,4,AV7,x,8.1,6.2,7.2,39,166
2025-04-15,motokar,HONDA,CIVIC,red,petrol,W.P. Kuala Lumpur,2014,COMPACT,1.8,4,M5,x,8.5,6.6,7.6,37,175
2025-04-15,motokar,HONDA,CIVIC,grey,petrol,W.P. Kuala Lumpur,2014,COMPACT,1.8,4,AV,x,7.9,6.0,7.0,40,161
2025-04-15,motokar,HONDA,CIVIC,grey,petrol,W.P. Kuala Lumpur,2014,COMPACT,1.8,4,AV7,x,8.1,6.2,7.2,39,166
2025-04-15,motokar,HONDA,CIVIC,grey,petrol,W.P. Kuala Lumpur,2014,COMPACT,1.8,4,M5,x,8.5,6.6,7.6,37,175
2025-04-15,motokar,HONDA,CIVIC,white,petrol,W.P. Kuala Lumpur,2014,COMPACT,1.8,4,AV,x,7.9,6.0,7.0,40,161
2025-04-15,motokar,HONDA,CIVIC,white,petrol,W.P. Kuala Lumpur,2014,COMPACT,1.8,4,AV7,x,8.1,6.2,7.2,39,166
2025-04-15,motokar,HONDA,CIVIC,white,petrol,W.P. Kuala Lumpur,2014,COMPACT,1.8,4,M5,x,8.5,6.6,7.6,37,175
2025-04-15,motokar,HONDA,CIVIC,white,petrol,Pulau Pinang,2014,COMPACT,1.8,4,AV,x,7.9,6.0,7.0,40,161
2025-04-15,motokar,HONDA,CIVIC,white,petrol,Pulau Pinang,2014,COMPACT,1.8,4,AV7,x,8.1,6.2,7.2,39,166
2025-04-15,motokar,HONDA,CIVIC,white,petrol,Pulau Pinang,2014,COMPACT,1.8,4,M5,x,8.5,6.6,7.6,37,175
2025-04-15,motokar,HONDA,CIVIC,black,petrol,Rakan Niaga,2014,COMPACT,1.8,4,AV,x,7.9,6.0,7.0,40,161
2025-04-15,motokar,HONDA,CIVIC,black,petrol,Rakan Niaga,2014,COMPACT,1.8,4,AV7,x,8.1,6.2,7.2,39,166
2025-04-15,motokar,HONDA,CIVIC,black,petrol,Rakan Niaga,2014,COMPACT,1.8,4,M5,x,8.5,6.6,7.6,37,175
2025-04-15,motokar,HONDA,CIVIC,blue,petrol,W.P. Kuala Lumpur,2014,COMPACT,1.8,4,AV,x,7.9,6.0,7.0,40,161
2025-04-15,motokar,HONDA,CIVIC,blue,petrol,W.P. Kuala Lumpur,2014,COMPACT,1.8,4,AV7,x,8.1,6.2,7.2,39,166
2025-04-15,motokar,HONDA,CIVIC,blue,petrol,W.P. Kuala Lumpur,2014,COMPACT,1.8,4,M5,x,8.5,6.6,7.6,37,175
2025-04-15,jip,MAZDA,CX-5,red,petrol,Rakan Niaga,2014,SUV - SMALL,2.0,4,AS6,x,8.9,7.3,8.2,34,189
2025-04-15,jip,MAZDA,CX-5,red,petrol,Rakan Niaga,2014,SUV - SMALL,2.0,4,M6,x,9.0,6.8,8.0,35,184
2025-04-15,jip,MAZDA,CX-5,red,petrol,Rakan Niaga,2014,SUV - SMALL,2.5,4,AS6,x,9.6,7.4,8.6,33,198
2025-04-15,jip,MAZDA,CX-5,black,petrol,Rakan Niaga,2014,SUV - SMALL,2.0,4,AS6,x,8.9,7.3,8.2,34,189
2025-04-15,jip,MAZDA,CX-5,black,petrol,Rakan Niaga,2014,SUV - SMALL,2.0,4,M6,x,9.0,6.8,8.0,35,184
2025-04-15,jip,MAZDA,CX-5,black,petrol,Rakan Niaga,2014,SUV - SMALL,2.5,4,AS6,x,9.6,7.4,8.6,33,198
2025-04-15,jip,MAZDA,CX-5,blue,petrol,Rakan Niaga,2014,SUV - SMALL,2.0,4,AS6,x,8.9,7.3,8.2,34,189
2025-04-15,jip,MAZDA,CX-5,blue,petrol,Rakan Niaga,2014,SUV - SMALL,2.0,4,M6,x,9.0,6.8,8.0,35,184
2025-04-15,jip,MAZDA,CX-5,blue,petrol,Rakan Niaga,2014,SUV - SMALL,2.5,4,AS6,x,9.6,7.4,8.6,33,198
2025-04-15,motokar,NISSAN,GT-R,white,petrol,Kelantan,2014,SUBCOMPACT,3.8,6,AM6,z,14.5,10.9,12.9,22,297
2025-04-15,motokar,NISSAN,GT-R,white,petrol,Pulau Pinang,2014,SUBCOMPACT,3.8,6,AM6,z,14.5,10.9,12.9,22,297
2025-04-15,motokar,NISSAN,GT-R,black,petrol,Selangor,2014,SUBCOMPACT,3.8,6,AM6,z,14.5,10.9,12.9,22,297
2025-04-15,motokar,PORSCHE,911 CARRERA,silver,petrol,Pulau Pinang,2014,MINICOMPACT,3.4,6,AM7,z,11.6,8.3,10.1,28,232
2025-04-15,motokar,PORSCHE,911 CARRERA,silver,petrol,Pulau Pinang,2014,MINICOMPACT,3.4,6,M7,z,12.5,8.6,10.7,26,246
2025-04-15,jip,PORSCHE,CAYENNE,black,petrol,Rakan Niaga,2014,SUV - STANDARD,3.6,6,A8,z,13.6,10.1,12.0,24,276
2025-04-15,jip,PORSCHE,CAYENNE,black,petrol,Rakan Niaga,2014,SUV - STANDARD,3.6,6,M6,z,15.8,10.9,13.6,21,313
2025-04-15,jip,PORSCHE,CAYENNE,white,petrol,W.P. Kuala Lumpur,2014,SUV - STANDARD,3.6,6,A8,z,13.6,10.1,12.0,24,276
2025-04-15,jip,PORSCHE,CAYENNE,white,petrol,W.P. Kuala Lumpur,2014,SUV - STANDARD,3.6,6,M6,z,15.8,10.9,13.6,21,313
2025-04-15,motokar,TOYOTA,CAMRY,grey,petrol,Rakan Niaga,2014,MID-SIZE,2.5,4,AS6,x,9.5,6.6,8.2,34,189
2025-04-15,motokar,TOYOTA,CAMRY,grey,petrol,Rakan Niaga,2014,MID-SIZE,3.5,6,AS6,x,11.1,7.8,9.6,29,221
2025-04-15,motokar,TOYOTA,CAMRY,red,hybrid_petrol,Rakan Niaga,2014,MID-SIZE,2.5,4,AS6,x,9.5,6.6,8.2,34,189
2025-04-15,motokar,TOYOTA,CAMRY,red,hybrid_petrol,Rakan Niaga,2014,MID-SIZE,3.5,6,AS6,x,11.1,7.8,9.6,29,221
2025-04-15,motokar,TOYOTA,CAMRY,grey,hybrid_petrol,Rakan Niaga,2014,MID-SIZE,2.5,4,AS6,x,9.5,6.6,8.2,34,189
2025-04-15,motokar,TOYOTA,CAMRY,grey,hybrid_petrol,Rakan Niaga,2014,MID-SIZE,3.5,6,AS6,x,11.1,7.8,9.6,29,221
2025-04-15,motokar,TOYOTA,CAMRY,white,petrol,Rakan Niaga,2014,MID-SIZE,2.5,4,AS6,x,9.5,6.6,8.2,34,189
2025-04-15,motokar,TOYOTA,CAMRY,white,petrol,Rakan Niaga,2014,MID-SIZE,3.5,6,AS6,x,11.1,7.8,9.6,29,221
2025-04-15,motokar,TOYOTA,CAMRY,black,petrol,Rakan Niaga,2014,MID-SIZE,2.5,4,AS6,x,9.5,6.6,8.2,34,189
2025-04-15,motokar,TOYOTA,CAMRY,black,petrol,Rakan Niaga,2014,MID-SIZE,3.5,6,AS6,x,11.1,7.8,9.6,29,221
2025-04-15,motokar,TOYOTA,CAMRY,black,hybrid_petrol,Rakan Niaga,2014,MID-SIZE,2.5,4,AS6,x,9.5,6.6,8.2,34,189
2025-04-15,motokar,TOYOTA,CAMRY,black,hybrid_petrol,Rakan Niaga,2014,MID-SIZE,3.5,6,AS6,x,11.1,7.8,9.6,29,221
2025-04-15,motokar,TOYOTA,YARIS,silver,petrol,Rakan Niaga,2014,COMPACT,1.5,4,A4,x,7.9,6.6,7.3,39,168
2025-04-15,motokar,TOYOTA,YARIS,silver,petrol,Rakan Niaga,2014,COMPACT,1.5,4,M5,x,7.8,6.3,7.1,40,163
2025-04-15,motokar,TOYOTA,YARIS,white,petrol,Rakan Niaga,2014,COMPACT,1.5,4,A4,x,7.9,6.6,7.3,39,168
2025-04-15,motokar,TOYOTA,YARIS,white,petrol,Rakan Niaga,2014,COMPACT,1.5,4,M5,x,7.8,6.3,7.1,40,163
2025-04-15,motokar,TOYOTA,YARIS,red,petrol,Rakan Niaga,2014,COMPACT,1.5,4,A4,x,7.9,6.6,7.3,39,168
2025-04-15,motokar,TOYOTA,YARIS,red,petrol,Rakan Niaga,2014,COMPACT,1.5,4,M5,x,7.8,6.3,7.1,40,163
2025-04-15,motokar,TOYOTA,YARIS,white,petrol,W.P. Kuala Lumpur,2014,COMPACT,1.5,4,A4,x,7.9,6.6,7.3,39,168
2025-04-15,motokar,TOYOTA,YARIS,white,petrol,W.P. Kuala Lumpur,2014,COMPACT,1.5,4,M5,x,7.8,6.3,7.1,40,163
2025-04-15,motokar,TOYOTA,YARIS,white,petrol,Kedah,2014,COMPACT,1.5,4,A4,x,7.9,6.6,7.3,39,168
2025-04-15,motokar,TOYOTA,YARIS,white,petrol,Kedah,2014,COMPACT,1.5,4,M5,x,7.8,6.3,7.1,40,163
2025-04-15,motokar,TOYOTA,YARIS,red,petrol,W.P. Kuala Lumpur,2014,COMPACT,1.5,4,A4,x,7.9,6.6,7.3,39,168
2025-04-15,motokar,TOYOTA,YARIS,red,petrol,W.P. Kuala Lumpur,2014,COMPACT,1.5,4,M5,x,7.8,6.3,7.1,40,163
2025-04-15,motokar,TOYOTA,YARIS,silver,petrol,Kedah,2014,COMPACT,1.5,4,A4,x,7.9,6.6,7.3,39,168
2025-04-15,motokar,TOYOTA,YARIS,silver,petrol,Kedah,2014,COMPACT,1.5,4,M5,x,7.8,6.3,7.1,40,163
2025-04-15,motokar,TOYOTA,YARIS,grey,petrol,W.P. Kuala Lumpur,2014,COMPACT,1.5,4,A4,x,7.9,6.6,7.3,39,168
2025-04-15,motokar,TOYOTA,YARIS,grey,petrol,W.P. Kuala Lumpur,2014,COMPACT,1.5,4,M5,x,7.8,6.3,7.1,40,163
2025-04-15,jip,VOLKSWAGEN,TIGUAN,grey,petrol,Rakan Niaga,2014,SUV - SMALL,2.0,4,A6,z,11.7,9.5,10.7,26,246
2025-04-15,jip,VOLKSWAGEN,TIGUAN,grey,petrol,Rakan Niaga,2014,SUV - SMALL,2.0,4,M6,z,13.6,9.2,11.6,24,267
2025-04-15,jip,VOLKSWAGEN,TIGUAN,black,petrol,W.P. Kuala Lumpur,2014,SUV - SMALL,2.0,4,A6,z,11.7,9.5,10.7,26,246
2025-04-15,jip,VOLKSWAGEN,TIGUAN,black,petrol,W.P. Kuala Lumpur,2014,SUV - SMALL,2.0,4,M6,z,13.6,9.2,11.6,24,267
2025-04-15,jip,VOLVO,XC60,black,hybrid_petrol,Rakan Niaga,2014,SUV - SMALL,3.2,6,AS6,x,13.0,8.9,11.2,25,258
2025-04-15,jip,VOLVO,XC60,white,hybrid_petrol,Rakan Niaga,2014,SUV - SMALL,3.2,6,AS6,x,13.0,8.9,11.2,25,258
2025-04-16,jip,HONDA,CR-V,grey,petrol,W.P. Kuala Lumpur,2014,SUV - SMALL,2.4,4,A5,x,10.3,7.6,9.1,31,209
2025-04-16,jip,HONDA,CR-V,red,petrol,Selangor,2014,SUV - SMALL,2.4,4,A5,x,10.3,7.6,9.1,31,209
2025-04-16,jip,HONDA,CR-V,grey,petrol,Rakan Niaga,2014,SUV - SMALL,2.4,4,A5,x,10.3,7.6,9.1,31,209
2025-04-16,jip,HONDA,CR-V,white,petrol,Rakan Niaga,2014,SUV - SMALL,2.4,4,A5,x,10.3,7.6,9.1,31,209
2025-04-16,jip,HONDA,CR-V,red,petrol,Johor,2014,SUV - SMALL,2.4,4,A5,x,10.3,7.6,9.1,31,209
2025-04-16,jip,HONDA,CR-V,grey,hybrid_petrol,W.P. Kuala Lumpur,2014,SUV - SMALL,2.4,4,A5,x,10.3,7.6,9.1,31,209
2025-04-16,jip,HONDA,CR-V,blue,hybrid_petrol,Rakan Niaga,2014,SUV - SMALL,2.4,4,A5,x,10.3,7.6,9.1,31,209
2025-04-16,jip,HONDA,CR-V,blue,petrol,W.P. Kuala Lumpur,2014,SUV - SMALL,2.4,4,A5,x,10.3,7.6,9.1,31,209
2025-04-16,jip,HONDA,CR-V,white,petrol,Johor,2014,SUV - SMALL,2.4,4,A5,x,10.3,7.6,9.1,31,209
2025-04-16,jip,HONDA,CR-V,grey,petrol,Sabah,2014,SUV - SMALL,2.4,4,A5,x,10.3,7.6,9.1,31,209
2025-04-16,jip,HONDA,CR-V,red,petrol,Rakan Niaga,2014,SUV - SMALL,2.4,4,A5,x,10.3,7.6,9.1,31,209
2025-04-16,jip,HONDA,CR-V,grey,hybrid_petrol,Rakan Niaga,2014,SUV - SMALL,2.4,4,A5,x,10.3,7.6,9.1,31,209
2025-04-16,jip,HONDA,CR-V,blue,hybrid_petrol,Johor,2014,SUV - SMALL,2.4,4,A5,x,10.3,7.6,9.1,31,209
2025-04-16,jip,HONDA,CR-V,blue,petrol,Rakan Niaga,2014,SUV - SMALL,2.4,4,A5,x,10.3,7.6,9.1,31,209
2025-04-16,motokar,HONDA,CIVIC,red,petrol,Rakan Niaga,2014,COMPACT,1.8,4,AV,x,7.9,6.0,7.0,40,161
2025-04-16,motokar,HONDA,CIVIC,red,petrol,Rakan Niaga,2014,COMPACT,1.8,4,AV7,x,8.1,6.2,7.2,39,166
2025-04-16,motokar,HONDA,CIVIC,red,petrol,Rakan Niaga,2014,COMPACT,1.8,4,M5,x,8.5,6.6,7.6,37,175
2025-04-16,motokar,HONDA,CIVIC,blue,petrol,Rakan Niaga,2014,COMPACT,1.8,4,AV,x,7.9,6.0,7.0,40,161
2025-04-16,motokar,HONDA,CIVIC,blue,petrol,Rakan Niaga,2014,COMPACT,1.8,4,AV7,x,8.1,6.2,7.2,39,166
2025-04-16,motokar,HONDA,CIVIC,blue,petrol,Rakan Niaga,2014,COMPACT,1.8,4,M5,x,8.5,6.6,7.6,37,175
2025-04-16,motokar,HONDA,CIVIC,white,petrol,Rakan Niaga,2014,COMPACT,1.8,4,AV,x,7.9,6.0,7.0,40,161
2025-04-16,motokar,HONDA,CIVIC,white,petrol,Rakan Niaga,2014,COMPACT,1.8,4,AV7,x,8.1,6.2,7.2,39,166
2025-04-16,motokar,HONDA,CIVIC,white,petrol,Rakan Niaga,2014,COMPACT,1.8,4,M5,x,8.5,6.6,7.6,37,175
2025-04-16,motokar,HONDA,CIVIC,white,petrol,Johor,2014,COMPACT,1.8,4,AV,x,7.9,6.0,7.0,40,161
2025-04-16,motokar,HONDA,CIVIC,white,petrol,Johor,2014,COMPACT,1.8,4,AV7,x,8.1,6.2,7.2,39,166
2025-04-16,motokar,HONDA,CIVIC,white,petrol,Johor,2014,COMPACT,1.8,4,M5,x,8.5,6.6,7.6,37,175
2025-04-16,motokar,HONDA,CIVIC,grey,petrol,Rakan Niaga,2014,COMPACT,1.8,4,AV,x,7.9,6.0,7.0,40,161
2025-04-16,motokar,HONDA,CIVIC,grey,petrol,Rakan Niaga,2014,COMPACT,1.8,4,AV7,x,8.1,6.2,7.2,39,166
2025-04-16,motokar,HONDA,CIVIC,grey,petrol,Rakan Niaga,2014,COMPACT,1.8,4,M5,x,8.5,6.6,7.6,37,175
2025-04-16,motokar,HONDA,CIVIC,red,petrol,W.P. Kuala Lumpur,2014,COMPACT,1.8,4,AV,x,7.9,6.0,7.0,40,161
2025-04-16,motokar,HONDA,CIVIC,red,petrol,W.P. Kuala Lumpur,2014,COMPACT,1.8,4,AV7,x,8.1,6.2,7.2,39,166
2025-04-16,motokar,HONDA,CIVIC,red,petrol,W.P. Kuala Lumpur,2014,COMPACT,1.8,4,M5,x,8.5,6.6,7.6,37,175
2025-04-16,motokar,HONDA,CIVIC,grey,hybrid_petrol,Rakan Niaga,2014,COMPACT,1.8,4,AV,x,7.9,6.0,7.0,40,161
2025-04-16,motokar,HONDA,CIVIC,grey,hybrid_petrol,Rakan Niaga,2014,COMPACT,1.8,4,AV7,x,8.1,6.2,7.2,39,166
2025-04-16,motokar,HONDA,CIVIC,grey,hybrid_petrol,Rakan Niaga,2014,COMPACT,1.8,4,M5,x,8.5,6.6,7.6,37,175
2025-04-16,motokar,HONDA,CIVIC,white,petrol,W.P. Kuala Lumpur,2014,COMPACT,1.8,4,AV,x,7.9,6.0,7.0,40,161
2025-04-16,motokar,HONDA,CIVIC,white,petrol,W.P. Kuala Lumpur,2014,COMPACT,1.8,4,AV7,x,8.1,6.2,7.2,39,166
2025-04-16,motokar,HONDA,CIVIC,white,petrol,W.P. Kuala Lumpur,2014,COMPACT,1.8,4,M5,x,8.5,6.6,7.6,37,175
2025-04-16,motokar,HONDA,CIVIC,blue,hybrid_petrol,Rakan Niaga,2014,COMPACT,1.8,4,AV,x,7.9,6.0,7.0,40,161
2025-04-16,motokar,HONDA,CIVIC,blue,hybrid_petrol,Rakan Niaga,2014,COMPACT,1.8,4,AV7,x,8.1,6.2,7.2,39,166
2025-04-16,motokar,HONDA,CIVIC,blue,hybrid_petrol,Rakan Niaga,2014,COMPACT,1.8,4,M5,x,8.5,6.6,7.6,37,175
2025-04-16,window_van,HONDA,ODYSSEY,white,petrol,Rakan Niaga,2014,MINIVAN,3.5,6,A6,x,12.3,8.5,10.6,27,244
2025-04-16,jip,MAZDA,CX-5,grey,petrol,Rakan Niaga,2014,SUV - SMALL,2.0,4,AS6,x,8.9,7.3,8.2,34,189
2025-04-16,jip,MAZDA,CX-5,grey,petrol,Rakan Niaga,2014,SUV - SMALL,2.0,4,M6,x,9.0,6.8,8.0,35,184
2025-04-16,jip,MAZDA,CX-5,grey,petrol,Rakan Niaga,2014,SUV - SMALL,2.5,4,AS6,x,9.6,7.4,8.6,33,198
2025-04-16,jip,MAZDA,CX-5,gold,petrol,W.P. Kuala Lumpur,2014,SUV - SMALL,2.0,4,AS6,x,8.9,7.3,8.2,34,189
2025-04-16,jip,MAZDA,CX-5,gold,petrol,W.P. Kuala Lumpur,2014,SUV - SMALL,2.0,4,M6,x,9.0,6.8,8.0,35,184
2025-04-16,jip,MAZDA,CX-5,gold,petrol,W.P. Kuala Lumpur,2014,SUV - SMALL,2.5,4,AS6,x,9.6,7.4,8.6,33,198
2025-04-16,jip,MAZDA,CX-5,white,petrol,W.P. Kuala Lumpur,2014,SUV - SMALL,2.0,4,AS6,x,8.9,7.3,8.2,34,189
2025-04-16,jip,MAZDA,CX-5,white,petrol,W.P. Kuala Lumpur,2014,SUV - SMALL,2.0,4,M6,x,9.0,6.8,8.0,35,184
2025-04-16,jip,MAZDA,CX-5,white,petrol,W.P. Kuala Lumpur,2014,SUV - SMALL,2.5,4,AS6,x,9.6,7.4,8.6,33,198
2025-04-16,jip,MAZDA,CX-5,red,petrol,Rakan Niaga,2014,SUV - SMALL,2.0,4,AS6,x,8.9,7.3,8.2,34,189
2025-04-16,jip,MAZDA,CX-5,red,petrol,Rakan Niaga,2014,SUV - SMALL,2.0,4,M6,x,9.0,6.8,8.0,35,184
2025-04-16,jip,MAZDA,CX-5,red,petrol,Rakan Niaga,2014,SUV - SMALL,2.5,4,AS6,x,9.6,7.4,8.6,33,198
2025-04-16,jip,MAZDA,CX-5,gold,petrol,Rakan Niaga,2014,SUV - SMALL,2.0,4,AS6,x,8.9,7.3,8.2,34,189
2025-04-16,jip,MAZDA,CX-5,gold,petrol,Rakan Niaga,2014,SUV - SMALL,2.0,4,M6,x,9.0,6.8,8.0,35,184
2025-04-16,jip,MAZDA,CX-5,gold,petrol,Rakan Niaga,2014,SUV - SMALL,2.5,4,AS6,x,9.6,7.4,8.6,33,198
2025-04-16,jip,MAZDA,CX-5,blue,petrol,Rakan Niaga,2014,SUV - SMALL,2.0,4,AS6,x,8.9,7.3,8.2,34,189
2025-04-16,jip,MAZDA,CX-5,blue,petrol,Rakan Niaga,2014,SUV - SMALL,2.0,4,M6,x,9.0,6.8,8.0,35,184
2025-04-16,jip,MAZDA,CX-5,blue,petrol,Rakan Niaga,2014,SUV - SMALL,2.5,4,AS6,x,9.6,7.4,8.6,33,198
2025-04-16,jip,MAZDA,CX-5,blue,petrol,Selangor,2014,SUV - SMALL,2.0,4,AS6,x,8.9,7.3,8.2,34,189
2025-04-16,jip,MAZDA,CX-5,blue,petrol,Selangor,2014,SUV - SMALL,2.0,4,M6,x,9.0,6.8,8.0,35,184
2025-04-16,jip,MAZDA,CX-5,blue,petrol,Selangor,2014,SUV - SMALL,2.5,4,AS6,x,9.6,7.4,8.6,33,198
2025-04-16,motokar,NISSAN,GT-R,black,petrol,Sarawak,2014,SUBCOMPACT,3.8,6,AM6,z,14.5,10.9,12.9,22,297
2025-04-16,motokar,PORSCHE,911 CARRERA,grey,petrol,W.P. Kuala Lumpur,2014,MINICOMPACT,3.4,6,AM7,z,11.6,8.3,10.1,28,232
2025-04-16,motokar,PORSCHE,911 CARRERA,grey,petrol,W.P. Kuala Lumpur,2014,MINICOMPACT,3.4,6,M7,z,12.5,8.6,10.7,26,246
2025-04-16,motokar,PORSCHE,911 GT3,blue,petrol,W.P. Kuala Lumpur,2014,TWO-SEATER,3.8,6,AM7,z,16.0,11.5,14.0,20,322
2025-04-16,jip,PORSCHE,CAYENNE,black,petrol,W.P. Kuala Lumpur,2014,SUV - STANDARD,3.6,6,A8,z,13.6,10.1,12.0,24,276
2025-04-16,jip,PORSCHE,CAYENNE,black,petrol,W.P. Kuala Lumpur,2014,SUV - STANDARD,3.6,6,M6,z,15.8,10.9,13.6,21,313
2025-04-16,jip,PORSCHE,CAYENNE,grey,petrol,Rakan Niaga,2014,SUV - STANDARD,3.6,6,A8,z,13.6,10.1,12.0,24,276
2025-04-16,jip,PORSCHE,CAYENNE,grey,petrol,Rakan Niaga,2014,SUV - STANDARD,3.6,6,M6,z,15.8,10.9,13.6,21,313
2025-04-16,jip,PORSCHE,CAYENNE,white,hybrid_petrol,W.P. Kuala Lumpur,2014,SUV - STANDARD,3.6,6,A8,z,13.6,10.1,12.0,24,276
2025-04-16,jip,PORSCHE,CAYENNE,white,hybrid_petrol,W.P. Kuala Lumpur,2014,SUV - STANDARD,3.6,6,M6,z,15.8,10.9,13.6,21,313
2025-04-16,motokar,PORSCHE,PANAMERA,blue,petrol,Johor,2014,FULL-SIZE,3.6,6,AM7,z,12.9,8.4,10.9,26,251
2025-04-16,motokar,TOYOTA,CAMRY,black,petrol,Rakan Niaga,2014,MID-SIZE,2.5,4,AS6,x,9.5,6.6,8.2,34,189
2025-04-16,motokar,TOYOTA,CAMRY,black,petrol,Rakan Niaga,2014,MID-SIZE,3.5,6,AS6,x,11.1,7.8,9.6,29,221
2025-04-16,motokar,TOYOTA,CAMRY,grey,hybrid_petrol,Rakan Niaga,2014,MID-SIZE,2.5,4,AS6,x,9.5,6.6,8.2,34,189
2025-04-16,motokar,TOYOTA,CAMRY,grey,hybrid_petrol,Rakan Niaga,2014,MID-SIZE,3.5,6,AS6,x,11.1,7.8,9.6,29,221
2025-04-16,motokar,TOYOTA,CAMRY,silver,petrol,Rakan Niaga,2014,MID-SIZE,2.5,4,AS6,x,9.5,6.6,8.2,34,189
2025-04-16,motokar,TOYOTA,CAMRY,silver,petrol,Rakan Niaga,2014,MID-SIZE,3.5,6,AS6,x,11.1,7.8,9.6,29,221
2025-04-16,motokar,TOYOTA,CAMRY,silver,petrol,W.P. Kuala Lumpur,2014,MID-SIZE,2.5,4,AS6,x,9.5,6.6,8.2,34,189
2025-04-16,motokar,TOYOTA,CAMRY,silver,petrol,W.P. Kuala Lumpur,2014,MID-SIZE,3.5,6,AS6,x,11.1,7.8,9.6,29,221
2025-04-16,jip,TOYOTA,RAV4,grey,petrol,Selangor,2014,SUV - SMALL,2.5,4,AS6,x,10.0,7.6,8.9,32,205
2025-04-16,motokar,TOYOTA,YARIS,white,petrol,Rakan Niaga,2014,COMPACT,1.5,4,A4,x,7.9,6.6,7.3,39,168
2025-04-16,motokar,TOYOTA,YARIS,white,petrol,Rakan Niaga,2014,COMPACT,1.5,4,M5,x,7.8,6.3,7.1,40,163
2025-04-16,motokar,TOYOTA,YARIS,red,petrol,Rakan Niaga,2014,COMPACT,1.5,4,A4,x,7.9,6.6,7.3,39,168
2025-04-16,motokar,TOYOTA,YARIS,red,petrol,Rakan Niaga,2014,COMPACT,1.5,4,M5,x,7.8,6.3,7.1,40,163
2025-04-16,motokar,TOYOTA,YARIS,silver,petrol,Rakan Niaga,2014,COMPACT,1.5,4,A4,x,7.9,6.6,7.3,39,168
2025-04-16,motokar,TOYOTA,YARIS,silver,petrol,Rakan Niaga,2014,COMPACT,1.5,4,M5,x,7.8,6.3,7.1,40,163
2025-04-16,motokar,TOYOTA,YARIS,silver,petrol,Selangor,2014,COMPACT,1.5,4,A4,x,7.9,6.6,7.3,39,168
2025-04-16,motokar,TOYOTA,YARIS,silver,petrol,Selangor,2014,COMPACT,1.5,4,M5,x,7.8,6.3,7.1,40,163
2025-04-16,motokar,TOYOTA,YARIS,white,petrol,Selangor,2014,COMPACT,1.5,4,A4,x,7.9,6.6,7.3,39,168
2025-04-16,motokar,TOYOTA,YARIS,white,petrol,Selangor,2014,COMPACT,1.5,4,M5,x,7.8,6.3,7.1,40,163
2025-04-16,motokar,TOYOTA,YARIS,red,petrol,Pahang,2014,COMPACT,1.5,4,A4,x,7.9,6.6,7.3,39,168
2025-04-16,motokar,TOYOTA,YARIS,red,petrol,Pahang,2014,COMPACT,1.5,4,M5,x,7.8,6.3,7.1,40,163
2025-04-16,motokar,TOYOTA,YARIS,white,petrol,Pulau Pinang,2014,COMPACT,1.5,4,A4,x,7.9,6.6,7.3,39,168
2025-04-16,motokar,TOYOTA,YARIS,white,petrol,Pulau Pinang,2014,COMPACT,1.5,4,M5,x,7.8,6.3,7.1,40,163
2025-04-16,motokar,TOYOTA,YARIS,black,petrol,W.P. Kuala Lumpur,2014,COMPACT,1.5,4,A4,x,7.9,6.6,7.3,39,168
2025-04-16,motokar,TOYOTA,YARIS,black,petrol,W.P. Kuala Lumpur,2014,COMPACT,1.5,4,M5,x,7.8,6.3,7.1,40,163
2025-04-16,jip,VOLKSWAGEN,TIGUAN,white,petrol,Rakan Niaga,2014,SUV - SMALL,2.0,4,A6,z,11.7,9.5,10.7,26,246
2025-04-16,jip,VOLKSWAGEN,TIGUAN,white,petrol,Rakan Niaga,2014,SUV - SMALL,2.0,4,M6,z,13.6,9.2,11.6,24,267
2025-04-16,jip,VOLKSWAGEN,TIGUAN,silver,petrol,W.P. Kuala Lumpur,2014,SUV - SMALL,2.0,4,A6,z,11.7,9.5,10.7,26,246
2025-04-16,jip,VOLKSWAGEN,TIGUAN,silver,petrol,W.P. Kuala Lumpur,2014,SUV - SMALL,2.0,4,M6,z,13.6,9.2,11.6,24,267
2025-04-16,jip,VOLKSWAGEN,TIGUAN,blue,petrol,Rakan Niaga,2014,SUV - SMALL,2.0,4,A6,z,11.7,9.5,10.7,26,246
2025-04-16,jip,VOLKSWAGEN,TIGUAN,blue,petrol,Rakan Niaga,2014,SUV - SMALL,2.0,4,M6,z,13.6,9.2,11.6,24,267
2025-04-16,jip,VOLVO,XC60,gold,hybrid_petrol,W.P. Kuala Lumpur,2014,SUV - SMALL,3.2,6,AS6,x,13.0,8.9,11.2,25,258
2025-04-17,jip,HONDA,CR-V,blue,hybrid_petrol,Rakan Niaga,2014,SUV - SMALL,2.4,4,A5,x,10.3,7.6,9.1,31,209
2025-04-17,jip,HONDA,CR-V,blue,petrol,Rakan Niaga,2014,SUV - SMALL,2.4,4,A5,x,10.3,7.6,9.1,31,209
2025-04-17,jip,HONDA,CR-V,grey,hybrid_petrol,Rakan Niaga,2014,SUV - SMALL,2.4,4,A5,x,10.3,7.6,9.1,31,209
2025-04-17,jip,HONDA,CR-V,silver,petrol,Rakan Niaga,2014,SUV - SMALL,2.4,4,A5,x,10.3,7.6,9.1,31,209
2025-04-17,jip,HONDA,CR-V,white,petrol,W.P. Kuala Lumpur,2014,SUV - SMALL,2.4,4,A5,x,10.3,7.6,9.1,31,209
2025-04-17,jip,HONDA,CR-V,white,hybrid_petrol,Pulau Pinang,2014,SUV - SMALL,2.4,4,A5,x,10.3,7.6,9.1,31,209
2025-04-17,jip,HONDA,CR-V,red,petrol,Rakan Niaga,2014,SUV - SMALL,2.4,4,A5,x,10.3,7.6,9.1,31,209
2025-04-17,jip,HONDA,CR-V,white,petrol,Rakan Niaga,2014,SUV - SMALL,2.4,4,A5,x,10.3,7.6,9.1,31,209
2025-04-17,jip,HONDA,CR-V,grey,petrol,Rakan Niaga,2014,SUV - SMALL,2.4,4,A5,x,10.3,7.6,9.1,31,209
2025-04-17,jip,HONDA,CR-V,blue,petrol,W.P. Kuala Lumpur,2014,SUV - SMALL,2.4,4,A5,x,10.3,7.6,9.1,31,209
2025-04-17,motokar,HONDA,CIVIC,white,petrol,Rakan Niaga,2014,COMPACT,1.8,4,AV,x,7.9,6.0,7.0,40,161
2025-04-17,motokar,HONDA,CIVIC,white,petrol,Rakan Niaga,2014,COMPACT,1.8,4,AV7,x,8.1,6.2,7.2,39,166
2025-04-17,motokar,HONDA,CIVIC,white,petrol,Rakan Niaga,2014,COMPACT,1.8,4,M5,x,8.5,6.6,7.6,37,175
2025-04-17,motokar,HONDA,CIVIC,blue,petrol,Rakan Niaga,2014,COMPACT,1.8,4,AV,x,7.9,6.0,7.0,40,161
2025-04-17,motokar,HONDA,CIVIC,blue,petrol,Rakan Niaga,2014,COMPACT,1.8,4,AV7,x,8.1,6.2,7.2,39,166
2025-04-17,motokar,HONDA,CIVIC,blue,petrol,Rakan Niaga,2014,COMPACT,1.8,4,M5,x,8.5,6.6,7.6,37,175
2025-04-17,motokar,HONDA,CIVIC,grey,petrol,Rakan Niaga,2014,COMPACT,1.8,4,AV,x,7.9,6.0,7.0,40,161
2025-04-17,motokar,HONDA,CIVIC,grey,petrol,Rakan Niaga,2014,COMPACT,1.8,4,AV7,x,8.1,6.2,7.2,39,166
2025-04-17,motokar,HONDA,CIVIC,grey,petrol,Rakan Niaga,2014,COMPACT,1.8,4,M5,x,8.5,6.6,7.6,37,175
2025-04-17,motokar,HONDA,CIVIC,black,petrol,Pahang,2014,COMPACT,1.8,4,AV,x,7.9,6.0,7.0,40,161
2025-04-17,motokar,HONDA,CIVIC,black,petrol,Pahang,2014,COMPACT,1.8,4,AV7,x,8.1,6.2,7.2,39,166
2025-04-17,motokar,HONDA,CIVIC,black,petrol,Pahang,2014,COMPACT,1.8,4,M5,x,8.5,6.6,7.6,37,175
2025-04-17,motokar,HONDA,CIVIC,grey,petrol,Johor,2014,COMPACT,1.8,4,AV,x,7.9,6.0,7.0,40,161
2025-04-17,motokar,HONDA,CIVIC,grey,petrol,Johor,2014,COMPACT,1.8,4,AV7,x,8.1,6.2,7.2,39,166
2025-04-17,motokar,HONDA,CIVIC,grey,petrol,Johor,2014,COMPACT,1.8,4,M5,x,8.5,6.6,7.6,37,175
2025-04-17,motokar,HONDA,CIVIC,blue,petrol,Selangor,2014,COMPACT,1.8,4,AV,x,7.9,6.0,7.0,40,161
2025-04-17,motokar,HONDA,CIVIC,blue,petrol,Selangor,2014,COMPACT,1.8,4,AV7,x,8.1,6.2,7.2,39,166
2025-04-17,motokar,HONDA,CIVIC,blue,petrol,Selangor,2014,COMPACT,1.8,4,M5,x,8.5,6.6,7.6,37,175
2025-04-17,motokar,HONDA,CIVIC,blue,petrol,W.P. Kuala Lumpur,2014,COMPACT,1.8,4,AV,x,7.9,6.0,7.0,40,161
2025-04-17,motokar,HONDA,CIVIC,blue,petrol,W.P. Kuala Lumpur,2014,COMPACT,1.8,4,AV7,x,8.1,6.2,7.2,39,166
2025-04-17,motokar,HONDA,CIVIC,blue,petrol,W.P. Kuala Lumpur,2014,COMPACT,1.8,4,M5,x,8.5,6.6,7.6,37,175
2025-04-17,motokar,HONDA,CIVIC,blue,hybrid_petrol,Rakan Niaga,2014,COMPACT,1.8,4,AV,x,7.9,6.0,7.0,40,161
2025-04-17,motokar,HONDA,CIVIC,blue,hybrid_petrol,Rakan Niaga,2014,COMPACT,1.8,4,AV7,x,8.1,6.2,7.2,39,166
2025-04-17,motokar,HONDA,CIVIC,blue,hybrid_petrol,Rakan Niaga,2014,COMPACT,1.8,4,M5,x,8.5,6.6,7.6,37,175
2025-04-17,motokar,HONDA,CIVIC,white,petrol,W.P. Kuala Lumpur,2014,COMPACT,1.8,4,AV,x,7.9,6.0,7.0,40,161
2025-04-17,motokar,HONDA,CIVIC,white,petrol,W.P. Kuala Lumpur,2014,COMPACT,1.8,4,AV7,x,8.1,6.2,7.2,39,166
2025-04-17,motokar,HONDA,CIVIC,white,petrol,W.P. Kuala Lumpur,2014,COMPACT,1.8,4,M5,x,8.5,6.6,7.6,37,175
2025-04-17,motokar,HONDA,CIVIC,blue,petrol,Sabah,2014,COMPACT,1.8,4,AV,x,7.9,6.0,7.0,40,161
2025-04-17,motokar,HONDA,CIVIC,blue,petrol,Sabah,2014,COMPACT,1.8,4,AV7,x,8.1,6.2,7.2,39,166
2025-04-17,motokar,HONDA,CIVIC,blue,petrol,Sabah,2014,COMPACT,1.8,4,M5,x,8.5,6.6,7.6,37,175
2025-04-17,motokar,HONDA,CIVIC,grey,petrol,Selangor,2014,COMPACT,1.8,4,AV,x,7.9,6.0,7.0,40,161
2025-04-17,motokar,HONDA,CIVIC,grey,petrol,Selangor,2014,COMPACT,1.8,4,AV7,x,8.1,6.2,7.2,39,166
2025-04-17,motokar,HONDA,CIVIC,grey,petrol,Selangor,2014,COMPACT,1.8,4,M5,x,8.5,6.6,7.6,37,175
2025-04-17,motokar,HONDA,CIVIC,black,petrol,Rakan Niaga,2014,COMPACT,1.8,4,AV,x,7.9,6.0,7.0,40,161
2025-04-17,motokar,HONDA,CIVIC,black,petrol,Rakan Niaga,2014,COMPACT,1.8,4,AV7,x,8.1,6.2,7.2,39,166
2025-04-17,motokar,HONDA,CIVIC,black,petrol,Rakan Niaga,2014,COMPACT,1.8,4,M5,x,8.5,6.6,7.6,37,175
2025-04-17,window_van,HONDA,ODYSSEY,black,petrol,Rakan Niaga,2014,MINIVAN,3.5,6,A6,x,12.3,8.5,10.6,27,244
2025-04-17,jip,KIA,SPORTAGE,blue,petrol,Rakan Niaga,2014,SUV - SMALL,2.4,4,A6,x,11.4,8.3,10.0,28,230
2025-04-17,jip,KIA,SPORTAGE,blue,petrol,Rakan Niaga,2014,SUV - SMALL,2.4,4,M6,x,12.9,9.3,11.3,25,260
2025-04-17,jip,MAZDA,CX-5,gold,petrol,Rakan Niaga,2014,SUV - SMALL,2.0,4,AS6,x,8.9,7.3,8.2,34,189
2025-04-17,jip,MAZDA,CX-5,gold,petrol,Rakan Niaga,2014,SUV - SMALL,2.0,4,M6,x,9.0,6.8,8.0,35,184
2025-04-17,jip,MAZDA,CX-5,gold,petrol,Rakan Niaga,2014,SUV - SMALL,2.5,4,AS6,x,9.6,7.4,8.6,33,198
2025-04-17,jip,MAZDA,CX-5,black,petrol,Pulau Pinang,2014,SUV - SMALL,2.0,4,AS6,x,8.9,7.3,8.2,34,189
2025-04-17,jip,MAZDA,CX-5,black,petrol,Pulau Pinang,2014,SUV - SMALL,2.0,4,M6,x,9.0,6.8,8.0,35,184
2025-04-17,jip,MAZDA,CX-5,black,petrol,Pulau Pinang,2014,SUV - SMALL,2.5,4,AS6,x,9.6,7.4,8.6,33,198
2025-04-17,jip,MAZDA,CX-5,grey,petrol,Rakan Niaga,2014,SUV - SMALL,2.0,4,AS6,x,8.9,7.3,8.2,34,189
2025-04-17,jip,MAZDA,CX-5,grey,petrol,Rakan Niaga,2014,SUV - SMALL,2.0,4,M6,x,9.0,6.8,8.0,35,184
2025-04-17,jip,MAZDA,CX-5,grey,petrol,Rakan Niaga,2014,SUV - SMALL,2.5,4,AS6,x,9.6,7.4,8.6,33,198
2025-04-17,jip,MAZDA,CX-5,blue,petrol,Rakan Niaga,2014,SUV - SMALL,2.0,4,AS6,x,8.9,7.3,8.2,34,189
2025-04-17,jip,MAZDA,CX-5,blue,petrol,Rakan Niaga,2014,SUV - SMALL,2.0,4,M6,x,9.0,6.8,8.0,35,184
2025-04-17,jip,MAZDA,CX-5,blue,petrol,Rakan Niaga,2014,SUV - SMALL,2.5,4,AS6,x,9.6,7.4,8.6,33,198
2025-04-17,jip,MAZDA,CX-5,black,petrol,Rakan Niaga,2014,SUV - SMALL,2.0,4,AS6,x,8.9,7.3,8.2,34,189
2025-04-17,jip,MAZDA,CX-5,black,petrol,Rakan Niaga,2014,SUV - SMALL,2.0,4,M6,x,9.0,6.8,8.0,35,184
2025-04-17,jip,MAZDA,CX-5,black,petrol,Rakan Niaga,2014,SUV - SMALL,2.5,4,AS6,x,9.6,7.4,8.6,33,198
2025-04-17,jip,MAZDA,CX-5,grey,petrol,Selangor,2014,SUV - SMALL,2.0,4,AS6,x,8.9,7.3,8.2,34,189
2025-04-17,jip,MAZDA,CX-5,grey,petrol,Selangor,2014,SUV - SMALL,2.0,4,M6,x,9.0,6.8,8.0,35,184
2025-04-17,jip,MAZDA,CX-5,grey,petrol,Selangor,2014,SUV - SMALL,2.5,4,AS6,x,9.6,7.4,8.6,33,198
2025-04-17,jip,MAZDA,CX-5,white,petrol,W.P. Kuala Lumpur,2014,SUV - SMALL,2.0,4,AS6,x,8.9,7.3,8.2,34,189
2025-04-17,jip,MAZDA,CX-5,white,petrol,W.P. Kuala Lumpur,2014,SUV - SMALL,2.0,4,M6,x,9.0,6.8,8.0,35,184
2025-04-17,jip,MAZDA,CX-5,white,petrol,W.P. Kuala Lumpur,2014,SUV - SMALL,2.5,4,AS6,x,9.6,7.4,8.6,33,198
2025-04-17,jip,MAZDA,CX-5,blue,petrol,Sarawak,2014,SUV - SMALL,2.0,4,AS6,x,8.9,7.3,8.2,34,189
2025-04-17,jip,MAZDA,CX-5,blue,petrol,Sarawak,2014,SUV - SMALL,2.0,4,M6,x,9.0,6.8,8.0,35,184
2025-04-17,jip,MAZDA,CX-5,blue,petrol,Sarawak,2014,SUV - SMALL,2.5,4,AS6,x,9.6,7.4,8.6,33,198
2025-04-17,jip,MAZDA,CX-5,gold,petrol,W.P. Kuala Lumpur,2014,SUV - SMALL,2.0,4,AS6,x,8.9,7.3,8.2,34,189
2025-04-17,jip,MAZDA,CX-5,gold,petrol,W.P. Kuala Lumpur,2014,SUV - SMALL,2.0,4,M6,x,9.0,6.8,8.0,35,184
2025-04-17,jip,MAZDA,CX-5,gold,petrol,W.P. Kuala Lumpur,2014,SUV - SMALL,2.5,4,AS6,x,9.6,7.4,8.6,33,198
2025-04-17,motokar,MAZDA,MX-5,red,petrol,Rakan Niaga,2014,TWO-SEATER,2.0,4,AS6,z,11.5,8.5,10.2,28,235
2025-04-17,motokar,MAZDA,MX-5,red,petrol,Rakan Niaga,2014,TWO-SEATER,2.0,4,M5,z,10.5,8.5,9.6,29,221
2025-04-17,motokar,MAZDA,MX-5,red,petrol,Rakan Niaga,2014,TWO-SEATER,2.0,4,M6,z,11.1,8.4,9.9,29,228
2025-04-17,jip,PORSCHE,CAYENNE,white,hybrid_petrol,W.P. Kuala Lumpur,2014,SUV - STANDARD,3.6,6,A8,z,13.6,10.1,12.0,24,276
2025-04-17,jip,PORSCHE,CAYENNE,white,hybrid_petrol,W.P. Kuala Lumpur,2014,SUV - STANDARD,3.6,6,M6,z,15.8,10.9,13.6,21,313
2025-04-17,jip,PORSCHE,CAYENNE,white,petrol,Rakan Niaga,2014,SUV - STANDARD,3.6,6,A8,z,13.6,10.1,12.0,24,276
2025-04-17,jip,PORSCHE,CAYENNE,white,petrol,Rakan Niaga,2014,SUV - STANDARD,3.6,6,M6,z,15.8,10.9,13.6,21,313
2025-04-17,jip,PORSCHE,CAYENNE,black,petrol,W.P. Kuala Lumpur,2014,SUV - STANDARD,3.6,6,A8,z,13.6,10.1,12.0,24,276
2025-04-17,jip,PORSCHE,CAYENNE,black,petrol,W.P. Kuala Lumpur,2014,SUV - STANDARD,3.6,6,M6,z,15.8,10.9,13.6,21,313
2025-04-17,motokar,TOYOTA,CAMRY,white,petrol,Rakan Niaga,2014,MID-SIZE,2.5,4,AS6,x,9.5,6.6,8.2,34,189
2025-04-17,motokar,TOYOTA,CAMRY,white,petrol,Rakan Niaga,2014,MID-SIZE,3.5,6,AS6,x,11.1,7.8,9.6,29,221
2025-04-17,motokar,TOYOTA,CAMRY,grey,hybrid_petrol,Rakan Niaga,2014,MID-SIZE,2.5,4,AS6,x,9.5,6.6,8.2,34,189
2025-04-17,motokar,TOYOTA,CAMRY,grey,hybrid_petrol,Rakan Niaga,2014,MID-SIZE,3.5,6,AS6,x,11.1,7.8,9.6,29,221
2025-04-17,jip,TOYOTA,RAV4,silver,petrol,W.P. Kuala Lumpur,2014,SUV - SMALL,2.5,4,AS6,x,10.0,7.6,8.9,32,205
2025-04-17,motokar,TOYOTA,YARIS,white,petrol,Rakan Niaga,2014,COMPACT,1.5,4,A4,x,7.9,6.6,7.3,39,168
2025-04-17,motokar,TOYOTA,YARIS,white,petrol,Rakan Niaga,2014,COMPACT,1.5,4,M5,x,7.8,6.3,7.1,40,163
2025-04-17,motokar,TOYOTA,YARIS,red,petrol,Rakan Niaga,2014,COMPACT,1.5,4,A4,x,7.9,6.6,7.3,39,168
2025-04-17,motokar,TOYOTA,YARIS,red,petrol,Rakan Niaga,2014,COMPACT,1.5,4,M5,x,7.8,6.3,7.1,40,163
2025-04-17,motokar,TOYOTA,YARIS,silver,petrol,Rakan Niaga,2014,COMPACT,1.5,4,A4,x,7.9,6.6,7.3,39,168
2025-04-17,motokar,TOYOTA,YARIS,silver,petrol,Rakan Niaga,2014,COMPACT,1.5,4,M5,x,7.8,6.3,7.1,40,163
2025-04-17,motokar,TOYOTA,YARIS,red,petrol,W.P. Kuala Lumpur,2014,COMPACT,1.5,4,A4,x,7.9,6.6,7.3,39,168
2025-04-17,motokar,TOYOTA,YARIS,red,petrol,W.P. Kuala Lumpur,2014,COMPACT,1.5,4,M5,x,7.8,6.3,7.1,40,163
2025-04-17,motokar,TOYOTA,YARIS,silver,petrol,W.P. Kuala Lumpur,2014,COMPACT,1.5,4,A4,x,7.9,6.6,7.3,39,168
2025-04-17,motokar,TOYOTA,YARIS,silver,petrol,W.P. Kuala Lumpur,2014,COMPACT,1.5,4,M5,x,7.8,6.3,7.1,40,163
2025-04-17,jip,VOLKSWAGEN,TIGUAN,black,petrol,Rakan Niaga,2014,SUV - SMALL,2.0,4,A6,z,11.7,9.5,10.7,26,246
2025-04-17,jip,VOLKSWAGEN,TIGUAN,black,petrol,Rakan Niaga,2014,SUV - SMALL,2.0,4,M6,z,13.6,9.2,11.6,24,267
2025-04-17,jip,VOLVO,XC60,white,hybrid_petrol,Rakan Niaga,2014,SUV - SMALL,3.2,6,AS6,x,13.0,8.9,11.2,25,258
2025-04-18,jip,HONDA,CR-V,blue,hybrid_petrol,Rakan Niaga,2014,SUV - SMALL,2.4,4,A5,x,10.3,7.6,9.1,31,209
2025-04-18,jip,HONDA,CR-V,white,petrol,Perak,2014,SUV - SMALL,2.4,4,A5,x,10.3,7.6,9.1,31,209
2025-04-18,jip,HONDA,CR-V,grey,petrol,Rakan Niaga,2014,SUV - SMALL,2.4,4,A5,x,10.3,7.6,9.1,31,209
2025-04-18,jip,HONDA,CR-V,grey,petrol,Perak,2014,SUV - SMALL,2.4,4,A5,x,10.3,7.6,9.1,31,209
2025-04-18,jip,HONDA,CR-V,white,petrol,Rakan Niaga,2014,SUV - SMALL,2.4,4,A5,x,10.3,7.6,9.1,31,209
2025-04-18,jip,HONDA,CR-V,blue,petrol,Rakan Niaga,2014,SUV - SMALL,2.4,4,A5,x,10.3,7.6,9.1,31,209
2025-04-18,jip,HONDA,CR-V,grey,hybrid_petrol,Melaka,2014,SUV - SMALL,2.4,4,A5,x,10.3,7.6,9.1,31,209
2025-04-18,jip,HONDA,CR-V,grey,hybrid_petrol,W.P. Kuala Lumpur,2014,SUV - SMALL,2.4,4,A5,x,10.3,7.6,9.1,31,209
2025-04-18,jip,HONDA,CR-V,red,hybrid_petrol,Selangor,2014,SUV - SMALL,2.4,4,A5,x,10.3,7.6,9.1,31,209
2025-04-18,jip,HONDA,CR-V,blue,hybrid_petrol,W.P. Kuala Lumpur,2014,SUV - SMALL,2.4,4,A5,x,10.3,7.6,9.1,31,209
2025-04-18,jip,HONDA,CR-V,red,petrol,Rakan Niaga,2014,SUV - SMALL,2.4,4,A5,x,10.3,7.6,9.1,31,209
2025-04-18,jip,HONDA,CR-V,silver,petrol,Rakan Niaga,2014,SUV - SMALL,2.4,4,A5,x,10.3,7.6,9.1,31,209
2025-04-18,jip,HONDA,CR-V,red,petrol,W.P. Kuala Lumpur,2014,SUV - SMALL,2.4,4,A5,x,10.3,7.6,9.1,31,209
2025-04-18,jip,HONDA,CR-V,white,hybrid_petrol,Rakan Niaga,2014,SUV - SMALL,2.4,4,A5,x,10.3,7.6,9.1,31,209
2025-04-18,jip,HONDA,CR-V,silver,hybrid_petrol,W.P. Kuala Lumpur,2014,SUV - SMALL,2.4,4,A5,x,10.3,7.6,9.1,31,209
2025-04-18,motokar,HONDA,CIVIC,blue,petrol,Rakan Niaga,2014,COMPACT,1.8,4,AV,x,7.9,6.0,7.0,40,161
2025-04-18,motokar,HONDA,CIVIC,blue,petrol,Rakan Niaga,2014,COMPACT,1.8,4,AV7,x,8.1,6.2,7.2,39,166
2025-04-18,motokar,HONDA,CIVIC,blue,petrol,Rakan Niaga,2014,COMPACT,1.8,4,M5,x,8.5,6.6,7.6,37,175
2025-04-18,motokar,HONDA,CIVIC,black,petrol,Rakan Niaga,2014,COMPACT,1.8,4,AV,x,7.9,6.0,7.0,40,161
2025-04-18,motokar,HONDA,CIVIC,black,petrol,Rakan Niaga,2014,COMPACT,1.8,4,AV7,x,8.1,6.2,7.2,39,166
2025-04-18,motokar,HONDA,CIVIC,black,petrol,Rakan Niaga,2014,COMPACT,1.8,4,M5,x,8.5,6.6,7.6,37,175
2025-04-18,motokar,HONDA,CIVIC,grey,hybrid_petrol,Rakan Niaga,2014,COMPACT,1.8,4,AV,x,7.9,6.0,7.0,40,161
2025-04-18,motokar,HONDA,CIVIC,grey,hybrid_petrol,Rakan Niaga,2014,COMPACT,1.8,4,AV7,x,8.1,6.2,7.2,39,166
2025-04-18,motokar,HONDA,CIVIC,grey,hybrid_petrol,Rakan Niaga,2014,COMPACT,1.8,4,M5,x,8.5,6.6,7.6,37,175
2025-04-18,motokar,HONDA,CIVIC,red,petrol,Rakan Niaga,2014,COMPACT,1.8,4,AV,x,7.9,6.0,7.0,40,161
2025-04-18,motokar,HONDA,CIVIC,red,petrol,Rakan Niaga,2014,COMPACT,1.8,4,AV7,x,8.1,6.2,7.2,39,166
2025-04-18,motokar,HONDA,CIVIC,red,petrol,Rakan Niaga,2014,COMPACT,1.8,4,M5,x,8.5,6.6,7.6,37,175
2025-04-18,motokar,HONDA,CIVIC,grey,petrol,Rakan Niaga,2014,COMPACT,1.8,4,AV,x,7.9,6.0,7.0,40,161
2025-04-18,motokar,HONDA,CIVIC,grey,petrol,Rakan Niaga,2014,COMPACT,1.8,4,AV7,x,8.1,6.2,7.2,39,166
2025-04-18,motokar,HONDA,CIVIC,grey,petrol,Rakan Niaga,2014,COMPACT,1.8,4,M5,x,8.5,6.6,7.6,37,175
2025-04-18,motokar,HONDA,CIVIC,white,petrol,Rakan Niaga,2014,COMPACT,1.8,4,AV,x,7.9,6.0,7.0,40,161
2025-04-18,motokar,HONDA,CIVIC,white,petrol,Rakan Niaga,2014,COMPACT,1.8,4,AV7,x,8.1,6.2,7.2,39,166
2025-04-18,motokar,HONDA,CIVIC,white,petrol,Rakan Niaga,2014,COMPACT,1.8,4,M5,x,8.5,6.6,7.6,37,175
2025-04-18,motokar,HONDA,CIVIC,white,petrol,Selangor,2014,COMPACT,1.8,4,AV,x,7.9,6.0,7.0,40,161
2025-04-18,motokar,HONDA,CIVIC,white,petrol,Selangor,2014,COMPACT,1.8,4,AV7,x,8.1,6.2,7.2,39,166
2025-04-18,motokar,HONDA,CIVIC,white,petrol,Selangor,2014,COMPACT,1.8,4,M5,x,8.5,6.6,7.6,37,175
2025-04-18,motokar,HONDA,CIVIC,blue,petrol,Johor,2014,COMPACT,1.8,4,AV,x,7.9,6.0,7.0,40,161
2025-04-18,motokar,HONDA,CIVIC,blue,petrol,Johor,2014,COMPACT,1.8,4,AV7,x,8.1,6.2,7.2,39,166
2025-04-18,motokar,HONDA,CIVIC,blue,petrol,Johor,2014,COMPACT,1.8,4,M5,x,8.5,6.6,7.6,37,175
2025-04-18,motokar,HONDA,CIVIC,white,petrol,W.P. Kuala Lumpur,2014,COMPACT,1.8,4,AV,x,7.9,6.0,7.0,40,161
2025-04-18,motokar,HONDA,CIVIC,white,petrol,W.P. Kuala Lumpur,2014,COMPACT,1.8,4,AV7,x,8.1,6.2,7.2,39,166
2025-04-18,motokar,HONDA,CIVIC,white,petrol,W.P. Kuala Lumpur,2014,COMPACT,1.8,4,M5,x,8.5,6.6,7.6,37,175
2025-04-18,motokar,HONDA,CIVIC,grey,petrol,Johor,2014,COMPACT,1.8,4,AV,x,7.9,6.0,7.0,40,161
2025-04-18,motokar,HONDA,CIVIC,grey,petrol,Johor,2014,COMPACT,1.8,4,AV7,x,8.1,6.2,7.2,39,166
2025-04-18,motokar,HONDA,CIVIC,grey,petrol,Johor,2014,COMPACT,1.8,4,M5,x,8.5,6.6,7.6,37,175
2025-04-18,motokar,HONDA,CIVIC,blue,petrol,W.P. Kuala Lumpur,2014,COMPACT,1.8,4,AV,x,7.9,6.0,7.0,40,161
2025-04-18,motokar,HONDA,CIVIC,blue,petrol,W.P. Kuala Lumpur,2014,COMPACT,1.8,4,AV7,x,8.1,6.2,7.2,39,166
2025-04-18,motokar,HONDA,CIVIC,blue,petrol,W.P. Kuala Lumpur,2014,COMPACT,1.8,4,M5,x,8.5,6.6,7.6,37,175
2025-04-18,motokar,HONDA,CIVIC,white,hybrid_petrol,Rakan Niaga,2014,COMPACT,1.8,4,AV,x,7.9,6.0,7.0,40,161
2025-04-18,motokar,HONDA,CIVIC,white,hybrid_petrol,Rakan Niaga,2014,COMPACT,1.8,4,AV7,x,8.1,6.2,7.2,39,166
2025-04-18,motokar,HONDA,CIVIC,white,hybrid_petrol,Rakan Niaga,2014,COMPACT,1.8,4,M5,x,8.5,6.6,7.6,37,175
2025-04-18,motokar,HONDA,CIVIC,blue,petrol,Pulau Pinang,2014,COMPACT,1.8,4,AV,x,7.9,6.0,7.0,40,161
2025-04-18,motokar,HONDA,CIVIC,blue,petrol,Pulau Pinang,2014,COMPACT,1.8,4,AV7,x,8.1,6.2,7.2,39,166
2025-04-18,motokar,HONDA,CIVIC,blue,petrol,Pulau Pinang,2014,COMPACT,1.8,4,M5,x,8.5,6.6,7.6,37,175
2025-04-18,jip,HYUNDAI,SANTA FE,black,diesel,Rakan Niaga,2014,SUV - SMALL,3.3,6,A6,x,13.0,9.1,11.2,25,258
2025-04-18,jip,HYUNDAI,SANTA FE,blue,hybrid_petrol,W.P. Kuala Lumpur,2014,SUV - SMALL,3.3,6,A6,x,13.0,9.1,11.2,25,258
2025-04-18,jip,MAZDA,CX-5,grey,petrol,Rakan Niaga,2014,SUV - SMALL,2.0,4,AS6,x,8.9,7.3,8.2,34,189
2025-04-18,jip,MAZDA,CX-5,grey,petrol,Rakan Niaga,2014,SUV - SMALL,2.0,4,M6,x,9.0,6.8,8.0,35,184
2025-04-18,jip,MAZDA,CX-5,grey,petrol,Rakan Niaga,2014,SUV - SMALL,2.5,4,AS6,x,9.6,7.4,8.6,33,198
2025-04-18,jip,MAZDA,CX-5,gold,petrol,Rakan Niaga,2014,SUV - SMALL,2.0,4,AS6,x,8.9,7.3,8.2,34,189
2025-04-18,jip,MAZDA,CX-5,gold,petrol,Rakan Niaga,2014,SUV - SMALL,2.0,4,M6,x,9.0,6.8,8.0,35,184
2025-04-18,jip,MAZDA,CX-5,gold,petrol,Rakan Niaga,2014,SUV - SMALL,2.5,4,AS6,x,9.6,7.4,8.6,33,198
2025-04-18,jip,MAZDA,CX-5,red,petrol,Rakan Niaga,2014,SUV - SMALL,2.0,4,AS6,x,8.9,7.3,8.2,34,189
2025-04-18,jip,MAZDA,CX-5,red,petrol,Rakan Niaga,2014,SUV - SMALL,2.0,4,M6,x,9.0,6.8,8.0,35,184
2025-04-18,jip,MAZDA,CX-5,red,petrol,Rakan Niaga,2014,SUV - SMALL,2.5,4,AS6,x,9.6,7.4,8.6,33,198
2025-04-18,motokar,MAZDA,MX-5,red,petrol,W.P. Kuala Lumpur,2014,TWO-SEATER,2.0,4,AS6,z,11.5,8.5,10.2,28,235
2025-04-18,motokar,MAZDA,MX-5,red,petrol,W.P. Kuala Lumpur,2014,TWO-SEATER,2.0,4,M5,z,10.5,8.5,9.6,29,221
2025-04-18,motokar,MAZDA,MX-5,red,petrol,W.P. Kuala Lumpur,2014,TWO-SEATER,2.0,4,M6,z,11.1,8.4,9.9,29,228
2025-04-18,motokar,MAZDA,MX-5,grey,petrol,W.P. Kuala Lumpur,2014,TWO-SEATER,2.0,4,AS6,z,11.5,8.5,10.2,28,235
2025-04-18,motokar,MAZDA,MX-5,grey,petrol,W.P. Kuala Lumpur,2014,TWO-SEATER,2.0,4,M5,z,10.5,8.5,9.6,29,221
2025-04-18,motokar,MAZDA,MX-5,grey,petrol,W.P. Kuala Lumpur,2014,TWO-SEATER,2.0,4,M6,z,11.1,8.4,9.9,29,228
2025-04-18,motokar,MAZDA,MX-5,grey,petrol,Rakan Niaga,2014,TWO-SEATER,2.0,4,AS6,z,11.5,8.5,10.2,28,235
2025-04-18,motokar,MAZDA,MX-5,grey,petrol,Rakan Niaga,2014,TWO-SEATER,2.0,4,M5,z,10.5,8.5,9.6,29,221
2025-04-18,motokar,MAZDA,MX-5,grey,petrol,Rakan Niaga,2014,TWO-SEATER,2.0,4,M6,z,11.1,8.4,9.9,29,228
2025-04-18,motokar,MITSUBISHI,LANCER,red,petrol,W.P. Kuala Lumpur,2014,COMPACT,2.0,4,AV6,x,9.2,7.0,8.2,34,189
2025-04-18,motokar,MITSUBISHI,LANCER,red,petrol,W.P. Kuala Lumpur,2014,COMPACT,2.0,4,M5,x,9.6,6.8,8.3,34,191
2025-04-18,motokar,NISSAN,GT-R,blue,petrol,W.P. Kuala Lumpur,2014,SUBCOMPACT,3.8,6,AM6,z,14.5,10.9,12.9,22,297
2025-04-18,motokar,PORSCHE,911 CARRERA,grey,petrol,W.P. Kuala Lumpur,2014,MINICOMPACT,3.4,6,AM7,z,11.6,8.3,10.1,28,232
2025-04-18,motokar,PORSCHE,911 CARRERA,grey,petrol,W.P. Kuala Lumpur,2014,MINICOMPACT,3.4,6,M7,z,12.5,8.6,10.7,26,246
2025-04-18,motokar,PORSCHE,911 CARRERA,yellow,petrol,W.P. Kuala Lumpur,2014,MINICOMPACT,3.4,6,AM7,z,11.6,8.3,10.1,28,232
2025-04-18,motokar,PORSCHE,911 CARRERA,yellow,petrol,W.P. Kuala Lumpur,2014,MINICOMPACT,3.4,6,M7,z,12.5,8.6,10.7,26,246
2025-04-18,motokar,PORSCHE,911 CARRERA,white,petrol,W.P. Kuala Lumpur,2014,MINICOMPACT,3.4,6,AM7,z,11.6,8.3,10.1,28,232
2025-04-18,motokar,PORSCHE,911 CARRERA,white,petrol,W.P. Kuala Lumpur,2014,MINICOMPACT,3.4,6,M7,z,12.5,8.6,10.7,26,246
2025-04-18,motokar,PORSCHE,911 TURBO,black,petrol,W.P. Kuala Lumpur,2014,MINICOMPACT,3.8,6,AM7,z,13.7,9.6,11.9,24,274
2025-04-18,jip,PORSCHE,CAYENNE,grey,petrol,Rakan Niaga,2014,SUV - STANDARD,3.6,6,A8,z,13.6,10.1,12.0,24,276
2025-04-18,jip,PORSCHE,CAYENNE,grey,petrol,Rakan Niaga,2014,SUV - STANDARD,3.6,6,M6,z,15.8,10.9,13.6,21,313
2025-04-18,jip,PORSCHE,CAYENNE,white,petrol,W.P. Kuala Lumpur,2014,SUV - STANDARD,3.6,6,A8,z,13.6,10.1,12.0,24,276
2025-04-18,jip,PORSCHE,CAYENNE,white,petrol,W.P. Kuala Lumpur,2014,SUV - STANDARD,3.6,6,M6,z,15.8,10.9,13.6,21,313
2025-04-18,motokar,SUBARU,BRZ,white,petrol,W.P. Kuala Lumpur,2014,MINICOMPACT,2.0,4,AS6,z,9.6,7.1,8.5,33,196
2025-04-18,motokar,SUBARU,BRZ,white,petrol,W.P. Kuala Lumpur,2014,MINICOMPACT,2.0,4,M6,z,11.0,7.9,9.6,29,221
2025-04-18,motokar,TOYOTA,CAMRY,white,petrol,Johor,2014,MID-SIZE,2.5,4,AS6,x,9.5,6.6,8.2,34,189
2025-04-18,motokar,TOYOTA,CAMRY,white,petrol,Johor,2014,MID-SIZE,3.5,6,AS6,x,11.1,7.8,9.6,29,221
2025-04-18,motokar,TOYOTA,CAMRY,black,petrol,Rakan Niaga,2014,MID-SIZE,2.5,4,AS6,x,9.5,6.6,8.2,34,189
2025-04-18,motokar,TOYOTA,CAMRY,black,petrol,Rakan Niaga,2014,MID-SIZE,3.5,6,AS6,x,11.1,7.8,9.6,29,221
2025-04-18,motokar,TOYOTA,YARIS,white,petrol,Rakan Niaga,2014,COMPACT,1.5,4,A4,x,7.9,6.6,7.3,39,168
2025-04-18,motokar,TOYOTA,YARIS,white,petrol,Rakan Niaga,2014,COMPACT,1.5,4,M5,x,7.8,6.3,7.1,40,163
2025-04-18,motokar,TOYOTA,YARIS,silver,petrol,Perak,2014,COMPACT,1.5,4,A4,x,7.9,6.6,7.3,39,168
2025-04-18,motokar,TOYOTA,YARIS,silver,petrol,Perak,2014,COMPACT,1.5,4,M5,x,7.8,6.3,7.1,40,163
2025-04-18,motokar,TOYOTA,YARIS,silver,petrol,Rakan Niaga,2014,COMPACT,1.5,4,A4,x,7.9,6.6,7.3,39,168
2025-04-18,motokar,TOYOTA,YARIS,silver,petrol,Rakan Niaga,2014,COMPACT,1.5,4,M5,x,7.8,6.3,7.1,40,163
2025-04-18,motokar,TOYOTA,YARIS,red,petrol,Rakan Niaga,2014,COMPACT,1.5,4,A4,x,7.9,6.6,7.3,39,168
2025-04-18,motokar,TOYOTA,YARIS,red,petrol,Rakan Niaga,2014,COMPACT,1.5,4,M5,x,7.8,6.3,7.1,40,163
2025-04-18,motokar,TOYOTA,YARIS,white,petrol,Johor,2014,COMPACT,1.5,4,A4,x,7.9,6.6,7.3,39,168
2025-04-18,motokar,TOYOTA,YARIS,white,petrol,Johor,2014,COMPACT,1.5,4,M5,x,7.8,6.3,7.1,40,163
2025-04-18,motokar,TOYOTA,YARIS,silver,petrol,Pulau Pinang,2014,COMPACT,1.5,4,A4,x,7.9,6.6,7.3,39,168
2025-04-18,motokar,TOYOTA,YARIS,silver,petrol,Pulau Pinang,2014,COMPACT,1.5,4,M5,x,7.8,6.3,7.1,40,163
2025-04-18,motokar,TOYOTA,YARIS,white,petrol,W.P. Kuala Lumpur,2014,COMPACT,1.5,4,A4,x,7.9,6.6,7.3,39,168
2025-04-18,motokar,TOYOTA,YARIS,white,petrol,W.P. Kuala Lumpur,2014,COMPACT,1.5,4,M5,x,7.8,6.3,7.1,40,163
2025-04-18,jip,VOLKSWAGEN,TIGUAN,black,petrol,Rakan Niaga,2014,SUV - SMALL,2.0,4,A6,z,11.7,9.5,10.7,26,246
2025-04-18,jip,VOLKSWAGEN,TIGUAN,black,petrol,Rakan Niaga,2014,SUV - SMALL,2.0,4,M6,z,13.6,9.2,11.6,24,267
2025-04-18,jip,VOLKSWAGEN,TIGUAN,white,petrol,Melaka,2014,SUV - SMALL,2.0,4,A6,z,11.7,9.5,10.7,26,246
2025-04-18,jip,VOLKSWAGEN,TIGUAN,white,petrol,Melaka,2014,SUV - SMALL,2.0,4,M6,z,13.6,9.2,11.6,24,267
2025-04-18,jip,VOLKSWAGEN,TIGUAN,blue,petrol,Rakan Niaga,2014,SUV - SMALL,2.0,4,A6,z,11.7,9.5,10.7,26,246
2025-04-18,jip,VOLKSWAGEN,TIGUAN,blue,petrol,Rakan Niaga,2014,SUV - SMALL,2.0,4,M6,z,13.6,9.2,11.6,24,267
2025-04-18,jip,VOLKSWAGEN,TIGUAN,white,petrol,Rakan Niaga,2014,SUV - SMALL,2.0,4,A6,z,11.7,9.5,10.7,26,246
2025-04-18,jip,VOLKSWAGEN,TIGUAN,white,petrol,Rakan Niaga,2014,SUV - SMALL,2.0,4,M6,z,13.6,9.2,11.6,24,267
2025-04-19,jip,HONDA,CR-V,grey,petrol,Rakan Niaga,2014,SUV - SMALL,2.4,4,A5,x,10.3,7.6,9.1,31,209
2025-04-19,jip,HONDA,CR-V,red,petrol,Rakan Niaga,2014,SUV - SMALL,2.4,4,A5,x,10.3,7.6,9.1,31,209
2025-04-19,motokar,HONDA,CIVIC,white,petrol,Rakan Niaga,2014,COMPACT,1.8,4,AV,x,7.9,6.0,7.0,40,161
2025-04-19,motokar,HONDA,CIVIC,white,petrol,Rakan Niaga,2014,COMPACT,1.8,4,AV7,x,8.1,6.2,7.2,39,166
2025-04-19,motokar,HONDA,CIVIC,white,petrol,Rakan Niaga,2014,COMPACT,1.8,4,M5,x,8.5,6.6,7.6,37,175
2025-04-19,motokar,HONDA,CIVIC,grey,petrol,Rakan Niaga,2014,COMPACT,1.8,4,AV,x,7.9,6.0,7.0,40,161
2025-04-19,motokar,HONDA,CIVIC,grey,petrol,Rakan Niaga,2014,COMPACT,1.8,4,AV7,x,8.1,6.2,7.2,39,166
2025-04-19,motokar,HONDA,CIVIC,grey,petrol,Rakan Niaga,2014,COMPACT,1.8,4,M5,x,8.5,6.6,7.6,37,175
2025-04-19,motokar,HONDA,CIVIC,blue,petrol,Rakan Niaga,2014,COMPACT,1.8,4,AV,x,7.9,6.0,7.0,40,161
2025-04-19,motokar,HONDA,CIVIC,blue,petrol,Rakan Niaga,2014,COMPACT,1.8,4,AV7,x,8.1,6.2,7.2,39,166
2025-04-19,motokar,HONDA,CIVIC,blue,petrol,Rakan Niaga,2014,COMPACT,1.8,4,M5,x,8.5,6.6,7.6,37,175
2025-04-19,motokar,HONDA,CIVIC,blue,hybrid_petrol,Rakan Niaga,2014,COMPACT,1.8,4,AV,x,7.9,6.0,7.0,40,161
2025-04-19,motokar,HONDA,CIVIC,blue,hybrid_petrol,Rakan Niaga,2014,COMPACT,1.8,4,AV7,x,8.1,6.2,7.2,39,166
2025-04-19,motokar,HONDA,CIVIC,blue,hybrid_petrol,Rakan Niaga,2014,COMPACT,1.8,4,M5,x,8.5,6.6,7.6,37,175
2025-04-19,motokar,TOYOTA,CAMRY,grey,hybrid_petrol,Rakan Niaga,2014,MID-SIZE,2.5,4,AS6,x,9.5,6.6,8.2,34,189
2025-04-19,motokar,TOYOTA,CAMRY,grey,hybrid_petrol,Rakan Niaga,2014,MID-SIZE,3.5,6,AS6,x,11.1,7.8,9.6,29,221
2025-04-19,motokar,TOYOTA,YARIS,red,petrol,Rakan Niaga,2014,COMPACT,1.5,4,A4,x,7.9,6.6,7.3,39,168
2025-04-19,motokar,TOYOTA,YARIS,red,petrol,Rakan Niaga,2014,COMPACT,1.5,4,M5,x,7.8,6.3,7.1,40,163
2025-04-20,jip,HONDA,CR-V,red,petrol,Rakan Niaga,2014,SUV - SMALL,2.4,4,A5,x,10.3,7.6,9.1,31,209
2025-04-20,motokar,HONDA,CIVIC,red,petrol,Rakan Niaga,2014,COMPACT,1.8,4,AV,x,7.9,6.0,7.0,40,161
2025-04-20,motokar,HONDA,CIVIC,red,petrol,Rakan Niaga,2014,COMPACT,1.8,4,AV7,x,8.1,6.2,7.2,39,166
2025-04-20,motokar,HONDA,CIVIC,red,petrol,Rakan Niaga,2014,COMPACT,1.8,4,M5,x,8.5,6.6,7.6,37,175
2025-04-20,jip,MAZDA,CX-5,white,petrol,Rakan Niaga,2014,SUV - SMALL,2.0,4,AS6,x,8.9,7.3,8.2,34,189
2025-04-20,jip,MAZDA,CX-5,white,petrol,Rakan Niaga,2014,SUV - SMALL,2.0,4,M6,x,9.0,6.8,8.0,35,184
2025-04-20,jip,MAZDA,CX-5,white,petrol,Rakan Niaga,2014,SUV - SMALL,2.5,4,AS6,x,9.6,7.4,8.6,33,198
2025-04-20,jip,MAZDA,CX-5,blue,petrol,Rakan Niaga,2014,SUV - SMALL,2.0,4,AS6,x,8.9,7.3,8.2,34,189
2025-04-20,jip,MAZDA,CX-5,blue,petrol,Rakan Niaga,2014,SUV - SMALL,2.0,4,M6,x,9.0,6.8,8.0,35,184
2025-04-20,jip,MAZDA,CX-5,blue,petrol,Rakan Niaga,2014,SUV - SMALL,2.5,4,AS6,x,9.6,7.4,8.6,33,198
2025-04-20,motokar,TOYOTA,YARIS,white,petrol,Rakan Niaga,2014,COMPACT,1.5,4,A4,x,7.9,6.6,7.3,39,168
2025-04-20,motokar,TOYOTA,YARIS,white,petrol,Rakan Niaga,2014,COMPACT,1.5,4,M5,x,7.8,6.3,7.1,40,163
2025-04-20,motokar,TOYOTA,YARIS,white,petrol,Kedah,2014,COMPACT,1.5,4,A4,x,7.9,6.6,7.3,39,168
2025-04-20,motokar,TOYOTA,YARIS,white,petrol,Kedah,2014,COMPACT,1.5,4,M5,x,7.8,6.3,7.1,40,163
2025-04-21,motokar,FORD,MUSTANG,yellow,petrol,Rakan Niaga,2014,SUBCOMPACT,3.7,6,A6,x,12.1,7.8,10.2,28,235
2025-04-21,motokar,FORD,MUSTANG,yellow,petrol,Rakan Niaga,2014,SUBCOMPACT,3.7,6,M6,x,12.7,8.1,10.6,27,244
2025-04-21,motokar,FORD,MUSTANG,yellow,petrol,Rakan Niaga,2014,SUBCOMPACT,5.0,8,A6,x,13.3,9.3,11.5,25,264
2025-04-21,motokar,FORD,MUSTANG,yellow,petrol,Rakan Niaga,2014,SUBCOMPACT,5.0,8,M6,x,15.4,9.4,12.7,22,292
2025-04-21,motokar,FORD,MUSTANG,yellow,petrol,Rakan Niaga,2014,SUBCOMPACT,5.8,8,M6,z,15.9,9.9,13.2,21,304
2025-04-21,jip,HONDA,CR-V,grey,hybrid_petrol,Rakan Niaga,2014,SUV - SMALL,2.4,4,A5,x,10.3,7.6,9.1,31,209
2025-04-21,jip,HONDA,CR-V,blue,petrol,W.P. Kuala Lumpur,2014,SUV - SMALL,2.4,4,A5,x,10.3,7.6,9.1,31,209
2025-04-21,jip,HONDA,CR-V,white,hybrid_petrol,Rakan Niaga,2014,SUV - SMALL,2.4,4,A5,x,10.3,7.6,9.1,31,209
2025-04-21,jip,HONDA,CR-V,blue,petrol,Rakan Niaga,2014,SUV - SMALL,2.4,4,A5,x,10.3,7.6,9.1,31,209
2025-04-21,jip,HONDA,CR-V,grey,petrol,Rakan Niaga,2014,SUV - SMALL,2.4,4,A5,x,10.3,7.6,9.1,31,209
2025-04-21,jip,HONDA,CR-V,silver,petrol,W.P. Kuala Lumpur,2014,SUV - SMALL,2.4,4,A5,x,10.3,7.6,9.1,31,209
2025-04-21,jip,HONDA,CR-V,blue,hybrid_petrol,Rakan Niaga,2014,SUV - SMALL,2.4,4,A5,x,10.3,7.6,9.1,31,209
2025-04-21,jip,HONDA,CR-V,white,petrol,Rakan Niaga,2014,SUV - SMALL,2.4,4,A5,x,10.3,7.6,9.1,31,209
2025-04-21,motokar,HONDA,CIVIC,blue,petrol,Rakan Niaga,2014,COMPACT,1.8,4,AV,x,7.9,6.0,7.0,40,161
2025-04-21,motokar,HONDA,CIVIC,blue,petrol,Rakan Niaga,2014,COMPACT,1.8,4,AV7,x,8.1,6.2,7.2,39,166
2025-04-21,motokar,HONDA,CIVIC,blue,petrol,Rakan Niaga,2014,COMPACT,1.8,4,M5,x,8.5,6.6,7.6,37,175
2025-04-21,motokar,HONDA,CIVIC,grey,petrol,Rakan Niaga,2014,COMPACT,1.8,4,AV,x,7.9,6.0,7.0,40,161
2025-04-21,motokar,HONDA,CIVIC,grey,petrol,Rakan Niaga,2014,COMPACT,1.8,4,AV7,x,8.1,6.2,7.2,39,166
2025-04-21,motokar,HONDA,CIVIC,grey,petrol,Rakan Niaga,2014,COMPACT,1.8,4,M5,x,8.5,6.6,7.6,37,175
2025-04-21,motokar,HONDA,CIVIC,black,petrol,Rakan Niaga,2014,COMPACT,1.8,4,AV,x,7.9,6.0,7.0,40,161
2025-04-21,motokar,HONDA,CIVIC,black,petrol,Rakan Niaga,2014,COMPACT,1.8,4,AV7,x,8.1,6.2,7.2,39,166
2025-04-21,motokar,HONDA,CIVIC,black,petrol,Rakan Niaga,2014,COMPACT,1.8,4,M5,x,8.5,6.6,7.6,37,175
2025-04-21,motokar,HONDA,CIVIC,white,petrol,Rakan Niaga,2014,COMPACT,1.8,4,AV,x,7.9,6.0,7.0,40,161
2025-04-21,motokar,HONDA,CIVIC,white,petrol,Rakan Niaga,2014,COMPACT,1.8,4,AV7,x,8.1,6.2,7.2,39,166
2025-04-21,motokar,HONDA,CIVIC,white,petrol,Rakan Niaga,2014,COMPACT,1.8,4,M5,x,8.5,6.6,7.6,37,175
2025-04-21,motokar,HONDA,CIVIC,grey,petrol,Sarawak,2014,COMPACT,1.8,4,AV,x,7.9,6.0,7.0,40,161
2025-04-21,motokar,HONDA,CIVIC,grey,petrol,Sarawak,2014,COMPACT,1.8,4,AV7,x,8.1,6.2,7.2,39,166
2025-04-21,motokar,HONDA,CIVIC,grey,petrol,Sarawak,2014,COMPACT,1.8,4,M5,x,8.5,6.6,7.6,37,175
2025-04-21,motokar,HONDA,CIVIC,grey,petrol,Selangor,2014,COMPACT,1.8,4,AV,x,7.9,6.0,7.0,40,161
2025-04-21,motokar,HONDA,CIVIC,grey,petrol,Selangor,2014,COMPACT,1.8,4,AV7,x,8.1,6.2,7.2,39,166
2025-04-21,motokar,HONDA,CIVIC,grey,petrol,Selangor,2014,COMPACT,1.8,4,M5,x,8.5,6.6,7.6,37,175
2025-04-21,motokar,HONDA,CIVIC,red,petrol,Rakan Niaga,2014,COMPACT,1.8,4,AV,x,7.9,6.0,7.0,40,161
2025-04-21,motokar,HONDA,CIVIC,red,petrol,Rakan Niaga,2014,COMPACT,1.8,4,AV7,x,8.1,6.2,7.2,39,166
2025-04-21,motokar,HONDA,CIVIC,red,petrol,Rakan Niaga,2014,COMPACT,1.8,4,M5,x,8.5,6.6,7.6,37,175
2025-04-21,jip,KIA,SPORTAGE,grey,petrol,W.P. Kuala Lumpur,2014,SUV - SMALL,2.4,4,A6,x,11.4,8.3,10.0,28,230
2025-04-21,jip,KIA,SPORTAGE,grey,petrol,W.P. Kuala Lumpur,2014,SUV - SMALL,2.4,4,M6,x,12.9,9.3,11.3,25,260
2025-04-21,jip,MAZDA,CX-5,black,petrol,Rakan Niaga,2014,SUV - SMALL,2.0,4,AS6,x,8.9,7.3,8.2,34,189
2025-04-21,jip,MAZDA,CX-5,black,petrol,Rakan Niaga,2014,SUV - SMALL,2.0,4,M6,x,9.0,6.8,8.0,35,184
2025-04-21,jip,MAZDA,CX-5,black,petrol,Rakan Niaga,2014,SUV - SMALL,2.5,4,AS6,x,9.6,7.4,8.6,33,198
2025-04-21,jip,MAZDA,CX-5,grey,petrol,Rakan Niaga,2014,SUV - SMALL,2.0,4,AS6,x,8.9,7.3,8.2,34,189
2025-04-21,jip,MAZDA,CX-5,grey,petrol,Rakan Niaga,2014,SUV - SMALL,2.0,4,M6,x,9.0,6.8,8.0,35,184
2025-04-21,jip,MAZDA,CX-5,grey,petrol,Rakan Niaga,2014,SUV - SMALL,2.5,4,AS6,x,9.6,7.4,8.6,33,198
2025-04-21,jip,MAZDA,CX-5,gold,petrol,Rakan Niaga,2014,SUV - SMALL,2.0,4,AS6,x,8.9,7.3,8.2,34,189
2025-04-21,jip,MAZDA,CX-5,gold,petrol,Rakan Niaga,2014,SUV - SMALL,2.0,4,M6,x,9.0,6.8,8.0,35,184
2025-04-21,jip,MAZDA,CX-5,gold,petrol,Rakan Niaga,2014,SUV - SMALL,2.5,4,AS6,x,9.6,7.4,8.6,33,198
2025-04-21,jip,MAZDA,CX-5,white,petrol,Selangor,2014,SUV - SMALL,2.0,4,AS6,x,8.9,7.3,8.2,34,189
2025-04-21,jip,MAZDA,CX-5,white,petrol,Selangor,2014,SUV - SMALL,2.0,4,M6,x,9.0,6.8,8.0,35,184
2025-04-21,jip,MAZDA,CX-5,white,petrol,Selangor,2014,SUV - SMALL,2.5,4,AS6,x,9.6,7.4,8.6,33,198
2025-04-21,jip,MAZDA,CX-5,white,petrol,W.P. Kuala Lumpur,2014,SUV - SMALL,2.0,4,AS6,x,8.9,7.3,8.2,34,189
2025-04-21,jip,MAZDA,CX-5,white,petrol,W.P. Kuala Lumpur,2014,SUV - SMALL,2.0,4,M6,x,9.0,6.8,8.0,35,184
2025-04-21,jip,MAZDA,CX-5,white,petrol,W.P. Kuala Lumpur,2014,SUV - SMALL,2.5,4,AS6,x,9.6,7.4,8.6,33,198
2025-04-21,jip,MAZDA,CX-5,red,petrol,Rakan Niaga,2014,SUV - SMALL,2.0,4,AS6,x,8.9,7.3,8.2,34,189
2025-04-21,jip,MAZDA,CX-5,red,petrol,Rakan Niaga,2014,SUV - SMALL,2.0,4,M6,x,9.0,6.8,8.0,35,184
2025-04-21,jip,MAZDA,CX-5,red,petrol,Rakan Niaga,2014,SUV - SMALL,2.5,4,AS6,x,9.6,7.4,8.6,33,198
2025-04-21,motokar,MAZDA,MX-5,beige,petrol,W.P. Kuala Lumpur,2014,TWO-SEATER,2.0,4,AS6,z,11.5,8.5,10.2,28,235
2025-04-21,motokar,MAZDA,MX-5,beige,petrol,W.P. Kuala Lumpur,2014,TWO-SEATER,2.0,4,M5,z,10.5,8.5,9.6,29,221
2025-04-21,motokar,MAZDA,MX-5,beige,petrol,W.P. Kuala Lumpur,2014,TWO-SEATER,2.0,4,M6,z,11.1,8.4,9.9,29,228
2025-04-21,motokar,MAZDA,MX-5,white,petrol,Rakan Niaga,2014,TWO-SEATER,2.0,4,AS6,z,11.5,8.5,10.2,28,235
2025-04-21,motokar,MAZDA,MX-5,white,petrol,Rakan Niaga,2014,TWO-SEATER,2.0,4,M5,z,10.5,8.5,9.6,29,221
2025-04-21,motokar,MAZDA,MX-5,white,petrol,Rakan Niaga,2014,TWO-SEATER,2.0,4,M6,z,11.1,8.4,9.9,29,228
2025-04-21,motokar,NISSAN,GT-R,grey,petrol,Rakan Niaga,2014,SUBCOMPACT,3.8,6,AM6,z,14.5,10.9,12.9,22,297
2025-04-21,motokar,NISSAN,GT-R,black,petrol,Kedah,2014,SUBCOMPACT,3.8,6,AM6,z,14.5,10.9,12.9,22,297
2025-04-21,motokar,PORSCHE,PANAMERA,white,petrol,W.P. Kuala Lumpur,2014,FULL-SIZE,3.6,6,AM7,z,12.9,8.4,10.9,26,251
2025-04-21,motokar,SUBARU,BRZ,blue,petrol,Selangor,2014,MINICOMPACT,2.0,4,AS6,z,9.6,7.1,8.5,33,196
2025-04-21,motokar,SUBARU,BRZ,blue,petrol,Selangor,2014,MINICOMPACT,2.0,4,M6,z,11.0,7.9,9.6,29,221
2025-04-21,motokar,SUBARU,BRZ,white,petrol,W.P. Kuala Lumpur,2014,MINICOMPACT,2.0,4,AS6,z,9.6,7.1,8.5,33,196
2025-04-21,motokar,SUBARU,BRZ,white,petrol,W.P. Kuala Lumpur,2014,MINICOMPACT,2.0,4,M6,z,11.0,7.9,9.6,29,221
2025-04-21,motokar,TOYOTA,CAMRY,black,petrol,Rakan Niaga,2014,MID-SIZE,2.5,4,AS6,x,9.5,6.6,8.2,34,189
2025-04-21,motokar,TOYOTA,CAMRY,black,petrol,Rakan Niaga,2014,MID-SIZE,3.5,6,AS6,x,11.1,7.8,9.6,29,221
2025-04-21,motokar,TOYOTA,CAMRY,white,hybrid_petrol,Rakan Niaga,2014,MID-SIZE,2.5,4,AS6,x,9.5,6.6,8.2,34,189
2025-04-21,motokar,TOYOTA,CAMRY,white,hybrid_petrol,Rakan Niaga,2014,MID-SIZE,3.5,6,AS6,x,11.1,7.8,9.6,29,221
2025-04-21,motokar,TOYOTA,CAMRY,grey,petrol,W.P. Kuala Lumpur,2014,MID-SIZE,2.5,4,AS6,x,9.5,6.6,8.2,34,189
2025-04-21,motokar,TOYOTA,CAMRY,grey,petrol,W.P. Kuala Lumpur,2014,MID-SIZE,3.5,6,AS6,x,11.1,7.8,9.6,29,221
2025-04-21,motokar,TOYOTA,CAMRY,white,petrol,Johor,2014,MID-SIZE,2.5,4,AS6,x,9.5,6.6,8.2,34,189
2025-04-21,motokar,TOYOTA,CAMRY,white,petrol,Johor,2014,MID-SIZE,3.5,6,AS6,x,11.1,7.8,9.6,29,221
2025-04-21,motokar,TOYOTA,CAMRY,grey,hybrid_petrol,Rakan Niaga,2014,MID-SIZE,2.5,4,AS6,x,9.5,6.6,8.2,34,189
2025-04-21,motokar,TOYOTA,CAMRY,grey,hybrid_petrol,Rakan Niaga,2014,MID-SIZE,3.5,6,AS6,x,11.1,7.8,9.6,29,221
2025-04-21,motokar,TOYOTA,COROLLA,white,petrol,Johor,2014,MID-SIZE,1.8,4,A4,x,8.6,6.5,7.7,37,177
2025-04-21,motokar,TOYOTA,COROLLA,white,petrol,Johor,2014,MID-SIZE,1.8,4,AV7,x,8.1,6.3,7.3,39,168
2025-04-21,motokar,TOYOTA,COROLLA,white,petrol,Johor,2014,MID-SIZE,1.8,4,AV,x,8.0,5.9,7.1,40,163
2025-04-21,motokar,TOYOTA,COROLLA,white,petrol,Johor,2014,MID-SIZE,1.8,4,M6,x,8.3,6.3,7.4,38,170
2025-04-21,motokar,TOYOTA,YARIS,white,petrol,Rakan Niaga,2014,COMPACT,1.5,4,A4,x,7.9,6.6,7.3,39,168
2025-04-21,motokar,TOYOTA,YARIS,white,petrol,Rakan Niaga,2014,COMPACT,1.5,4,M5,x,7.8,6.3,7.1,40,163
2025-04-21,motokar,TOYOTA,YARIS,silver,petrol,Rakan Niaga,2014,COMPACT,1.5,4,A4,x,7.9,6.6,7.3,39,168
2025-04-21,motokar,TOYOTA,YARIS,silver,petrol,Rakan Niaga,2014,COMPACT,1.5,4,M5,x,7.8,6.3,7.1,40,163
2025-04-21,motokar,TOYOTA,YARIS,red,petrol,Rakan Niaga,2014,COMPACT,1.5,4,A4,x,7.9,6.6,7.3,39,168
2025-04-21,motokar,TOYOTA,YARIS,red,petrol,Rakan Niaga,2014,COMPACT,1.5,4,M5,x,7.8,6.3,7.1,40,163
2025-04-21,motokar,TOYOTA,YARIS,grey,petrol,Rakan Niaga,2014,COMPACT,1.5,4,A4,x,7.9,6.6,7.3,39,168
2025-04-21,motokar,TOYOTA,YARIS,grey,petrol,Rakan Niaga,2014,COMPACT,1.5,4,M5,x,7.8,6.3,7.1,40,163
2025-04-21,motokar,TOYOTA,YARIS,white,petrol,Johor,2014,COMPACT,1.5,4,A4,x,7.9,6.6,7.3,39,168
2025-04-21,motokar,TOYOTA,YARIS,white,petrol,Johor,2014,COMPACT,1.5,4,M5,x,7.8,6.3,7.1,40,163
2025-04-21,jip,VOLKSWAGEN,TIGUAN,black,petrol,Rakan Niaga,2014,SUV - SMALL,2.0,4,A6,z,11.7,9.5,10.7,26,246
2025-04-21,jip,VOLKSWAGEN,TIGUAN,black,petrol,Rakan Niaga,2014,SUV - SMALL,2.0,4,M6,z,13.6,9.2,11.6,24,267
2025-04-21,jip,VOLVO,XC60,black,hybrid_petrol,W.P. Kuala Lumpur,2014,SUV - SMALL,3.2,6,AS6,x,13.0,8.9,11.2,25,258
2025-04-22,motokar,ASTON MARTIN,VANQUISH,green,petrol,W.P. Kuala Lumpur,2014,MINICOMPACT,5.9,12,A6,z,18.0,12.6,15.6,18,359
2025-04-22,jip,HONDA,CR-V,grey,hybrid_petrol,Rakan Niaga,2014,SUV - SMALL,2.4,4,A5,x,10.3,7.6,9.1,31,209
2025-04-22,jip,HONDA,CR-V,grey,petrol,Rakan Niaga,2014,SUV - SMALL,2.4,4,A5,x,10.3,7.6,9.1,31,209
2025-04-22,jip,HONDA,CR-V,white,petrol,Rakan Niaga,2014,SUV - SMALL,2.4,4,A5,x,10.3,7.6,9.1,31,209
2025-04-22,jip,HONDA,CR-V,grey,petrol,Selangor,2014,SUV - SMALL,2.4,4,A5,x,10.3,7.6,9.1,31,209
2025-04-22,jip,HONDA,CR-V,white,hybrid_petrol,Rakan Niaga,2014,SUV - SMALL,2.4,4,A5,x,10.3,7.6,9.1,31,209
2025-04-22,jip,HONDA,CR-V,red,petrol,Rakan Niaga,2014,SUV - SMALL,2.4,4,A5,x,10.3,7.6,9.1,31,209
2025-04-22,jip,HONDA,CR-V,blue,hybrid_petrol,Rakan Niaga,2014,SUV - SMALL,2.4,4,A5,x,10.3,7.6,9.1,31,209
2025-04-22,jip,HONDA,CR-V,silver,petrol,Rakan Niaga,2014,SUV - SMALL,2.4,4,A5,x,10.3,7.6,9.1,31,209
2025-04-22,jip,HONDA,CR-V,white,petrol,Johor,2014,SUV - SMALL,2.4,4,A5,x,10.3,7.6,9.1,31,209
2025-04-22,jip,HONDA,CR-V,blue,petrol,Pulau Pinang,2014,SUV - SMALL,2.4,4,A5,x,10.3,7.6,9.1,31,209
2025-04-22,jip,HONDA,CR-V,blue,petrol,Melaka,2014,SUV - SMALL,2.4,4,A5,x,10.3,7.6,9.1,31,209
2025-04-22,jip,HONDA,CR-V,white,petrol,W.P. Kuala Lumpur,2014,SUV - SMALL,2.4,4,A5,x,10.3,7.6,9.1,31,209
2025-04-22,jip,HONDA,CR-V,blue,petrol,Rakan Niaga,2014,SUV - SMALL,2.4,4,A5,x,10.3,7.6,9.1,31,209
2025-04-22,motokar,HONDA,CIVIC,grey,petrol,Rakan Niaga,2014,COMPACT,1.8,4,AV,x,7.9,6.0,7.0,40,161
2025-04-22,motokar,HONDA,CIVIC,grey,petrol,Rakan Niaga,2014,COMPACT,1.8,4,AV7,x,8.1,6.2,7.2,39,166
2025-04-22,motokar,HONDA,CIVIC,grey,petrol,Rakan Niaga,2014,COMPACT,1.8,4,M5,x,8.5,6.6,7.6,37,175
2025-04-22,window_van,HONDA,CIVIC,blue,petrol,Sabah,2014,COMPACT,1.8,4,AV,x,7.9,6.0,7.0,40,161
2025-04-22,window_van,HONDA,CIVIC,blue,petrol,Sabah,2014,COMPACT,1.8,4,AV7,x,8.1,6.2,7.2,39,166
2025-04-22,window_van,HONDA,CIVIC,blue,petrol,Sabah,2014,COMPACT,1.8,4,M5,x,8.5,6.6,7.6,37,175
2025-04-22,motokar,HONDA,CIVIC,white,petrol,Rakan Niaga,2014,COMPACT,1.8,4,AV,x,7.9,6.0,7.0,40,161
2025-04-22,motokar,HONDA,CIVIC,white,petrol,Rakan Niaga,2014,COMPACT,1.8,4,AV7,x,8.1,6.2,7.2,39,166
2025-04-22,motokar,HONDA,CIVIC,white,petrol,Rakan Niaga,2014,COMPACT,1.8,4,M5,x,8.5,6.6,7.6,37,175
2025-04-22,motokar,HONDA,CIVIC,white,petrol,Pulau Pinang,2014,COMPACT,1.8,4,AV,x,7.9,6.0,7.0,40,161
2025-04-22,motokar,HONDA,CIVIC,white,petrol,Pulau Pinang,2014,COMPACT,1.8,4,AV7,x,8.1,6.2,7.2,39,166
2025-04-22,motokar,HONDA,CIVIC,white,petrol,Pulau Pinang,2014,COMPACT,1.8,4,M5,x,8.5,6.6,7.6,37,175
2025-04-22,motokar,HONDA,CIVIC,white,petrol,Selangor,2014,COMPACT,1.8,4,AV,x,7.9,6.0,7.0,40,161
2025-04-22,motokar,HONDA,CIVIC,white,petrol,Selangor,2014,COMPACT,1.8,4,AV7,x,8.1,6.2,7.2,39,166
2025-04-22,motokar,HONDA,CIVIC,white,petrol,Selangor,2014,COMPACT,1.8,4,M5,x,8.5,6.6,7.6,37,175
2025-04-22,motokar,HONDA,CIVIC,blue,petrol,Johor,2014,COMPACT,1.8,4,AV,x,7.9,6.0,7.0,40,161
2025-04-22,motokar,HONDA,CIVIC,blue,petrol,Johor,2014,COMPACT,1.8,4,AV7,x,8.1,6.2,7.2,39,166
2025-04-22,motokar,HONDA,CIVIC,blue,petrol,Johor,2014,COMPACT,1.8,4,M5,x,8.5,6.6,7.6,37,175
2025-04-22,motokar,HONDA,CIVIC,red,petrol,Rakan Niaga,2014,COMPACT,1.8,4,AV,x,7.9,6.0,7.0,40,161
2025-04-22,motokar,HONDA,CIVIC,red,petrol,Rakan Niaga,2014,COMPACT,1.8,4,AV7,x,8.1,6.2,7.2,39,166
2025-04-22,motokar,HONDA,CIVIC,red,petrol,Rakan Niaga,2014,COMPACT,1.8,4,M5,x,8.5,6.6,7.6,37,175
2025-04-22,motokar,HONDA,CIVIC,blue,petrol,Rakan Niaga,2014,COMPACT,1.8,4,AV,x,7.9,6.0,7.0,40,161
2025-04-22,motokar,HONDA,CIVIC,blue,petrol,Rakan Niaga,2014,COMPACT,1.8,4,AV7,x,8.1,6.2,7.2,39,166
2025-04-22,motokar,HONDA,CIVIC,blue,petrol,Rakan Niaga,2014,COMPACT,1.8,4,M5,x,8.5,6.6,7.6,37,175
2025-04-22,motokar,HONDA,CIVIC,white,petrol,W.P. Kuala Lumpur,2014,COMPACT,1.8,4,AV,x,7.9,6.0,7.0,40,161
2025-04-22,motokar,HONDA,CIVIC,white,petrol,W.P. Kuala Lumpur,2014,COMPACT,1.8,4,AV7,x,8.1,6.2,7.2,39,166
2025-04-22,motokar,HONDA,CIVIC,white,petrol,W.P. Kuala Lumpur,2014,COMPACT,1.8,4,M5,x,8.5,6.6,7.6,37,175
2025-04-22,motokar,HONDA,CIVIC,black,petrol,Rakan Niaga,2014,COMPACT,1.8,4,AV,x,7.9,6.0,7.0,40,161
2025-04-22,motokar,HONDA,CIVIC,black,petrol,Rakan Niaga,2014,COMPACT,1.8,4,AV7,x,8.1,6.2,7.2,39,166
2025-04-22,motokar,HONDA,CIVIC,black,petrol,Rakan Niaga,2014,COMPACT,1.8,4,M5,x,8.5,6.6,7.6,37,175
2025-04-22,jip,HYUNDAI,SANTA FE,white,hybrid_petrol,Rakan Niaga,2014,SUV - SMALL,3.3,6,A6,x,13.0,9.1,11.2,25,258
2025-04-22,jip,HYUNDAI,SANTA FE,black,hybrid_petrol,Rakan Niaga,2014,SUV - SMALL,3.3,6,A6,x,13.0,9.1,11.2,25,258
2025-04-22,jip,KIA,SPORTAGE,grey,petrol,Rakan Niaga,2014,SUV - SMALL,2.4,4,A6,x,11.4,8.3,10.0,28,230
2025-04-22,jip,KIA,SPORTAGE,grey,petrol,Rakan Niaga,2014,SUV - SMALL,2.4,4,M6,x,12.9,9.3,11.3,25,260
2025-04-22,jip,MAZDA,CX-5,blue,petrol,Rakan Niaga,2014,SUV - SMALL,2.0,4,AS6,x,8.9,7.3,8.2,34,189
2025-04-22,jip,MAZDA,CX-5,blue,petrol,Rakan Niaga,2014,SUV - SMALL,2.0,4,M6,x,9.0,6.8,8.0,35,184
2025-04-22,jip,MAZDA,CX-5,blue,petrol,Rakan Niaga,2014,SUV - SMALL,2.5,4,AS6,x,9.6,7.4,8.6,33,198
2025-04-22,jip,MAZDA,CX-5,black,petrol,Rakan Niaga,2014,SUV - SMALL,2.0,4,AS6,x,8.9,7.3,8.2,34,189
2025-04-22,jip,MAZDA,CX-5,black,petrol,Rakan Niaga,2014,SUV - SMALL,2.0,4,M6,x,9.0,6.8,8.0,35,184
2025-04-22,jip,MAZDA,CX-5,black,petrol,Rakan Niaga,2014,SUV - SMALL,2.5,4,AS6,x,9.6,7.4,8.6,33,198
2025-04-22,jip,MAZDA,CX-5,grey,petrol,W.P. Kuala Lumpur,2014,SUV - SMALL,2.0,4,AS6,x,8.9,7.3,8.2,34,189
2025-04-22,jip,MAZDA,CX-5,grey,petrol,W.P. Kuala Lumpur,2014,SUV - SMALL,2.0,4,M6,x,9.0,6.8,8.0,35,184
2025-04-22,jip,MAZDA,CX-5,grey,petrol,W.P. Kuala Lumpur,2014,SUV - SMALL,2.5,4,AS6,x,9.6,7.4,8.6,33,198
2025-04-22,jip,MAZDA,CX-5,blue,petrol,W.P. Kuala Lumpur,2014,SUV - SMALL,2.0,4,AS6,x,8.9,7.3,8.2,34,189
2025-04-22,jip,MAZDA,CX-5,blue,petrol,W.P. Kuala Lumpur,2014,SUV - SMALL,2.0,4,M6,x,9.0,6.8,8.0,35,184
2025-04-22,jip,MAZDA,CX-5,blue,petrol,W.P. Kuala Lumpur,2014,SUV - SMALL,2.5,4,AS6,x,9.6,7.4,8.6,33,198
2025-04-22,motokar,MAZDA,MX-5,white,petrol,Sarawak,2014,TWO-SEATER,2.0,4,AS6,z,11.5,8.5,10.2,28,235
2025-04-22,motokar,MAZDA,MX-5,white,petrol,Sarawak,2014,TWO-SEATER,2.0,4,M5,z,10.5,8.5,9.6,29,221
2025-04-22,motokar,MAZDA,MX-5,white,petrol,Sarawak,2014,TWO-SEATER,2.0,4,M6,z,11.1,8.4,9.9,29,228
2025-04-22,motokar,MITSUBISHI,LANCER,white,petrol,W.P. Kuala Lumpur,2014,COMPACT,2.0,4,AV6,x,9.2,7.0,8.2,34,189
2025-04-22,motokar,MITSUBISHI,LANCER,white,petrol,W.P. Kuala Lumpur,2014,COMPACT,2.0,4,M5,x,9.6,6.8,8.3,34,191
2025-04-22,motokar,PORSCHE,911 TURBO,grey,petrol,W.P. Kuala Lumpur,2014,MINICOMPACT,3.8,6,AM7,z,13.7,9.6,11.9,24,274
2025-04-22,jip,PORSCHE,CAYENNE,grey,petrol,W.P. Kuala Lumpur,2014,SUV - STANDARD,3.6,6,A8,z,13.6,10.1,12.0,24,276
2025-04-22,jip,PORSCHE,CAYENNE,grey,petrol,W.P. Kuala Lumpur,2014,SUV - STANDARD,3.6,6,M6,z,15.8,10.9,13.6,21,313
2025-04-22,jip,PORSCHE,CAYENNE,grey,petrol,Rakan Niaga,2014,SUV - STANDARD,3.6,6,A8,z,13.6,10.1,12.0,24,276
2025-04-22,jip,PORSCHE,CAYENNE,grey,petrol,Rakan Niaga,2014,SUV - STANDARD,3.6,6,M6,z,15.8,10.9,13.6,21,313
2025-04-22,motokar,PORSCHE,PANAMERA,white,petrol,W.P. Kuala Lumpur,2014,FULL-SIZE,3.6,6,AM7,z,12.9,8.4,10.9,26,251
2025-04-22,motokar,SUBARU,BRZ,red,petrol,Rakan Niaga,2014,MINICOMPACT,2.0,4,AS6,z,9.6,7.1,8.5,33,196
2025-04-22,motokar,SUBARU,BRZ,red,petrol,Rakan Niaga,2014,MINICOMPACT,2.0,4,M6,z,11.0,7.9,9.6,29,221
2025-04-22,motokar,SUBARU,BRZ,grey,petrol,Selangor,2014,MINICOMPACT,2.0,4,AS6,z,9.6,7.1,8.5,33,196
2025-04-22,motokar,SUBARU,BRZ,grey,petrol,Selangor,2014,MINICOMPACT,2.0,4,M6,z,11.0,7.9,9.6,29,221
2025-04-22,motokar,TOYOTA,CAMRY,white,hybrid_petrol,Rakan Niaga,2014,MID-SIZE,2.5,4,AS6,x,9.5,6.6,8.2,34,189
2025-04-22,motokar,TOYOTA,CAMRY,white,hybrid_petrol,Rakan Niaga,2014,MID-SIZE,3.5,6,AS6,x,11.1,7.8,9.6,29,221
2025-04-22,motokar,TOYOTA,CAMRY,grey,petrol,Rakan Niaga,2014,MID-SIZE,2.5,4,AS6,x,9.5,6.6,8.2,34,189
2025-04-22,motokar,TOYOTA,CAMRY,grey,petrol,Rakan Niaga,2014,MID-SIZE,3.5,6,AS6,x,11.1,7.8,9.6,29,221
2025-04-22,motokar,TOYOTA,CAMRY,grey,petrol,Pahang,2014,MID-SIZE,2.5,4,AS6,x,9.5,6.6,8.2,34,189
2025-04-22,motokar,TOYOTA,CAMRY,grey,petrol,Pahang,2014,MID-SIZE,3.5,6,AS6,x,11.1,7.8,9.6,29,221
2025-04-22,motokar,TOYOTA,CAMRY,grey,hybrid_petrol,Rakan Niaga,2014,MID-SIZE,2.5,4,AS6,x,9.5,6.6,8.2,34,189
2025-04-22,motokar,TOYOTA,CAMRY,grey,hybrid_petrol,Rakan Niaga,2014,MID-SIZE,3.5,6,AS6,x,11.1,7.8,9.6,29,221
2025-04-22,motokar,TOYOTA,CAMRY,black,petrol,Rakan Niaga,2014,MID-SIZE,2.5,4,AS6,x,9.5,6.6,8.2,34,189
2025-04-22,motokar,TOYOTA,CAMRY,black,petrol,Rakan Niaga,2014,MID-SIZE,3.5,6,AS6,x,11.1,7.8,9.6,29,221
2025-04-22,motokar,TOYOTA,YARIS,red,petrol,Rakan Niaga,2014,COMPACT,1.5,4,A4,x,7.9,6.6,7.3,39,168
2025-04-22,motokar,TOYOTA,YARIS,red,petrol,Rakan Niaga,2014,COMPACT,1.5,4,M5,x,7.8,6.3,7.1,40,163
2025-04-22,motokar,TOYOTA,YARIS,red,petrol,Kedah,2014,COMPACT,1.5,4,A4,x,7.9,6.6,7.3,39,168
2025-04-22,motokar,TOYOTA,YARIS,red,petrol,Kedah,2014,COMPACT,1.5,4,M5,x,7.8,6.3,7.1,40,163
2025-04-22,motokar,TOYOTA,YARIS,red,petrol,Pulau Pinang,2014,COMPACT,1.5,4,A4,x,7.9,6.6,7.3,39,168
2025-04-22,motokar,TOYOTA,YARIS,red,petrol,Pulau Pinang,2014,COMPACT,1.5,4,M5,x,7.8,6.3,7.1,40,163
2025-04-22,motokar,TOYOTA,YARIS,white,petrol,Rakan Niaga,2014,COMPACT,1.5,4,A4,x,7.9,6.6,7.3,39,168
2025-04-22,motokar,TOYOTA,YARIS,white,petrol,Rakan Niaga,2014,COMPACT,1.5,4,M5,x,7.8,6.3,7.1,40,163
2025-04-22,motokar,TOYOTA,YARIS,silver,petrol,Rakan Niaga,2014,COMPACT,1.5,4,A4,x,7.9,6.6,7.3,39,168
2025-04-22,motokar,TOYOTA,YARIS,silver,petrol,Rakan Niaga,2014,COMPACT,1.5,4,M5,x,7.8,6.3,7.1,40,163
2025-04-22,motokar,TOYOTA,YARIS,red,petrol,W.P. Kuala Lumpur,2014,COMPACT,1.5,4,A4,x,7.9,6.6,7.3,39,168
2025-04-22,motokar,TOYOTA,YARIS,red,petrol,W.P. Kuala Lumpur,2014,COMPACT,1.5,4,M5,x,7.8,6.3,7.1,40,163
2025-04-22,motokar,TOYOTA,YARIS,silver,petrol,Selangor,2014,COMPACT,1.5,4,A4,x,7.9,6.6,7.3,39,168
2025-04-22,motokar,TOYOTA,YARIS,silver,petrol,Selangor,2014,COMPACT,1.5,4,M5,x,7.8,6.3,7.1,40,163
2025-04-22,motokar,TOYOTA,YARIS,red,petrol,Selangor,2014,COMPACT,1.5,4,A4,x,7.9,6.6,7.3,39,168
2025-04-22,motokar,TOYOTA,YARIS,red,petrol,Selangor,2014,COMPACT,1.5,4,M5,x,7.8,6.3,7.1,40,163
2025-04-22,motokar,TOYOTA,YARIS,red,petrol,Perak,2014,COMPACT,1.5,4,A4,x,7.9,6.6,7.3,39,168
2025-04-22,motokar,TOYOTA,YARIS,red,petrol,Perak,2014,COMPACT,1.5,4,M5,x,7.8,6.3,7.1,40,163
2025-04-22,jip,VOLKSWAGEN,TIGUAN,blue,petrol,Rakan Niaga,2014,SUV - SMALL,2.0,4,A6,z,11.7,9.5,10.7,26,246
2025-04-22,jip,VOLKSWAGEN,TIGUAN,blue,petrol,Rakan Niaga,2014,SUV - SMALL,2.0,4,M6,z,13.6,9.2,11.6,24,267
2025-04-22,jip,VOLKSWAGEN,TIGUAN,grey,petrol,Rakan Niaga,2014,SUV - SMALL,2.0,4,A6,z,11.7,9.5,10.7,26,246
2025-04-22,jip,VOLKSWAGEN,TIGUAN,grey,petrol,Rakan Niaga,2014,SUV - SMALL,2.0,4,M6,z,13.6,9.2,11.6,24,267
2025-04-22,jip,VOLKSWAGEN,TIGUAN,black,petrol,Rakan Niaga,2014,SUV - SMALL,2.0,4,A6,z,11.7,9.5,10.7,26,246
2025-04-22,jip,VOLKSWAGEN,TIGUAN,black,petrol,Rakan Niaga,2014,SUV - SMALL,2.0,4,M6,z,13.6,9.2,11.6,24,267
2025-04-23,jip,HONDA,CR-V,blue,petrol,Rakan Niaga,2014,SUV - SMALL,2.4,4,A5,x,10.3,7.6,9.1,31,209
2025-04-23,jip,HONDA,CR-V,grey,petrol,Rakan Niaga,2014,SUV - SMALL,2.4,4,A5,x,10.3,7.6,9.1,31,209
2025-04-23,jip,HONDA,CR-V,grey,hybrid_petrol,W.P. Kuala Lumpur,2014,SUV - SMALL,2.4,4,A5,x,10.3,7.6,9.1,31,209
2025-04-23,jip,HONDA,CR-V,white,hybrid_petrol,Rakan Niaga,2014,SUV - SMALL,2.4,4,A5,x,10.3,7.6,9.1,31,209
2025-04-23,jip,HONDA,CR-V,red,petrol,Rakan Niaga,2014,SUV - SMALL,2.4,4,A5,x,10.3,7.6,9.1,31,209
2025-04-23,jip,HONDA,CR-V,white,petrol,Rakan Niaga,2014,SUV - SMALL,2.4,4,A5,x,10.3,7.6,9.1,31,209
2025-04-23,jip,HONDA,CR-V,silver,petrol,Rakan Niaga,2014,SUV - SMALL,2.4,4,A5,x,10.3,7.6,9.1,31,209
2025-04-23,jip,HONDA,CR-V,blue,hybrid_petrol,Rakan Niaga,2014,SUV - SMALL,2.4,4,A5,x,10.3,7.6,9.1,31,209
2025-04-23,jip,HONDA,CR-V,grey,hybrid_petrol,Rakan Niaga,2014,SUV - SMALL,2.4,4,A5,x,10.3,7.6,9.1,31,209
2025-04-23,jip,HONDA,CR-V,silver,hybrid_petrol,Rakan Niaga,2014,SUV - SMALL,2.4,4,A5,x,10.3,7.6,9.1,31,209
2025-04-23,jip,HONDA,CR-V,red,hybrid_petrol,Rakan Niaga,2014,SUV - SMALL,2.4,4,A5,x,10.3,7.6,9.1,31,209
2025-04-23,jip,HONDA,CR-V,grey,petrol,W.P. Kuala Lumpur,2014,SUV - SMALL,2.4,4,A5,x,10.3,7.6,9.1,31,209
2025-04-23,jip,HONDA,CR-V,blue,petrol,Selangor,2014,SUV - SMALL,2.4,4,A5,x,10.3,7.6,9.1,31,209
2025-04-23,motokar,HONDA,CIVIC,blue,hybrid_petrol,Rakan Niaga,2014,COMPACT,1.8,4,AV,x,7.9,6.0,7.0,40,161
2025-04-23,motokar,HONDA,CIVIC,blue,hybrid_petrol,Rakan Niaga,2014,COMPACT,1.8,4,AV7,x,8.1,6.2,7.2,39,166
2025-04-23,motokar,HONDA,CIVIC,blue,hybrid_petrol,Rakan Niaga,2014,COMPACT,1.8,4,M5,x,8.5,6.6,7.6,37,175
2025-04-23,motokar,HONDA,CIVIC,black,petrol,Rakan Niaga,2014,COMPACT,1.8,4,AV,x,7.9,6.0,7.0,40,161
2025-04-23,motokar,HONDA,CIVIC,black,petrol,Rakan Niaga,2014,COMPACT,1.8,4,AV7,x,8.1,6.2,7.2,39,166
2025-04-23,motokar,HONDA,CIVIC,black,petrol,Rakan Niaga,2014,COMPACT,1.8,4,M5,x,8.5,6.6,7.6,37,175
2025-04-23,motokar,HONDA,CIVIC,blue,petrol,Rakan Niaga,2014,COMPACT,1.8,4,AV,x,7.9,6.0,7.0,40,161
2025-04-23,motokar,HONDA,CIVIC,blue,petrol,Rakan Niaga,2014,COMPACT,1.8,4,AV7,x,8.1,6.2,7.2,39,166
2025-04-23,motokar,HONDA,CIVIC,blue,petrol,Rakan Niaga,2014,COMPACT,1.8,4,M5,x,8.5,6.6,7.6,37,175
2025-04-23,motokar,HONDA,CIVIC,grey,petrol,Rakan Niaga,2014,COMPACT,1.8,4,AV,x,7.9,6.0,7.0,40,161
2025-04-23,motokar,HONDA,CIVIC,grey,petrol,Rakan Niaga,2014,COMPACT,1.8,4,AV7,x,8.1,6.2,7.2,39,166
2025-04-23,motokar,HONDA,CIVIC,grey,petrol,Rakan Niaga,2014,COMPACT,1.8,4,M5,x,8.5,6.6,7.6,37,175
2025-04-23,motokar,HONDA,CIVIC,white,petrol,Rakan Niaga,2014,COMPACT,1.8,4,AV,x,7.9,6.0,7.0,40,161
2025-04-23,motokar,HONDA,CIVIC,white,petrol,Rakan Niaga,2014,COMPACT,1.8,4,AV7,x,8.1,6.2,7.2,39,166
2025-04-23,motokar,HONDA,CIVIC,white,petrol,Rakan Niaga,2014,COMPACT,1.8,4,M5,x,8.5,6.6,7.6,37,175
2025-04-23,motokar,HONDA,CIVIC,white,petrol,W.P. Kuala Lumpur,2014,COMPACT,1.8,4,AV,x,7.9,6.0,7.0,40,161
2025-04-23,motokar,HONDA,CIVIC,white,petrol,W.P. Kuala Lumpur,2014,COMPACT,1.8,4,AV7,x,8.1,6.2,7.2,39,166
2025-04-23,motokar,HONDA,CIVIC,white,petrol,W.P. Kuala Lumpur,2014,COMPACT,1.8,4,M5,x,8.5,6.6,7.6,37,175
2025-04-23,motokar,HONDA,CIVIC,black,petrol,Kedah,2014,COMPACT,1.8,4,AV,x,7.9,6.0,7.0,40,161
2025-04-23,motokar,HONDA,CIVIC,black,petrol,Kedah,2014,COMPACT,1.8,4,AV7,x,8.1,6.2,7.2,39,166
2025-04-23,motokar,HONDA,CIVIC,black,petrol,Kedah,2014,COMPACT,1.8,4,M5,x,8.5,6.6,7.6,37,175
2025-04-23,motokar,HONDA,CIVIC,red,petrol,Rakan Niaga,2014,COMPACT,1.8,4,AV,x,7.9,6.0,7.0,40,161
2025-04-23,motokar,HONDA,CIVIC,red,petrol,Rakan Niaga,2014,COMPACT,1.8,4,AV7,x,8.1,6.2,7.2,39,166
2025-04-23,motokar,HONDA,CIVIC,red,petrol,Rakan Niaga,2014,COMPACT,1.8,4,M5,x,8.5,6.6,7.6,37,175
2025-04-23,motokar,HONDA,CIVIC,white,petrol,Selangor,2014,COMPACT,1.8,4,AV,x,7.9,6.0,7.0,40,161
2025-04-23,motokar,HONDA,CIVIC,white,petrol,Selangor,2014,COMPACT,1.8,4,AV7,x,8.1,6.2,7.2,39,166
2025-04-23,motokar,HONDA,CIVIC,white,petrol,Selangor,2014,COMPACT,1.8,4,M5,x,8.5,6.6,7.6,37,175
2025-04-23,motokar,HONDA,CIVIC,blue,petrol,Selangor,2014,COMPACT,1.8,4,AV,x,7.9,6.0,7.0,40,161
2025-04-23,motokar,HONDA,CIVIC,blue,petrol,Selangor,2014,COMPACT,1.8,4,AV7,x,8.1,6.2,7.2,39,166
2025-04-23,motokar,HONDA,CIVIC,blue,petrol,Selangor,2014,COMPACT,1.8,4,M5,x,8.5,6.6,7.6,37,175
2025-04-23,window_van,HONDA,ODYSSEY,blue,petrol,Selangor,2014,MINIVAN,3.5,6,A6,x,12.3,8.5,10.6,27,244
2025-04-23,jip,HYUNDAI,SANTA FE,grey,hybrid_petrol,Rakan Niaga,2014,SUV - SMALL,3.3,6,A6,x,13.0,9.1,11.2,25,258
2025-04-23,jip,HYUNDAI,SANTA FE,black,hybrid_petrol,Rakan Niaga,2014,SUV - SMALL,3.3,6,A6,x,13.0,9.1,11.2,25,258
2025-04-23,jip,KIA,SPORTAGE,blue,petrol,Selangor,2014,SUV - SMALL,2.4,4,A6,x,11.4,8.3,10.0,28,230
2025-04-23,jip,KIA,SPORTAGE,blue,petrol,Selangor,2014,SUV - SMALL,2.4,4,M6,x,12.9,9.3,11.3,25,260
2025-04-23,jip,KIA,SPORTAGE,blue,petrol,Rakan Niaga,2014,SUV - SMALL,2.4,4,A6,x,11.4,8.3,10.0,28,230
2025-04-23,jip,KIA,SPORTAGE,blue,petrol,Rakan Niaga,2014,SUV - SMALL,2.4,4,M6,x,12.9,9.3,11.3,25,260
2025-04-23,jip,MAZDA,CX-5,grey,petrol,W.P. Kuala Lumpur,2014,SUV - SMALL,2.0,4,AS6,x,8.9,7.3,8.2,34,189
2025-04-23,jip,MAZDA,CX-5,grey,petrol,W.P. Kuala Lumpur,2014,SUV - SMALL,2.0,4,M6,x,9.0,6.8,8.0,35,184
2025-04-23,jip,MAZDA,CX-5,grey,petrol,W.P. Kuala Lumpur,2014,SUV - SMALL,2.5,4,AS6,x,9.6,7.4,8.6,33,198
2025-04-23,jip,MAZDA,CX-5,grey,petrol,Rakan Niaga,2014,SUV - SMALL,2.0,4,AS6,x,8.9,7.3,8.2,34,189
2025-04-23,jip,MAZDA,CX-5,grey,petrol,Rakan Niaga,2014,SUV - SMALL,2.0,4,M6,x,9.0,6.8,8.0,35,184
2025-04-23,jip,MAZDA,CX-5,grey,petrol,Rakan Niaga,2014,SUV - SMALL,2.5,4,AS6,x,9.6,7.4,8.6,33,198
2025-04-23,jip,MAZDA,CX-5,white,petrol,Rakan Niaga,2014,SUV - SMALL,2.0,4,AS6,x,8.9,7.3,8.2,34,189
2025-04-23,jip,MAZDA,CX-5,white,petrol,Rakan Niaga,2014,SUV - SMALL,2.0,4,M6,x,9.0,6.8,8.0,35,184
2025-04-23,jip,MAZDA,CX-5,white,petrol,Rakan Niaga,2014,SUV - SMALL,2.5,4,AS6,x,9.6,7.4,8.6,33,198
2025-04-23,jip,MAZDA,CX-5,blue,petrol,Rakan Niaga,2014,SUV - SMALL,2.0,4,AS6,x,8.9,7.3,8.2,34,189
2025-04-23,jip,MAZDA,CX-5,blue,petrol,Rakan Niaga,2014,SUV - SMALL,2.0,4,M6,x,9.0,6.8,8.0,35,184
2025-04-23,jip,MAZDA,CX-5,blue,petrol,Rakan Niaga,2014,SUV - SMALL,2.5,4,AS6,x,9.6,7.4,8.6,33,198
2025-04-23,jip,MAZDA,CX-5,blue,petrol,Selangor,2014,SUV - SMALL,2.0,4,AS6,x,8.9,7.3,8.2,34,189
2025-04-23,jip,MAZDA,CX-5,blue,petrol,Selangor,2014,SUV - SMALL,2.0,4,M6,x,9.0,6.8,8.0,35,184
2025-04-23,jip,MAZDA,CX-5,blue,petrol,Selangor,2014,SUV - SMALL,2.5,4,AS6,x,9.6,7.4,8.6,33,198
2025-04-23,jip,MAZDA,CX-5,gold,petrol,Rakan Niaga,2014,SUV - SMALL,2.0,4,AS6,x,8.9,7.3,8.2,34,189
2025-04-23,jip,MAZDA,CX-5,gold,petrol,Rakan Niaga,2014,SUV - SMALL,2.0,4,M6,x,9.0,6.8,8.0,35,184
2025-04-23,jip,MAZDA,CX-5,gold,petrol,Rakan Niaga,2014,SUV - SMALL,2.5,4,AS6,x,9.6,7.4,8.6,33,198
2025-04-23,motokar,MAZDA,MX-5,black,petrol,Rakan Niaga,2014,TWO-SEATER,2.0,4,AS6,z,11.5,8.5,10.2,28,235
2025-04-23,motokar,MAZDA,MX-5,black,petrol,Rakan Niaga,2014,TWO-SEATER,2.0,4,M5,z,10.5,8.5,9.6,29,221
2025-04-23,motokar,MAZDA,MX-5,black,petrol,Rakan Niaga,2014,TWO-SEATER,2.0,4,M6,z,11.1,8.4,9.9,29,228
2025-04-23,motokar,MAZDA,MX-5,white,petrol,W.P. Kuala Lumpur,2014,TWO-SEATER,2.0,4,AS6,z,11.5,8.5,10.2,28,235
2025-04-23,motokar,MAZDA,MX-5,white,petrol,W.P. Kuala Lumpur,2014,TWO-SEATER,2.0,4,M5,z,10.5,8.5,9.6,29,221
2025-04-23,motokar,MAZDA,MX-5,white,petrol,W.P. Kuala Lumpur,2014,TWO-SEATER,2.0,4,M6,z,11.1,8.4,9.9,29,228
2025-04-23,motokar,MAZDA,MX-5,grey,petrol,Rakan Niaga,2014,TWO-SEATER,2.0,4,AS6,z,11.5,8.5,10.2,28,235
2025-04-23,motokar,MAZDA,MX-5,grey,petrol,Rakan Niaga,2014,TWO-SEATER,2.0,4,M5,z,10.5,8.5,9.6,29,221
2025-04-23,motokar,MAZDA,MX-5,grey,petrol,Rakan Niaga,2014,TWO-SEATER,2.0,4,M6,z,11.1,8.4,9.9,29,228
2025-04-23,motokar,NISSAN,GT-R,white,petrol,W.P. Kuala Lumpur,2014,SUBCOMPACT,3.8,6,AM6,z,14.5,10.9,12.9,22,297
2025-04-23,motokar,PORSCHE,911 CARRERA,red,petrol,Rakan Niaga,2014,MINICOMPACT,3.4,6,AM7,z,11.6,8.3,10.1,28,232
2025-04-23,motokar,PORSCHE,911 CARRERA,red,petrol,Rakan Niaga,2014,MINICOMPACT,3.4,6,M7,z,12.5,8.6,10.7,26,246
2025-04-23,motokar,PORSCHE,911 CARRERA,silver,petrol,W.P. Kuala Lumpur,2014,MINICOMPACT,3.4,6,AM7,z,11.6,8.3,10.1,28,232
2025-04-23,motokar,PORSCHE,911 CARRERA,silver,petrol,W.P. Kuala Lumpur,2014,MINICOMPACT,3.4,6,M7,z,12.5,8.6,10.7,26,246
2025-04-23,motokar,PORSCHE,911 CARRERA,black,petrol,W.P. Kuala Lumpur,2014,MINICOMPACT,3.4,6,AM7,z,11.6,8.3,10.1,28,232
2025-04-23,motokar,PORSCHE,911 CARRERA,black,petrol,W.P. Kuala Lumpur,2014,MINICOMPACT,3.4,6,M7,z,12.5,8.6,10.7,26,246
2025-04-23,motokar,PORSCHE,911 CARRERA,red,petrol,W.P. Kuala Lumpur,2014,MINICOMPACT,3.4,6,AM7,z,11.6,8.3,10.1,28,232
2025-04-23,motokar,PORSCHE,911 CARRERA,red,petrol,W.P. Kuala Lumpur,2014,MINICOMPACT,3.4,6,M7,z,12.5,8.6,10.7,26,246
2025-04-23,jip,PORSCHE,CAYENNE,white,petrol,W.P. Kuala Lumpur,2014,SUV - STANDARD,3.6,6,A8,z,13.6,10.1,12.0,24,276
2025-04-23,jip,PORSCHE,CAYENNE,white,petrol,W.P. Kuala Lumpur,2014,SUV - STANDARD,3.6,6,M6,z,15.8,10.9,13.6,21,313
2025-04-23,jip,PORSCHE,CAYENNE,grey,petrol,Perak,2014,SUV - STANDARD,3.6,6,A8,z,13.6,10.1,12.0,24,276
2025-04-23,jip,PORSCHE,CAYENNE,grey,petrol,Perak,2014,SUV - STANDARD,3.6,6,M6,z,15.8,10.9,13.6,21,313
2025-04-23,motokar,SUBARU,BRZ,silver,petrol,Rakan Niaga,2014,MINICOMPACT,2.0,4,AS6,z,9.6,7.1,8.5,33,196
2025-04-23,motokar,SUBARU,BRZ,silver,petrol,Rakan Niaga,2014,MINICOMPACT,2.0,4,M6,z,11.0,7.9,9.6,29,221
2025-04-23,motokar,TOYOTA,CAMRY,silver,hybrid_petrol,Rakan Niaga,2014,MID-SIZE,2.5,4,AS6,x,9.5,6.6,8.2,34,189
2025-04-23,motokar,TOYOTA,CAMRY,silver,hybrid_petrol,Rakan Niaga,2014,MID-SIZE,3.5,6,AS6,x,11.1,7.8,9.6,29,221
2025-04-23,motokar,TOYOTA,CAMRY,black,hybrid_petrol,Rakan Niaga,2014,MID-SIZE,2.5,4,AS6,x,9.5,6.6,8.2,34,189
2025-04-23,motokar,TOYOTA,CAMRY,black,hybrid_petrol,Rakan Niaga,2014,MID-SIZE,3.5,6,AS6,x,11.1,7.8,9.6,29,221
2025-04-23,motokar,TOYOTA,CAMRY,red,hybrid_petrol,Selangor,2014,MID-SIZE,2.5,4,AS6,x,9.5,6.6,8.2,34,189
2025-04-23,motokar,TOYOTA,CAMRY,red,hybrid_petrol,Selangor,2014,MID-SIZE,3.5,6,AS6,x,11.1,7.8,9.6,29,221
2025-04-23,motokar,TOYOTA,CAMRY,white,petrol,Rakan Niaga,2014,MID-SIZE,2.5,4,AS6,x,9.5,6.6,8.2,34,189
2025-04-23,motokar,TOYOTA,CAMRY,white,petrol,Rakan Niaga,2014,MID-SIZE,3.5,6,AS6,x,11.1,7.8,9.6,29,221
2025-04-23,motokar,TOYOTA,CAMRY,grey,petrol,Rakan Niaga,2014,MID-SIZE,2.5,4,AS6,x,9.5,6.6,8.2,34,189
2025-04-23,motokar,TOYOTA,CAMRY,grey,petrol,Rakan Niaga,2014,MID-SIZE,3.5,6,AS6,x,11.1,7.8,9.6,29,221
2025-04-23,motokar,TOYOTA,CAMRY,white,hybrid_petrol,Rakan Niaga,2014,MID-SIZE,2.5,4,AS6,x,9.5,6.6,8.2,34,189
2025-04-23,motokar,TOYOTA,CAMRY,white,hybrid_petrol,Rakan Niaga,2014,MID-SIZE,3.5,6,AS6,x,11.1,7.8,9.6,29,221
2025-04-23,motokar,TOYOTA,YARIS,silver,petrol,Rakan Niaga,2014,COMPACT,1.5,4,A4,x,7.9,6.6,7.3,39,168
2025-04-23,motokar,TOYOTA,YARIS,silver,petrol,Rakan Niaga,2014,COMPACT,1.5,4,M5,x,7.8,6.3,7.1,40,163
2025-04-23,motokar,TOYOTA,YARIS,red,petrol,Rakan Niaga,2014,COMPACT,1.5,4,A4,x,7.9,6.6,7.3,39,168
2025-04-23,motokar,TOYOTA,YARIS,red,petrol,Rakan Niaga,2014,COMPACT,1.5,4,M5,x,7.8,6.3,7.1,40,163
2025-04-23,motokar,TOYOTA,YARIS,white,petrol,Rakan Niaga,2014,COMPACT,1.5,4,A4,x,7.9,6.6,7.3,39,168
2025-04-23,motokar,TOYOTA,YARIS,white,petrol,Rakan Niaga,2014,COMPACT,1.5,4,M5,x,7.8,6.3,7.1,40,163
2025-04-23,motokar,TOYOTA,YARIS,red,petrol,Pulau Pinang,2014,COMPACT,1.5,4,A4,x,7.9,6.6,7.3,39,168
2025-04-23,motokar,TOYOTA,YARIS,red,petrol,Pulau Pinang,2014,COMPACT,1.5,4,M5,x,7.8,6.3,7.1,40,163
2025-04-23,jip,VOLKSWAGEN,TIGUAN,blue,petrol,Rakan Niaga,2014,SUV - SMALL,2.0,4,A6,z,11.7,9.5,10.7,26,246
2025-04-23,jip,VOLKSWAGEN,TIGUAN,blue,petrol,Rakan Niaga,2014,SUV - SMALL,2.0,4,M6,z,13.6,9.2,11.6,24,267
2025-04-23,jip,VOLKSWAGEN,TIGUAN,grey,petrol,Rakan Niaga,2014,SUV - SMALL,2.0,4,A6,z,11.7,9.5,10.7,26,246
2025-04-23,jip,VOLKSWAGEN,TIGUAN,grey,petrol,Rakan Niaga,2014,SUV - SMALL,2.0,4,M6,z,13.6,9.2,11.6,24,267
2025-04-23,jip,VOLKSWAGEN,TIGUAN,silver,petrol,Rakan Niaga,2014,SUV - SMALL,2.0,4,A6,z,11.7,9.5,10.7,26,246
2025-04-23,jip,VOLKSWAGEN,TIGUAN,silver,petrol,Rakan Niaga,2014,SUV - SMALL,2.0,4,M6,z,13.6,9.2,11.6,24,267
2025-04-23,jip,VOLKSWAGEN,TIGUAN,white,petrol,Rakan Niaga,2014,SUV - SMALL,2.0,4,A6,z,11.7,9.5,10.7,26,246
2025-04-23,jip,VOLKSWAGEN,TIGUAN,white,petrol,Rakan Niaga,2014,SUV - SMALL,2.0,4,M6,z,13.6,9.2,11.6,24,267
2025-04-23,jip,VOLVO,XC60,white,hybrid_petrol,Rakan Niaga,2014,SUV - SMALL,3.2,6,AS6,x,13.0,8.9,11.2,25,258
2025-04-24,motokar,FORD,MUSTANG,blue,petrol,W.P. Kuala Lumpur,2014,SUBCOMPACT,3.7,6,A6,x,12.1,7.8,10.2,28,235
2025-04-24,motokar,FORD,MUSTANG,blue,petrol,W.P. Kuala Lumpur,2014,SUBCOMPACT,3.7,6,M6,x,12.7,8.1,10.6,27,244
2025-04-24,motokar,FORD,MUSTANG,blue,petrol,W.P. Kuala Lumpur,2014,SUBCOMPACT,5.0,8,A6,x,13.3,9.3,11.5,25,264
2025-04-24,motokar,FORD,MUSTANG,blue,petrol,W.P. Kuala Lumpur,2014,SUBCOMPACT,5.0,8,M6,x,15.4,9.4,12.7,22,292
2025-04-24,motokar,FORD,MUSTANG,blue,petrol,W.P. Kuala Lumpur,2014,SUBCOMPACT,5.8,8,M6,z,15.9,9.9,13.2,21,304
2025-04-24,jip,HONDA,CR-V,blue,petrol,Rakan Niaga,2014,SUV - SMALL,2.4,4,A5,x,10.3,7.6,9.1,31,209
2025-04-24,jip,HONDA,CR-V,grey,hybrid_petrol,Rakan Niaga,2014,SUV - SMALL,2.4,4,A5,x,10.3,7.6,9.1,31,209
2025-04-24,jip,HONDA,CR-V,blue,hybrid_petrol,Selangor,2014,SUV - SMALL,2.4,4,A5,x,10.3,7.6,9.1,31,209
2025-04-24,jip,HONDA,CR-V,blue,hybrid_petrol,Rakan Niaga,2014,SUV - SMALL,2.4,4,A5,x,10.3,7.6,9.1,31,209
2025-04-24,jip,HONDA,CR-V,red,petrol,Rakan Niaga,2014,SUV - SMALL,2.4,4,A5,x,10.3,7.6,9.1,31,209
2025-04-24,jip,HONDA,CR-V,grey,petrol,Rakan Niaga,2014,SUV - SMALL,2.4,4,A5,x,10.3,7.6,9.1,31,209
2025-04-24,jip,HONDA,CR-V,grey,hybrid_petrol,W.P. Kuala Lumpur,2014,SUV - SMALL,2.4,4,A5,x,10.3,7.6,9.1,31,209
2025-04-24,jip,HONDA,CR-V,red,hybrid_petrol,Rakan Niaga,2014,SUV - SMALL,2.4,4,A5,x,10.3,7.6,9.1,31,209
2025-04-24,jip,HONDA,CR-V,blue,petrol,Sabah,2014,SUV - SMALL,2.4,4,A5,x,10.3,7.6,9.1,31,209
2025-04-24,jip,HONDA,CR-V,grey,petrol,W.P. Kuala Lumpur,2014,SUV - SMALL,2.4,4,A5,x,10.3,7.6,9.1,31,209
2025-04-24,jip,HONDA,CR-V,red,petrol,Kedah,2014,SUV - SMALL,2.4,4,A5,x,10.3,7.6,9.1,31,209
2025-04-24,jip,HONDA,CR-V,silver,petrol,Rakan Niaga,2014,SUV - SMALL,2.4,4,A5,x,10.3,7.6,9.1,31,209
2025-04-24,jip,HONDA,CR-V,grey,petrol,Selangor,2014,SUV - SMALL,2.4,4,A5,x,10.3,7.6,9.1,31,209
2025-04-24,jip,HONDA,CR-V,white,petrol,Rakan Niaga,2014,SUV - SMALL,2.4,4,A5,x,10.3,7.6,9.1,31,209
2025-04-24,motokar,HONDA,CIVIC,white,petrol,Rakan Niaga,2014,COMPACT,1.8,4,AV,x,7.9,6.0,7.0,40,161
2025-04-24,motokar,HONDA,CIVIC,white,petrol,Rakan Niaga,2014,COMPACT,1.8,4,AV7,x,8.1,6.2,7.2,39,166
2025-04-24,motokar,HONDA,CIVIC,white,petrol,Rakan Niaga,2014,COMPACT,1.8,4,M5,x,8.5,6.6,7.6,37,175
2025-04-24,motokar,HONDA,CIVIC,red,petrol,Rakan Niaga,2014,COMPACT,1.8,4,AV,x,7.9,6.0,7.0,40,161
2025-04-24,motokar,HONDA,CIVIC,red,petrol,Rakan Niaga,2014,COMPACT,1.8,4,AV7,x,8.1,6.2,7.2,39,166
2025-04-24,motokar,HONDA,CIVIC,red,petrol,Rakan Niaga,2014,COMPACT,1.8,4,M5,x,8.5,6.6,7.6,37,175
2025-04-24,motokar,HONDA,CIVIC,blue,petrol,Selangor,2014,COMPACT,1.8,4,AV,x,7.9,6.0,7.0,40,161
2025-04-24,motokar,HONDA,CIVIC,blue,petrol,Selangor,2014,COMPACT,1.8,4,AV7,x,8.1,6.2,7.2,39,166
2025-04-24,motokar,HONDA,CIVIC,blue,petrol,Selangor,2014,COMPACT,1.8,4,M5,x,8.5,6.6,7.6,37,175
2025-04-24,motokar,HONDA,CIVIC,blue,petrol,Rakan Niaga,2014,COMPACT,1.8,4,AV,x,7.9,6.0,7.0,40,161
2025-04-24,motokar,HONDA,CIVIC,blue,petrol,Rakan Niaga,2014,COMPACT,1.8,4,AV7,x,8.1,6.2,7.2,39,166
2025-04-24,motokar,HONDA,CIVIC,blue,petrol,Rakan Niaga,2014,COMPACT,1.8,4,M5,x,8.5,6.6,7.6,37,175
2025-04-24,motokar,HONDA,CIVIC,white,petrol,Selangor,2014,COMPACT,1.8,4,AV,x,7.9,6.0,7.0,40,161
2025-04-24,motokar,HONDA,CIVIC,white,petrol,Selangor,2014,COMPACT,1.8,4,AV7,x,8.1,6.2,7.2,39,166
2025-04-24,motokar,HONDA,CIVIC,white,petrol,Selangor,2014,COMPACT,1.8,4,M5,x,8.5,6.6,7.6,37,175
2025-04-24,motokar,HONDA,CIVIC,grey,petrol,Rakan Niaga,2014,COMPACT,1.8,4,AV,x,7.9,6.0,7.0,40,161
2025-04-24,motokar,HONDA,CIVIC,grey,petrol,Rakan Niaga,2014,COMPACT,1.8,4,AV7,x,8.1,6.2,7.2,39,166
2025-04-24,motokar,HONDA,CIVIC,grey,petrol,Rakan Niaga,2014,COMPACT,1.8,4,M5,x,8.5,6.6,7.6,37,175
2025-04-24,motokar,HONDA,CIVIC,black,petrol,Rakan Niaga,2014,COMPACT,1.8,4,AV,x,7.9,6.0,7.0,40,161
2025-04-24,motokar,HONDA,CIVIC,black,petrol,Rakan Niaga,2014,COMPACT,1.8,4,AV7,x,8.1,6.2,7.2,39,166
2025-04-24,motokar,HONDA,CIVIC,black,petrol,Rakan Niaga,2014,COMPACT,1.8,4,M5,x,8.5,6.6,7.6,37,175
2025-04-24,motokar,HONDA,CIVIC,blue,petrol,Perak,2014,COMPACT,1.8,4,AV,x,7.9,6.0,7.0,40,161
2025-04-24,motokar,HONDA,CIVIC,blue,petrol,Perak,2014,COMPACT,1.8,4,AV7,x,8.1,6.2,7.2,39,166
2025-04-24,motokar,HONDA,CIVIC,blue,petrol,Perak,2014,COMPACT,1.8,4,M5,x,8.5,6.6,7.6,37,175
2025-04-24,motokar,HONDA,CIVIC,grey,petrol,W.P. Kuala Lumpur,2014,COMPACT,1.8,4,AV,x,7.9,6.0,7.0,40,161
2025-04-24,motokar,HONDA,CIVIC,grey,petrol,W.P. Kuala Lumpur,2014,COMPACT,1.8,4,AV7,x,8.1,6.2,7.2,39,166
2025-04-24,motokar,HONDA,CIVIC,grey,petrol,W.P. Kuala Lumpur,2014,COMPACT,1.8,4,M5,x,8.5,6.6,7.6,37,175
2025-04-24,motokar,HONDA,CIVIC,white,petrol,W.P. Kuala Lumpur,2014,COMPACT,1.8,4,AV,x,7.9,6.0,7.0,40,161
2025-04-24,motokar,HONDA,CIVIC,white,petrol,W.P. Kuala Lumpur,2014,COMPACT,1.8,4,AV7,x,8.1,6.2,7.2,39,166
2025-04-24,motokar,HONDA,CIVIC,white,petrol,W.P. Kuala Lumpur,2014,COMPACT,1.8,4,M5,x,8.5,6.6,7.6,37,175
2025-04-24,motokar,HONDA,CIVIC,white,petrol,Johor,2014,COMPACT,1.8,4,AV,x,7.9,6.0,7.0,40,161
2025-04-24,motokar,HONDA,CIVIC,white,petrol,Johor,2014,COMPACT,1.8,4,AV7,x,8.1,6.2,7.2,39,166
2025-04-24,motokar,HONDA,CIVIC,white,petrol,Johor,2014,COMPACT,1.8,4,M5,x,8.5,6.6,7.6,37,175
2025-04-24,motokar,HONDA,FIT,white,petrol,Rakan Niaga,2014,STATION WAGON - SMALL,1.5,4,A5,x,8.3,6.5,7.5,38,172
2025-04-24,motokar,HONDA,FIT,white,petrol,Rakan Niaga,2014,STATION WAGON - SMALL,1.5,4,M5,x,8.3,6.9,7.7,37,177
2025-04-24,window_van,HONDA,ODYSSEY,white,petrol,Rakan Niaga,2014,MINIVAN,3.5,6,A6,x,12.3,8.5,10.6,27,244
2025-04-24,jip,KIA,SPORTAGE,white,petrol,Rakan Niaga,2014,SUV - SMALL,2.4,4,A6,x,11.4,8.3,10.0,28,230
2025-04-24,jip,KIA,SPORTAGE,white,petrol,Rakan Niaga,2014,SUV - SMALL,2.4,4,M6,x,12.9,9.3,11.3,25,260
2025-04-24,jip,MAZDA,CX-5,grey,petrol,Rakan Niaga,2014,SUV - SMALL,2.0,4,AS6,x,8.9,7.3,8.2,34,189
2025-04-24,jip,MAZDA,CX-5,grey,petrol,Rakan Niaga,2014,SUV - SMALL,2.0,4,M6,x,9.0,6.8,8.0,35,184
2025-04-24,jip,MAZDA,CX-5,grey,petrol,Rakan Niaga,2014,SUV - SMALL,2.5,4,AS6,x,9.6,7.4,8.6,33,198
2025-04-24,jip,MAZDA,CX-5,white,petrol,Rakan Niaga,2014,SUV - SMALL,2.0,4,AS6,x,8.9,7.3,8.2,34,189
2025-04-24,jip,MAZDA,CX-5,white,petrol,Rakan Niaga,2014,SUV - SMALL,2.0,4,M6,x,9.0,6.8,8.0,35,184
2025-04-24,jip,MAZDA,CX-5,white,petrol,Rakan Niaga,2014,SUV - SMALL,2.5,4,AS6,x,9.6,7.4,8.6,33,198
2025-04-24,jip,MAZDA,CX-5,red,petrol,Rakan Niaga,2014,SUV - SMALL,2.0,4,AS6,x,8.9,7.3,8.2,34,189
2025-04-24,jip,MAZDA,CX-5,red,petrol,Rakan Niaga,2014,SUV - SMALL,2.0,4,M6,x,9.0,6.8,8.0,35,184
2025-04-24,jip,MAZDA,CX-5,red,petrol,Rakan Niaga,2014,SUV - SMALL,2.5,4,AS6,x,9.6,7.4,8.6,33,198
2025-04-24,jip,MAZDA,CX-5,blue,petrol,Rakan Niaga,2014,SUV - SMALL,2.0,4,AS6,x,8.9,7.3,8.2,34,189
2025-04-24,jip,MAZDA,CX-5,blue,petrol,Rakan Niaga,2014,SUV - SMALL,2.0,4,M6,x,9.0,6.8,8.0,35,184
2025-04-24,jip,MAZDA,CX-5,blue,petrol,Rakan Niaga,2014,SUV - SMALL,2.5,4,AS6,x,9.6,7.4,8.6,33,198
2025-04-24,jip,MAZDA,CX-5,gold,petrol,Pahang,2014,SUV - SMALL,2.0,4,AS6,x,8.9,7.3,8.2,34,189
2025-04-24,jip,MAZDA,CX-5,gold,petrol,Pahang,2014,SUV - SMALL,2.0,4,M6,x,9.0,6.8,8.0,35,184
2025-04-24,jip,MAZDA,CX-5,gold,petrol,Pahang,2014,SUV - SMALL,2.5,4,AS6,x,9.6,7.4,8.6,33,198
2025-04-24,motokar,MAZDA,MX-5,red,petrol,W.P. Kuala Lumpur,2014,TWO-SEATER,2.0,4,AS6,z,11.5,8.5,10.2,28,235
2025-04-24,motokar,MAZDA,MX-5,red,petrol,W.P. Kuala Lumpur,2014,TWO-SEATER,2.0,4,M5,z,10.5,8.5,9.6,29,221
2025-04-24,motokar,MAZDA,MX-5,red,petrol,W.P. Kuala Lumpur,2014,TWO-SEATER,2.0,4,M6,z,11.1,8.4,9.9,29,228
2025-04-24,motokar,PORSCHE,911 CARRERA,white,petrol,W.P. Kuala Lumpur,2014,MINICOMPACT,3.4,6,AM7,z,11.6,8.3,10.1,28,232
2025-04-24,motokar,PORSCHE,911 CARRERA,white,petrol,W.P. Kuala Lumpur,2014,MINICOMPACT,3.4,6,M7,z,12.5,8.6,10.7,26,246
2025-04-24,motokar,PORSCHE,911 CARRERA,grey,petrol,Rakan Niaga,2014,MINICOMPACT,3.4,6,AM7,z,11.6,8.3,10.1,28,232
2025-04-24,motokar,PORSCHE,911 CARRERA,grey,petrol,Rakan Niaga,2014,MINICOMPACT,3.4,6,M7,z,12.5,8.6,10.7,26,246
2025-04-24,jip,PORSCHE,CAYENNE,black,hybrid_petrol,W.P. Kuala Lumpur,2014,SUV - STANDARD,3.6,6,A8,z,13.6,10.1,12.0,24,276
2025-04-24,jip,PORSCHE,CAYENNE,black,hybrid_petrol,W.P. Kuala Lumpur,2014,SUV - STANDARD,3.6,6,M6,z,15.8,10.9,13.6,21,313
2025-04-24,jip,PORSCHE,CAYENNE,white,hybrid_petrol,Pulau Pinang,2014,SUV - STANDARD,3.6,6,A8,z,13.6,10.1,12.0,24,276
2025-04-24,jip,PORSCHE,CAYENNE,white,hybrid_petrol,Pulau Pinang,2014,SUV - STANDARD,3.6,6,M6,z,15.8,10.9,13.6,21,313
2025-04-24,jip,PORSCHE,CAYENNE,black,petrol,Rakan Niaga,2014,SUV - STANDARD,3.6,6,A8,z,13.6,10.1,12.0,24,276
2025-04-24,jip,PORSCHE,CAYENNE,black,petrol,Rakan Niaga,2014,SUV - STANDARD,3.6,6,M6,z,15.8,10.9,13.6,21,313
2025-04-24,jip,PORSCHE,CAYENNE,white,petrol,Pulau Pinang,2014,SUV - STANDARD,3.6,6,A8,z,13.6,10.1,12.0,24,276
2025-04-24,jip,PORSCHE,CAYENNE,white,petrol,Pulau Pinang,2014,SUV - STANDARD,3.6,6,M6,z,15.8,10.9,13.6,21,313
2025-04-24,jip,PORSCHE,CAYENNE,black,petrol,W.P. Kuala Lumpur,2014,SUV - STANDARD,3.6,6,A8,z,13.6,10.1,12.0,24,276
2025-04-24,jip,PORSCHE,CAYENNE,black,petrol,W.P. Kuala Lumpur,2014,SUV - STANDARD,3.6,6,M6,z,15.8,10.9,13.6,21,313
2025-04-24,motokar,SUBARU,BRZ,blue,petrol,Selangor,2014,MINICOMPACT,2.0,4,AS6,z,9.6,7.1,8.5,33,196
2025-04-24,motokar,SUBARU,BRZ,blue,petrol,Selangor,2014,MINICOMPACT,2.0,4,M6,z,11.0,7.9,9.6,29,221
2025-04-24,motokar,TOYOTA,CAMRY,white,hybrid_petrol,Rakan Niaga,2014,MID-SIZE,2.5,4,AS6,x,9.5,6.6,8.2,34,189
2025-04-24,motokar,TOYOTA,CAMRY,white,hybrid_petrol,Rakan Niaga,2014,MID-SIZE,3.5,6,AS6,x,11.1,7.8,9.6,29,221
2025-04-24,motokar,TOYOTA,CAMRY,black,petrol,Rakan Niaga,2014,MID-SIZE,2.5,4,AS6,x,9.5,6.6,8.2,34,189
2025-04-24,motokar,TOYOTA,CAMRY,black,petrol,Rakan Niaga,2014,MID-SIZE,3.5,6,AS6,x,11.1,7.8,9.6,29,221
2025-04-24,motokar,TOYOTA,CAMRY,white,hybrid_petrol,W.P. Kuala Lumpur,2014,MID-SIZE,2.5,4,AS6,x,9.5,6.6,8.2,34,189
2025-04-24,motokar,TOYOTA,CAMRY,white,hybrid_petrol,W.P. Kuala Lumpur,2014,MID-SIZE,3.5,6,AS6,x,11.1,7.8,9.6,29,221
2025-04-24,motokar,TOYOTA,CAMRY,white,hybrid_petrol,Johor,2014,MID-SIZE,2.5,4,AS6,x,9.5,6.6,8.2,34,189
2025-04-24,motokar,TOYOTA,CAMRY,white,hybrid_petrol,Johor,2014,MID-SIZE,3.5,6,AS6,x,11.1,7.8,9.6,29,221
2025-04-24,motokar,TOYOTA,CAMRY,grey,hybrid_petrol,Selangor,2014,MID-SIZE,2.5,4,AS6,x,9.5,6.6,8.2,34,189
2025-04-24,motokar,TOYOTA,CAMRY,grey,hybrid_petrol,Selangor,2014,MID-SIZE,3.5,6,AS6,x,11.1,7.8,9.6,29,221
2025-04-24,motokar,TOYOTA,CAMRY,grey,hybrid_petrol,Rakan Niaga,2014,MID-SIZE,2.5,4,AS6,x,9.5,6.6,8.2,34,189
2025-04-24,motokar,TOYOTA,CAMRY,grey,hybrid_petrol,Rakan Niaga,2014,MID-SIZE,3.5,6,AS6,x,11.1,7.8,9.6,29,221
2025-04-24,motokar,TOYOTA,COROLLA,white,petrol,Rakan Niaga,2014,MID-SIZE,1.8,4,A4,x,8.6,6.5,7.7,37,177
2025-04-24,motokar,TOYOTA,COROLLA,white,petrol,Rakan Niaga,2014,MID-SIZE,1.8,4,AV7,x,8.1,6.3,7.3,39,168
2025-04-24,motokar,TOYOTA,COROLLA,white,petrol,Rakan Niaga,2014,MID-SIZE,1.8,4,AV,x,8.0,5.9,7.1,40,163
2025-04-24,motokar,TOYOTA,COROLLA,white,petrol,Rakan Niaga,2014,MID-SIZE,1.8,4,M6,x,8.3,6.3,7.4,38,170
2025-04-24,motokar,TOYOTA,YARIS,red,petrol,Rakan Niaga,2014,COMPACT,1.5,4,A4,x,7.9,6.6,7.3,39,168
2025-04-24,motokar,TOYOTA,YARIS,red,petrol,Rakan Niaga,2014,COMPACT,1.5,4,M5,x,7.8,6.3,7.1,40,163
2025-04-24,motokar,TOYOTA,YARIS,white,petrol,Rakan Niaga,2014,COMPACT,1.5,4,A4,x,7.9,6.6,7.3,39,168
2025-04-24,motokar,TOYOTA,YARIS,white,petrol,Rakan Niaga,2014,COMPACT,1.5,4,M5,x,7.8,6.3,7.1,40,163
2025-04-24,motokar,TOYOTA,YARIS,silver,petrol,W.P. Kuala Lumpur,2014,COMPACT,1.5,4,A4,x,7.9,6.6,7.3,39,168
2025-04-24,motokar,TOYOTA,YARIS,silver,petrol,W.P. Kuala Lumpur,2014,COMPACT,1.5,4,M5,x,7.8,6.3,7.1,40,163
2025-04-24,motokar,TOYOTA,YARIS,silver,petrol,Rakan Niaga,2014,COMPACT,1.5,4,A4,x,7.9,6.6,7.3,39,168
2025-04-24,motokar,TOYOTA,YARIS,silver,petrol,Rakan Niaga,2014,COMPACT,1.5,4,M5,x,7.8,6.3,7.1,40,163
2025-04-24,motokar,TOYOTA,YARIS,white,petrol,Johor,2014,COMPACT,1.5,4,A4,x,7.9,6.6,7.3,39,168
2025-04-24,motokar,TOYOTA,YARIS,white,petrol,Johor,2014,COMPACT,1.5,4,M5,x,7.8,6.3,7.1,40,163
2025-04-24,motokar,TOYOTA,YARIS,white,petrol,W.P. Kuala Lumpur,2014,COMPACT,1.5,4,A4,x,7.9,6.6,7.3,39,168
2025-04-24,motokar,TOYOTA,YARIS,white,petrol,W.P. Kuala Lumpur,2014,COMPACT,1.5,4,M5,x,7.8,6.3,7.1,40,163
2025-04-24,jip,VOLKSWAGEN,TIGUAN,white,petrol,Kedah,2014,SUV - SMALL,2.0,4,A6,z,11.7,9.5,10.7,26,246
2025-04-24,jip,VOLKSWAGEN,TIGUAN,white,petrol,Kedah,2014,SUV - SMALL,2.0,4,M6,z,13.6,9.2,11.6,24,267
2025-04-24,jip,VOLKSWAGEN,TIGUAN,blue,petrol,Rakan Niaga,2014,SUV - SMALL,2.0,4,A6,z,11.7,9.5,10.7,26,246
2025-04-24,jip,VOLKSWAGEN,TIGUAN,blue,petrol,Rakan Niaga,2014,SUV - SMALL,2.0,4,M6,z,13.6,9.2,11.6,24,267
2025-04-24,jip,VOLKSWAGEN,TIGUAN,grey,petrol,Rakan Niaga,2014,SUV - SMALL,2.0,4,A6,z,11.7,9.5,10.7,26,246
2025-04-24,jip,VOLKSWAGEN,TIGUAN,grey,petrol,Rakan Niaga,2014,SUV - SMALL,2.0,4,M6,z,13.6,9.2,11.6,24,267
2025-04-24,jip,VOLKSWAGEN,TIGUAN,black,petrol,W.P. Kuala Lumpur,2014,SUV - SMALL,2.0,4,A6,z,11.7,9.5,10.7,26,246
2025-04-24,jip,VOLKSWAGEN,TIGUAN,black,petrol,W.P. Kuala Lumpur,2014,SUV - SMALL,2.0,4,M6,z,13.6,9.2,11.6,24,267
2025-04-24,jip,VOLKSWAGEN,TIGUAN,silver,petrol,W.P. Kuala Lumpur,2014,SUV - SMALL,2.0,4,A6,z,11.7,9.5,10.7,26,246
2025-04-24,jip,VOLKSWAGEN,TIGUAN,silver,petrol,W.P. Kuala Lumpur,2014,SUV - SMALL,2.0,4,M6,z,13.6,9.2,11.6,24,267
2025-04-24,jip,VOLKSWAGEN,TIGUAN,blue,petrol,W.P. Kuala Lumpur,2014,SUV - SMALL,2.0,4,A6,z,11.7,9.5,10.7,26,246
2025-04-24,jip,VOLKSWAGEN,TIGUAN,blue,petrol,W.P. Kuala Lumpur,2014,SUV - SMALL,2.0,4,M6,z,13.6,9.2,11.6,24,267
2025-04-24,jip,VOLKSWAGEN,TOUAREG,grey,petrol,Selangor,2014,SUV - STANDARD,3.6,6,AS8,z,13.8,10.3,12.2,23,281
2025-04-25,motokar,AUDI,A8,grey,petrol,W.P. Kuala Lumpur,2014,MID-SIZE,3.0,6,AS8,z,13.1,8.8,11.2,25,258
2025-04-25,motokar,AUDI,A8,grey,petrol,W.P. Kuala Lumpur,2014,MID-SIZE,4.0,8,AS8,z,13.5,8.6,11.3,25,260
2025-04-25,jip,HONDA,CR-V,blue,petrol,Johor,2014,SUV - SMALL,2.4,4,A5,x,10.3,7.6,9.1,31,209
2025-04-25,jip,HONDA,CR-V,white,hybrid_petrol,Sarawak,2014,SUV - SMALL,2.4,4,A5,x,10.3,7.6,9.1,31,209
2025-04-25,jip,HONDA,CR-V,white,petrol,Pahang,2014,SUV - SMALL,2.4,4,A5,x,10.3,7.6,9.1,31,209
2025-04-25,jip,HONDA,CR-V,blue,petrol,Rakan Niaga,2014,SUV - SMALL,2.4,4,A5,x,10.3,7.6,9.1,31,209
2025-04-25,jip,HONDA,CR-V,grey,petrol,Rakan Niaga,2014,SUV - SMALL,2.4,4,A5,x,10.3,7.6,9.1,31,209
2025-04-25,jip,HONDA,CR-V,grey,hybrid_petrol,Rakan Niaga,2014,SUV - SMALL,2.4,4,A5,x,10.3,7.6,9.1,31,209
2025-04-25,jip,HONDA,CR-V,silver,hybrid_petrol,Rakan Niaga,2014,SUV - SMALL,2.4,4,A5,x,10.3,7.6,9.1,31,209
2025-04-25,jip,HONDA,CR-V,grey,hybrid_petrol,Selangor,2014,SUV - SMALL,2.4,4,A5,x,10.3,7.6,9.1,31,209
2025-04-25,jip,HONDA,CR-V,red,petrol,Rakan Niaga,2014,SUV - SMALL,2.4,4,A5,x,10.3,7.6,9.1,31,209
2025-04-25,jip,HONDA,CR-V,red,petrol,Perak,2014,SUV - SMALL,2.4,4,A5,x,10.3,7.6,9.1,31,209
2025-04-25,jip,HONDA,CR-V,white,hybrid_petrol,W.P. Kuala Lumpur,2014,SUV - SMALL,2.4,4,A5,x,10.3,7.6,9.1,31,209
2025-04-25,jip,HONDA,CR-V,red,hybrid_petrol,Rakan Niaga,2014,SUV - SMALL,2.4,4,A5,x,10.3,7.6,9.1,31,209
2025-04-25,jip,HONDA,CR-V,white,petrol,Rakan Niaga,2014,SUV - SMALL,2.4,4,A5,x,10.3,7.6,9.1,31,209
2025-04-25,jip,HONDA,CR-V,red,petrol,Negeri Sembilan,2014,SUV - SMALL,2.4,4,A5,x,10.3,7.6,9.1,31,209
2025-04-25,jip,HONDA,CR-V,blue,hybrid_petrol,Rakan Niaga,2014,SUV - SMALL,2.4,4,A5,x,10.3,7.6,9.1,31,209
2025-04-25,jip,HONDA,CR-V,blue,hybrid_petrol,Negeri Sembilan,2014,SUV - SMALL,2.4,4,A5,x,10.3,7.6,9.1,31,209
2025-04-25,jip,HONDA,CR-V,grey,petrol,Johor,2014,SUV - SMALL,2.4,4,A5,x,10.3,7.6,9.1,31,209
2025-04-25,jip,HONDA,CR-V,blue,hybrid_petrol,Johor,2014,SUV - SMALL,2.4,4,A5,x,10.3,7.6,9.1,31,209
2025-04-25,jip,HONDA,CR-V,silver,petrol,Rakan Niaga,2014,SUV - SMALL,2.4,4,A5,x,10.3,7.6,9.1,31,209
2025-04-25,motokar,HONDA,CIVIC,white,petrol,Rakan Niaga,2014,COMPACT,1.8,4,AV,x,7.9,6.0,7.0,40,161
2025-04-25,motokar,HONDA,CIVIC,white,petrol,Rakan Niaga,2014,COMPACT,1.8,4,AV7,x,8.1,6.2,7.2,39,166
2025-04-25,motokar,HONDA,CIVIC,white,petrol,Rakan Niaga,2014,COMPACT,1.8,4,M5,x,8.5,6.6,7.6,37,175
2025-04-25,motokar,HONDA,CIVIC,blue,hybrid_petrol,Rakan Niaga,2014,COMPACT,1.8,4,AV,x,7.9,6.0,7.0,40,161
2025-04-25,motokar,HONDA,CIVIC,blue,hybrid_petrol,Rakan Niaga,2014,COMPACT,1.8,4,AV7,x,8.1,6.2,7.2,39,166
2025-04-25,motokar,HONDA,CIVIC,blue,hybrid_petrol,Rakan Niaga,2014,COMPACT,1.8,4,M5,x,8.5,6.6,7.6,37,175
2025-04-25,motokar,HONDA,CIVIC,white,hybrid_petrol,Pulau Pinang,2014,COMPACT,1.8,4,AV,x,7.9,6.0,7.0,40,161
2025-04-25,motokar,HONDA,CIVIC,white,hybrid_petrol,Pulau Pinang,2014,COMPACT,1.8,4,AV7,x,8.1,6.2,7.2,39,166
2025-04-25,motokar,HONDA,CIVIC,white,hybrid_petrol,Pulau Pinang,2014,COMPACT,1.8,4,M5,x,8.5,6.6,7.6,37,175
2025-04-25,motokar,HONDA,CIVIC,black,petrol,Rakan Niaga,2014,COMPACT,1.8,4,AV,x,7.9,6.0,7.0,40,161
2025-04-25,motokar,HONDA,CIVIC,black,petrol,Rakan Niaga,2014,COMPACT,1.8,4,AV7,x,8.1,6.2,7.2,39,166
2025-04-25,motokar,HONDA,CIVIC,black,petrol,Rakan Niaga,2014,COMPACT,1.8,4,M5,x,8.5,6.6,7.6,37,175
2025-04-25,motokar,HONDA,CIVIC,red,petrol,Rakan Niaga,2014,COMPACT,1.8,4,AV,x,7.9,6.0,7.0,40,161
2025-04-25,motokar,HONDA,CIVIC,red,petrol,Rakan Niaga,2014,COMPACT,1.8,4,AV7,x,8.1,6.2,7.2,39,166
2025-04-25,motokar,HONDA,CIVIC,red,petrol,Rakan Niaga,2014,COMPACT,1.8,4,M5,x,8.5,6.6,7.6,37,175
2025-04-25,motokar,HONDA,CIVIC,white,petrol,Perlis,2014,COMPACT,1.8,4,AV,x,7.9,6.0,7.0,40,161
2025-04-25,motokar,HONDA,CIVIC,white,petrol,Perlis,2014,COMPACT,1.8,4,AV7,x,8.1,6.2,7.2,39,166
2025-04-25,motokar,HONDA,CIVIC,white,petrol,Perlis,2014,COMPACT,1.8,4,M5,x,8.5,6.6,7.6,37,175
2025-04-25,motokar,HONDA,CIVIC,grey,petrol,Rakan Niaga,2014,COMPACT,1.8,4,AV,x,7.9,6.0,7.0,40,161
2025-04-25,motokar,HONDA,CIVIC,grey,petrol,Rakan Niaga,2014,COMPACT,1.8,4,AV7,x,8.1,6.2,7.2,39,166
2025-04-25,motokar,HONDA,CIVIC,grey,petrol,Rakan Niaga,2014,COMPACT,1.8,4,M5,x,8.5,6.6,7.6,37,175
2025-04-25,motokar,HONDA,CIVIC,white,petrol,Selangor,2014,COMPACT,1.8,4,AV,x,7.9,6.0,7.0,40,161
2025-04-25,motokar,HONDA,CIVIC,white,petrol,Selangor,2014,COMPACT,1.8,4,AV7,x,8.1,6.2,7.2,39,166
2025-04-25,motokar,HONDA,CIVIC,white,petrol,Selangor,2014,COMPACT,1.8,4,M5,x,8.5,6.6,7.6,37,175
2025-04-25,motokar,HONDA,CIVIC,white,petrol,Sarawak,2014,COMPACT,1.8,4,AV,x,7.9,6.0,7.0,40,161
2025-04-25,motokar,HONDA,CIVIC,white,petrol,Sarawak,2014,COMPACT,1.8,4,AV7,x,8.1,6.2,7.2,39,166
2025-04-25,motokar,HONDA,CIVIC,white,petrol,Sarawak,2014,COMPACT,1.8,4,M5,x,8.5,6.6,7.6,37,175
2025-04-25,motokar,HONDA,CIVIC,blue,petrol,Rakan Niaga,2014,COMPACT,1.8,4,AV,x,7.9,6.0,7.0,40,161
2025-04-25,motokar,HONDA,CIVIC,blue,petrol,Rakan Niaga,2014,COMPACT,1.8,4,AV7,x,8.1,6.2,7.2,39,166
2025-04-25,motokar,HONDA,CIVIC,blue,petrol,Rakan Niaga,2014,COMPACT,1.8,4,M5,x,8.5,6.6,7.6,37,175
2025-04-25,motokar,HONDA,CIVIC,white,hybrid_petrol,Perak,2014,COMPACT,1.8,4,AV,x,7.9,6.0,7.0,40,161
2025-04-25,motokar,HONDA,CIVIC,white,hybrid_petrol,Perak,2014,COMPACT,1.8,4,AV7,x,8.1,6.2,7.2,39,166
2025-04-25,motokar,HONDA,CIVIC,white,hybrid_petrol,Perak,2014,COMPACT,1.8,4,M5,x,8.5,6.6,7.6,37,175
2025-04-25,motokar,HONDA,CIVIC,white,petrol,Melaka,2014,COMPACT,1.8,4,AV,x,7.9,6.0,7.0,40,161
2025-04-25,motokar,HONDA,CIVIC,white,petrol,Melaka,2014,COMPACT,1.8,4,AV7,x,8.1,6.2,7.2,39,166
2025-04-25,motokar,HONDA,CIVIC,white,petrol,Melaka,2014,COMPACT,1.8,4,M5,x,8.5,6.6,7.6,37,175
2025-04-25,motokar,HONDA,CIVIC,white,hybrid_petrol,Rakan Niaga,2014,COMPACT,1.8,4,AV,x,7.9,6.0,7.0,40,161
2025-04-25,motokar,HONDA,CIVIC,white,hybrid_petrol,Rakan Niaga,2014,COMPACT,1.8,4,AV7,x,8.1,6.2,7.2,39,166
2025-04-25,motokar,HONDA,CIVIC,white,hybrid_petrol,Rakan Niaga,2014,COMPACT,1.8,4,M5,x,8.5,6.6,7.6,37,175
2025-04-25,motokar,HONDA,CIVIC,white,petrol,W.P. Kuala Lumpur,2014,COMPACT,1.8,4,AV,x,7.9,6.0,7.0,40,161
2025-04-25,motokar,HONDA,CIVIC,white,petrol,W.P. Kuala Lumpur,2014,COMPACT,1.8,4,AV7,x,8.1,6.2,7.2,39,166
2025-04-25,motokar,HONDA,CIVIC,white,petrol,W.P. Kuala Lumpur,2014,COMPACT,1.8,4,M5,x,8.5,6.6,7.6,37,175
2025-04-25,motokar,HONDA,CIVIC,black,petrol,Selangor,2014,COMPACT,1.8,4,AV,x,7.9,6.0,7.0,40,161
2025-04-25,motokar,HONDA,CIVIC,black,petrol,Selangor,2014,COMPACT,1.8,4,AV7,x,8.1,6.2,7.2,39,166
2025-04-25,motokar,HONDA,CIVIC,black,petrol,Selangor,2014,COMPACT,1.8,4,M5,x,8.5,6.6,7.6,37,175
2025-04-25,motokar,HONDA,FIT,blue,petrol,W.P. Kuala Lumpur,2014,STATION WAGON - SMALL,1.5,4,A5,x,8.3,6.5,7.5,38,172
2025-04-25,motokar,HONDA,FIT,blue,petrol,W.P. Kuala Lumpur,2014,STATION WAGON - SMALL,1.5,4,M5,x,8.3,6.9,7.7,37,177
2025-04-25,motokar,HONDA,FIT,black,petrol,Rakan Niaga,2014,STATION WAGON - SMALL,1.5,4,A5,x,8.3,6.5,7.5,38,172
2025-04-25,motokar,HONDA,FIT,black,petrol,Rakan Niaga,2014,STATION WAGON - SMALL,1.5,4,M5,x,8.3,6.9,7.7,37,177
2025-04-25,jip,HYUNDAI,SANTA FE,grey,hybrid_petrol,Pulau Pinang,2014,SUV - SMALL,3.3,6,A6,x,13.0,9.1,11.2,25,258
2025-04-25,jip,KIA,SPORTAGE,grey,petrol,Rakan Niaga,2014,SUV - SMALL,2.4,4,A6,x,11.4,8.3,10.0,28,230
2025-04-25,jip,KIA,SPORTAGE,grey,petrol,Rakan Niaga,2014,SUV - SMALL,2.4,4,M6,x,12.9,9.3,11.3,25,260
2025-04-25,jip,KIA,SPORTAGE,white,petrol,Rakan Niaga,2014,SUV - SMALL,2.4,4,A6,x,11.4,8.3,10.0,28,230
2025-04-25,jip,KIA,SPORTAGE,white,petrol,Rakan Niaga,2014,SUV - SMALL,2.4,4,M6,x,12.9,9.3,11.3,25,260
2025-04-25,jip,KIA,SPORTAGE,blue,petrol,Rakan Niaga,2014,SUV - SMALL,2.4,4,A6,x,11.4,8.3,10.0,28,230
2025-04-25,jip,KIA,SPORTAGE,blue,petrol,Rakan Niaga,2014,SUV - SMALL,2.4,4,M6,x,12.9,9.3,11.3,25,260
2025-04-25,jip,MAZDA,CX-5,black,petrol,Rakan Niaga,2014,SUV - SMALL,2.0,4,AS6,x,8.9,7.3,8.2,34,189
2025-04-25,jip,MAZDA,CX-5,black,petrol,Rakan Niaga,2014,SUV - SMALL,2.0,4,M6,x,9.0,6.8,8.0,35,184
2025-04-25,jip,MAZDA,CX-5,black,petrol,Rakan Niaga,2014,SUV - SMALL,2.5,4,AS6,x,9.6,7.4,8.6,33,198
2025-04-25,jip,MAZDA,CX-5,grey,petrol,Rakan Niaga,2014,SUV - SMALL,2.0,4,AS6,x,8.9,7.3,8.2,34,189
2025-04-25,jip,MAZDA,CX-5,grey,petrol,Rakan Niaga,2014,SUV - SMALL,2.0,4,M6,x,9.0,6.8,8.0,35,184
2025-04-25,jip,MAZDA,CX-5,grey,petrol,Rakan Niaga,2014,SUV - SMALL,2.5,4,AS6,x,9.6,7.4,8.6,33,198
2025-04-25,jip,MAZDA,CX-5,blue,petrol,Rakan Niaga,2014,SUV - SMALL,2.0,4,AS6,x,8.9,7.3,8.2,34,189
2025-04-25,jip,MAZDA,CX-5,blue,petrol,Rakan Niaga,2014,SUV - SMALL,2.0,4,M6,x,9.0,6.8,8.0,35,184
2025-04-25,jip,MAZDA,CX-5,blue,petrol,Rakan Niaga,2014,SUV - SMALL,2.5,4,AS6,x,9.6,7.4,8.6,33,198
2025-04-25,jip,MAZDA,CX-5,gold,petrol,Rakan Niaga,2014,SUV - SMALL,2.0,4,AS6,x,8.9,7.3,8.2,34,189
2025-04-25,jip,MAZDA,CX-5,gold,petrol,Rakan Niaga,2014,SUV - SMALL,2.0,4,M6,x,9.0,6.8,8.0,35,184
2025-04-25,jip,MAZDA,CX-5,gold,petrol,Rakan Niaga,2014,SUV - SMALL,2.5,4,AS6,x,9.6,7.4,8.6,33,198
2025-04-25,jip,MAZDA,CX-5,red,petrol,Rakan Niaga,2014,SUV - SMALL,2.0,4,AS6,x,8.9,7.3,8.2,34,189
2025-04-25,jip,MAZDA,CX-5,red,petrol,Rakan Niaga,2014,SUV - SMALL,2.0,4,M6,x,9.0,6.8,8.0,35,184
2025-04-25,jip,MAZDA,CX-5,red,petrol,Rakan Niaga,2014,SUV - SMALL,2.5,4,AS6,x,9.6,7.4,8.6,33,198
2025-04-25,jip,MAZDA,CX-5,black,petrol,W.P. Kuala Lumpur,2014,SUV - SMALL,2.0,4,AS6,x,8.9,7.3,8.2,34,189
2025-04-25,jip,MAZDA,CX-5,black,petrol,W.P. Kuala Lumpur,2014,SUV - SMALL,2.0,4,M6,x,9.0,6.8,8.0,35,184
2025-04-25,jip,MAZDA,CX-5,black,petrol,W.P. Kuala Lumpur,2014,SUV - SMALL,2.5,4,AS6,x,9.6,7.4,8.6,33,198
2025-04-25,jip,MAZDA,CX-5,white,petrol,Rakan Niaga,2014,SUV - SMALL,2.0,4,AS6,x,8.9,7.3,8.2,34,189
2025-04-25,jip,MAZDA,CX-5,white,petrol,Rakan Niaga,2014,SUV - SMALL,2.0,4,M6,x,9.0,6.8,8.0,35,184
2025-04-25,jip,MAZDA,CX-5,white,petrol,Rakan Niaga,2014,SUV - SMALL,2.5,4,AS6,x,9.6,7.4,8.6,33,198
2025-04-25,motokar,PORSCHE,911 CARRERA,grey,petrol,Perak,2014,MINICOMPACT,3.4,6,AM7,z,11.6,8.3,10.1,28,232
2025-04-25,motokar,PORSCHE,911 CARRERA,grey,petrol,Perak,2014,MINICOMPACT,3.4,6,M7,z,12.5,8.6,10.7,26,246
2025-04-25,motokar,PORSCHE,911 CARRERA,grey,petrol,W.P. Kuala Lumpur,2014,MINICOMPACT,3.4,6,AM7,z,11.6,8.3,10.1,28,232
2025-04-25,motokar,PORSCHE,911 CARRERA,grey,petrol,W.P. Kuala Lumpur,2014,MINICOMPACT,3.4,6,M7,z,12.5,8.6,10.7,26,246
2025-04-25,motokar,PORSCHE,911 TURBO,grey,petrol,W.P. Kuala Lumpur,2014,MINICOMPACT,3.8,6,AM7,z,13.7,9.6,11.9,24,274
2025-04-25,jip,PORSCHE,CAYENNE,black,petrol,W.P. Kuala Lumpur,2014,SUV - STANDARD,3.6,6,A8,z,13.6,10.1,12.0,24,276
2025-04-25,jip,PORSCHE,CAYENNE,black,petrol,W.P. Kuala Lumpur,2014,SUV - STANDARD,3.6,6,M6,z,15.8,10.9,13.6,21,313
2025-04-25,motokar,PORSCHE,PANAMERA,white,petrol,Johor,2014,FULL-SIZE,3.6,6,AM7,z,12.9,8.4,10.9,26,251
2025-04-25,motokar,TOYOTA,CAMRY,white,hybrid_petrol,Rakan Niaga,2014,MID-SIZE,2.5,4,AS6,x,9.5,6.6,8.2,34,189
2025-04-25,motokar,TOYOTA,CAMRY,white,hybrid_petrol,Rakan Niaga,2014,MID-SIZE,3.5,6,AS6,x,11.1,7.8,9.6,29,221
2025-04-25,motokar,TOYOTA,CAMRY,silver,hybrid_petrol,Perak,2014,MID-SIZE,2.5,4,AS6,x,9.5,6.6,8.2,34,189
2025-04-25,motokar,TOYOTA,CAMRY,silver,hybrid_petrol,Perak,2014,MID-SIZE,3.5,6,AS6,x,11.1,7.8,9.6,29,221
2025-04-25,motokar,TOYOTA,CAMRY,black,hybrid_petrol,Rakan Niaga,2014,MID-SIZE,2.5,4,AS6,x,9.5,6.6,8.2,34,189
2025-04-25,motokar,TOYOTA,CAMRY,black,hybrid_petrol,Rakan Niaga,2014,MID-SIZE,3.5,6,AS6,x,11.1,7.8,9.6,29,221
2025-04-25,motokar,TOYOTA,CAMRY,black,hybrid_petrol,W.P. Kuala Lumpur,2014,MID-SIZE,2.5,4,AS6,x,9.5,6.6,8.2,34,189
2025-04-25,motokar,TOYOTA,CAMRY,black,hybrid_petrol,W.P. Kuala Lumpur,2014,MID-SIZE,3.5,6,AS6,x,11.1,7.8,9.6,29,221
2025-04-25,motokar,TOYOTA,CAMRY,grey,petrol,Johor,2014,MID-SIZE,2.5,4,AS6,x,9.5,6.6,8.2,34,189
2025-04-25,motokar,TOYOTA,CAMRY,grey,petrol,Johor,2014,MID-SIZE,3.5,6,AS6,x,11.1,7.8,9.6,29,221
2025-04-25,motokar,TOYOTA,CAMRY,grey,petrol,Rakan Niaga,2014,MID-SIZE,2.5,4,AS6,x,9.5,6.6,8.2,34,189
2025-04-25,motokar,TOYOTA,CAMRY,grey,petrol,Rakan Niaga,2014,MID-SIZE,3.5,6,AS6,x,11.1,7.8,9.6,29,221
2025-04-25,motokar,TOYOTA,CAMRY,white,hybrid_petrol,W.P. Kuala Lumpur,2014,MID-SIZE,2.5,4,AS6,x,9.5,6.6,8.2,34,189
2025-04-25,motokar,TOYOTA,CAMRY,white,hybrid_petrol,W.P. Kuala Lumpur,2014,MID-SIZE,3.5,6,AS6,x,11.1,7.8,9.6,29,221
2025-04-25,motokar,TOYOTA,CAMRY,white,petrol,Rakan Niaga,2014,MID-SIZE,2.5,4,AS6,x,9.5,6.6,8.2,34,189
2025-04-25,motokar,TOYOTA,CAMRY,white,petrol,Rakan Niaga,2014,MID-SIZE,3.5,6,AS6,x,11.1,7.8,9.6,29,221
2025-04-25,motokar,TOYOTA,CAMRY,black,petrol,Rakan Niaga,2014,MID-SIZE,2.5,4,AS6,x,9.5,6.6,8.2,34,189
2025-04-25,motokar,TOYOTA,CAMRY,black,petrol,Rakan Niaga,2014,MID-SIZE,3.5,6,AS6,x,11.1,7.8,9.6,29,221
2025-04-25,motokar,TOYOTA,COROLLA,black,petrol,W.P. Kuala Lumpur,2014,MID-SIZE,1.8,4,A4,x,8.6,6.5,7.7,37,177
2025-04-25,motokar,TOYOTA,COROLLA,black,petrol,W.P. Kuala Lumpur,2014,MID-SIZE,1.8,4,AV7,x,8.1,6.3,7.3,39,168
2025-04-25,motokar,TOYOTA,COROLLA,black,petrol,W.P. Kuala Lumpur,2014,MID-SIZE,1.8,4,AV,x,8.0,5.9,7.1,40,163
2025-04-25,motokar,TOYOTA,COROLLA,black,petrol,W.P. Kuala Lumpur,2014,MID-SIZE,1.8,4,M6,x,8.3,6.3,7.4,38,170
2025-04-25,motokar,TOYOTA,YARIS,red,petrol,Rakan Niaga,2014,COMPACT,1.5,4,A4,x,7.9,6.6,7.3,39,168
2025-04-25,motokar,TOYOTA,YARIS,red,petrol,Rakan Niaga,2014,COMPACT,1.5,4,M5,x,7.8,6.3,7.1,40,163
2025-04-25,motokar,TOYOTA,YARIS,white,petrol,Rakan Niaga,2014,COMPACT,1.5,4,A4,x,7.9,6.6,7.3,39,168
2025-04-25,motokar,TOYOTA,YARIS,white,petrol,Rakan Niaga,2014,COMPACT,1.5,4,M5,x,7.8,6.3,7.1,40,163
2025-04-25,motokar,TOYOTA,YARIS,silver,petrol,Rakan Niaga,2014,COMPACT,1.5,4,A4,x,7.9,6.6,7.3,39,168
2025-04-25,motokar,TOYOTA,YARIS,silver,petrol,Rakan Niaga,2014,COMPACT,1.5,4,M5,x,7.8,6.3,7.1,40,163
2025-04-25,motokar,TOYOTA,YARIS,silver,petrol,Pahang,2014,COMPACT,1.5,4,A4,x,7.9,6.6,7.3,39,168
2025-04-25,motokar,TOYOTA,YARIS,silver,petrol,Pahang,2014,COMPACT,1.5,4,M5,x,7.8,6.3,7.1,40,163
2025-04-25,motokar,TOYOTA,YARIS,maroon,petrol,Rakan Niaga,2014,COMPACT,1.5,4,A4,x,7.9,6.6,7.3,39,168
2025-04-25,motokar,TOYOTA,YARIS,maroon,petrol,Rakan Niaga,2014,COMPACT,1.5,4,M5,x,7.8,6.3,7.1,40,163
2025-04-25,motokar,TOYOTA,YARIS,white,petrol,Selangor,2014,COMPACT,1.5,4,A4,x,7.9,6.6,7.3,39,168
2025-04-25,motokar,TOYOTA,YARIS,white,petrol,Selangor,2014,COMPACT,1.5,4,M5,x,7.8,6.3,7.1,40,163
2025-04-25,motokar,TOYOTA,YARIS,white,petrol,Perlis,2014,COMPACT,1.5,4,A4,x,7.9,6.6,7.3,39,168
2025-04-25,motokar,TOYOTA,YARIS,white,petrol,Perlis,2014,COMPACT,1.5,4,M5,x,7.8,6.3,7.1,40,163
2025-04-25,jip,TOYOTA,YARIS,white,petrol,Sabah,2014,COMPACT,1.5,4,A4,x,7.9,6.6,7.3,39,168
2025-04-25,jip,TOYOTA,YARIS,white,petrol,Sabah,2014,COMPACT,1.5,4,M5,x,7.8,6.3,7.1,40,163
2025-04-25,motokar,TOYOTA,YARIS,red,petrol,W.P. Kuala Lumpur,2014,COMPACT,1.5,4,A4,x,7.9,6.6,7.3,39,168
2025-04-25,motokar,TOYOTA,YARIS,red,petrol,W.P. Kuala Lumpur,2014,COMPACT,1.5,4,M5,x,7.8,6.3,7.1,40,163
2025-04-25,motokar,TOYOTA,YARIS,black,petrol,W.P. Kuala Lumpur,2014,COMPACT,1.5,4,A4,x,7.9,6.6,7.3,39,168
2025-04-25,motokar,TOYOTA,YARIS,black,petrol,W.P. Kuala Lumpur,2014,COMPACT,1.5,4,M5,x,7.8,6.3,7.1,40,163
2025-04-25,motokar,TOYOTA,YARIS,red,petrol,Melaka,2014,COMPACT,1.5,4,A4,x,7.9,6.6,7.3,39,168
2025-04-25,motokar,TOYOTA,YARIS,red,petrol,Melaka,2014,COMPACT,1.5,4,M5,x,7.8,6.3,7.1,40,163
2025-04-25,jip,VOLKSWAGEN,TIGUAN,blue,petrol,W.P. Kuala Lumpur,2014,SUV - SMALL,2.0,4,A6,z,11.7,9.5,10.7,26,246
2025-04-25,jip,VOLKSWAGEN,TIGUAN,blue,petrol,W.P. Kuala Lumpur,2014,SUV - SMALL,2.0,4,M6,z,13.6,9.2,11.6,24,267
2025-04-25,jip,VOLKSWAGEN,TIGUAN,white,petrol,W.P. Kuala Lumpur,2014,SUV - SMALL,2.0,4,A6,z,11.7,9.5,10.7,26,246
2025-04-25,jip,VOLKSWAGEN,TIGUAN,white,petrol,W.P. Kuala Lumpur,2014,SUV - SMALL,2.0,4,M6,z,13.6,9.2,11.6,24,267
2025-04-25,jip,VOLKSWAGEN,TIGUAN,blue,petrol,Rakan Niaga,2014,SUV - SMALL,2.0,4,A6,z,11.7,9.5,10.7,26,246
2025-04-25,jip,VOLKSWAGEN,TIGUAN,blue,petrol,Rakan Niaga,2014,SUV - SMALL,2.0,4,M6,z,13.6,9.2,11.6,24,267
2025-04-25,jip,VOLVO,XC60,white,hybrid_petrol,W.P. Kuala Lumpur,2014,SUV - SMALL,3.2,6,AS6,x,13.0,8.9,11.2,25,258
2025-04-25,jip,VOLVO,XC60,white,hybrid_petrol,Rakan Niaga,2014,SUV - SMALL,3.2,6,AS6,x,13.0,8.9,11.2,25,258
2025-04-26,jip,HONDA,CR-V,white,petrol,Rakan Niaga,2014,SUV - SMALL,2.4,4,A5,x,10.3,7.6,9.1,31,209
2025-04-26,jip,HONDA,CR-V,blue,hybrid_petrol,Rakan Niaga,2014,SUV - SMALL,2.4,4,A5,x,10.3,7.6,9.1,31,209
2025-04-26,jip,HONDA,CR-V,grey,petrol,Rakan Niaga,2014,SUV - SMALL,2.4,4,A5,x,10.3,7.6,9.1,31,209
2025-04-26,jip,HONDA,CR-V,red,hybrid_petrol,Rakan Niaga,2014,SUV - SMALL,2.4,4,A5,x,10.3,7.6,9.1,31,209
2025-04-26,jip,HONDA,CR-V,grey,hybrid_petrol,Rakan Niaga,2014,SUV - SMALL,2.4,4,A5,x,10.3,7.6,9.1,31,209
2025-04-26,jip,HONDA,CR-V,silver,petrol,Rakan Niaga,2014,SUV - SMALL,2.4,4,A5,x,10.3,7.6,9.1,31,209
2025-04-26,motokar,HONDA,CIVIC,white,petrol,Rakan Niaga,2014,COMPACT,1.8,4,AV,x,7.9,6.0,7.0,40,161
2025-04-26,motokar,HONDA,CIVIC,white,petrol,Rakan Niaga,2014,COMPACT,1.8,4,AV7,x,8.1,6.2,7.2,39,166
2025-04-26,motokar,HONDA,CIVIC,white,petrol,Rakan Niaga,2014,COMPACT,1.8,4,M5,x,8.5,6.6,7.6,37,175
2025-04-26,motokar,HONDA,CIVIC,black,petrol,Rakan Niaga,2014,COMPACT,1.8,4,AV,x,7.9,6.0,7.0,40,161
2025-04-26,motokar,HONDA,CIVIC,black,petrol,Rakan Niaga,2014,COMPACT,1.8,4,AV7,x,8.1,6.2,7.2,39,166
2025-04-26,motokar,HONDA,CIVIC,black,petrol,Rakan Niaga,2014,COMPACT,1.8,4,M5,x,8.5,6.6,7.6,37,175
2025-04-26,motokar,HONDA,CIVIC,red,petrol,Rakan Niaga,2014,COMPACT,1.8,4,AV,x,7.9,6.0,7.0,40,161
2025-04-26,motokar,HONDA,CIVIC,red,petrol,Rakan Niaga,2014,COMPACT,1.8,4,AV7,x,8.1,6.2,7.2,39,166
2025-04-26,motokar,HONDA,CIVIC,red,petrol,Rakan Niaga,2014,COMPACT,1.8,4,M5,x,8.5,6.6,7.6,37,175
2025-04-26,jip,KIA,SPORTAGE,black,petrol,Rakan Niaga,2014,SUV - SMALL,2.4,4,A6,x,11.4,8.3,10.0,28,230
2025-04-26,jip,KIA,SPORTAGE,black,petrol,Rakan Niaga,2014,SUV - SMALL,2.4,4,M6,x,12.9,9.3,11.3,25,260
2025-04-26,motokar,TOYOTA,YARIS,white,petrol,Rakan Niaga,2014,COMPACT,1.5,4,A4,x,7.9,6.6,7.3,39,168
2025-04-26,motokar,TOYOTA,YARIS,white,petrol,Rakan Niaga,2014,COMPACT,1.5,4,M5,x,7.8,6.3,7.1,40,163
2025-04-26,motokar,TOYOTA,YARIS,red,petrol,Rakan Niaga,2014,COMPACT,1.5,4,A4,x,7.9,6.6,7.3,39,168
2025-04-26,motokar,TOYOTA,YARIS,red,petrol,Rakan Niaga,2014,COMPACT,1.5,4,M5,x,7.8,6.3,7.1,40,163
2025-04-27,jip,HONDA,CR-V,white,petrol,Rakan Niaga,2014,SUV - SMALL,2.4,4,A5,x,10.3,7.6,9.1,31,209
2025-04-27,jip,HONDA,CR-V,grey,petrol,Rakan Niaga,2014,SUV - SMALL,2.4,4,A5,x,10.3,7.6,9.1,31,209
2025-04-27,jip,HONDA,CR-V,white,hybrid_petrol,Kedah,2014,SUV - SMALL,2.4,4,A5,x,10.3,7.6,9.1,31,209
2025-04-27,motokar,HONDA,CIVIC,white,petrol,Kedah,2014,COMPACT,1.8,4,AV,x,7.9,6.0,7.0,40,161
2025-04-27,motokar,HONDA,CIVIC,white,petrol,Kedah,2014,COMPACT,1.8,4,AV7,x,8.1,6.2,7.2,39,166
2025-04-27,motokar,HONDA,CIVIC,white,petrol,Kedah,2014,COMPACT,1.8,4,M5,x,8.5,6.6,7.6,37,175
2025-04-27,motokar,HONDA,CIVIC,grey,petrol,Rakan Niaga,2014,COMPACT,1.8,4,AV,x,7.9,6.0,7.0,40,161
2025-04-27,motokar,HONDA,CIVIC,grey,petrol,Rakan Niaga,2014,COMPACT,1.8,4,AV7,x,8.1,6.2,7.2,39,166
2025-04-27,motokar,HONDA,CIVIC,grey,petrol,Rakan Niaga,2014,COMPACT,1.8,4,M5,x,8.5,6.6,7.6,37,175
2025-04-27,jip,KIA,SPORTAGE,grey,petrol,Rakan Niaga,2014,SUV - SMALL,2.4,4,A6,x,11.4,8.3,10.0,28,230
2025-04-27,jip,KIA,SPORTAGE,grey,petrol,Rakan Niaga,2014,SUV - SMALL,2.4,4,M6,x,12.9,9.3,11.3,25,260
2025-04-27,motokar,SUBARU,BRZ,black,petrol,Kedah,2014,MINICOMPACT,2.0,4,AS6,z,9.6,7.1,8.5,33,196
2025-04-27,motokar,SUBARU,BRZ,black,petrol,Kedah,2014,MINICOMPACT,2.0,4,M6,z,11.0,7.9,9.6,29,221
2025-04-27,motokar,TOYOTA,YARIS,red,petrol,Rakan Niaga,2014,COMPACT,1.5,4,A4,x,7.9,6.6,7.3,39,168
2025-04-27,motokar,TOYOTA,YARIS,red,petrol,Rakan Niaga,2014,COMPACT,1.5,4,M5,x,7.8,6.3,7.1,40,163
2025-04-27,motokar,TOYOTA,YARIS,white,petrol,Rakan Niaga,2014,COMPACT,1.5,4,A4,x,7.9,6.6,7.3,39,168
2025-04-27,motokar,TOYOTA,YARIS,white,petrol,Rakan Niaga,2014,COMPACT,1.5,4,M5,x,7.8,6.3,7.1,40,163
2025-04-28,motokar,AUDI,S8,white,petrol,Rakan Niaga,2014,MID-SIZE,4.0,8,AS8,z,15.4,9.8,12.9,22,297
2025-04-28,jip,HONDA,CR-V,blue,petrol,Rakan Niaga,2014,SUV - SMALL,2.4,4,A5,x,10.3,7.6,9.1,31,209
2025-04-28,jip,HONDA,CR-V,white,petrol,Rakan Niaga,2014,SUV - SMALL,2.4,4,A5,x,10.3,7.6,9.1,31,209
2025-04-28,jip,HONDA,CR-V,white,petrol,Kelantan,2014,SUV - SMALL,2.4,4,A5,x,10.3,7.6,9.1,31,209
2025-04-28,jip,HONDA,CR-V,blue,petrol,W.P. Kuala Lumpur,2014,SUV - SMALL,2.4,4,A5,x,10.3,7.6,9.1,31,209
2025-04-28,jip,HONDA,CR-V,blue,hybrid_petrol,Rakan Niaga,2014,SUV - SMALL,2.4,4,A5,x,10.3,7.6,9.1,31,209
2025-04-28,jip,HONDA,CR-V,grey,petrol,Rakan Niaga,2014,SUV - SMALL,2.4,4,A5,x,10.3,7.6,9.1,31,209
2025-04-28,jip,HONDA,CR-V,silver,petrol,Rakan Niaga,2014,SUV - SMALL,2.4,4,A5,x,10.3,7.6,9.1,31,209
2025-04-28,jip,HONDA,CR-V,white,hybrid_petrol,Rakan Niaga,2014,SUV - SMALL,2.4,4,A5,x,10.3,7.6,9.1,31,209
2025-04-28,jip,HONDA,CR-V,red,petrol,Rakan Niaga,2014,SUV - SMALL,2.4,4,A5,x,10.3,7.6,9.1,31,209
2025-04-28,jip,HONDA,CR-V,silver,hybrid_petrol,Rakan Niaga,2014,SUV - SMALL,2.4,4,A5,x,10.3,7.6,9.1,31,209
2025-04-28,jip,HONDA,CR-V,blue,hybrid_petrol,Melaka,2014,SUV - SMALL,2.4,4,A5,x,10.3,7.6,9.1,31,209
2025-04-28,jip,HONDA,CR-V,white,petrol,Sarawak,2014,SUV - SMALL,2.4,4,A5,x,10.3,7.6,9.1,31,209
2025-04-28,jip,HONDA,CR-V,grey,hybrid_petrol,Rakan Niaga,2014,SUV - SMALL,2.4,4,A5,x,10.3,7.6,9.1,31,209
2025-04-28,motokar,HONDA,CIVIC,white,petrol,Rakan Niaga,2014,COMPACT,1.8,4,AV,x,7.9,6.0,7.0,40,161
2025-04-28,motokar,HONDA,CIVIC,white,petrol,Rakan Niaga,2014,COMPACT,1.8,4,AV7,x,8.1,6.2,7.2,39,166
2025-04-28,motokar,HONDA,CIVIC,white,petrol,Rakan Niaga,2014,COMPACT,1.8,4,M5,x,8.5,6.6,7.6,37,175
2025-04-28,motokar,HONDA,CIVIC,red,petrol,Melaka,2014,COMPACT,1.8,4,AV,x,7.9,6.0,7.0,40,161
2025-04-28,motokar,HONDA,CIVIC,red,petrol,Melaka,2014,COMPACT,1.8,4,AV7,x,8.1,6.2,7.2,39,166
2025-04-28,motokar,HONDA,CIVIC,red,petrol,Melaka,2014,COMPACT,1.8,4,M5,x,8.5,6.6,7.6,37,175
2025-04-28,motokar,HONDA,CIVIC,black,petrol,Rakan Niaga,2014,COMPACT,1.8,4,AV,x,7.9,6.0,7.0,40,161
2025-04-28,motokar,HONDA,CIVIC,black,petrol,Rakan Niaga,2014,COMPACT,1.8,4,AV7,x,8.1,6.2,7.2,39,166
2025-04-28,motokar,HONDA,CIVIC,black,petrol,Rakan Niaga,2014,COMPACT,1.8,4,M5,x,8.5,6.6,7.6,37,175
2025-04-28,motokar,HONDA,CIVIC,blue,hybrid_petrol,Rakan Niaga,2014,COMPACT,1.8,4,AV,x,7.9,6.0,7.0,40,161
2025-04-28,motokar,HONDA,CIVIC,blue,hybrid_petrol,Rakan Niaga,2014,COMPACT,1.8,4,AV7,x,8.1,6.2,7.2,39,166
2025-04-28,motokar,HONDA,CIVIC,blue,hybrid_petrol,Rakan Niaga,2014,COMPACT,1.8,4,M5,x,8.5,6.6,7.6,37,175
2025-04-28,motokar,HONDA,CIVIC,blue,petrol,Selangor,2014,COMPACT,1.8,4,AV,x,7.9,6.0,7.0,40,161
2025-04-28,motokar,HONDA,CIVIC,blue,petrol,Selangor,2014,COMPACT,1.8,4,AV7,x,8.1,6.2,7.2,39,166
2025-04-28,motokar,HONDA,CIVIC,blue,petrol,Selangor,2014,COMPACT,1.8,4,M5,x,8.5,6.6,7.6,37,175
2025-04-28,motokar,HONDA,CIVIC,blue,petrol,Rakan Niaga,2014,COMPACT,1.8,4,AV,x,7.9,6.0,7.0,40,161
2025-04-28,motokar,HONDA,CIVIC,blue,petrol,Rakan Niaga,2014,COMPACT,1.8,4,AV7,x,8.1,6.2,7.2,39,166
2025-04-28,motokar,HONDA,CIVIC,blue,petrol,Rakan Niaga,2014,COMPACT,1.8,4,M5,x,8.5,6.6,7.6,37,175
2025-04-28,motokar,HONDA,CIVIC,grey,petrol,Rakan Niaga,2014,COMPACT,1.8,4,AV,x,7.9,6.0,7.0,40,161
2025-04-28,motokar,HONDA,CIVIC,grey,petrol,Rakan Niaga,2014,COMPACT,1.8,4,AV7,x,8.1,6.2,7.2,39,166
2025-04-28,motokar,HONDA,CIVIC,grey,petrol,Rakan Niaga,2014,COMPACT,1.8,4,M5,x,8.5,6.6,7.6,37,175
2025-04-28,motokar,HONDA,CIVIC,white,petrol,W.P. Kuala Lumpur,2014,COMPACT,1.8,4,AV,x,7.9,6.0,7.0,40,161
2025-04-28,motokar,HONDA,CIVIC,white,petrol,W.P. Kuala Lumpur,2014,COMPACT,1.8,4,AV7,x,8.1,6.2,7.2,39,166
2025-04-28,motokar,HONDA,CIVIC,white,petrol,W.P. Kuala Lumpur,2014,COMPACT,1.8,4,M5,x,8.5,6.6,7.6,37,175
2025-04-28,motokar,HONDA,CIVIC,red,hybrid_petrol,Rakan Niaga,2014,COMPACT,1.8,4,AV,x,7.9,6.0,7.0,40,161
2025-04-28,motokar,HONDA,CIVIC,red,hybrid_petrol,Rakan Niaga,2014,COMPACT,1.8,4,AV7,x,8.1,6.2,7.2,39,166
2025-04-28,motokar,HONDA,CIVIC,red,hybrid_petrol,Rakan Niaga,2014,COMPACT,1.8,4,M5,x,8.5,6.6,7.6,37,175
2025-04-28,motokar,HONDA,CIVIC,red,petrol,Rakan Niaga,2014,COMPACT,1.8,4,AV,x,7.9,6.0,7.0,40,161
2025-04-28,motokar,HONDA,CIVIC,red,petrol,Rakan Niaga,2014,COMPACT,1.8,4,AV7,x,8.1,6.2,7.2,39,166
2025-04-28,motokar,HONDA,CIVIC,red,petrol,Rakan Niaga,2014,COMPACT,1.8,4,M5,x,8.5,6.6,7.6,37,175
2025-04-28,motokar,HONDA,CIVIC,blue,petrol,Perlis,2014,COMPACT,1.8,4,AV,x,7.9,6.0,7.0,40,161
2025-04-28,motokar,HONDA,CIVIC,blue,petrol,Perlis,2014,COMPACT,1.8,4,AV7,x,8.1,6.2,7.2,39,166
2025-04-28,motokar,HONDA,CIVIC,blue,petrol,Perlis,2014,COMPACT,1.8,4,M5,x,8.5,6.6,7.6,37,175
2025-04-28,motokar,HONDA,CIVIC,white,petrol,Perak,2014,COMPACT,1.8,4,AV,x,7.9,6.0,7.0,40,161
2025-04-28,motokar,HONDA,CIVIC,white,petrol,Perak,2014,COMPACT,1.8,4,AV7,x,8.1,6.2,7.2,39,166
2025-04-28,motokar,HONDA,CIVIC,white,petrol,Perak,2014,COMPACT,1.8,4,M5,x,8.5,6.6,7.6,37,175
2025-04-28,motokar,HONDA,CIVIC,grey,petrol,Pahang,2014,COMPACT,1.8,4,AV,x,7.9,6.0,7.0,40,161
2025-04-28,motokar,HONDA,CIVIC,grey,petrol,Pahang,2014,COMPACT,1.8,4,AV7,x,8.1,6.2,7.2,39,166
2025-04-28,motokar,HONDA,CIVIC,grey,petrol,Pahang,2014,COMPACT,1.8,4,M5,x,8.5,6.6,7.6,37,175
2025-04-28,motokar,HONDA,FIT,white,petrol,Rakan Niaga,2014,STATION WAGON - SMALL,1.5,4,A5,x,8.3,6.5,7.5,38,172
2025-04-28,motokar,HONDA,FIT,white,petrol,Rakan Niaga,2014,STATION WAGON - SMALL,1.5,4,M5,x,8.3,6.9,7.7,37,177
2025-04-28,window_van,HONDA,ODYSSEY,white,petrol,Rakan Niaga,2014,MINIVAN,3.5,6,A6,x,12.3,8.5,10.6,27,244
2025-04-28,window_van,HONDA,ODYSSEY,white,petrol,W.P. Kuala Lumpur,2014,MINIVAN,3.5,6,A6,x,12.3,8.5,10.6,27,244
2025-04-28,jip,HYUNDAI,SANTA FE,grey,hybrid_petrol,W.P. Kuala Lumpur,2014,SUV - SMALL,3.3,6,A6,x,13.0,9.1,11.2,25,258
2025-04-28,jip,HYUNDAI,SANTA FE,blue,diesel,Rakan Niaga,2014,SUV - SMALL,3.3,6,A6,x,13.0,9.1,11.2,25,258
2025-04-28,jip,HYUNDAI,SANTA FE,black,hybrid_petrol,Rakan Niaga,2014,SUV - SMALL,3.3,6,A6,x,13.0,9.1,11.2,25,258
2025-04-28,jip,HYUNDAI,TUCSON,black,petrol,Rakan Niaga,2014,SUV - SMALL,2.0,4,A6,x,10.2,8.2,9.3,30,214
2025-04-28,jip,HYUNDAI,TUCSON,black,petrol,Rakan Niaga,2014,SUV - SMALL,2.0,4,M6,x,11.4,8.6,10.1,28,232
2025-04-28,jip,HYUNDAI,TUCSON,black,petrol,Rakan Niaga,2014,SUV - SMALL,2.4,4,A6,x,11.3,8.3,10.0,28,230
2025-04-28,jip,LAND ROVER,RANGE ROVER EVOQUE,black,petrol,Selangor,2014,SUV - SMALL,2.0,4,AS9,z,11.3,7.9,9.8,29,225
2025-04-28,jip,MAZDA,CX-5,grey,petrol,Rakan Niaga,2014,SUV - SMALL,2.0,4,AS6,x,8.9,7.3,8.2,34,189
2025-04-28,jip,MAZDA,CX-5,grey,petrol,Rakan Niaga,2014,SUV - SMALL,2.0,4,M6,x,9.0,6.8,8.0,35,184
2025-04-28,jip,MAZDA,CX-5,grey,petrol,Rakan Niaga,2014,SUV - SMALL,2.5,4,AS6,x,9.6,7.4,8.6,33,198
2025-04-28,jip,MAZDA,CX-5,red,petrol,Rakan Niaga,2014,SUV - SMALL,2.0,4,AS6,x,8.9,7.3,8.2,34,189
2025-04-28,jip,MAZDA,CX-5,red,petrol,Rakan Niaga,2014,SUV - SMALL,2.0,4,M6,x,9.0,6.8,8.0,35,184
2025-04-28,jip,MAZDA,CX-5,red,petrol,Rakan Niaga,2014,SUV - SMALL,2.5,4,AS6,x,9.6,7.4,8.6,33,198
2025-04-28,jip,MAZDA,CX-5,white,petrol,Rakan Niaga,2014,SUV - SMALL,2.0,4,AS6,x,8.9,7.3,8.2,34,189
2025-04-28,jip,MAZDA,CX-5,white,petrol,Rakan Niaga,2014,SUV - SMALL,2.0,4,M6,x,9.0,6.8,8.0,35,184
2025-04-28,jip,MAZDA,CX-5,white,petrol,Rakan Niaga,2014,SUV - SMALL,2.5,4,AS6,x,9.6,7.4,8.6,33,198
2025-04-28,jip,MAZDA,CX-5,blue,petrol,Selangor,2014,SUV - SMALL,2.0,4,AS6,x,8.9,7.3,8.2,34,189
2025-04-28,jip,MAZDA,CX-5,blue,petrol,Selangor,2014,SUV - SMALL,2.0,4,M6,x,9.0,6.8,8.0,35,184
2025-04-28,jip,MAZDA,CX-5,blue,petrol,Selangor,2014,SUV - SMALL,2.5,4,AS6,x,9.6,7.4,8.6,33,198
2025-04-28,jip,MAZDA,CX-5,gold,petrol,Rakan Niaga,2014,SUV - SMALL,2.0,4,AS6,x,8.9,7.3,8.2,34,189
2025-04-28,jip,MAZDA,CX-5,gold,petrol,Rakan Niaga,2014,SUV - SMALL,2.0,4,M6,x,9.0,6.8,8.0,35,184
2025-04-28,jip,MAZDA,CX-5,gold,petrol,Rakan Niaga,2014,SUV - SMALL,2.5,4,AS6,x,9.6,7.4,8.6,33,198
2025-04-28,jip,MAZDA,CX-5,blue,petrol,Rakan Niaga,2014,SUV - SMALL,2.0,4,AS6,x,8.9,7.3,8.2,34,189
2025-04-28,jip,MAZDA,CX-5,blue,petrol,Rakan Niaga,2014,SUV - SMALL,2.0,4,M6,x,9.0,6.8,8.0,35,184
2025-04-28,jip,MAZDA,CX-5,blue,petrol,Rakan Niaga,2014,SUV - SMALL,2.5,4,AS6,x,9.6,7.4,8.6,33,198
2025-04-28,jip,MAZDA,CX-5,red,diesel,Perak,2014,SUV - SMALL,2.0,4,AS6,x,8.9,7.3,8.2,34,189
2025-04-28,jip,MAZDA,CX-5,red,diesel,Perak,2014,SUV - SMALL,2.0,4,M6,x,9.0,6.8,8.0,35,184
2025-04-28,jip,MAZDA,CX-5,red,diesel,Perak,2014,SUV - SMALL,2.5,4,AS6,x,9.6,7.4,8.6,33,198
2025-04-28,motokar,MAZDA,MX-5,red,petrol,W.P. Kuala Lumpur,2014,TWO-SEATER,2.0,4,AS6,z,11.5,8.5,10.2,28,235
2025-04-28,motokar,MAZDA,MX-5,red,petrol,W.P. Kuala Lumpur,2014,TWO-SEATER,2.0,4,M5,z,10.5,8.5,9.6,29,221
2025-04-28,motokar,MAZDA,MX-5,red,petrol,W.P. Kuala Lumpur,2014,TWO-SEATER,2.0,4,M6,z,11.1,8.4,9.9,29,228
2025-04-28,motokar,MAZDA,MX-5,white,petrol,W.P. Kuala Lumpur,2014,TWO-SEATER,2.0,4,AS6,z,11.5,8.5,10.2,28,235
2025-04-28,motokar,MAZDA,MX-5,white,petrol,W.P. Kuala Lumpur,2014,TWO-SEATER,2.0,4,M5,z,10.5,8.5,9.6,29,221
2025-04-28,motokar,MAZDA,MX-5,white,petrol,W.P. Kuala Lumpur,2014,TWO-SEATER,2.0,4,M6,z,11.1,8.4,9.9,29,228
2025-04-28,motokar,MAZDA,MX-5,beige,petrol,W.P. Kuala Lumpur,2014,TWO-SEATER,2.0,4,AS6,z,11.5,8.5,10.2,28,235
2025-04-28,motokar,MAZDA,MX-5,beige,petrol,W.P. Kuala Lumpur,2014,TWO-SEATER,2.0,4,M5,z,10.5,8.5,9.6,29,221
2025-04-28,motokar,MAZDA,MX-5,beige,petrol,W.P. Kuala Lumpur,2014,TWO-SEATER,2.0,4,M6,z,11.1,8.4,9.9,29,228
2025-04-28,motokar,NISSAN,GT-R,blue,petrol,Rakan Niaga,2014,SUBCOMPACT,3.8,6,AM6,z,14.5,10.9,12.9,22,297
2025-04-28,motokar,PORSCHE,911 CARRERA,grey,petrol,W.P. Kuala Lumpur,2014,MINICOMPACT,3.4,6,AM7,z,11.6,8.3,10.1,28,232
2025-04-28,motokar,PORSCHE,911 CARRERA,grey,petrol,W.P. Kuala Lumpur,2014,MINICOMPACT,3.4,6,M7,z,12.5,8.6,10.7,26,246
2025-04-28,jip,PORSCHE,CAYENNE,white,petrol,Rakan Niaga,2014,SUV - STANDARD,3.6,6,A8,z,13.6,10.1,12.0,24,276
2025-04-28,jip,PORSCHE,CAYENNE,white,petrol,Rakan Niaga,2014,SUV - STANDARD,3.6,6,M6,z,15.8,10.9,13.6,21,313
2025-04-28,jip,PORSCHE,CAYENNE,grey,petrol,Rakan Niaga,2014,SUV - STANDARD,3.6,6,A8,z,13.6,10.1,12.0,24,276
2025-04-28,jip,PORSCHE,CAYENNE,grey,petrol,Rakan Niaga,2014,SUV - STANDARD,3.6,6,M6,z,15.8,10.9,13.6,21,313
2025-04-28,jip,PORSCHE,CAYENNE,black,petrol,Rakan Niaga,2014,SUV - STANDARD,3.6,6,A8,z,13.6,10.1,12.0,24,276
2025-04-28,jip,PORSCHE,CAYENNE,black,petrol,Rakan Niaga,2014,SUV - STANDARD,3.6,6,M6,z,15.8,10.9,13.6,21,313
2025-04-28,jip,PORSCHE,CAYENNE,grey,petrol,W.P. Kuala Lumpur,2014,SUV - STANDARD,3.6,6,A8,z,13.6,10.1,12.0,24,276
2025-04-28,jip,PORSCHE,CAYENNE,grey,petrol,W.P. Kuala Lumpur,2014,SUV - STANDARD,3.6,6,M6,z,15.8,10.9,13.6,21,313
2025-04-28,motokar,SUBARU,BRZ,grey,petrol,Rakan Niaga,2014,MINICOMPACT,2.0,4,AS6,z,9.6,7.1,8.5,33,196
2025-04-28,motokar,SUBARU,BRZ,grey,petrol,Rakan Niaga,2014,MINICOMPACT,2.0,4,M6,z,11.0,7.9,9.6,29,221
2025-04-28,motokar,TOYOTA,CAMRY,black,hybrid_petrol,Terengganu,2014,MID-SIZE,2.5,4,AS6,x,9.5,6.6,8.2,34,189
2025-04-28,motokar,TOYOTA,CAMRY,black,hybrid_petrol,Terengganu,2014,MID-SIZE,3.5,6,AS6,x,11.1,7.8,9.6,29,221
2025-04-28,motokar,TOYOTA,CAMRY,black,hybrid_petrol,Selangor,2014,MID-SIZE,2.5,4,AS6,x,9.5,6.6,8.2,34,189
2025-04-28,motokar,TOYOTA,CAMRY,black,hybrid_petrol,Selangor,2014,MID-SIZE,3.5,6,AS6,x,11.1,7.8,9.6,29,221
2025-04-28,motokar,TOYOTA,CAMRY,white,hybrid_petrol,Rakan Niaga,2014,MID-SIZE,2.5,4,AS6,x,9.5,6.6,8.2,34,189
2025-04-28,motokar,TOYOTA,CAMRY,white,hybrid_petrol,Rakan Niaga,2014,MID-SIZE,3.5,6,AS6,x,11.1,7.8,9.6,29,221
2025-04-28,motokar,TOYOTA,CAMRY,grey,hybrid_petrol,Rakan Niaga,2014,MID-SIZE,2.5,4,AS6,x,9.5,6.6,8.2,34,189
2025-04-28,motokar,TOYOTA,CAMRY,grey,hybrid_petrol,Rakan Niaga,2014,MID-SIZE,3.5,6,AS6,x,11.1,7.8,9.6,29,221
2025-04-28,motokar,TOYOTA,CAMRY,white,hybrid_petrol,Selangor,2014,MID-SIZE,2.5,4,AS6,x,9.5,6.6,8.2,34,189
2025-04-28,motokar,TOYOTA,CAMRY,white,hybrid_petrol,Selangor,2014,MID-SIZE,3.5,6,AS6,x,11.1,7.8,9.6,29,221
2025-04-28,motokar,TOYOTA,CAMRY,white,petrol,Rakan Niaga,2014,MID-SIZE,2.5,4,AS6,x,9.5,6.6,8.2,34,189
2025-04-28,motokar,TOYOTA,CAMRY,white,petrol,Rakan Niaga,2014,MID-SIZE,3.5,6,AS6,x,11.1,7.8,9.6,29,221
2025-04-28,motokar,TOYOTA,CAMRY,silver,petrol,Rakan Niaga,2014,MID-SIZE,2.5,4,AS6,x,9.5,6.6,8.2,34,189
2025-04-28,motokar,TOYOTA,CAMRY,silver,petrol,Rakan Niaga,2014,MID-SIZE,3.5,6,AS6,x,11.1,7.8,9.6,29,221
2025-04-28,motokar,TOYOTA,YARIS,red,petrol,Rakan Niaga,2014,COMPACT,1.5,4,A4,x,7.9,6.6,7.3,39,168
2025-04-28,motokar,TOYOTA,YARIS,red,petrol,Rakan Niaga,2014,COMPACT,1.5,4,M5,x,7.8,6.3,7.1,40,163
2025-04-28,motokar,TOYOTA,YARIS,white,petrol,Rakan Niaga,2014,COMPACT,1.5,4,A4,x,7.9,6.6,7.3,39,168
2025-04-28,motokar,TOYOTA,YARIS,white,petrol,Rakan Niaga,2014,COMPACT,1.5,4,M5,x,7.8,6.3,7.1,40,163
2025-04-28,motokar,TOYOTA,YARIS,red,petrol,W.P. Kuala Lumpur,2014,COMPACT,1.5,4,A4,x,7.9,6.6,7.3,39,168
2025-04-28,motokar,TOYOTA,YARIS,red,petrol,W.P. Kuala Lumpur,2014,COMPACT,1.5,4,M5,x,7.8,6.3,7.1,40,163
2025-04-28,motokar,TOYOTA,YARIS,silver,petrol,Rakan Niaga,2014,COMPACT,1.5,4,A4,x,7.9,6.6,7.3,39,168
2025-04-28,motokar,TOYOTA,YARIS,silver,petrol,Rakan Niaga,2014,COMPACT,1.5,4,M5,x,7.8,6.3,7.1,40,163
2025-04-28,motokar,TOYOTA,YARIS,silver,petrol,Sabah,2014,COMPACT,1.5,4,A4,x,7.9,6.6,7.3,39,168
2025-04-28,motokar,TOYOTA,YARIS,silver,petrol,Sabah,2014,COMPACT,1.5,4,M5,x,7.8,6.3,7.1,40,163
2025-04-28,motokar,TOYOTA,YARIS,white,petrol,Kedah,2014,COMPACT,1.5,4,A4,x,7.9,6.6,7.3,39,168
2025-04-28,motokar,TOYOTA,YARIS,white,petrol,Kedah,2014,COMPACT,1.5,4,M5,x,7.8,6.3,7.1,40,163
2025-04-28,motokar,TOYOTA,YARIS,white,petrol,Kelantan,2014,COMPACT,1.5,4,A4,x,7.9,6.6,7.3,39,168
2025-04-28,motokar,TOYOTA,YARIS,white,petrol,Kelantan,2014,COMPACT,1.5,4,M5,x,7.8,6.3,7.1,40,163
2025-04-28,motokar,TOYOTA,YARIS,black,petrol,Rakan Niaga,2014,COMPACT,1.5,4,A4,x,7.9,6.6,7.3,39,168
2025-04-28,motokar,TOYOTA,YARIS,black,petrol,Rakan Niaga,2014,COMPACT,1.5,4,M5,x,7.8,6.3,7.1,40,163
2025-04-28,motokar,TOYOTA,YARIS,silver,petrol,Selangor,2014,COMPACT,1.5,4,A4,x,7.9,6.6,7.3,39,168
2025-04-28,motokar,TOYOTA,YARIS,silver,petrol,Selangor,2014,COMPACT,1.5,4,M5,x,7.8,6.3,7.1,40,163
2025-04-28,motokar,TOYOTA,YARIS,red,petrol,Sabah,2014,COMPACT,1.5,4,A4,x,7.9,6.6,7.3,39,168
2025-04-28,motokar,TOYOTA,YARIS,red,petrol,Sabah,2014,COMPACT,1.5,4,M5,x,7.8,6.3,7.1,40,163
2025-04-28,jip,VOLKSWAGEN,TIGUAN,black,petrol,Rakan Niaga,2014,SUV - SMALL,2.0,4,A6,z,11.7,9.5,10.7,26,246
2025-04-28,jip,VOLKSWAGEN,TIGUAN,black,petrol,Rakan Niaga,2014,SUV - SMALL,2.0,4,M6,z,13.6,9.2,11.6,24,267
2025-04-28,jip,VOLKSWAGEN,TIGUAN,blue,petrol,Rakan Niaga,2014,SUV - SMALL,2.0,4,A6,z,11.7,9.5,10.7,26,246
2025-04-28,jip,VOLKSWAGEN,TIGUAN,blue,petrol,Rakan Niaga,2014,SUV - SMALL,2.0,4,M6,z,13.6,9.2,11.6,24,267
2025-04-28,jip,VOLVO,XC60,gold,hybrid_petrol,Rakan Niaga,2014,SUV - SMALL,3.2,6,AS6,x,13.0,8.9,11.2,25,258
2025-04-28,jip,VOLVO,XC60,blue,hybrid_petrol,Melaka,2014,SUV - SMALL,3.2,6,AS6,x,13.0,8.9,11.2,25,258
2025-04-29,jip,HONDA,CR-V,white,petrol,Rakan Niaga,2014,SUV - SMALL,2.4,4,A5,x,10.3,7.6,9.1,31,209
2025-04-29,jip,HONDA,CR-V,blue,petrol,W.P. Kuala Lumpur,2014,SUV - SMALL,2.4,4,A5,x,10.3,7.6,9.1,31,209
2025-04-29,jip,HONDA,CR-V,grey,petrol,Rakan Niaga,2014,SUV - SMALL,2.4,4,A5,x,10.3,7.6,9.1,31,209
2025-04-29,jip,HONDA,CR-V,blue,hybrid_petrol,Rakan Niaga,2014,SUV - SMALL,2.4,4,A5,x,10.3,7.6,9.1,31,209
2025-04-29,jip,HONDA,CR-V,silver,petrol,Rakan Niaga,2014,SUV - SMALL,2.4,4,A5,x,10.3,7.6,9.1,31,209
2025-04-29,jip,HONDA,CR-V,white,hybrid_petrol,Rakan Niaga,2014,SUV - SMALL,2.4,4,A5,x,10.3,7.6,9.1,31,209
2025-04-29,jip,HONDA,CR-V,blue,petrol,Rakan Niaga,2014,SUV - SMALL,2.4,4,A5,x,10.3,7.6,9.1,31,209
2025-04-29,jip,HONDA,CR-V,silver,hybrid_petrol,Rakan Niaga,2014,SUV - SMALL,2.4,4,A5,x,10.3,7.6,9.1,31,209
2025-04-29,jip,HONDA,CR-V,silver,hybrid_petrol,Sabah,2014,SUV - SMALL,2.4,4,A5,x,10.3,7.6,9.1,31,209
2025-04-29,jip,HONDA,CR-V,white,hybrid_petrol,Selangor,2014,SUV - SMALL,2.4,4,A5,x,10.3,7.6,9.1,31,209
2025-04-29,jip,HONDA,CR-V,grey,hybrid_petrol,Rakan Niaga,2014,SUV - SMALL,2.4,4,A5,x,10.3,7.6,9.1,31,209
2025-04-29,jip,HONDA,CR-V,red,hybrid_petrol,Rakan Niaga,2014,SUV - SMALL,2.4,4,A5,x,10.3,7.6,9.1,31,209
2025-04-29,jip,HONDA,CR-V,blue,hybrid_petrol,Sabah,2014,SUV - SMALL,2.4,4,A5,x,10.3,7.6,9.1,31,209
2025-04-29,jip,HONDA,CR-V,red,petrol,Rakan Niaga,2014,SUV - SMALL,2.4,4,A5,x,10.3,7.6,9.1,31,209
2025-04-29,jip,HONDA,CR-V,blue,petrol,Melaka,2014,SUV - SMALL,2.4,4,A5,x,10.3,7.6,9.1,31,209
2025-04-29,jip,HONDA,CR-V,silver,petrol,Pahang,2014,SUV - SMALL,2.4,4,A5,x,10.3,7.6,9.1,31,209
2025-04-29,jip,HONDA,CR-V,blue,petrol,Selangor,2014,SUV - SMALL,2.4,4,A5,x,10.3,7.6,9.1,31,209
2025-04-29,motokar,HONDA,CIVIC,white,petrol,Rakan Niaga,2014,COMPACT,1.8,4,AV,x,7.9,6.0,7.0,40,161
2025-04-29,motokar,HONDA,CIVIC,white,petrol,Rakan Niaga,2014,COMPACT,1.8,4,AV7,x,8.1,6.2,7.2,39,166
2025-04-29,motokar,HONDA,CIVIC,white,petrol,Rakan Niaga,2014,COMPACT,1.8,4,M5,x,8.5,6.6,7.6,37,175
2025-04-29,motokar,HONDA,CIVIC,blue,petrol,Rakan Niaga,2014,COMPACT,1.8,4,AV,x,7.9,6.0,7.0,40,161
2025-04-29,motokar,HONDA,CIVIC,blue,petrol,Rakan Niaga,2014,COMPACT,1.8,4,AV7,x,8.1,6.2,7.2,39,166
2025-04-29,motokar,HONDA,CIVIC,blue,petrol,Rakan Niaga,2014,COMPACT,1.8,4,M5,x,8.5,6.6,7.6,37,175
2025-04-29,motokar,HONDA,CIVIC,grey,petrol,Rakan Niaga,2014,COMPACT,1.8,4,AV,x,7.9,6.0,7.0,40,161
2025-04-29,motokar,HONDA,CIVIC,grey,petrol,Rakan Niaga,2014,COMPACT,1.8,4,AV7,x,8.1,6.2,7.2,39,166
2025-04-29,motokar,HONDA,CIVIC,grey,petrol,Rakan Niaga,2014,COMPACT,1.8,4,M5,x,8.5,6.6,7.6,37,175
2025-04-29,motokar,HONDA,CIVIC,black,petrol,Rakan Niaga,2014,COMPACT,1.8,4,AV,x,7.9,6.0,7.0,40,161
2025-04-29,motokar,HONDA,CIVIC,black,petrol,Rakan Niaga,2014,COMPACT,1.8,4,AV7,x,8.1,6.2,7.2,39,166
2025-04-29,motokar,HONDA,CIVIC,black,petrol,Rakan Niaga,2014,COMPACT,1.8,4,M5,x,8.5,6.6,7.6,37,175
2025-04-29,motokar,HONDA,CIVIC,grey,petrol,Johor,2014,COMPACT,1.8,4,AV,x,7.9,6.0,7.0,40,161
2025-04-29,motokar,HONDA,CIVIC,grey,petrol,Johor,2014,COMPACT,1.8,4,AV7,x,8.1,6.2,7.2,39,166
2025-04-29,motokar,HONDA,CIVIC,grey,petrol,Johor,2014,COMPACT,1.8,4,M5,x,8.5,6.6,7.6,37,175
2025-04-29,motokar,HONDA,CIVIC,black,petrol,Johor,2014,COMPACT,1.8,4,AV,x,7.9,6.0,7.0,40,161
2025-04-29,motokar,HONDA,CIVIC,black,petrol,Johor,2014,COMPACT,1.8,4,AV7,x,8.1,6.2,7.2,39,166
2025-04-29,motokar,HONDA,CIVIC,black,petrol,Johor,2014,COMPACT,1.8,4,M5,x,8.5,6.6,7.6,37,175
2025-04-29,motokar,HONDA,CIVIC,white,petrol,Pulau Pinang,2014,COMPACT,1.8,4,AV,x,7.9,6.0,7.0,40,161
2025-04-29,motokar,HONDA,CIVIC,white,petrol,Pulau Pinang,2014,COMPACT,1.8,4,AV7,x,8.1,6.2,7.2,39,166
2025-04-29,motokar,HONDA,CIVIC,white,petrol,Pulau Pinang,2014,COMPACT,1.8,4,M5,x,8.5,6.6,7.6,37,175
2025-04-29,motokar,HONDA,CIVIC,white,petrol,Perak,2014,COMPACT,1.8,4,AV,x,7.9,6.0,7.0,40,161
2025-04-29,motokar,HONDA,CIVIC,white,petrol,Perak,2014,COMPACT,1.8,4,AV7,x,8.1,6.2,7.2,39,166
2025-04-29,motokar,HONDA,CIVIC,white,petrol,Perak,2014,COMPACT,1.8,4,M5,x,8.5,6.6,7.6,37,175
2025-04-29,motokar,HONDA,CIVIC,grey,petrol,W.P. Kuala Lumpur,2014,COMPACT,1.8,4,AV,x,7.9,6.0,7.0,40,161
2025-04-29,motokar,HONDA,CIVIC,grey,petrol,W.P. Kuala Lumpur,2014,COMPACT,1.8,4,AV7,x,8.1,6.2,7.2,39,166
2025-04-29,motokar,HONDA,CIVIC,grey,petrol,W.P. Kuala Lumpur,2014,COMPACT,1.8,4,M5,x,8.5,6.6,7.6,37,175
2025-04-29,motokar,HONDA,CIVIC,white,petrol,Terengganu,2014,COMPACT,1.8,4,AV,x,7.9,6.0,7.0,40,161
2025-04-29,motokar,HONDA,CIVIC,white,petrol,Terengganu,2014,COMPACT,1.8,4,AV7,x,8.1,6.2,7.2,39,166
2025-04-29,motokar,HONDA,CIVIC,white,petrol,Terengganu,2014,COMPACT,1.8,4,M5,x,8.5,6.6,7.6,37,175
2025-04-29,motokar,HONDA,CIVIC,black,petrol,Selangor,2014,COMPACT,1.8,4,AV,x,7.9,6.0,7.0,40,161
2025-04-29,motokar,HONDA,CIVIC,black,petrol,Selangor,2014,COMPACT,1.8,4,AV7,x,8.1,6.2,7.2,39,166
2025-04-29,motokar,HONDA,CIVIC,black,petrol,Selangor,2014,COMPACT,1.8,4,M5,x,8.5,6.6,7.6,37,175
2025-04-29,motokar,HONDA,CIVIC,blue,petrol,W.P. Kuala Lumpur,2014,COMPACT,1.8,4,AV,x,7.9,6.0,7.0,40,161
2025-04-29,motokar,HONDA,CIVIC,blue,petrol,W.P. Kuala Lumpur,2014,COMPACT,1.8,4,AV7,x,8.1,6.2,7.2,39,166
2025-04-29,motokar,HONDA,CIVIC,blue,petrol,W.P. Kuala Lumpur,2014,COMPACT,1.8,4,M5,x,8.5,6.6,7.6,37,175
2025-04-29,motokar,HONDA,CIVIC,red,petrol,Rakan Niaga,2014,COMPACT,1.8,4,AV,x,7.9,6.0,7.0,40,161
2025-04-29,motokar,HONDA,CIVIC,red,petrol,Rakan Niaga,2014,COMPACT,1.8,4,AV7,x,8.1,6.2,7.2,39,166
2025-04-29,motokar,HONDA,CIVIC,red,petrol,Rakan Niaga,2014,COMPACT,1.8,4,M5,x,8.5,6.6,7.6,37,175
2025-04-29,motokar,HONDA,CIVIC,white,petrol,W.P. Kuala Lumpur,2014,COMPACT,1.8,4,AV,x,7.9,6.0,7.0,40,161
2025-04-29,motokar,HONDA,CIVIC,white,petrol,W.P. Kuala Lumpur,2014,COMPACT,1.8,4,AV7,x,8.1,6.2,7.2,39,166
2025-04-29,motokar,HONDA,CIVIC,white,petrol,W.P. Kuala Lumpur,2014,COMPACT,1.8,4,M5,x,8.5,6.6,7.6,37,175
2025-04-29,motokar,HONDA,CIVIC,red,petrol,Kedah,2014,COMPACT,1.8,4,AV,x,7.9,6.0,7.0,40,161
2025-04-29,motokar,HONDA,CIVIC,red,petrol,Kedah,2014,COMPACT,1.8,4,AV7,x,8.1,6.2,7.2,39,166
2025-04-29,motokar,HONDA,CIVIC,red,petrol,Kedah,2014,COMPACT,1.8,4,M5,x,8.5,6.6,7.6,37,175
2025-04-29,window_van,HONDA,ODYSSEY,black,petrol,Rakan Niaga,2014,MINIVAN,3.5,6,A6,x,12.3,8.5,10.6,27,244
2025-04-29,jip,HYUNDAI,SANTA FE,white,hybrid_petrol,Rakan Niaga,2014,SUV - SMALL,3.3,6,A6,x,13.0,9.1,11.2,25,258
2025-04-29,jip,HYUNDAI,SANTA FE,black,hybrid_petrol,Rakan Niaga,2014,SUV - SMALL,3.3,6,A6,x,13.0,9.1,11.2,25,258
2025-04-29,jip,HYUNDAI,SANTA FE,blue,hybrid_petrol,Rakan Niaga,2014,SUV - SMALL,3.3,6,A6,x,13.0,9.1,11.2,25,258
2025-04-29,jip,HYUNDAI,SANTA FE,black,diesel,Rakan Niaga,2014,SUV - SMALL,3.3,6,A6,x,13.0,9.1,11.2,25,258
2025-04-29,jip,MAZDA,CX-5,grey,petrol,Rakan Niaga,2014,SUV - SMALL,2.0,4,AS6,x,8.9,7.3,8.2,34,189
2025-04-29,jip,MAZDA,CX-5,grey,petrol,Rakan Niaga,2014,SUV - SMALL,2.0,4,M6,x,9.0,6.8,8.0,35,184
2025-04-29,jip,MAZDA,CX-5,grey,petrol,Rakan Niaga,2014,SUV - SMALL,2.5,4,AS6,x,9.6,7.4,8.6,33,198
2025-04-29,jip,MAZDA,CX-5,black,petrol,Rakan Niaga,2014,SUV - SMALL,2.0,4,AS6,x,8.9,7.3,8.2,34,189
2025-04-29,jip,MAZDA,CX-5,black,petrol,Rakan Niaga,2014,SUV - SMALL,2.0,4,M6,x,9.0,6.8,8.0,35,184
2025-04-29,jip,MAZDA,CX-5,black,petrol,Rakan Niaga,2014,SUV - SMALL,2.5,4,AS6,x,9.6,7.4,8.6,33,198
2025-04-29,jip,MAZDA,CX-5,gold,petrol,Rakan Niaga,2014,SUV - SMALL,2.0,4,AS6,x,8.9,7.3,8.2,34,189
2025-04-29,jip,MAZDA,CX-5,gold,petrol,Rakan Niaga,2014,SUV - SMALL,2.0,4,M6,x,9.0,6.8,8.0,35,184
2025-04-29,jip,MAZDA,CX-5,gold,petrol,Rakan Niaga,2014,SUV - SMALL,2.5,4,AS6,x,9.6,7.4,8.6,33,198
2025-04-29,jip,MAZDA,CX-5,red,petrol,Rakan Niaga,2014,SUV - SMALL,2.0,4,AS6,x,8.9,7.3,8.2,34,189
2025-04-29,jip,MAZDA,CX-5,red,petrol,Rakan Niaga,2014,SUV - SMALL,2.0,4,M6,x,9.0,6.8,8.0,35,184
2025-04-29,jip,MAZDA,CX-5,red,petrol,Rakan Niaga,2014,SUV - SMALL,2.5,4,AS6,x,9.6,7.4,8.6,33,198
2025-04-29,motokar,MAZDA,MX-5,red,petrol,Rakan Niaga,2014,TWO-SEATER,2.0,4,AS6,z,11.5,8.5,10.2,28,235
2025-04-29,motokar,MAZDA,MX-5,red,petrol,Rakan Niaga,2014,TWO-SEATER,2.0,4,M5,z,10.5,8.5,9.6,29,221
2025-04-29,motokar,MAZDA,MX-5,red,petrol,Rakan Niaga,2014,TWO-SEATER,2.0,4,M6,z,11.1,8.4,9.9,29,228
2025-04-29,motokar,NISSAN,GT-R,white,petrol,Johor,2014,SUBCOMPACT,3.8,6,AM6,z,14.5,10.9,12.9,22,297
2025-04-29,motokar,NISSAN,GT-R,grey,petrol,Pulau Pinang,2014,SUBCOMPACT,3.8,6,AM6,z,14.5,10.9,12.9,22,297
2025-04-29,motokar,PORSCHE,911 CARRERA,grey,petrol,Rakan Niaga,2014,MINICOMPACT,3.4,6,AM7,z,11.6,8.3,10.1,28,232
2025-04-29,motokar,PORSCHE,911 CARRERA,grey,petrol,Rakan Niaga,2014,MINICOMPACT,3.4,6,M7,z,12.5,8.6,10.7,26,246
2025-04-29,motokar,PORSCHE,911 CARRERA,white,petrol,Selangor,2014,MINICOMPACT,3.4,6,AM7,z,11.6,8.3,10.1,28,232
2025-04-29,motokar,PORSCHE,911 CARRERA,white,petrol,Selangor,2014,MINICOMPACT,3.4,6,M7,z,12.5,8.6,10.7,26,246
2025-04-29,motokar,PORSCHE,911 GT3,white,petrol,W.P. Kuala Lumpur,2014,TWO-SEATER,3.8,6,AM7,z,16.0,11.5,14.0,20,322
2025-04-29,jip,PORSCHE,CAYENNE,blue,petrol,Johor,2014,SUV - STANDARD,3.6,6,A8,z,13.6,10.1,12.0,24,276
2025-04-29,jip,PORSCHE,CAYENNE,blue,petrol,Johor,2014,SUV - STANDARD,3.6,6,M6,z,15.8,10.9,13.6,21,313
2025-04-29,jip,PORSCHE,CAYENNE,orange,petrol,Selangor,2014,SUV - STANDARD,3.6,6,A8,z,13.6,10.1,12.0,24,276
2025-04-29,jip,PORSCHE,CAYENNE,orange,petrol,Selangor,2014,SUV - STANDARD,3.6,6,M6,z,15.8,10.9,13.6,21,313
2025-04-29,motokar,TOYOTA,CAMRY,black,petrol,Rakan Niaga,2014,MID-SIZE,2.5,4,AS6,x,9.5,6.6,8.2,34,189
2025-04-29,motokar,TOYOTA,CAMRY,black,petrol,Rakan Niaga,2014,MID-SIZE,3.5,6,AS6,x,11.1,7.8,9.6,29,221
2025-04-29,motokar,TOYOTA,CAMRY,black,petrol,Pulau Pinang,2014,MID-SIZE,2.5,4,AS6,x,9.5,6.6,8.2,34,189
2025-04-29,motokar,TOYOTA,CAMRY,black,petrol,Pulau Pinang,2014,MID-SIZE,3.5,6,AS6,x,11.1,7.8,9.6,29,221
2025-04-29,motokar,TOYOTA,CAMRY,black,hybrid_petrol,Rakan Niaga,2014,MID-SIZE,2.5,4,AS6,x,9.5,6.6,8.2,34,189
2025-04-29,motokar,TOYOTA,CAMRY,black,hybrid_petrol,Rakan Niaga,2014,MID-SIZE,3.5,6,AS6,x,11.1,7.8,9.6,29,221
2025-04-29,motokar,TOYOTA,CAMRY,grey,petrol,Selangor,2014,MID-SIZE,2.5,4,AS6,x,9.5,6.6,8.2,34,189
2025-04-29,motokar,TOYOTA,CAMRY,grey,petrol,Selangor,2014,MID-SIZE,3.5,6,AS6,x,11.1,7.8,9.6,29,221
2025-04-29,motokar,TOYOTA,CAMRY,grey,hybrid_petrol,Rakan Niaga,2014,MID-SIZE,2.5,4,AS6,x,9.5,6.6,8.2,34,189
2025-04-29,motokar,TOYOTA,CAMRY,grey,hybrid_petrol,Rakan Niaga,2014,MID-SIZE,3.5,6,AS6,x,11.1,7.8,9.6,29,221
2025-04-29,motokar,TOYOTA,CAMRY,grey,hybrid_petrol,W.P. Kuala Lumpur,2014,MID-SIZE,2.5,4,AS6,x,9.5,6.6,8.2,34,189
2025-04-29,motokar,TOYOTA,CAMRY,grey,hybrid_petrol,W.P. Kuala Lumpur,2014,MID-SIZE,3.5,6,AS6,x,11.1,7.8,9.6,29,221
2025-04-29,motokar,TOYOTA,CAMRY,white,hybrid_petrol,Rakan Niaga,2014,MID-SIZE,2.5,4,AS6,x,9.5,6.6,8.2,34,189
2025-04-29,motokar,TOYOTA,CAMRY,white,hybrid_petrol,Rakan Niaga,2014,MID-SIZE,3.5,6,AS6,x,11.1,7.8,9.6,29,221
2025-04-29,motokar,TOYOTA,CAMRY,white,petrol,Rakan Niaga,2014,MID-SIZE,2.5,4,AS6,x,9.5,6.6,8.2,34,189
2025-04-29,motokar,TOYOTA,CAMRY,white,petrol,Rakan Niaga,2014,MID-SIZE,3.5,6,AS6,x,11.1,7.8,9.6,29,221
2025-04-29,motokar,TOYOTA,CAMRY,white,petrol,W.P. Kuala Lumpur,2014,MID-SIZE,2.5,4,AS6,x,9.5,6.6,8.2,34,189
2025-04-29,motokar,TOYOTA,CAMRY,white,petrol,W.P. Kuala Lumpur,2014,MID-SIZE,3.5,6,AS6,x,11.1,7.8,9.6,29,221
2025-04-29,motokar,TOYOTA,CAMRY,grey,petrol,Rakan Niaga,2014,MID-SIZE,2.5,4,AS6,x,9.5,6.6,8.2,34,189
2025-04-29,motokar,TOYOTA,CAMRY,grey,petrol,Rakan Niaga,2014,MID-SIZE,3.5,6,AS6,x,11.1,7.8,9.6,29,221
2025-04-29,motokar,TOYOTA,COROLLA,white,petrol,Johor,2014,MID-SIZE,1.8,4,A4,x,8.6,6.5,7.7,37,177
2025-04-29,motokar,TOYOTA,COROLLA,white,petrol,Johor,2014,MID-SIZE,1.8,4,AV7,x,8.1,6.3,7.3,39,168
2025-04-29,motokar,TOYOTA,COROLLA,white,petrol,Johor,2014,MID-SIZE,1.8,4,AV,x,8.0,5.9,7.1,40,163
2025-04-29,motokar,TOYOTA,COROLLA,white,petrol,Johor,2014,MID-SIZE,1.8,4,M6,x,8.3,6.3,7.4,38,170
2025-04-29,motokar,TOYOTA,YARIS,silver,petrol,Rakan Niaga,2014,COMPACT,1.5,4,A4,x,7.9,6.6,7.3,39,168
2025-04-29,motokar,TOYOTA,YARIS,silver,petrol,Rakan Niaga,2014,COMPACT,1.5,4,M5,x,7.8,6.3,7.1,40,163
2025-04-29,motokar,TOYOTA,YARIS,white,petrol,Rakan Niaga,2014,COMPACT,1.5,4,A4,x,7.9,6.6,7.3,39,168
2025-04-29,motokar,TOYOTA,YARIS,white,petrol,Rakan Niaga,2014,COMPACT,1.5,4,M5,x,7.8,6.3,7.1,40,163
2025-04-29,motokar,TOYOTA,YARIS,red,petrol,Rakan Niaga,2014,COMPACT,1.5,4,A4,x,7.9,6.6,7.3,39,168
2025-04-29,motokar,TOYOTA,YARIS,red,petrol,Rakan Niaga,2014,COMPACT,1.5,4,M5,x,7.8,6.3,7.1,40,163
2025-04-29,motokar,TOYOTA,YARIS,silver,petrol,Selangor,2014,COMPACT,1.5,4,A4,x,7.9,6.6,7.3,39,168
2025-04-29,motokar,TOYOTA,YARIS,silver,petrol,Selangor,2014,COMPACT,1.5,4,M5,x,7.8,6.3,7.1,40,163
2025-04-29,motokar,TOYOTA,YARIS,red,petrol,Johor,2014,COMPACT,1.5,4,A4,x,7.9,6.6,7.3,39,168
2025-04-29,motokar,TOYOTA,YARIS,red,petrol,Johor,2014,COMPACT,1.5,4,M5,x,7.8,6.3,7.1,40,163
2025-04-29,motokar,TOYOTA,YARIS,red,petrol,Selangor,2014,COMPACT,1.5,4,A4,x,7.9,6.6,7.3,39,168
2025-04-29,motokar,TOYOTA,YARIS,red,petrol,Selangor,2014,COMPACT,1.5,4,M5,x,7.8,6.3,7.1,40,163
2025-04-29,motokar,TOYOTA,YARIS,white,petrol,Negeri Sembilan,2014,COMPACT,1.5,4,A4,x,7.9,6.6,7.3,39,168
2025-04-29,motokar,TOYOTA,YARIS,white,petrol,Negeri Sembilan,2014,COMPACT,1.5,4,M5,x,7.8,6.3,7.1,40,163
2025-04-29,motokar,TOYOTA,YARIS,white,petrol,Johor,2014,COMPACT,1.5,4,A4,x,7.9,6.6,7.3,39,168
2025-04-29,motokar,TOYOTA,YARIS,white,petrol,Johor,2014,COMPACT,1.5,4,M5,x,7.8,6.3,7.1,40,163
2025-04-29,motokar,TOYOTA,YARIS,white,petrol,Pahang,2014,COMPACT,1.5,4,A4,x,7.9,6.6,7.3,39,168
2025-04-29,motokar,TOYOTA,YARIS,white,petrol,Pahang,2014,COMPACT,1.5,4,M5,x,7.8,6.3,7.1,40,163
2025-04-29,motokar,TOYOTA,YARIS,black,petrol,Selangor,2014,COMPACT,1.5,4,A4,x,7.9,6.6,7.3,39,168
2025-04-29,motokar,TOYOTA,YARIS,black,petrol,Selangor,2014,COMPACT,1.5,4,M5,x,7.8,6.3,7.1,40,163
2025-04-29,motokar,TOYOTA,YARIS,red,petrol,Kedah,2014,COMPACT,1.5,4,A4,x,7.9,6.6,7.3,39,168
2025-04-29,motokar,TOYOTA,YARIS,red,petrol,Kedah,2014,COMPACT,1.5,4,M5,x,7.8,6.3,7.1,40,163
2025-04-29,jip,VOLKSWAGEN,TIGUAN,black,petrol,Rakan Niaga,2014,SUV - SMALL,2.0,4,A6,z,11.7,9.5,10.7,26,246
2025-04-29,jip,VOLKSWAGEN,TIGUAN,black,petrol,Rakan Niaga,2014,SUV - SMALL,2.0,4,M6,z,13.6,9.2,11.6,24,267
2025-04-29,jip,VOLKSWAGEN,TIGUAN,blue,petrol,Rakan Niaga,2014,SUV - SMALL,2.0,4,A6,z,11.7,9.5,10.7,26,246
2025-04-29,jip,VOLKSWAGEN,TIGUAN,blue,petrol,Rakan Niaga,2014,SUV - SMALL,2.0,4,M6,z,13.6,9.2,11.6,24,267
2025-04-29,jip,VOLKSWAGEN,TIGUAN,black,petrol,Perlis,2014,SUV - SMALL,2.0,4,A6,z,11.7,9.5,10.7,26,246
2025-04-29,jip,VOLKSWAGEN,TIGUAN,black,petrol,Perlis,2014,SUV - SMALL,2.0,4,M6,z,13.6,9.2,11.6,24,267
2025-04-29,jip,VOLKSWAGEN,TIGUAN,grey,petrol,Rakan Niaga,2014,SUV - SMALL,2.0,4,A6,z,11.7,9.5,10.7,26,246
2025-04-29,jip,VOLKSWAGEN,TIGUAN,grey,petrol,Rakan Niaga,2014,SUV - SMALL,2.0,4,M6,z,13.6,9.2,11.6,24,267
2025-04-29,jip,VOLVO,XC60,black,hybrid_petrol,Rakan Niaga,2014,SUV - SMALL,3.2,6,AS6,x,13.0,8.9,11.2,25,258
2025-04-29,jip,VOLVO,XC60,blue,hybrid_petrol,Rakan Niaga,2014,SUV - SMALL,3.2,6,AS6,x,13.0,8.9,11.2,25,258
2025-04-29,jip,VOLVO,XC60,white,hybrid_petrol,Rakan Niaga,2014,SUV - SMALL,3.2,6,AS6,x,13.0,8.9,11.2,25,258
2025-04-30,jip,AUDI,Q7,white,petrol,Rakan Niaga,2014,SUV - STANDARD,3.0,6,AS8,z,15.1,10.9,13.2,21,304
2025-04-30,jip,AUDI,Q7,grey,petrol,Rakan Niaga,2014,SUV - STANDARD,3.0,6,AS8,z,15.1,10.9,13.2,21,304
2025-04-30,jip,AUDI,Q7,blue,petrol,Rakan Niaga,2014,SUV - STANDARD,3.0,6,AS8,z,15.1,10.9,13.2,21,304
2025-04-30,jip,HONDA,CR-V,grey,petrol,Rakan Niaga,2014,SUV - SMALL,2.4,4,A5,x,10.3,7.6,9.1,31,209
2025-04-30,jip,HONDA,CR-V,blue,petrol,Rakan Niaga,2014,SUV - SMALL,2.4,4,A5,x,10.3,7.6,9.1,31,209
2025-04-30,jip,HONDA,CR-V,white,hybrid_petrol,Rakan Niaga,2014,SUV - SMALL,2.4,4,A5,x,10.3,7.6,9.1,31,209
2025-04-30,jip,HONDA,CR-V,white,petrol,Rakan Niaga,2014,SUV - SMALL,2.4,4,A5,x,10.3,7.6,9.1,31,209
2025-04-30,jip,HONDA,CR-V,red,petrol,Rakan Niaga,2014,SUV - SMALL,2.4,4,A5,x,10.3,7.6,9.1,31,209
2025-04-30,jip,HONDA,CR-V,white,hybrid_petrol,Johor,2014,SUV - SMALL,2.4,4,A5,x,10.3,7.6,9.1,31,209
2025-04-30,jip,HONDA,CR-V,blue,petrol,Melaka,2014,SUV - SMALL,2.4,4,A5,x,10.3,7.6,9.1,31,209
2025-04-30,jip,HONDA,CR-V,grey,hybrid_petrol,Rakan Niaga,2014,SUV - SMALL,2.4,4,A5,x,10.3,7.6,9.1,31,209
2025-04-30,jip,HONDA,CR-V,blue,petrol,W.P. Kuala Lumpur,2014,SUV - SMALL,2.4,4,A5,x,10.3,7.6,9.1,31,209
2025-04-30,jip,HONDA,CR-V,silver,petrol,Rakan Niaga,2014,SUV - SMALL,2.4,4,A5,x,10.3,7.6,9.1,31,209
2025-04-30,jip,HONDA,CR-V,white,hybrid_petrol,Sabah,2014,SUV - SMALL,2.4,4,A5,x,10.3,7.6,9.1,31,209
2025-04-30,jip,HONDA,CR-V,blue,petrol,Johor,2014,SUV - SMALL,2.4,4,A5,x,10.3,7.6,9.1,31,209
2025-04-30,jip,HONDA,CR-V,blue,petrol,Sarawak,2014,SUV - SMALL,2.4,4,A5,x,10.3,7.6,9.1,31,209
2025-04-30,jip,HONDA,CR-V,grey,hybrid_petrol,Selangor,2014,SUV - SMALL,2.4,4,A5,x,10.3,7.6,9.1,31,209
2025-04-30,jip,HONDA,CR-V,grey,petrol,Pulau Pinang,2014,SUV - SMALL,2.4,4,A5,x,10.3,7.6,9.1,31,209
2025-04-30,jip,HONDA,CR-V,red,hybrid_petrol,Rakan Niaga,2014,SUV - SMALL,2.4,4,A5,x,10.3,7.6,9.1,31,209
2025-04-30,jip,HONDA,CR-V,blue,hybrid_petrol,Rakan Niaga,2014,SUV - SMALL,2.4,4,A5,x,10.3,7.6,9.1,31,209
2025-04-30,jip,HONDA,CR-V,silver,hybrid_petrol,Rakan Niaga,2014,SUV - SMALL,2.4,4,A5,x,10.3,7.6,9.1,31,209
2025-04-30,jip,HONDA,CR-V,grey,petrol,W.P. Kuala Lumpur,2014,SUV - SMALL,2.4,4,A5,x,10.3,7.6,9.1,31,209
2025-04-30,jip,HONDA,CR-V,white,petrol,Kelantan,2014,SUV - SMALL,2.4,4,A5,x,10.3,7.6,9.1,31,209
2025-04-30,jip,HONDA,CR-V,grey,petrol,Terengganu,2014,SUV - SMALL,2.4,4,A5,x,10.3,7.6,9.1,31,209
2025-04-30,jip,HONDA,CR-V,blue,hybrid_petrol,Selangor,2014,SUV - SMALL,2.4,4,A5,x,10.3,7.6,9.1,31,209
2025-04-30,jip,HONDA,CR-V,blue,hybrid_petrol,W.P. Kuala Lumpur,2014,SUV - SMALL,2.4,4,A5,x,10.3,7.6,9.1,31,209
2025-04-30,jip,HONDA,CR-V,grey,petrol,Perlis,2014,SUV - SMALL,2.4,4,A5,x,10.3,7.6,9.1,31,209
2025-04-30,jip,HONDA,CR-V,grey,petrol,Kelantan,2014,SUV - SMALL,2.4,4,A5,x,10.3,7.6,9.1,31,209
2025-04-30,jip,HONDA,CR-V,silver,hybrid_petrol,W.P. Kuala Lumpur,2014,SUV - SMALL,2.4,4,A5,x,10.3,7.6,9.1,31,209
2025-04-30,jip,HONDA,CR-V,blue,hybrid_petrol,Negeri Sembilan,2014,SUV - SMALL,2.4,4,A5,x,10.3,7.6,9.1,31,209
2025-04-30,jip,HONDA,CR-V,white,petrol,Pulau Pinang,2014,SUV - SMALL,2.4,4,A5,x,10.3,7.6,9.1,31,209
2025-04-30,jip,HONDA,CR-V,grey,petrol,Perak,2014,SUV - SMALL,2.4,4,A5,x,10.3,7.6,9.1,31,209
2025-04-30,jip,HONDA,CR-V,white,petrol,W.P. Kuala Lumpur,2014,SUV - SMALL,2.4,4,A5,x,10.3,7.6,9.1,31,209
2025-04-30,motokar,HONDA,CIVIC,white,petrol,Rakan Niaga,2014,COMPACT,1.8,4,AV,x,7.9,6.0,7.0,40,161
2025-04-30,motokar,HONDA,CIVIC,white,petrol,Rakan Niaga,2014,COMPACT,1.8,4,AV7,x,8.1,6.2,7.2,39,166
2025-04-30,motokar,HONDA,CIVIC,white,petrol,Rakan Niaga,2014,COMPACT,1.8,4,M5,x,8.5,6.6,7.6,37,175
2025-04-30,motokar,HONDA,CIVIC,grey,petrol,Rakan Niaga,2014,COMPACT,1.8,4,AV,x,7.9,6.0,7.0,40,161
2025-04-30,motokar,HONDA,CIVIC,grey,petrol,Rakan Niaga,2014,COMPACT,1.8,4,AV7,x,8.1,6.2,7.2,39,166
2025-04-30,motokar,HONDA,CIVIC,grey,petrol,Rakan Niaga,2014,COMPACT,1.8,4,M5,x,8.5,6.6,7.6,37,175
2025-04-30,motokar,HONDA,CIVIC,black,petrol,Rakan Niaga,2014,COMPACT,1.8,4,AV,x,7.9,6.0,7.0,40,161
2025-04-30,motokar,HONDA,CIVIC,black,petrol,Rakan Niaga,2014,COMPACT,1.8,4,AV7,x,8.1,6.2,7.2,39,166
2025-04-30,motokar,HONDA,CIVIC,black,petrol,Rakan Niaga,2014,COMPACT,1.8,4,M5,x,8.5,6.6,7.6,37,175
2025-04-30,motokar,HONDA,CIVIC,red,petrol,Rakan Niaga,2014,COMPACT,1.8,4,AV,x,7.9,6.0,7.0,40,161
2025-04-30,motokar,HONDA,CIVIC,red,petrol,Rakan Niaga,2014,COMPACT,1.8,4,AV7,x,8.1,6.2,7.2,39,166
2025-04-30,motokar,HONDA,CIVIC,red,petrol,Rakan Niaga,2014,COMPACT,1.8,4,M5,x,8.5,6.6,7.6,37,175
2025-04-30,motokar,HONDA,CIVIC,blue,petrol,Rakan Niaga,2014,COMPACT,1.8,4,AV,x,7.9,6.0,7.0,40,161
2025-04-30,motokar,HONDA,CIVIC,blue,petrol,Rakan Niaga,2014,COMPACT,1.8,4,AV7,x,8.1,6.2,7.2,39,166
2025-04-30,motokar,HONDA,CIVIC,blue,petrol,Rakan Niaga,2014,COMPACT,1.8,4,M5,x,8.5,6.6,7.6,37,175
2025-04-30,motokar,HONDA,CIVIC,black,petrol,W.P. Kuala Lumpur,2014,COMPACT,1.8,4,AV,x,7.9,6.0,7.0,40,161
2025-04-30,motokar,HONDA,CIVIC,black,petrol,W.P. Kuala Lumpur,2014,COMPACT,1.8,4,AV7,x,8.1,6.2,7.2,39,166
2025-04-30,motokar,HONDA,CIVIC,black,petrol,W.P. Kuala Lumpur,2014,COMPACT,1.8,4,M5,x,8.5,6.6,7.6,37,175
2025-04-30,motokar,HONDA,CIVIC,white,petrol,Selangor,2014,COMPACT,1.8,4,AV,x,7.9,6.0,7.0,40,161
2025-04-30,motokar,HONDA,CIVIC,white,petrol,Selangor,2014,COMPACT,1.8,4,AV7,x,8.1,6.2,7.2,39,166
2025-04-30,motokar,HONDA,CIVIC,white,petrol,Selangor,2014,COMPACT,1.8,4,M5,x,8.5,6.6,7.6,37,175
2025-04-30,motokar,HONDA,CIVIC,grey,petrol,Selangor,2014,COMPACT,1.8,4,AV,x,7.9,6.0,7.0,40,161
2025-04-30,motokar,HONDA,CIVIC,grey,petrol,Selangor,2014,COMPACT,1.8,4,AV7,x,8.1,6.2,7.2,39,166
2025-04-30,motokar,HONDA,CIVIC,grey,petrol,Selangor,2014,COMPACT,1.8,4,M5,x,8.5,6.6,7.6,37,175
2025-04-30,motokar,HONDA,CIVIC,blue,petrol,W.P. Kuala Lumpur,2014,COMPACT,1.8,4,AV,x,7.9,6.0,7.0,40,161
2025-04-30,motokar,HONDA,CIVIC,blue,petrol,W.P. Kuala Lumpur,2014,COMPACT,1.8,4,AV7,x,8.1,6.2,7.2,39,166
2025-04-30,motokar,HONDA,CIVIC,blue,petrol,W.P. Kuala Lumpur,2014,COMPACT,1.8,4,M5,x,8.5,6.6,7.6,37,175
2025-04-30,motokar,HONDA,CIVIC,black,petrol,Pahang,2014,COMPACT,1.8,4,AV,x,7.9,6.0,7.0,40,161
2025-04-30,motokar,HONDA,CIVIC,black,petrol,Pahang,2014,COMPACT,1.8,4,AV7,x,8.1,6.2,7.2,39,166
2025-04-30,motokar,HONDA,CIVIC,black,petrol,Pahang,2014,COMPACT,1.8,4,M5,x,8.5,6.6,7.6,37,175
2025-04-30,motokar,HONDA,CIVIC,blue,petrol,Johor,2014,COMPACT,1.8,4,AV,x,7.9,6.0,7.0,40,161
2025-04-30,motokar,HONDA,CIVIC,blue,petrol,Johor,2014,COMPACT,1.8,4,AV7,x,8.1,6.2,7.2,39,166
2025-04-30,motokar,HONDA,CIVIC,blue,petrol,Johor,2014,COMPACT,1.8,4,M5,x,8.5,6.6,7.6,37,175
2025-04-30,motokar,HONDA,CIVIC,black,petrol,Johor,2014,COMPACT,1.8,4,AV,x,7.9,6.0,7.0,40,161
2025-04-30,motokar,HONDA,CIVIC,black,petrol,Johor,2014,COMPACT,1.8,4,AV7,x,8.1,6.2,7.2,39,166
2025-04-30,motokar,HONDA,CIVIC,black,petrol,Johor,2014,COMPACT,1.8,4,M5,x,8.5,6.6,7.6,37,175
2025-04-30,motokar,HONDA,CIVIC,blue,hybrid_petrol,Rakan Niaga,2014,COMPACT,1.8,4,AV,x,7.9,6.0,7.0,40,161
2025-04-30,motokar,HONDA,CIVIC,blue,hybrid_petrol,Rakan Niaga,2014,COMPACT,1.8,4,AV7,x,8.1,6.2,7.2,39,166
2025-04-30,motokar,HONDA,CIVIC,blue,hybrid_petrol,Rakan Niaga,2014,COMPACT,1.8,4,M5,x,8.5,6.6,7.6,37,175
2025-04-30,motokar,HONDA,CIVIC,grey,hybrid_petrol,Rakan Niaga,2014,COMPACT,1.8,4,AV,x,7.9,6.0,7.0,40,161
2025-04-30,motokar,HONDA,CIVIC,grey,hybrid_petrol,Rakan Niaga,2014,COMPACT,1.8,4,AV7,x,8.1,6.2,7.2,39,166
2025-04-30,motokar,HONDA,CIVIC,grey,hybrid_petrol,Rakan Niaga,2014,COMPACT,1.8,4,M5,x,8.5,6.6,7.6,37,175
2025-04-30,motokar,HONDA,CIVIC,white,petrol,Pulau Pinang,2014,COMPACT,1.8,4,AV,x,7.9,6.0,7.0,40,161
2025-04-30,motokar,HONDA,CIVIC,white,petrol,Pulau Pinang,2014,COMPACT,1.8,4,AV7,x,8.1,6.2,7.2,39,166
2025-04-30,motokar,HONDA,CIVIC,white,petrol,Pulau Pinang,2014,COMPACT,1.8,4,M5,x,8.5,6.6,7.6,37,175
2025-04-30,motokar,HONDA,CIVIC,white,petrol,Johor,2014,COMPACT,1.8,4,AV,x,7.9,6.0,7.0,40,161
2025-04-30,motokar,HONDA,CIVIC,white,petrol,Johor,2014,COMPACT,1.8,4,AV7,x,8.1,6.2,7.2,39,166
2025-04-30,motokar,HONDA,CIVIC,white,petrol,Johor,2014,COMPACT,1.8,4,M5,x,8.5,6.6,7.6,37,175
2025-04-30,motokar,HONDA,CIVIC,grey,hybrid_petrol,Kedah,2014,COMPACT,1.8,4,AV,x,7.9,6.0,7.0,40,161
2025-04-30,motokar,HONDA,CIVIC,grey,hybrid_petrol,Kedah,2014,COMPACT,1.8,4,AV7,x,8.1,6.2,7.2,39,166
2025-04-30,motokar,HONDA,CIVIC,grey,hybrid_petrol,Kedah,2014,COMPACT,1.8,4,M5,x,8.5,6.6,7.6,37,175
2025-04-30,motokar,HONDA,CIVIC,black,petrol,Selangor,2014,COMPACT,1.8,4,AV,x,7.9,6.0,7.0,40,161
2025-04-30,motokar,HONDA,CIVIC,black,petrol,Selangor,2014,COMPACT,1.8,4,AV7,x,8.1,6.2,7.2,39,166
2025-04-30,motokar,HONDA,CIVIC,black,petrol,Selangor,2014,COMPACT,1.8,4,M5,x,8.5,6.6,7.6,37,175
2025-04-30,motokar,HONDA,CIVIC,black,petrol,Sabah,2014,COMPACT,1.8,4,AV,x,7.9,6.0,7.0,40,161
2025-04-30,motokar,HONDA,CIVIC,black,petrol,Sabah,2014,COMPACT,1.8,4,AV7,x,8.1,6.2,7.2,39,166
2025-04-30,motokar,HONDA,CIVIC,black,petrol,Sabah,2014,COMPACT,1.8,4,M5,x,8.5,6.6,7.6,37,175
2025-04-30,motokar,HONDA,CIVIC,blue,hybrid_petrol,Selangor,2014,COMPACT,1.8,4,AV,x,7.9,6.0,7.0,40,161
2025-04-30,motokar,HONDA,CIVIC,blue,hybrid_petrol,Selangor,2014,COMPACT,1.8,4,AV7,x,8.1,6.2,7.2,39,166
2025-04-30,motokar,HONDA,CIVIC,blue,hybrid_petrol,Selangor,2014,COMPACT,1.8,4,M5,x,8.5,6.6,7.6,37,175
2025-04-30,motokar,HONDA,CIVIC,grey,petrol,Kedah,2014,COMPACT,1.8,4,AV,x,7.9,6.0,7.0,40,161
2025-04-30,motokar,HONDA,CIVIC,grey,petrol,Kedah,2014,COMPACT,1.8,4,AV7,x,8.1,6.2,7.2,39,166
2025-04-30,motokar,HONDA,CIVIC,grey,petrol,Kedah,2014,COMPACT,1.8,4,M5,x,8.5,6.6,7.6,37,175
2025-04-30,jip,HYUNDAI,SANTA FE,black,diesel,Rakan Niaga,2014,SUV - SMALL,3.3,6,A6,x,13.0,9.1,11.2,25,258
2025-04-30,jip,HYUNDAI,SANTA FE,white,hybrid_petrol,Rakan Niaga,2014,SUV - SMALL,3.3,6,A6,x,13.0,9.1,11.2,25,258
2025-04-30,jip,HYUNDAI,SANTA FE,white,diesel,Sarawak,2014,SUV - SMALL,3.3,6,A6,x,13.0,9.1,11.2,25,258
2025-04-30,jip,HYUNDAI,SANTA FE,black,hybrid_petrol,Rakan Niaga,2014,SUV - SMALL,3.3,6,A6,x,13.0,9.1,11.2,25,258
2025-04-30,jip,HYUNDAI,SANTA FE,black,diesel,W.P. Kuala Lumpur,2014,SUV - SMALL,3.3,6,A6,x,13.0,9.1,11.2,25,258
2025-04-30,jip,HYUNDAI,SANTA FE,grey,hybrid_petrol,Rakan Niaga,2014,SUV - SMALL,3.3,6,A6,x,13.0,9.1,11.2,25,258
2025-04-30,jip,HYUNDAI,SANTA FE,blue,hybrid_petrol,Rakan Niaga,2014,SUV - SMALL,3.3,6,A6,x,13.0,9.1,11.2,25,258
2025-04-30,jip,HYUNDAI,SANTA FE,white,diesel,Rakan Niaga,2014,SUV - SMALL,3.3,6,A6,x,13.0,9.1,11.2,25,258
2025-04-30,jip,JEEP,CHEROKEE,black,petrol,Johor,2014,SUV - SMALL,2.4,4,A9,x,10.9,7.7,9.5,30,218
2025-04-30,jip,JEEP,CHEROKEE,black,petrol,Johor,2014,SUV - SMALL,3.2,6,A9,x,12.3,8.3,10.5,27,242
2025-04-30,jip,KIA,SPORTAGE,black,petrol,Rakan Niaga,2014,SUV - SMALL,2.4,4,A6,x,11.4,8.3,10.0,28,230
2025-04-30,jip,KIA,SPORTAGE,black,petrol,Rakan Niaga,2014,SUV - SMALL,2.4,4,M6,x,12.9,9.3,11.3,25,260
2025-04-30,jip,MAZDA,CX-5,blue,petrol,Rakan Niaga,2014,SUV - SMALL,2.0,4,AS6,x,8.9,7.3,8.2,34,189
2025-04-30,jip,MAZDA,CX-5,blue,petrol,Rakan Niaga,2014,SUV - SMALL,2.0,4,M6,x,9.0,6.8,8.0,35,184
2025-04-30,jip,MAZDA,CX-5,blue,petrol,Rakan Niaga,2014,SUV - SMALL,2.5,4,AS6,x,9.6,7.4,8.6,33,198
2025-04-30,jip,MAZDA,CX-5,red,petrol,Rakan Niaga,2014,SUV - SMALL,2.0,4,AS6,x,8.9,7.3,8.2,34,189
2025-04-30,jip,MAZDA,CX-5,red,petrol,Rakan Niaga,2014,SUV - SMALL,2.0,4,M6,x,9.0,6.8,8.0,35,184
2025-04-30,jip,MAZDA,CX-5,red,petrol,Rakan Niaga,2014,SUV - SMALL,2.5,4,AS6,x,9.6,7.4,8.6,33,198
2025-04-30,jip,MAZDA,CX-5,grey,petrol,Rakan Niaga,2014,SUV - SMALL,2.0,4,AS6,x,8.9,7.3,8.2,34,189
2025-04-30,jip,MAZDA,CX-5,grey,petrol,Rakan Niaga,2014,SUV - SMALL,2.0,4,M6,x,9.0,6.8,8.0,35,184
2025-04-30,jip,MAZDA,CX-5,grey,petrol,Rakan Niaga,2014,SUV - SMALL,2.5,4,AS6,x,9.6,7.4,8.6,33,198
2025-04-30,jip,MAZDA,CX-5,black,petrol,Rakan Niaga,2014,SUV - SMALL,2.0,4,AS6,x,8.9,7.3,8.2,34,189
2025-04-30,jip,MAZDA,CX-5,black,petrol,Rakan Niaga,2014,SUV - SMALL,2.0,4,M6,x,9.0,6.8,8.0,35,184
2025-04-30,jip,MAZDA,CX-5,black,petrol,Rakan Niaga,2014,SUV - SMALL,2.5,4,AS6,x,9.6,7.4,8.6,33,198
2025-04-30,jip,MAZDA,CX-5,blue,petrol,W.P. Kuala Lumpur,2014,SUV - SMALL,2.0,4,AS6,x,8.9,7.3,8.2,34,189
2025-04-30,jip,MAZDA,CX-5,blue,petrol,W.P. Kuala Lumpur,2014,SUV - SMALL,2.0,4,M6,x,9.0,6.8,8.0,35,184
2025-04-30,jip,MAZDA,CX-5,blue,petrol,W.P. Kuala Lumpur,2014,SUV - SMALL,2.5,4,AS6,x,9.6,7.4,8.6,33,198
2025-04-30,motokar,MAZDA,MX-5,red,petrol,Rakan Niaga,2014,TWO-SEATER,2.0,4,AS6,z,11.5,8.5,10.2,28,235
2025-04-30,motokar,MAZDA,MX-5,red,petrol,Rakan Niaga,2014,TWO-SEATER,2.0,4,M5,z,10.5,8.5,9.6,29,221
2025-04-30,motokar,MAZDA,MX-5,red,petrol,Rakan Niaga,2014,TWO-SEATER,2.0,4,M6,z,11.1,8.4,9.9,29,228
2025-04-30,motokar,MAZDA,MX-5,red,petrol,Selangor,2014,TWO-SEATER,2.0,4,AS6,z,11.5,8.5,10.2,28,235
2025-04-30,motokar,MAZDA,MX-5,red,petrol,Selangor,2014,TWO-SEATER,2.0,4,M5,z,10.5,8.5,9.6,29,221
2025-04-30,motokar,MAZDA,MX-5,red,petrol,Selangor,2014,TWO-SEATER,2.0,4,M6,z,11.1,8.4,9.9,29,228
2025-04-30,motokar,MAZDA,MX-5,red,petrol,W.P. Kuala Lumpur,2014,TWO-SEATER,2.0,4,AS6,z,11.5,8.5,10.2,28,235
2025-04-30,motokar,MAZDA,MX-5,red,petrol,W.P. Kuala Lumpur,2014,TWO-SEATER,2.0,4,M5,z,10.5,8.5,9.6,29,221
2025-04-30,motokar,MAZDA,MX-5,red,petrol,W.P. Kuala Lumpur,2014,TWO-SEATER,2.0,4,M6,z,11.1,8.4,9.9,29,228
2025-04-30,motokar,MAZDA,MX-5,white,petrol,Pulau Pinang,2014,TWO-SEATER,2.0,4,AS6,z,11.5,8.5,10.2,28,235
2025-04-30,motokar,MAZDA,MX-5,white,petrol,Pulau Pinang,2014,TWO-SEATER,2.0,4,M5,z,10.5,8.5,9.6,29,221
2025-04-30,motokar,MAZDA,MX-5,white,petrol,Pulau Pinang,2014,TWO-SEATER,2.0,4,M6,z,11.1,8.4,9.9,29,228
2025-04-30,motokar,MAZDA,MX-5,black,petrol,Sabah,2014,TWO-SEATER,2.0,4,AS6,z,11.5,8.5,10.2,28,235
2025-04-30,motokar,MAZDA,MX-5,black,petrol,Sabah,2014,TWO-SEATER,2.0,4,M5,z,10.5,8.5,9.6,29,221
2025-04-30,motokar,MAZDA,MX-5,black,petrol,Sabah,2014,TWO-SEATER,2.0,4,M6,z,11.1,8.4,9.9,29,228
2025-04-30,motokar,NISSAN,GT-R,blue,petrol,W.P. Kuala Lumpur,2014,SUBCOMPACT,3.8,6,AM6,z,14.5,10.9,12.9,22,297
2025-04-30,motokar,PORSCHE,911 CARRERA,white,petrol,Selangor,2014,MINICOMPACT,3.4,6,AM7,z,11.6,8.3,10.1,28,232
2025-04-30,motokar,PORSCHE,911 CARRERA,white,petrol,Selangor,2014,MINICOMPACT,3.4,6,M7,z,12.5,8.6,10.7,26,246
2025-04-30,motokar,PORSCHE,911 CARRERA,black,petrol,W.P. Kuala Lumpur,2014,MINICOMPACT,3.4,6,AM7,z,11.6,8.3,10.1,28,232
2025-04-30,motokar,PORSCHE,911 CARRERA,black,petrol,W.P. Kuala Lumpur,2014,MINICOMPACT,3.4,6,M7,z,12.5,8.6,10.7,26,246
2025-04-30,jip,PORSCHE,CAYENNE,white,petrol,Selangor,2014,SUV - STANDARD,3.6,6,A8,z,13.6,10.1,12.0,24,276
2025-04-30,jip,PORSCHE,CAYENNE,white,petrol,Selangor,2014,SUV - STANDARD,3.6,6,M6,z,15.8,10.9,13.6,21,313
2025-04-30,jip,PORSCHE,CAYENNE,white,petrol,Johor,2014,SUV - STANDARD,3.6,6,A8,z,13.6,10.1,12.0,24,276
2025-04-30,jip,PORSCHE,CAYENNE,white,petrol,Johor,2014,SUV - STANDARD,3.6,6,M6,z,15.8,10.9,13.6,21,313
2025-04-30,jip,PORSCHE,CAYENNE,white,petrol,Sarawak,2014,SUV - STANDARD,3.6,6,A8,z,13.6,10.1,12.0,24,276
2025-04-30,jip,PORSCHE,CAYENNE,white,petrol,Sarawak,2014,SUV - STANDARD,3.6,6,M6,z,15.8,10.9,13.6,21,313
2025-04-30,jip,PORSCHE,CAYENNE,silver,hybrid_petrol,Rakan Niaga,2014,SUV - STANDARD,3.6,6,A8,z,13.6,10.1,12.0,24,276
2025-04-30,jip,PORSCHE,CAYENNE,silver,hybrid_petrol,Rakan Niaga,2014,SUV - STANDARD,3.6,6,M6,z,15.8,10.9,13.6,21,313
2025-04-30,jip,PORSCHE,CAYENNE,black,petrol,Johor,2014,SUV - STANDARD,3.6,6,A8,z,13.6,10.1,12.0,24,276
2025-04-30,jip,PORSCHE,CAYENNE,black,petrol,Johor,2014,SUV - STANDARD,3.6,6,M6,z,15.8,10.9,13.6,21,313
2025-04-30,motokar,SUBARU,BRZ,blue,petrol,Selangor,2014,MINICOMPACT,2.0,4,AS6,z,9.6,7.1,8.5,33,196
2025-04-30,motokar,SUBARU,BRZ,blue,petrol,Selangor,2014,MINICOMPACT,2.0,4,M6,z,11.0,7.9,9.6,29,221
2025-04-30,motokar,SUBARU,BRZ,blue,petrol,W.P. Kuala Lumpur,2014,MINICOMPACT,2.0,4,AS6,z,9.6,7.1,8.5,33,196
2025-04-30,motokar,SUBARU,BRZ,blue,petrol,W.P. Kuala Lumpur,2014,MINICOMPACT,2.0,4,M6,z,11.0,7.9,9.6,29,221
2025-04-30,motokar,SUBARU,BRZ,blue,petrol,Johor,2014,MINICOMPACT,2.0,4,AS6,z,9.6,7.1,8.5,33,196
2025-04-30,motokar,SUBARU,BRZ,blue,petrol,Johor,2014,MINICOMPACT,2.0,4,M6,z,11.0,7.9,9.6,29,221
2025-04-30,motokar,TOYOTA,CAMRY,grey,hybrid_petrol,Rakan Niaga,2014,MID-SIZE,2.5,4,AS6,x,9.5,6.6,8.2,34,189
2025-04-30,motokar,TOYOTA,CAMRY,grey,hybrid_petrol,Rakan Niaga,2014,MID-SIZE,3.5,6,AS6,x,11.1,7.8,9.6,29,221
2025-04-30,motokar,TOYOTA,CAMRY,black,hybrid_petrol,W.P. Kuala Lumpur,2014,MID-SIZE,2.5,4,AS6,x,9.5,6.6,8.2,34,189
2025-04-30,motokar,TOYOTA,CAMRY,black,hybrid_petrol,W.P. Kuala Lumpur,2014,MID-SIZE,3.5,6,AS6,x,11.1,7.8,9.6,29,221
2025-04-30,motokar,TOYOTA,CAMRY,white,petrol,Kedah,2014,MID-SIZE,2.5,4,AS6,x,9.5,6.6,8.2,34,189
2025-04-30,motokar,TOYOTA,CAMRY,white,petrol,Kedah,2014,MID-SIZE,3.5,6,AS6,x,11.1,7.8,9.6,29,221
2025-04-30,motokar,TOYOTA,CAMRY,white,petrol,Kelantan,2014,MID-SIZE,2.5,4,AS6,x,9.5,6.6,8.2,34,189
2025-04-30,motokar,TOYOTA,CAMRY,white,petrol,Kelantan,2014,MID-SIZE,3.5,6,AS6,x,11.1,7.8,9.6,29,221
2025-04-30,motokar,TOYOTA,CAMRY,white,hybrid_petrol,Rakan Niaga,2014,MID-SIZE,2.5,4,AS6,x,9.5,6.6,8.2,34,189
2025-04-30,motokar,TOYOTA,CAMRY,white,hybrid_petrol,Rakan Niaga,2014,MID-SIZE,3.5,6,AS6,x,11.1,7.8,9.6,29,221
2025-04-30,motokar,TOYOTA,CAMRY,white,petrol,Rakan Niaga,2014,MID-SIZE,2.5,4,AS6,x,9.5,6.6,8.2,34,189
2025-04-30,motokar,TOYOTA,CAMRY,white,petrol,Rakan Niaga,2014,MID-SIZE,3.5,6,AS6,x,11.1,7.8,9.6,29,221
2025-04-30,motokar,TOYOTA,CAMRY,grey,petrol,Rakan Niaga,2014,MID-SIZE,2.5,4,AS6,x,9.5,6.6,8.2,34,189
2025-04-30,motokar,TOYOTA,CAMRY,grey,petrol,Rakan Niaga,2014,MID-SIZE,3.5,6,AS6,x,11.1,7.8,9.6,29,221
2025-04-30,motokar,TOYOTA,CAMRY,black,petrol,Rakan Niaga,2014,MID-SIZE,2.5,4,AS6,x,9.5,6.6,8.2,34,189
2025-04-30,motokar,TOYOTA,CAMRY,black,petrol,Rakan Niaga,2014,MID-SIZE,3.5,6,AS6,x,11.1,7.8,9.6,29,221
2025-04-30,motokar,TOYOTA,COROLLA,white,petrol,Rakan Niaga,2014,MID-SIZE,1.8,4,A4,x,8.6,6.5,7.7,37,177
2025-04-30,motokar,TOYOTA,COROLLA,white,petrol,Rakan Niaga,2014,MID-SIZE,1.8,4,AV7,x,8.1,6.3,7.3,39,168
2025-04-30,motokar,TOYOTA,COROLLA,white,petrol,Rakan Niaga,2014,MID-SIZE,1.8,4,AV,x,8.0,5.9,7.1,40,163
2025-04-30,motokar,TOYOTA,COROLLA,white,petrol,Rakan Niaga,2014,MID-SIZE,1.8,4,M6,x,8.3,6.3,7.4,38,170
2025-04-30,motokar,TOYOTA,YARIS,white,petrol,Rakan Niaga,2014,COMPACT,1.5,4,A4,x,7.9,6.6,7.3,39,168
2025-04-30,motokar,TOYOTA,YARIS,white,petrol,Rakan Niaga,2014,COMPACT,1.5,4,M5,x,7.8,6.3,7.1,40,163
2025-04-30,motokar,TOYOTA,YARIS,silver,petrol,Rakan Niaga,2014,COMPACT,1.5,4,A4,x,7.9,6.6,7.3,39,168
2025-04-30,motokar,TOYOTA,YARIS,silver,petrol,Rakan Niaga,2014,COMPACT,1.5,4,M5,x,7.8,6.3,7.1,40,163
2025-04-30,motokar,TOYOTA,YARIS,white,petrol,Sabah,2014,COMPACT,1.5,4,A4,x,7.9,6.6,7.3,39,168
2025-04-30,motokar,TOYOTA,YARIS,white,petrol,Sabah,2014,COMPACT,1.5,4,M5,x,7.8,6.3,7.1,40,163
2025-04-30,motokar,TOYOTA,YARIS,red,petrol,Rakan Niaga,2014,COMPACT,1.5,4,A4,x,7.9,6.6,7.3,39,168
2025-04-30,motokar,TOYOTA,YARIS,red,petrol,Rakan Niaga,2014,COMPACT,1.5,4,M5,x,7.8,6.3,7.1,40,163
2025-04-30,motokar,TOYOTA,YARIS,white,petrol,Johor,2014,COMPACT,1.5,4,A4,x,7.9,6.6,7.3,39,168
2025-04-30,motokar,TOYOTA,YARIS,white,petrol,Johor,2014,COMPACT,1.5,4,M5,x,7.8,6.3,7.1,40,163
2025-04-30,motokar,TOYOTA,YARIS,maroon,petrol,Rakan Niaga,2014,COMPACT,1.5,4,A4,x,7.9,6.6,7.3,39,168
2025-04-30,motokar,TOYOTA,YARIS,maroon,petrol,Rakan Niaga,2014,COMPACT,1.5,4,M5,x,7.8,6.3,7.1,40,163
2025-04-30,jip,VOLKSWAGEN,TIGUAN,white,petrol,Rakan Niaga,2014,SUV - SMALL,2.0,4,A6,z,11.7,9.5,10.7,26,246
2025-04-30,jip,VOLKSWAGEN,TIGUAN,white,petrol,Rakan Niaga,2014,SUV - SMALL,2.0,4,M6,z,13.6,9.2,11.6,24,267
2025-04-30,jip,VOLKSWAGEN,TIGUAN,black,petrol,Rakan Niaga,2014,SUV - SMALL,2.0,4,A6,z,11.7,9.5,10.7,26,246
2025-04-30,jip,VOLKSWAGEN,TIGUAN,black,petrol,Rakan Niaga,2014,SUV - SMALL,2.0,4,M6,z,13.6,9.2,11.6,24,267
2025-04-30,jip,VOLKSWAGEN,TIGUAN,blue,petrol,W.P. Kuala Lumpur,2014,SUV - SMALL,2.0,4,A6,z,11.7,9.5,10.7,26,246
2025-04-30,jip,VOLKSWAGEN,TIGUAN,blue,petrol,W.P. Kuala Lumpur,2014,SUV - SMALL,2.0,4,M6,z,13.6,9.2,11.6,24,267
2025-04-30,jip,VOLKSWAGEN,TIGUAN,blue,petrol,Rakan Niaga,2014,SUV - SMALL,2.0,4,A6,z,11.7,9.5,10.7,26,246
2025-04-30,jip,VOLKSWAGEN,TIGUAN,blue,petrol,Rakan Niaga,2014,SUV - SMALL,2.0,4,M6,z,13.6,9.2,11.6,24,267
2025-04-30,jip,VOLKSWAGEN,TIGUAN,black,petrol,Johor,2014,SUV - SMALL,2.0,4,A6,z,11.7,9.5,10.7,26,246
2025-04-30,jip,VOLKSWAGEN,TIGUAN,black,petrol,Johor,2014,SUV - SMALL,2.0,4,M6,z,13.6,9.2,11.6,24,267
2025-04-30,jip,VOLKSWAGEN,TIGUAN,grey,petrol,Rakan Niaga,2014,SUV - SMALL,2.0,4,A6,z,11.7,9.5,10.7,26,246
2025-04-30,jip,VOLKSWAGEN,TIGUAN,grey,petrol,Rakan Niaga,2014,SUV - SMALL,2.0,4,M6,z,13.6,9.2,11.6,24,267
2025-04-30,jip,VOLKSWAGEN,TOUAREG,black,petrol,W.P. Kuala Lumpur,2014,SUV - STANDARD,3.6,6,AS8,z,13.8,10.3,12.2,23,281
2025-04-30,jip,VOLVO,XC60,white,hybrid_petrol,W.P. Kuala Lumpur,2014,SUV - SMALL,3.2,6,AS6,x,13.0,8.9,11.2,25,258
2025-04-30,jip,VOLVO,XC60,white,hybrid_petrol,Pulau Pinang,2014,SUV - SMALL,3.2,6,AS6,x,13.0,8.9,11.2,25,258
2025-04-30,jip,VOLVO,XC60,silver,hybrid_petrol,Rakan Niaga,2014,SUV - SMALL,3.2,6,AS6,x,13.0,8.9,11.2,25,258
2025-04-30,jip,VOLVO,XC60,black,hybrid_petrol,W.P. Kuala Lumpur,2014,SUV - SMALL,3.2,6,AS6,x,13.0,8.9,11.2,25,258
2025-04-30,jip,VOLVO,XC60,white,hybrid_petrol,Rakan Niaga,2014,SUV - SMALL,3.2,6,AS6,x,13.0,8.9,11.2,25,258
2025-04-30,jip,VOLVO,XC60,blue,hybrid_petrol,Rakan Niaga,2014,SUV - SMALL,3.2,6,AS6,x,13.0,8.9,11.2,25,258
